study,cloze_item,response,prompt,n_sessions,n_not_repeat,n_pass_screens,cloze_code,coref_she,coref_he,coref_they,coref_hedge,coref_other_she,coref_other_he,coref_other_they,coref_other_hedge,first_coref_pronoun,cloze_nonsense,cloze_nonsense_reason,spans,blind_order,priority,priority_reasons
2020,1,,"January 20, 2021, is the start of the next presidential and vice-presidential term in the United States. Because the vice president breaks ties in the US Senate, if there is a 50–50 party split in 2021 then",27,5,4,blank,FALSE,FALSE,FALSE,FALSE,FALSE,FALSE,FALSE,FALSE,none,TRUE,blank,[],,FALSE,
2020,1,0,"January 20, 2021, is the start of the next presidential and vice-presidential term in the United States. Because the vice president breaks ties in the US Senate, if there is a 50–50 party split in 2021 then",1,0,0,other,FALSE,FALSE,FALSE,FALSE,FALSE,FALSE,FALSE,FALSE,none,TRUE,filler_or_number,[],,FALSE,
2020,1,1,"January 20, 2021, is the start of the next presidential and vice-presidential term in the United States. Because the vice president breaks ties in the US Senate, if there is a 50–50 party split in 2021 then",14,0,0,other,FALSE,FALSE,FALSE,FALSE,FALSE,FALSE,FALSE,FALSE,none,TRUE,filler_or_number,[],,FALSE,
2020,1,1789,"January 20, 2021, is the start of the next presidential and vice-presidential term in the United States. Because the vice president breaks ties in the US Senate, if there is a 50–50 party split in 2021 then",1,1,1,other,FALSE,FALSE,FALSE,FALSE,FALSE,FALSE,FALSE,FALSE,none,TRUE,filler_or_number,[],,FALSE,
2020,1,2,"January 20, 2021, is the start of the next presidential and vice-presidential term in the United States. Because the vice president breaks ties in the US Senate, if there is a 50–50 party split in 2021 then",1,0,0,other,FALSE,FALSE,FALSE,FALSE,FALSE,FALSE,FALSE,FALSE,none,TRUE,filler_or_number,[],,FALSE,
2020,1,2022,"January 20, 2021, is the start of the next presidential and vice-presidential term in the United States. Because the vice president breaks ties in the US Senate, if there is a 50–50 party split in 2021 then",1,0,0,other,FALSE,FALSE,FALSE,FALSE,FALSE,FALSE,FALSE,FALSE,none,TRUE,filler_or_number,[],,FALSE,
2020,1,25,"January 20, 2021, is the start of the next presidential and vice-presidential term in the United States. Because the vice president breaks ties in the US Senate, if there is a 50–50 party split in 2021 then",1,1,1,other,FALSE,FALSE,FALSE,FALSE,FALSE,FALSE,FALSE,FALSE,none,TRUE,filler_or_number,[],2,FALSE,
2020,1,34,"January 20, 2021, is the start of the next presidential and vice-presidential term in the United States. Because the vice president breaks ties in the US Senate, if there is a 50–50 party split in 2021 then",4,0,0,other,FALSE,FALSE,FALSE,FALSE,FALSE,FALSE,FALSE,FALSE,none,TRUE,filler_or_number,[],,FALSE,
2020,1,APRIL,"January 20, 2021, is the start of the next presidential and vice-presidential term in the United States. Because the vice president breaks ties in the US Senate, if there is a 50–50 party split in 2021 then",1,0,0,other,FALSE,FALSE,FALSE,FALSE,FALSE,FALSE,FALSE,FALSE,none,TRUE,single_word,[],,FALSE,
2020,1,"According to the U.S. Senate, as of December 21, 2018, a tie-breaking vote had been cast 268 times by 36 vice presidents","January 20, 2021, is the start of the next presidential and vice-presidential term in the United States. Because the vice president breaks ties in the US Senate, if there is a 50–50 party split in 2021 then",1,1,1,other,FALSE,FALSE,FALSE,FALSE,FALSE,FALSE,FALSE,FALSE,none,TRUE,pasted_text,[],,TRUE,pasted-text judgment; long
2020,1,GETTING MAJORITY WILL BE DONE,"January 20, 2021, is the start of the next presidential and vice-presidential term in the United States. Because the vice president breaks ties in the US Senate, if there is a 50–50 party split in 2021 then",1,1,1,other,FALSE,FALSE,FALSE,FALSE,FALSE,FALSE,FALSE,FALSE,none,TRUE,doesnt_make_sense,[],,TRUE,all caps
2020,1,Harris will break all ties,"January 20, 2021, is the start of the next presidential and vice-presidential term in the United States. Because the vice president breaks ties in the US Senate, if there is a 50–50 party split in 2021 then",1,1,1,female_candidate_name,FALSE,FALSE,FALSE,FALSE,FALSE,FALSE,FALSE,FALSE,none,FALSE,,"[{""start"":0,""end"":6,""kind"":""female_candidate_name"",""text"":""Harris""}]",,FALSE,
2020,1,He is Donald Trump,"January 20, 2021, is the start of the next presidential and vice-presidential term in the United States. Because the vice president breaks ties in the US Senate, if there is a 50–50 party split in 2021 then",1,0,0,he,FALSE,FALSE,FALSE,FALSE,FALSE,TRUE,FALSE,FALSE,none,TRUE,doesnt_make_sense,"[{""start"":0,""end"":2,""kind"":""he"",""text"":""He""},{""start"":13,""end"":18,""kind"":""other_candidate_name"",""text"":""Trump""}]",,FALSE,
2020,1,I am not sure,"January 20, 2021, is the start of the next presidential and vice-presidential term in the United States. Because the vice president breaks ties in the US Senate, if there is a 50–50 party split in 2021 then",1,0,0,other,FALSE,FALSE,FALSE,FALSE,FALSE,FALSE,FALSE,FALSE,none,FALSE,,[],,FALSE,
2020,1,I don't know.,"January 20, 2021, is the start of the next presidential and vice-presidential term in the United States. Because the vice president breaks ties in the US Senate, if there is a 50–50 party split in 2021 then",1,1,0,other,FALSE,FALSE,FALSE,FALSE,FALSE,FALSE,FALSE,FALSE,none,FALSE,,[],,FALSE,
2020,1,"In presidential changes in the United States, a certainty persists over the years: the winner is always a Republican or Democratic candidate.","January 20, 2021, is the start of the next presidential and vice-presidential term in the United States. Because the vice president breaks ties in the US Senate, if there is a 50–50 party split in 2021 then",1,1,1,other_office_np,FALSE,FALSE,FALSE,FALSE,FALSE,FALSE,FALSE,FALSE,none,TRUE,pasted_text,"[{""start"":3,""end"":15,""kind"":""other_office_np"",""text"":""presidential""},{""start"":83,""end"":93,""kind"":""generic_np"",""text"":""the winner""}]",53,TRUE,pasted-text judgment; long
2020,1,"In the United States, a contingent election is the procedure used to elect the President or Vice ... In the United States, the president and vice president are indirectly elected (by ... of 538 presidential electors from the 50 states and the District of Columbia). ... If no candidate receives a majority in the election for president or vice ...","January 20, 2021, is the start of the next presidential and vice-presidential term in the United States. Because the vice president breaks ties in the US Senate, if there is a 50–50 party split in 2021 then",1,1,1,other_office_np,FALSE,FALSE,FALSE,FALSE,FALSE,FALSE,FALSE,FALSE,none,TRUE,pasted_text,"[{""start"":75,""end"":88,""kind"":""other_office_np"",""text"":""the President""},{""start"":123,""end"":136,""kind"":""other_office_np"",""text"":""the president""},{""start"":194,""end"":206,""kind"":""other_office_np"",""text"":""presidential""}]",,TRUE,pasted-text judgment; long
2020,1,JANUARY 2021,"January 20, 2021, is the start of the next presidential and vice-presidential term in the United States. Because the vice president breaks ties in the US Senate, if there is a 50–50 party split in 2021 then",1,0,0,other,FALSE,FALSE,FALSE,FALSE,FALSE,FALSE,FALSE,FALSE,none,TRUE,doesnt_make_sense,[],,FALSE,
2020,1,JOE,"January 20, 2021, is the start of the next presidential and vice-presidential term in the United States. Because the vice president breaks ties in the US Senate, if there is a 50–50 party split in 2021 then",1,0,0,other,FALSE,FALSE,FALSE,FALSE,FALSE,FALSE,FALSE,FALSE,none,TRUE,single_word,[],,FALSE,
2020,1,KAMALA HARRIS,"January 20, 2021, is the start of the next presidential and vice-presidential term in the United States. Because the vice president breaks ties in the US Senate, if there is a 50–50 party split in 2021 then",1,0,0,female_candidate_name,FALSE,FALSE,FALSE,FALSE,FALSE,FALSE,FALSE,FALSE,none,TRUE,doesnt_make_sense,"[{""start"":0,""end"":6,""kind"":""female_candidate_name"",""text"":""KAMALA""},{""start"":7,""end"":13,""kind"":""female_candidate_name"",""text"":""HARRIS""}]",119,FALSE,
2020,1,Kamala Harris will be casting the deciding senate vote.,"January 20, 2021, is the start of the next presidential and vice-presidential term in the United States. Because the vice president breaks ties in the US Senate, if there is a 50–50 party split in 2021 then",1,1,1,female_candidate_name,FALSE,FALSE,FALSE,FALSE,FALSE,FALSE,FALSE,FALSE,none,FALSE,,"[{""start"":0,""end"":6,""kind"":""female_candidate_name"",""text"":""Kamala""},{""start"":7,""end"":13,""kind"":""female_candidate_name"",""text"":""Harris""}]",,FALSE,
2020,1,Kamala Harris will cast the deciding vote.,"January 20, 2021, is the start of the next presidential and vice-presidential term in the United States. Because the vice president breaks ties in the US Senate, if there is a 50–50 party split in 2021 then",1,1,1,female_candidate_name,FALSE,FALSE,FALSE,FALSE,FALSE,FALSE,FALSE,FALSE,none,FALSE,,"[{""start"":0,""end"":6,""kind"":""female_candidate_name"",""text"":""Kamala""},{""start"":7,""end"":13,""kind"":""female_candidate_name"",""text"":""Harris""}]",,FALSE,
2020,1,Kamala Harris would be the deciding vote.,"January 20, 2021, is the start of the next presidential and vice-presidential term in the United States. Because the vice president breaks ties in the US Senate, if there is a 50–50 party split in 2021 then",1,0,0,female_candidate_name,FALSE,FALSE,FALSE,FALSE,FALSE,FALSE,FALSE,FALSE,none,FALSE,,"[{""start"":0,""end"":6,""kind"":""female_candidate_name"",""text"":""Kamala""},{""start"":7,""end"":13,""kind"":""female_candidate_name"",""text"":""Harris""}]",,FALSE,
2020,1,"Kamala Harris, vice president-elect, will hold decision powers for any new bills or acts being passed during the administration.","January 20, 2021, is the start of the next presidential and vice-presidential term in the United States. Because the vice president breaks ties in the US Senate, if there is a 50–50 party split in 2021 then",1,1,1,female_candidate_name,FALSE,FALSE,FALSE,FALSE,FALSE,FALSE,FALSE,FALSE,none,FALSE,,"[{""start"":0,""end"":6,""kind"":""female_candidate_name"",""text"":""Kamala""},{""start"":7,""end"":13,""kind"":""female_candidate_name"",""text"":""Harris""}]",,TRUE,long
2020,1,NOT PRESIDENTIAL COME,"January 20, 2021, is the start of the next presidential and vice-presidential term in the United States. Because the vice president breaks ties in the US Senate, if there is a 50–50 party split in 2021 then",1,1,0,other_office_np,FALSE,FALSE,FALSE,FALSE,FALSE,FALSE,FALSE,FALSE,none,TRUE,doesnt_make_sense,"[{""start"":4,""end"":16,""kind"":""other_office_np"",""text"":""PRESIDENTIAL""}]",,TRUE,all caps
2020,1,PRESIDENT,"January 20, 2021, is the start of the next presidential and vice-presidential term in the United States. Because the vice president breaks ties in the US Senate, if there is a 50–50 party split in 2021 then",1,0,0,other_office_np,FALSE,FALSE,FALSE,FALSE,FALSE,FALSE,FALSE,FALSE,none,TRUE,doesnt_make_sense,"[{""start"":0,""end"":9,""kind"":""other_office_np"",""text"":""PRESIDENT""}]",,FALSE,
2020,1,RE ELECTION,"January 20, 2021, is the start of the next presidential and vice-presidential term in the United States. Because the vice president breaks ties in the US Senate, if there is a 50–50 party split in 2021 then",1,0,0,other,FALSE,FALSE,FALSE,FALSE,FALSE,FALSE,FALSE,FALSE,none,TRUE,doesnt_make_sense,[],,FALSE,
2020,1,Senate frequently elected,"January 20, 2021, is the start of the next presidential and vice-presidential term in the United States. Because the vice president breaks ties in the US Senate, if there is a 50–50 party split in 2021 then",1,0,0,other,FALSE,FALSE,FALSE,FALSE,FALSE,FALSE,FALSE,FALSE,none,FALSE,,[],,FALSE,
2020,1,THE FLIGHT,"January 20, 2021, is the start of the next presidential and vice-presidential term in the United States. Because the vice president breaks ties in the US Senate, if there is a 50–50 party split in 2021 then",1,0,0,other,FALSE,FALSE,FALSE,FALSE,FALSE,FALSE,FALSE,FALSE,none,TRUE,doesnt_make_sense,[],,FALSE,
2020,1,THE VICE PRESIDENT WILL DECIDE.,"January 20, 2021, is the start of the next presidential and vice-presidential term in the United States. Because the vice president breaks ties in the US Senate, if there is a 50–50 party split in 2021 then",1,1,1,target_office_np,FALSE,FALSE,FALSE,FALSE,FALSE,FALSE,FALSE,FALSE,none,FALSE,,"[{""start"":0,""end"":18,""kind"":""target_office_np"",""text"":""THE VICE PRESIDENT""}]",,TRUE,all caps
2020,1,The VP will decide.,"January 20, 2021, is the start of the next presidential and vice-presidential term in the United States. Because the vice president breaks ties in the US Senate, if there is a 50–50 party split in 2021 then",1,0,0,target_office_np,FALSE,FALSE,FALSE,FALSE,FALSE,FALSE,FALSE,FALSE,none,FALSE,,"[{""start"":0,""end"":6,""kind"":""target_office_np"",""text"":""The VP""}]",,FALSE,
2020,1,The vice president will break the tie,"January 20, 2021, is the start of the next presidential and vice-presidential term in the United States. Because the vice president breaks ties in the US Senate, if there is a 50–50 party split in 2021 then",1,1,0,target_office_np,FALSE,FALSE,FALSE,FALSE,FALSE,FALSE,FALSE,FALSE,none,FALSE,,"[{""start"":0,""end"":18,""kind"":""target_office_np"",""text"":""The vice president""}]",,FALSE,
2020,1,Tie,"January 20, 2021, is the start of the next presidential and vice-presidential term in the United States. Because the vice president breaks ties in the US Senate, if there is a 50–50 party split in 2021 then",1,1,1,other,FALSE,FALSE,FALSE,FALSE,FALSE,FALSE,FALSE,FALSE,none,TRUE,single_word,[],,TRUE,single-word judgment; single word
2020,1,WE CAN ALL REST,"January 20, 2021, is the start of the next presidential and vice-presidential term in the United States. Because the vice president breaks ties in the US Senate, if there is a 50–50 party split in 2021 then",1,0,0,other,FALSE,FALSE,FALSE,FALSE,FALSE,FALSE,FALSE,FALSE,none,FALSE,,[],,FALSE,
2020,1,YES,"January 20, 2021, is the start of the next presidential and vice-presidential term in the United States. Because the vice president breaks ties in the US Senate, if there is a 50–50 party split in 2021 then",1,0,0,other,FALSE,FALSE,FALSE,FALSE,FALSE,FALSE,FALSE,FALSE,none,TRUE,filler_or_number,[],,FALSE,
2020,1,donald trump,"January 20, 2021, is the start of the next presidential and vice-presidential term in the United States. Because the vice president breaks ties in the US Senate, if there is a 50–50 party split in 2021 then",1,0,0,other_candidate_name,FALSE,FALSE,FALSE,FALSE,FALSE,FALSE,FALSE,FALSE,none,FALSE,,"[{""start"":7,""end"":12,""kind"":""other_candidate_name"",""text"":""trump""}]",,FALSE,
2020,1,either Kamala Harris or Mike Pence will be the deciding vote.,"January 20, 2021, is the start of the next presidential and vice-presidential term in the United States. Because the vice president breaks ties in the US Senate, if there is a 50–50 party split in 2021 then",1,1,1,female_candidate_name,FALSE,FALSE,FALSE,FALSE,FALSE,FALSE,FALSE,FALSE,none,FALSE,,"[{""start"":7,""end"":13,""kind"":""female_candidate_name"",""text"":""Kamala""},{""start"":14,""end"":20,""kind"":""female_candidate_name"",""text"":""Harris""},{""start"":29,""end"":34,""kind"":""male_candidate_name"",""text"":""Pence""}]",,FALSE,
2020,1,election will be repeted.,"January 20, 2021, is the start of the next presidential and vice-presidential term in the United States. Because the vice president breaks ties in the US Senate, if there is a 50–50 party split in 2021 then",1,0,0,other,FALSE,FALSE,FALSE,FALSE,FALSE,FALSE,FALSE,FALSE,none,FALSE,,[],,FALSE,
2020,1,except in the case of tie breaking,"January 20, 2021, is the start of the next presidential and vice-presidential term in the United States. Because the vice president breaks ties in the US Senate, if there is a 50–50 party split in 2021 then",1,0,0,other,FALSE,FALSE,FALSE,FALSE,FALSE,FALSE,FALSE,FALSE,none,FALSE,,[],15,FALSE,
2020,1,follow who's already well,"January 20, 2021, is the start of the next presidential and vice-presidential term in the United States. Because the vice president breaks ties in the US Senate, if there is a 50–50 party split in 2021 then",1,0,0,other,FALSE,FALSE,FALSE,FALSE,FALSE,FALSE,FALSE,FALSE,none,FALSE,,[],,FALSE,
2020,1,half of the party will be unhappy with its decisions.,"January 20, 2021, is the start of the next presidential and vice-presidential term in the United States. Because the vice president breaks ties in the US Senate, if there is a 50–50 party split in 2021 then",1,1,1,other,FALSE,FALSE,FALSE,FALSE,FALSE,FALSE,FALSE,FALSE,none,FALSE,,[],,FALSE,
2020,1,he will be considered.,"January 20, 2021, is the start of the next presidential and vice-presidential term in the United States. Because the vice president breaks ties in the US Senate, if there is a 50–50 party split in 2021 then",1,0,0,he,FALSE,TRUE,FALSE,FALSE,FALSE,FALSE,FALSE,FALSE,he,FALSE,,"[{""start"":0,""end"":2,""kind"":""he"",""text"":""he""}]",,FALSE,
2020,1,he will vote to break the tie,"January 20, 2021, is the start of the next presidential and vice-presidential term in the United States. Because the vice president breaks ties in the US Senate, if there is a 50–50 party split in 2021 then",1,0,0,he,FALSE,TRUE,FALSE,FALSE,FALSE,FALSE,FALSE,FALSE,he,FALSE,,"[{""start"":0,""end"":2,""kind"":""he"",""text"":""he""}]",,FALSE,
2020,1,it will be a tie.,"January 20, 2021, is the start of the next presidential and vice-presidential term in the United States. Because the vice president breaks ties in the US Senate, if there is a 50–50 party split in 2021 then",1,1,1,other,FALSE,FALSE,FALSE,FALSE,FALSE,FALSE,FALSE,FALSE,none,FALSE,,[],,FALSE,
2020,1,it's possible to other candidate will win in the election.,"January 20, 2021, is the start of the next presidential and vice-presidential term in the United States. Because the vice president breaks ties in the US Senate, if there is a 50–50 party split in 2021 then",1,1,1,other,FALSE,FALSE,FALSE,FALSE,FALSE,FALSE,FALSE,FALSE,none,FALSE,,[],,FALSE,
2020,1,next presidential,"January 20, 2021, is the start of the next presidential and vice-presidential term in the United States. Because the vice president breaks ties in the US Senate, if there is a 50–50 party split in 2021 then",7,1,0,other_office_np,FALSE,FALSE,FALSE,FALSE,FALSE,FALSE,FALSE,FALSE,none,TRUE,copied_context,"[{""start"":5,""end"":17,""kind"":""other_office_np"",""text"":""presidential""}]",,FALSE,
2020,1,not easy,"January 20, 2021, is the start of the next presidential and vice-presidential term in the United States. Because the vice president breaks ties in the US Senate, if there is a 50–50 party split in 2021 then",1,0,0,other,FALSE,FALSE,FALSE,FALSE,FALSE,FALSE,FALSE,FALSE,none,FALSE,,[],,FALSE,
2020,1,presidential election,"January 20, 2021, is the start of the next presidential and vice-presidential term in the United States. Because the vice president breaks ties in the US Senate, if there is a 50–50 party split in 2021 then",1,0,0,other_office_np,FALSE,FALSE,FALSE,FALSE,FALSE,FALSE,FALSE,FALSE,none,FALSE,,"[{""start"":0,""end"":12,""kind"":""other_office_np"",""text"":""presidential""}]",,FALSE,
2020,1,problem of country,"January 20, 2021, is the start of the next presidential and vice-presidential term in the United States. Because the vice president breaks ties in the US Senate, if there is a 50–50 party split in 2021 then",1,1,1,other,FALSE,FALSE,FALSE,FALSE,FALSE,FALSE,FALSE,FALSE,none,FALSE,,[],,FALSE,
2020,1,the Democrat Party will have majority in the House of Representatives,"January 20, 2021, is the start of the next presidential and vice-presidential term in the United States. Because the vice president breaks ties in the US Senate, if there is a 50–50 party split in 2021 then",1,1,0,other,FALSE,FALSE,FALSE,FALSE,FALSE,FALSE,FALSE,FALSE,none,FALSE,,[],,FALSE,
2020,1,the Senate could select a vice president,"January 20, 2021, is the start of the next presidential and vice-presidential term in the United States. Because the vice president breaks ties in the US Senate, if there is a 50–50 party split in 2021 then",1,1,1,other,FALSE,FALSE,FALSE,FALSE,FALSE,FALSE,FALSE,FALSE,none,FALSE,,[],,FALSE,
2020,1,the VP casts the deciding vote.,"January 20, 2021, is the start of the next presidential and vice-presidential term in the United States. Because the vice president breaks ties in the US Senate, if there is a 50–50 party split in 2021 then",1,0,0,target_office_np,FALSE,FALSE,FALSE,FALSE,FALSE,FALSE,FALSE,FALSE,none,FALSE,,"[{""start"":0,""end"":6,""kind"":""target_office_np"",""text"":""the VP""}]",,FALSE,
2020,1,the Vice President is the deciding vote.,"January 20, 2021, is the start of the next presidential and vice-presidential term in the United States. Because the vice president breaks ties in the US Senate, if there is a 50–50 party split in 2021 then",1,1,1,target_office_np,FALSE,FALSE,FALSE,FALSE,FALSE,FALSE,FALSE,FALSE,none,FALSE,,"[{""start"":0,""end"":18,""kind"":""target_office_np"",""text"":""the Vice President""}]",,FALSE,
2020,1,the Vice President's party controls the Senate,"January 20, 2021, is the start of the next presidential and vice-presidential term in the United States. Because the vice president breaks ties in the US Senate, if there is a 50–50 party split in 2021 then",1,1,1,target_office_np,FALSE,FALSE,FALSE,FALSE,FALSE,FALSE,FALSE,FALSE,none,FALSE,,"[{""start"":0,""end"":18,""kind"":""target_office_np"",""text"":""the Vice President""}]",31,FALSE,
2020,1,the Vice-President's vote will give the majority to his or her party.,"January 20, 2021, is the start of the next presidential and vice-presidential term in the United States. Because the vice president breaks ties in the US Senate, if there is a 50–50 party split in 2021 then",1,0,0,target_office_np,FALSE,FALSE,FALSE,TRUE,FALSE,FALSE,FALSE,FALSE,hedged,FALSE,,"[{""start"":0,""end"":18,""kind"":""target_office_np"",""text"":""the Vice-President""},{""start"":52,""end"":62,""kind"":""hedged"",""text"":""his or her""}]",,FALSE,
2020,1,the Vice-president's vote will give the majority to his or her party.,"January 20, 2021, is the start of the next presidential and vice-presidential term in the United States. Because the vice president breaks ties in the US Senate, if there is a 50–50 party split in 2021 then",1,0,0,target_office_np,FALSE,FALSE,FALSE,TRUE,FALSE,FALSE,FALSE,FALSE,hedged,FALSE,,"[{""start"":0,""end"":18,""kind"":""target_office_np"",""text"":""the Vice-president""},{""start"":52,""end"":62,""kind"":""hedged"",""text"":""his or her""}]",28,FALSE,
2020,1,the deciding vote is the vice president's.,"January 20, 2021, is the start of the next presidential and vice-presidential term in the United States. Because the vice president breaks ties in the US Senate, if there is a 50–50 party split in 2021 then",1,0,0,target_office_np,FALSE,FALSE,FALSE,FALSE,FALSE,FALSE,FALSE,FALSE,none,FALSE,,"[{""start"":21,""end"":39,""kind"":""target_office_np"",""text"":""the vice president""}]",,FALSE,
2020,1,the democrats will have control of the senate.,"January 20, 2021, is the start of the next presidential and vice-presidential term in the United States. Because the vice president breaks ties in the US Senate, if there is a 50–50 party split in 2021 then",1,1,1,other,FALSE,FALSE,FALSE,FALSE,FALSE,FALSE,FALSE,FALSE,none,FALSE,,[],,FALSE,
2020,1,the electoral college will decide the president.,"January 20, 2021, is the start of the next presidential and vice-presidential term in the United States. Because the vice president breaks ties in the US Senate, if there is a 50–50 party split in 2021 then",1,1,1,other_office_np,FALSE,FALSE,FALSE,FALSE,FALSE,FALSE,FALSE,FALSE,none,FALSE,,"[{""start"":34,""end"":47,""kind"":""other_office_np"",""text"":""the president""}]",,FALSE,
2020,1,the next vice president will have a lot of power.,"January 20, 2021, is the start of the next presidential and vice-presidential term in the United States. Because the vice president breaks ties in the US Senate, if there is a 50–50 party split in 2021 then",1,0,0,target_office_np,FALSE,FALSE,FALSE,FALSE,FALSE,FALSE,FALSE,FALSE,none,FALSE,,"[{""start"":4,""end"":23,""kind"":""target_office_np"",""text"":""next vice president""}]",,FALSE,
2020,1,the party affiliation of the elected vice president will matter in deciding the outcome.,"January 20, 2021, is the start of the next presidential and vice-presidential term in the United States. Because the vice president breaks ties in the US Senate, if there is a 50–50 party split in 2021 then",1,0,0,other,FALSE,FALSE,FALSE,FALSE,FALSE,FALSE,FALSE,FALSE,none,FALSE,,[],,FALSE,
2020,1,the position of vice-president will be of great importance.,"January 20, 2021, is the start of the next presidential and vice-presidential term in the United States. Because the vice president breaks ties in the US Senate, if there is a 50–50 party split in 2021 then",1,1,1,target_office_np,FALSE,FALSE,FALSE,FALSE,FALSE,FALSE,FALSE,FALSE,none,FALSE,,"[{""start"":13,""end"":30,""kind"":""target_office_np"",""text"":""of vice-president""}]",,FALSE,
2020,1,the state will not work,"January 20, 2021, is the start of the next presidential and vice-presidential term in the United States. Because the vice president breaks ties in the US Senate, if there is a 50–50 party split in 2021 then",1,1,0,other,FALSE,FALSE,FALSE,FALSE,FALSE,FALSE,FALSE,FALSE,none,FALSE,,[],,FALSE,
2020,1,the veep will cast the deciding vote.,"January 20, 2021, is the start of the next presidential and vice-presidential term in the United States. Because the vice president breaks ties in the US Senate, if there is a 50–50 party split in 2021 then",1,0,0,other,FALSE,FALSE,FALSE,FALSE,FALSE,FALSE,FALSE,FALSE,none,FALSE,,[],,FALSE,
2020,1,the vice presidency will determine who wins the senate,"January 20, 2021, is the start of the next presidential and vice-presidential term in the United States. Because the vice president breaks ties in the US Senate, if there is a 50–50 party split in 2021 then",1,0,0,other,FALSE,FALSE,FALSE,FALSE,FALSE,FALSE,FALSE,FALSE,none,FALSE,,[],,FALSE,
2020,1,the vice president breaks the tie with his or her vote.,"January 20, 2021, is the start of the next presidential and vice-presidential term in the United States. Because the vice president breaks ties in the US Senate, if there is a 50–50 party split in 2021 then",1,1,1,target_office_np,FALSE,FALSE,FALSE,TRUE,FALSE,FALSE,FALSE,FALSE,hedged,FALSE,,"[{""start"":0,""end"":18,""kind"":""target_office_np"",""text"":""the vice president""},{""start"":39,""end"":49,""kind"":""hedged"",""text"":""his or her""}]",,TRUE,coreference judged by hand
2020,1,the vice president breaks the tie.,"January 20, 2021, is the start of the next presidential and vice-presidential term in the United States. Because the vice president breaks ties in the US Senate, if there is a 50–50 party split in 2021 then",1,1,1,target_office_np,FALSE,FALSE,FALSE,FALSE,FALSE,FALSE,FALSE,FALSE,none,FALSE,,"[{""start"":0,""end"":18,""kind"":""target_office_np"",""text"":""the vice president""}]",,FALSE,
2020,1,the vice president breaks ties,"January 20, 2021, is the start of the next presidential and vice-presidential term in the United States. Because the vice president breaks ties in the US Senate, if there is a 50–50 party split in 2021 then",1,1,1,target_office_np,FALSE,FALSE,FALSE,FALSE,FALSE,FALSE,FALSE,FALSE,none,FALSE,,"[{""start"":0,""end"":18,""kind"":""target_office_np"",""text"":""the vice president""}]",,FALSE,
2020,1,the vice president can vote to end a 50/50 party split.,"January 20, 2021, is the start of the next presidential and vice-presidential term in the United States. Because the vice president breaks ties in the US Senate, if there is a 50–50 party split in 2021 then",1,0,0,target_office_np,FALSE,FALSE,FALSE,FALSE,FALSE,FALSE,FALSE,FALSE,none,FALSE,,"[{""start"":0,""end"":18,""kind"":""target_office_np"",""text"":""the vice president""}]",,FALSE,
2020,1,the vice president chooses their party's side,"January 20, 2021, is the start of the next presidential and vice-presidential term in the United States. Because the vice president breaks ties in the US Senate, if there is a 50–50 party split in 2021 then",1,1,1,target_office_np,FALSE,FALSE,TRUE,FALSE,FALSE,FALSE,FALSE,FALSE,they,FALSE,,"[{""start"":0,""end"":18,""kind"":""target_office_np"",""text"":""the vice president""},{""start"":27,""end"":32,""kind"":""they"",""text"":""their""}]",118,TRUE,coreference judged by hand
2020,1,the vice president decides the outcome.,"January 20, 2021, is the start of the next presidential and vice-presidential term in the United States. Because the vice president breaks ties in the US Senate, if there is a 50–50 party split in 2021 then",1,1,1,target_office_np,FALSE,FALSE,FALSE,FALSE,FALSE,FALSE,FALSE,FALSE,none,FALSE,,"[{""start"":0,""end"":18,""kind"":""target_office_np"",""text"":""the vice president""}]",,FALSE,
2020,1,the vice president will break many ties in the senate.,"January 20, 2021, is the start of the next presidential and vice-presidential term in the United States. Because the vice president breaks ties in the US Senate, if there is a 50–50 party split in 2021 then",1,1,1,target_office_np,FALSE,FALSE,FALSE,FALSE,FALSE,FALSE,FALSE,FALSE,none,FALSE,,"[{""start"":0,""end"":18,""kind"":""target_office_np"",""text"":""the vice president""}]",,FALSE,
2020,1,the vice president will break the tie,"January 20, 2021, is the start of the next presidential and vice-presidential term in the United States. Because the vice president breaks ties in the US Senate, if there is a 50–50 party split in 2021 then",1,1,1,target_office_np,FALSE,FALSE,FALSE,FALSE,FALSE,FALSE,FALSE,FALSE,none,FALSE,,"[{""start"":0,""end"":18,""kind"":""target_office_np"",""text"":""the vice president""}]",,FALSE,
2020,1,the vice president will break the tie.,"January 20, 2021, is the start of the next presidential and vice-presidential term in the United States. Because the vice president breaks ties in the US Senate, if there is a 50–50 party split in 2021 then",4,2,2,target_office_np,FALSE,FALSE,FALSE,FALSE,FALSE,FALSE,FALSE,FALSE,none,FALSE,,"[{""start"":0,""end"":18,""kind"":""target_office_np"",""text"":""the vice president""}]",,FALSE,
2020,1,the vice president will break ties.,"January 20, 2021, is the start of the next presidential and vice-presidential term in the United States. Because the vice president breaks ties in the US Senate, if there is a 50–50 party split in 2021 then",1,1,1,target_office_np,FALSE,FALSE,FALSE,FALSE,FALSE,FALSE,FALSE,FALSE,none,FALSE,,"[{""start"":0,""end"":18,""kind"":""target_office_np"",""text"":""the vice president""}]",,FALSE,
2020,1,the vice president will cast the deciding vote,"January 20, 2021, is the start of the next presidential and vice-presidential term in the United States. Because the vice president breaks ties in the US Senate, if there is a 50–50 party split in 2021 then",1,0,0,target_office_np,FALSE,FALSE,FALSE,FALSE,FALSE,FALSE,FALSE,FALSE,none,FALSE,,"[{""start"":0,""end"":18,""kind"":""target_office_np"",""text"":""the vice president""}]",,FALSE,
2020,1,the vice president will vote to break the tie.,"January 20, 2021, is the start of the next presidential and vice-presidential term in the United States. Because the vice president breaks ties in the US Senate, if there is a 50–50 party split in 2021 then",1,0,0,target_office_np,FALSE,FALSE,FALSE,FALSE,FALSE,FALSE,FALSE,FALSE,none,FALSE,,"[{""start"":0,""end"":18,""kind"":""target_office_np"",""text"":""the vice president""}]",,FALSE,
2020,1,the vice-president will break the tie.,"January 20, 2021, is the start of the next presidential and vice-presidential term in the United States. Because the vice president breaks ties in the US Senate, if there is a 50–50 party split in 2021 then",1,1,1,target_office_np,FALSE,FALSE,FALSE,FALSE,FALSE,FALSE,FALSE,FALSE,none,FALSE,,"[{""start"":0,""end"":18,""kind"":""target_office_np"",""text"":""the vice-president""}]",,FALSE,
2020,1,the win would go to the Democrats.,"January 20, 2021, is the start of the next presidential and vice-presidential term in the United States. Because the vice president breaks ties in the US Senate, if there is a 50–50 party split in 2021 then",1,0,0,other,FALSE,FALSE,FALSE,FALSE,FALSE,FALSE,FALSE,FALSE,none,FALSE,,[],,FALSE,
2020,1,their role will become extremely important.,"January 20, 2021, is the start of the next presidential and vice-presidential term in the United States. Because the vice president breaks ties in the US Senate, if there is a 50–50 party split in 2021 then",1,0,0,they,FALSE,FALSE,TRUE,FALSE,FALSE,FALSE,FALSE,FALSE,they,FALSE,,"[{""start"":0,""end"":5,""kind"":""they"",""text"":""their""}]",78,FALSE,
2020,1,there is a republican majority,"January 20, 2021, is the start of the next presidential and vice-presidential term in the United States. Because the vice president breaks ties in the US Senate, if there is a 50–50 party split in 2021 then",1,0,0,other,FALSE,FALSE,FALSE,FALSE,FALSE,FALSE,FALSE,FALSE,none,FALSE,,[],,FALSE,
2020,1,there will be a recount of the votes,"January 20, 2021, is the start of the next presidential and vice-presidential term in the United States. Because the vice president breaks ties in the US Senate, if there is a 50–50 party split in 2021 then",1,1,1,other,FALSE,FALSE,FALSE,FALSE,FALSE,FALSE,FALSE,FALSE,none,FALSE,,[],,FALSE,
2020,1,trump would win,"January 20, 2021, is the start of the next presidential and vice-presidential term in the United States. Because the vice president breaks ties in the US Senate, if there is a 50–50 party split in 2021 then",1,0,0,other_candidate_name,FALSE,FALSE,FALSE,FALSE,FALSE,FALSE,FALSE,FALSE,none,FALSE,,"[{""start"":0,""end"":5,""kind"":""other_candidate_name"",""text"":""trump""}]",,FALSE,
2020,1,we will participate,"January 20, 2021, is the start of the next presidential and vice-presidential term in the United States. Because the vice president breaks ties in the US Senate, if there is a 50–50 party split in 2021 then",1,0,0,other,FALSE,FALSE,FALSE,FALSE,FALSE,FALSE,FALSE,FALSE,none,FALSE,,[],,FALSE,
2020,2,,"January 20, 2021, is the start of the next presidential and vice-presidential term in the United States. Since the vice president is first in line of succession to the presidency, in an emergency during this next term",20,6,5,blank,FALSE,FALSE,FALSE,FALSE,FALSE,FALSE,FALSE,FALSE,none,TRUE,blank,[],,FALSE,
2020,2,1,"January 20, 2021, is the start of the next presidential and vice-presidential term in the United States. Since the vice president is first in line of succession to the presidency, in an emergency during this next term",19,0,0,other,FALSE,FALSE,FALSE,FALSE,FALSE,FALSE,FALSE,FALSE,none,TRUE,filler_or_number,[],,FALSE,
2020,2,12,"January 20, 2021, is the start of the next presidential and vice-presidential term in the United States. Since the vice president is first in line of succession to the presidency, in an emergency during this next term",1,0,0,other,FALSE,FALSE,FALSE,FALSE,FALSE,FALSE,FALSE,FALSE,none,TRUE,filler_or_number,[],,FALSE,
2020,2,2,"January 20, 2021, is the start of the next presidential and vice-presidential term in the United States. Since the vice president is first in line of succession to the presidency, in an emergency during this next term",2,0,0,other,FALSE,FALSE,FALSE,FALSE,FALSE,FALSE,FALSE,FALSE,none,TRUE,filler_or_number,[],,FALSE,
2020,2,2021,"January 20, 2021, is the start of the next presidential and vice-presidential term in the United States. Since the vice president is first in line of succession to the presidency, in an emergency during this next term",1,1,1,other,FALSE,FALSE,FALSE,FALSE,FALSE,FALSE,FALSE,FALSE,none,TRUE,filler_or_number,[],,FALSE,
2020,2,2021-25,"January 20, 2021, is the start of the next presidential and vice-presidential term in the United States. Since the vice president is first in line of succession to the presidency, in an emergency during this next term",1,1,0,other,FALSE,FALSE,FALSE,FALSE,FALSE,FALSE,FALSE,FALSE,none,TRUE,filler_or_number,[],,FALSE,
2020,2,34,"January 20, 2021, is the start of the next presidential and vice-presidential term in the United States. Since the vice president is first in line of succession to the presidency, in an emergency during this next term",3,0,0,other,FALSE,FALSE,FALSE,FALSE,FALSE,FALSE,FALSE,FALSE,none,TRUE,filler_or_number,[],,FALSE,
2020,2,36,"January 20, 2021, is the start of the next presidential and vice-presidential term in the United States. Since the vice president is first in line of succession to the presidency, in an emergency during this next term",1,1,1,other,FALSE,FALSE,FALSE,FALSE,FALSE,FALSE,FALSE,FALSE,none,TRUE,filler_or_number,[],129,FALSE,
2020,2,5,"January 20, 2021, is the start of the next presidential and vice-presidential term in the United States. Since the vice president is first in line of succession to the presidency, in an emergency during this next term",1,1,1,other,FALSE,FALSE,FALSE,FALSE,FALSE,FALSE,FALSE,FALSE,none,TRUE,filler_or_number,[],,FALSE,
2020,2,AIR FORCE TWO WILL BE WELL EQUIPPED TO PROVIDE SECURITY FOR THE VICE PRESIDENT AND HER FAMILY.,"January 20, 2021, is the start of the next presidential and vice-presidential term in the United States. Since the vice president is first in line of succession to the presidency, in an emergency during this next term",1,0,0,target_office_np,TRUE,FALSE,FALSE,FALSE,FALSE,FALSE,FALSE,FALSE,she,TRUE,pasted_text,"[{""start"":60,""end"":78,""kind"":""target_office_np"",""text"":""THE VICE PRESIDENT""},{""start"":83,""end"":86,""kind"":""she"",""text"":""HER""}]",,FALSE,
2020,2,AMERICA,"January 20, 2021, is the start of the next presidential and vice-presidential term in the United States. Since the vice president is first in line of succession to the presidency, in an emergency during this next term",1,0,0,other,FALSE,FALSE,FALSE,FALSE,FALSE,FALSE,FALSE,FALSE,none,TRUE,single_word,[],,FALSE,
2020,2,CONGRASS,"January 20, 2021, is the start of the next presidential and vice-presidential term in the United States. Since the vice president is first in line of succession to the presidency, in an emergency during this next term",1,0,0,other,FALSE,FALSE,FALSE,FALSE,FALSE,FALSE,FALSE,FALSE,none,TRUE,single_word,[],,FALSE,
2020,2,DAILY,"January 20, 2021, is the start of the next presidential and vice-presidential term in the United States. Since the vice president is first in line of succession to the presidency, in an emergency during this next term",1,1,1,other,FALSE,FALSE,FALSE,FALSE,FALSE,FALSE,FALSE,FALSE,none,TRUE,single_word,[],,TRUE,single-word judgment; all caps; single word
2020,2,ELECTION,"January 20, 2021, is the start of the next presidential and vice-presidential term in the United States. Since the vice president is first in line of succession to the presidency, in an emergency during this next term",1,1,0,other,FALSE,FALSE,FALSE,FALSE,FALSE,FALSE,FALSE,FALSE,none,TRUE,single_word,[],,TRUE,single-word judgment; all caps; single word
2020,2,GOOD CANDIDATE,"January 20, 2021, is the start of the next presidential and vice-presidential term in the United States. Since the vice president is first in line of succession to the presidency, in an emergency during this next term",1,0,0,other,FALSE,FALSE,FALSE,FALSE,FALSE,FALSE,FALSE,FALSE,none,FALSE,,[],,FALSE,
2020,2,HARD WORK,"January 20, 2021, is the start of the next presidential and vice-presidential term in the United States. Since the vice president is first in line of succession to the presidency, in an emergency during this next term",1,0,0,other,FALSE,FALSE,FALSE,FALSE,FALSE,FALSE,FALSE,FALSE,none,FALSE,,[],,FALSE,
2020,2,Harris will takeover as president.,"January 20, 2021, is the start of the next presidential and vice-presidential term in the United States. Since the vice president is first in line of succession to the presidency, in an emergency during this next term",1,1,1,female_candidate_name,FALSE,FALSE,FALSE,FALSE,FALSE,FALSE,FALSE,FALSE,none,FALSE,,"[{""start"":0,""end"":6,""kind"":""female_candidate_name"",""text"":""Harris""}]",,FALSE,
2020,2,Harris would assume the position.,"January 20, 2021, is the start of the next presidential and vice-presidential term in the United States. Since the vice president is first in line of succession to the presidency, in an emergency during this next term",1,1,1,female_candidate_name,FALSE,FALSE,FALSE,FALSE,FALSE,FALSE,FALSE,FALSE,none,FALSE,,"[{""start"":0,""end"":6,""kind"":""female_candidate_name"",""text"":""Harris""}]",142,FALSE,
2020,2,He has a chance to be next vice-president,"January 20, 2021, is the start of the next presidential and vice-presidential term in the United States. Since the vice president is first in line of succession to the presidency, in an emergency during this next term",1,1,1,he,FALSE,TRUE,FALSE,FALSE,FALSE,FALSE,FALSE,FALSE,he,FALSE,,"[{""start"":0,""end"":2,""kind"":""he"",""text"":""He""},{""start"":22,""end"":41,""kind"":""target_office_np"",""text"":""next vice-president""}]",,FALSE,
2020,2,IS ETERNAL,"January 20, 2021, is the start of the next presidential and vice-presidential term in the United States. Since the vice president is first in line of succession to the presidency, in an emergency during this next term",1,0,0,other,FALSE,FALSE,FALSE,FALSE,FALSE,FALSE,FALSE,FALSE,none,FALSE,,[],,FALSE,
2020,2,It is likely the Vice President could take over if something happens to the President.,"January 20, 2021, is the start of the next presidential and vice-presidential term in the United States. Since the vice president is first in line of succession to the presidency, in an emergency during this next term",1,1,1,target_office_np,FALSE,FALSE,FALSE,FALSE,FALSE,FALSE,FALSE,FALSE,none,FALSE,,"[{""start"":13,""end"":31,""kind"":""target_office_np"",""text"":""the Vice President""},{""start"":72,""end"":85,""kind"":""other_office_np"",""text"":""the President""}]",,TRUE,long
2020,2,JOE BIDEN,"January 20, 2021, is the start of the next presidential and vice-presidential term in the United States. Since the vice president is first in line of succession to the presidency, in an emergency during this next term",2,0,0,other_candidate_name,FALSE,FALSE,FALSE,FALSE,FALSE,FALSE,FALSE,FALSE,none,FALSE,,"[{""start"":4,""end"":9,""kind"":""other_candidate_name"",""text"":""BIDEN""}]",,FALSE,
2020,2,"January 20, 2021","January 20, 2021, is the start of the next presidential and vice-presidential term in the United States. Since the vice president is first in line of succession to the presidency, in an emergency during this next term",2,1,1,other,FALSE,FALSE,FALSE,FALSE,FALSE,FALSE,FALSE,FALSE,none,TRUE,copied_context,[],,FALSE,
2020,2,KAMALA HARRIS,"January 20, 2021, is the start of the next presidential and vice-presidential term in the United States. Since the vice president is first in line of succession to the presidency, in an emergency during this next term",3,0,0,female_candidate_name,FALSE,FALSE,FALSE,FALSE,FALSE,FALSE,FALSE,FALSE,none,FALSE,,"[{""start"":0,""end"":6,""kind"":""female_candidate_name"",""text"":""KAMALA""},{""start"":7,""end"":13,""kind"":""female_candidate_name"",""text"":""HARRIS""}]",,FALSE,
2020,2,Kamala Harris or Mike Pence will take over as leader.,"January 20, 2021, is the start of the next presidential and vice-presidential term in the United States. Since the vice president is first in line of succession to the presidency, in an emergency during this next term",1,1,1,female_candidate_name,FALSE,FALSE,FALSE,FALSE,FALSE,FALSE,FALSE,FALSE,none,FALSE,,"[{""start"":0,""end"":6,""kind"":""female_candidate_name"",""text"":""Kamala""},{""start"":7,""end"":13,""kind"":""female_candidate_name"",""text"":""Harris""},{""start"":22,""end"":27,""kind"":""male_candidate_name"",""text"":""Pence""}]",,FALSE,
2020,2,Kamala Harris would become president.,"January 20, 2021, is the start of the next presidential and vice-presidential term in the United States. Since the vice president is first in line of succession to the presidency, in an emergency during this next term",1,1,1,female_candidate_name,FALSE,FALSE,FALSE,FALSE,FALSE,FALSE,FALSE,FALSE,none,FALSE,,"[{""start"":0,""end"":6,""kind"":""female_candidate_name"",""text"":""Kamala""},{""start"":7,""end"":13,""kind"":""female_candidate_name"",""text"":""Harris""}]",,FALSE,
2020,2,MAYBE,"January 20, 2021, is the start of the next presidential and vice-presidential term in the United States. Since the vice president is first in line of succession to the presidency, in an emergency during this next term",1,1,1,other,FALSE,FALSE,FALSE,FALSE,FALSE,FALSE,FALSE,FALSE,none,TRUE,single_word,[],,TRUE,single-word judgment; all caps; single word
2020,2,Mike Pence would become president if an emergency were to prevent the succession of power.,"January 20, 2021, is the start of the next presidential and vice-presidential term in the United States. Since the vice president is first in line of succession to the presidency, in an emergency during this next term",1,1,1,male_candidate_name,FALSE,FALSE,FALSE,FALSE,FALSE,FALSE,FALSE,FALSE,none,FALSE,,"[{""start"":5,""end"":10,""kind"":""male_candidate_name"",""text"":""Pence""}]",,TRUE,long
2020,2,Mike Pence would take office if President Trump wins the election and something happened to Trump to not be able to hold office.,"January 20, 2021, is the start of the next presidential and vice-presidential term in the United States. Since the vice president is first in line of succession to the presidency, in an emergency during this next term",1,1,1,male_candidate_name,FALSE,FALSE,FALSE,FALSE,FALSE,FALSE,FALSE,FALSE,none,FALSE,,"[{""start"":5,""end"":10,""kind"":""male_candidate_name"",""text"":""Pence""},{""start"":42,""end"":47,""kind"":""other_candidate_name"",""text"":""Trump""},{""start"":92,""end"":97,""kind"":""other_candidate_name"",""text"":""Trump""}]",,TRUE,long
2020,2,NO,"January 20, 2021, is the start of the next presidential and vice-presidential term in the United States. Since the vice president is first in line of succession to the presidency, in an emergency during this next term",2,2,0,other,FALSE,FALSE,FALSE,FALSE,FALSE,FALSE,FALSE,FALSE,none,TRUE,filler_or_number,[],,TRUE,all caps; single word
2020,2,NOTHING,"January 20, 2021, is the start of the next presidential and vice-presidential term in the United States. Since the vice president is first in line of succession to the presidency, in an emergency during this next term",1,1,1,other,FALSE,FALSE,FALSE,FALSE,FALSE,FALSE,FALSE,FALSE,none,TRUE,single_word,[],,TRUE,single-word judgment; all caps; single word
2020,2,OF CORONA SESSION,"January 20, 2021, is the start of the next presidential and vice-presidential term in the United States. Since the vice president is first in line of succession to the presidency, in an emergency during this next term",1,1,1,other,FALSE,FALSE,FALSE,FALSE,FALSE,FALSE,FALSE,FALSE,none,TRUE,doesnt_make_sense,[],36,TRUE,all caps
2020,2,PRESIDENCY,"January 20, 2021, is the start of the next presidential and vice-presidential term in the United States. Since the vice president is first in line of succession to the presidency, in an emergency during this next term",1,1,1,other,FALSE,FALSE,FALSE,FALSE,FALSE,FALSE,FALSE,FALSE,none,TRUE,single_word,[],,TRUE,single-word judgment; all caps; single word
2020,2,PRESIDENT,"January 20, 2021, is the start of the next presidential and vice-presidential term in the United States. Since the vice president is first in line of succession to the presidency, in an emergency during this next term",1,1,1,other_office_np,FALSE,FALSE,FALSE,FALSE,FALSE,FALSE,FALSE,FALSE,none,TRUE,single_word,"[{""start"":0,""end"":9,""kind"":""other_office_np"",""text"":""PRESIDENT""}]",,TRUE,single-word judgment; all caps; single word
2020,2,Senate frequently elected,"January 20, 2021, is the start of the next presidential and vice-presidential term in the United States. Since the vice president is first in line of succession to the presidency, in an emergency during this next term",1,0,0,other,FALSE,FALSE,FALSE,FALSE,FALSE,FALSE,FALSE,FALSE,none,FALSE,,[],,FALSE,
2020,2,THE VICE PRESIDENT MADE NEED TO TAKE OVER.,"January 20, 2021, is the start of the next presidential and vice-presidential term in the United States. Since the vice president is first in line of succession to the presidency, in an emergency during this next term",1,0,0,target_office_np,FALSE,FALSE,FALSE,FALSE,FALSE,FALSE,FALSE,FALSE,none,FALSE,,"[{""start"":0,""end"":18,""kind"":""target_office_np"",""text"":""THE VICE PRESIDENT""}]",,FALSE,
2020,2,The vice president will come soon .,"January 20, 2021, is the start of the next presidential and vice-presidential term in the United States. Since the vice president is first in line of succession to the presidency, in an emergency during this next term",1,1,1,target_office_np,FALSE,FALSE,FALSE,FALSE,FALSE,FALSE,FALSE,FALSE,none,FALSE,,"[{""start"":0,""end"":18,""kind"":""target_office_np"",""text"":""The vice president""}]",,FALSE,
2020,2,Vice president should stand for issue,"January 20, 2021, is the start of the next presidential and vice-presidential term in the United States. Since the vice president is first in line of succession to the presidency, in an emergency during this next term",1,0,0,target_office_np,FALSE,FALSE,FALSE,FALSE,FALSE,FALSE,FALSE,FALSE,none,FALSE,,"[{""start"":0,""end"":14,""kind"":""target_office_np"",""text"":""Vice president""}]",,FALSE,
2020,2,WE WILL ALERT THE VOTING SEQUENCES,"January 20, 2021, is the start of the next presidential and vice-presidential term in the United States. Since the vice president is first in line of succession to the presidency, in an emergency during this next term",1,1,0,other,FALSE,FALSE,FALSE,FALSE,FALSE,FALSE,FALSE,FALSE,none,TRUE,doesnt_make_sense,[],,TRUE,all caps
2020,2,WHO WILL BE?,"January 20, 2021, is the start of the next presidential and vice-presidential term in the United States. Since the vice president is first in line of succession to the presidency, in an emergency during this next term",1,1,1,other,FALSE,FALSE,FALSE,FALSE,FALSE,FALSE,FALSE,FALSE,none,TRUE,doesnt_make_sense,[],,TRUE,all caps
2020,2,YES,"January 20, 2021, is the start of the next presidential and vice-presidential term in the United States. Since the vice president is first in line of succession to the presidency, in an emergency during this next term",3,1,0,other,FALSE,FALSE,FALSE,FALSE,FALSE,FALSE,FALSE,FALSE,none,TRUE,filler_or_number,[],,TRUE,all caps; single word
2020,2,"and the president is not able to, the vice president will take over.","January 20, 2021, is the start of the next presidential and vice-presidential term in the United States. Since the vice president is first in line of succession to the presidency, in an emergency during this next term",1,1,1,other_office_np,FALSE,FALSE,FALSE,FALSE,FALSE,FALSE,FALSE,FALSE,none,FALSE,,"[{""start"":4,""end"":17,""kind"":""other_office_np"",""text"":""the president""},{""start"":34,""end"":52,""kind"":""target_office_np"",""text"":""the vice president""}]",,FALSE,
2020,2,"and the president is unable to fulfill his duty as president of the United States of America, the vice-president will take his place.","January 20, 2021, is the start of the next presidential and vice-presidential term in the United States. Since the vice president is first in line of succession to the presidency, in an emergency during this next term",1,0,0,other_office_np,FALSE,FALSE,FALSE,FALSE,FALSE,TRUE,FALSE,FALSE,none,FALSE,,"[{""start"":4,""end"":17,""kind"":""other_office_np"",""text"":""the president""},{""start"":39,""end"":42,""kind"":""he"",""text"":""his""},{""start"":94,""end"":112,""kind"":""target_office_np"",""text"":""the vice-president""},{""start"":123,""end"":126,""kind"":""he"",""text"":""his""}]",,FALSE,
2020,2,authorizes Congress to provide for a line of succession beyond the vice president,"January 20, 2021, is the start of the next presidential and vice-presidential term in the United States. Since the vice president is first in line of succession to the presidency, in an emergency during this next term",1,1,1,target_office_np,FALSE,FALSE,FALSE,FALSE,FALSE,FALSE,FALSE,FALSE,none,FALSE,,"[{""start"":63,""end"":81,""kind"":""target_office_np"",""text"":""the vice president""}]",,FALSE,
2020,2,for Pence,"January 20, 2021, is the start of the next presidential and vice-presidential term in the United States. Since the vice president is first in line of succession to the presidency, in an emergency during this next term",1,1,1,male_candidate_name,FALSE,FALSE,FALSE,FALSE,FALSE,FALSE,FALSE,FALSE,none,FALSE,,"[{""start"":4,""end"":9,""kind"":""male_candidate_name"",""text"":""Pence""}]",,FALSE,
2020,2,four years,"January 20, 2021, is the start of the next presidential and vice-presidential term in the United States. Since the vice president is first in line of succession to the presidency, in an emergency during this next term",1,1,1,other,FALSE,FALSE,FALSE,FALSE,FALSE,FALSE,FALSE,FALSE,none,FALSE,,[],,FALSE,
2020,2,he may be very busy shoukld the president take ill.,"January 20, 2021, is the start of the next presidential and vice-presidential term in the United States. Since the vice president is first in line of succession to the presidency, in an emergency during this next term",1,0,0,he,FALSE,TRUE,FALSE,FALSE,FALSE,FALSE,FALSE,FALSE,he,FALSE,,"[{""start"":0,""end"":2,""kind"":""he"",""text"":""he""},{""start"":28,""end"":41,""kind"":""other_office_np"",""text"":""the president""}]",,FALSE,
2020,2,he must take security measures.,"January 20, 2021, is the start of the next presidential and vice-presidential term in the United States. Since the vice president is first in line of succession to the presidency, in an emergency during this next term",1,0,0,he,FALSE,TRUE,FALSE,FALSE,FALSE,FALSE,FALSE,FALSE,he,FALSE,,"[{""start"":0,""end"":2,""kind"":""he"",""text"":""he""}]",,FALSE,
2020,2,he or she will be extremely important.,"January 20, 2021, is the start of the next presidential and vice-presidential term in the United States. Since the vice president is first in line of succession to the presidency, in an emergency during this next term",1,0,0,hedged,FALSE,FALSE,FALSE,TRUE,FALSE,FALSE,FALSE,FALSE,hedged,FALSE,,"[{""start"":0,""end"":9,""kind"":""hedged"",""text"":""he or she""}]",,FALSE,
2020,2,he or she will need to step in and act as the President.,"January 20, 2021, is the start of the next presidential and vice-presidential term in the United States. Since the vice president is first in line of succession to the presidency, in an emergency during this next term",1,0,0,hedged,FALSE,FALSE,FALSE,TRUE,FALSE,FALSE,FALSE,FALSE,hedged,FALSE,,"[{""start"":0,""end"":9,""kind"":""hedged"",""text"":""he or she""},{""start"":42,""end"":55,""kind"":""other_office_np"",""text"":""the President""}]",,FALSE,
2020,2,he or she will play a pivotal role.,"January 20, 2021, is the start of the next presidential and vice-presidential term in the United States. Since the vice president is first in line of succession to the presidency, in an emergency during this next term",1,0,0,hedged,FALSE,FALSE,FALSE,TRUE,FALSE,FALSE,FALSE,FALSE,hedged,FALSE,,"[{""start"":0,""end"":9,""kind"":""hedged"",""text"":""he or she""}]",,FALSE,
2020,2,he will be important,"January 20, 2021, is the start of the next presidential and vice-presidential term in the United States. Since the vice president is first in line of succession to the presidency, in an emergency during this next term",1,0,0,he,FALSE,TRUE,FALSE,FALSE,FALSE,FALSE,FALSE,FALSE,he,FALSE,,"[{""start"":0,""end"":2,""kind"":""he"",""text"":""he""}]",,FALSE,
2020,2,he will be responsible,"January 20, 2021, is the start of the next presidential and vice-presidential term in the United States. Since the vice president is first in line of succession to the presidency, in an emergency during this next term",1,0,0,he,FALSE,TRUE,FALSE,FALSE,FALSE,FALSE,FALSE,FALSE,he,FALSE,,"[{""start"":0,""end"":2,""kind"":""he"",""text"":""he""}]",,FALSE,
2020,2,he will become president.,"January 20, 2021, is the start of the next presidential and vice-presidential term in the United States. Since the vice president is first in line of succession to the presidency, in an emergency during this next term",1,0,0,he,FALSE,TRUE,FALSE,FALSE,FALSE,FALSE,FALSE,FALSE,he,FALSE,,"[{""start"":0,""end"":2,""kind"":""he"",""text"":""he""}]",,FALSE,
2020,2,he will continue to work,"January 20, 2021, is the start of the next presidential and vice-presidential term in the United States. Since the vice president is first in line of succession to the presidency, in an emergency during this next term",1,0,0,he,FALSE,TRUE,FALSE,FALSE,FALSE,FALSE,FALSE,FALSE,he,FALSE,,"[{""start"":0,""end"":2,""kind"":""he"",""text"":""he""}]",,FALSE,
2020,2,he will have to act rapidly,"January 20, 2021, is the start of the next presidential and vice-presidential term in the United States. Since the vice president is first in line of succession to the presidency, in an emergency during this next term",1,0,0,he,FALSE,TRUE,FALSE,FALSE,FALSE,FALSE,FALSE,FALSE,he,FALSE,,"[{""start"":0,""end"":2,""kind"":""he"",""text"":""he""}]",,FALSE,
2020,2,he will need to be on top of current issues.,"January 20, 2021, is the start of the next presidential and vice-presidential term in the United States. Since the vice president is first in line of succession to the presidency, in an emergency during this next term",1,0,0,he,FALSE,TRUE,FALSE,FALSE,FALSE,FALSE,FALSE,FALSE,he,FALSE,,"[{""start"":0,""end"":2,""kind"":""he"",""text"":""he""}]",51,FALSE,
2020,2,he will play an important role,"January 20, 2021, is the start of the next presidential and vice-presidential term in the United States. Since the vice president is first in line of succession to the presidency, in an emergency during this next term",1,0,0,he,FALSE,TRUE,FALSE,FALSE,FALSE,FALSE,FALSE,FALSE,he,FALSE,,"[{""start"":0,""end"":2,""kind"":""he"",""text"":""he""}]",,FALSE,
2020,2,he would become president.,"January 20, 2021, is the start of the next presidential and vice-presidential term in the United States. Since the vice president is first in line of succession to the presidency, in an emergency during this next term",1,1,1,he,FALSE,TRUE,FALSE,FALSE,FALSE,FALSE,FALSE,FALSE,he,FALSE,,"[{""start"":0,""end"":2,""kind"":""he"",""text"":""he""}]",,TRUE,coreference judged by hand
2020,2,he would take office.,"January 20, 2021, is the start of the next presidential and vice-presidential term in the United States. Since the vice president is first in line of succession to the presidency, in an emergency during this next term",1,1,1,he,FALSE,TRUE,FALSE,FALSE,FALSE,FALSE,FALSE,FALSE,he,FALSE,,"[{""start"":0,""end"":2,""kind"":""he"",""text"":""he""}]",,FALSE,
2020,2,"if elected, Joe Biden will probably declared unfit to serve under the 25th Amendment and will be replaced by Kamala Harris","January 20, 2021, is the start of the next presidential and vice-presidential term in the United States. Since the vice president is first in line of succession to the presidency, in an emergency during this next term",1,0,0,other_candidate_name,FALSE,FALSE,FALSE,FALSE,FALSE,FALSE,FALSE,FALSE,none,FALSE,,"[{""start"":16,""end"":21,""kind"":""other_candidate_name"",""text"":""Biden""},{""start"":109,""end"":115,""kind"":""female_candidate_name"",""text"":""Kamala""},{""start"":116,""end"":122,""kind"":""female_candidate_name"",""text"":""Harris""}]",,FALSE,
2020,2,"impacting Joe Biden's ability to serve, Kamala Harris would become President.","January 20, 2021, is the start of the next presidential and vice-presidential term in the United States. Since the vice president is first in line of succession to the presidency, in an emergency during this next term",1,1,1,other_candidate_name,FALSE,FALSE,FALSE,FALSE,FALSE,FALSE,FALSE,FALSE,none,FALSE,,"[{""start"":14,""end"":19,""kind"":""other_candidate_name"",""text"":""Biden""},{""start"":40,""end"":46,""kind"":""female_candidate_name"",""text"":""Kamala""},{""start"":47,""end"":53,""kind"":""female_candidate_name"",""text"":""Harris""}]",,FALSE,
2020,2,in the united states,"January 20, 2021, is the start of the next presidential and vice-presidential term in the United States. Since the vice president is first in line of succession to the presidency, in an emergency during this next term",1,1,1,other,FALSE,FALSE,FALSE,FALSE,FALSE,FALSE,FALSE,FALSE,none,TRUE,copied_context,[],,FALSE,
2020,2,is difficult,"January 20, 2021, is the start of the next presidential and vice-presidential term in the United States. Since the vice president is first in line of succession to the presidency, in an emergency during this next term",1,0,0,other,FALSE,FALSE,FALSE,FALSE,FALSE,FALSE,FALSE,FALSE,none,FALSE,,[],,FALSE,
2020,2,is vice president take the term.,"January 20, 2021, is the start of the next presidential and vice-presidential term in the United States. Since the vice president is first in line of succession to the presidency, in an emergency during this next term",1,1,1,other,FALSE,FALSE,FALSE,FALSE,FALSE,FALSE,FALSE,FALSE,none,FALSE,,[],,FALSE,
2020,2,it might become necessary for them to act if the president is unable to.,"January 20, 2021, is the start of the next presidential and vice-presidential term in the United States. Since the vice president is first in line of succession to the presidency, in an emergency during this next term",1,0,0,they,FALSE,FALSE,TRUE,FALSE,FALSE,FALSE,FALSE,FALSE,they,FALSE,,"[{""start"":30,""end"":34,""kind"":""they"",""text"":""them""},{""start"":45,""end"":58,""kind"":""other_office_np"",""text"":""the president""}]",,FALSE,
2020,2,kamala harris,"January 20, 2021, is the start of the next presidential and vice-presidential term in the United States. Since the vice president is first in line of succession to the presidency, in an emergency during this next term",3,1,1,female_candidate_name,FALSE,FALSE,FALSE,FALSE,FALSE,FALSE,FALSE,FALSE,none,FALSE,,"[{""start"":0,""end"":6,""kind"":""female_candidate_name"",""text"":""kamala""},{""start"":7,""end"":13,""kind"":""female_candidate_name"",""text"":""harris""}]",,FALSE,
2020,2,kamala would be president,"January 20, 2021, is the start of the next presidential and vice-presidential term in the United States. Since the vice president is first in line of succession to the presidency, in an emergency during this next term",1,0,0,female_candidate_name,FALSE,FALSE,FALSE,FALSE,FALSE,FALSE,FALSE,FALSE,none,FALSE,,"[{""start"":0,""end"":6,""kind"":""female_candidate_name"",""text"":""kamala""}]",,FALSE,
2020,2,mike pence would become president.,"January 20, 2021, is the start of the next presidential and vice-presidential term in the United States. Since the vice president is first in line of succession to the presidency, in an emergency during this next term",1,1,1,male_candidate_name,FALSE,FALSE,FALSE,FALSE,FALSE,FALSE,FALSE,FALSE,none,FALSE,,"[{""start"":5,""end"":10,""kind"":""male_candidate_name"",""text"":""pence""}]",,FALSE,
2020,2,next presidential,"January 20, 2021, is the start of the next presidential and vice-presidential term in the United States. Since the vice president is first in line of succession to the presidency, in an emergency during this next term",6,0,0,other_office_np,FALSE,FALSE,FALSE,FALSE,FALSE,FALSE,FALSE,FALSE,none,TRUE,copied_context,"[{""start"":5,""end"":17,""kind"":""other_office_np"",""text"":""presidential""}]",,FALSE,
2020,2,nuclear in the us.,"January 20, 2021, is the start of the next presidential and vice-presidential term in the United States. Since the vice president is first in line of succession to the presidency, in an emergency during this next term",1,0,0,other,FALSE,FALSE,FALSE,FALSE,FALSE,FALSE,FALSE,FALSE,none,FALSE,,[],,FALSE,
2020,2,of election,"January 20, 2021, is the start of the next presidential and vice-presidential term in the United States. Since the vice president is first in line of succession to the presidency, in an emergency during this next term",1,1,1,other,FALSE,FALSE,FALSE,FALSE,FALSE,FALSE,FALSE,FALSE,none,FALSE,,[],,FALSE,
2020,2,president,"January 20, 2021, is the start of the next presidential and vice-presidential term in the United States. Since the vice president is first in line of succession to the presidency, in an emergency during this next term",1,1,1,other_office_np,FALSE,FALSE,FALSE,FALSE,FALSE,FALSE,FALSE,FALSE,none,TRUE,single_word,"[{""start"":0,""end"":9,""kind"":""other_office_np"",""text"":""president""}]",,TRUE,single-word judgment; single word
2020,2,presidential,"January 20, 2021, is the start of the next presidential and vice-presidential term in the United States. Since the vice president is first in line of succession to the presidency, in an emergency during this next term",1,1,1,other_office_np,FALSE,FALSE,FALSE,FALSE,FALSE,FALSE,FALSE,FALSE,none,TRUE,single_word,"[{""start"":0,""end"":12,""kind"":""other_office_np"",""text"":""presidential""}]",,TRUE,single-word judgment; single word
2020,2,she is president,"January 20, 2021, is the start of the next presidential and vice-presidential term in the United States. Since the vice president is first in line of succession to the presidency, in an emergency during this next term",1,0,0,she,TRUE,FALSE,FALSE,FALSE,FALSE,FALSE,FALSE,FALSE,she,FALSE,,"[{""start"":0,""end"":3,""kind"":""she"",""text"":""she""}]",,FALSE,
2020,2,she must be prepare to lead if the worst were to happen to the president.,"January 20, 2021, is the start of the next presidential and vice-presidential term in the United States. Since the vice president is first in line of succession to the presidency, in an emergency during this next term",1,0,0,she,TRUE,FALSE,FALSE,FALSE,FALSE,FALSE,FALSE,FALSE,she,FALSE,,"[{""start"":0,""end"":3,""kind"":""she"",""text"":""she""},{""start"":59,""end"":72,""kind"":""other_office_np"",""text"":""the president""}]",,FALSE,
2020,2,she will handle most things related to it.,"January 20, 2021, is the start of the next presidential and vice-presidential term in the United States. Since the vice president is first in line of succession to the presidency, in an emergency during this next term",1,0,0,she,TRUE,FALSE,FALSE,FALSE,FALSE,FALSE,FALSE,FALSE,she,FALSE,,"[{""start"":0,""end"":3,""kind"":""she"",""text"":""she""}]",,FALSE,
2020,2,she would become the president.,"January 20, 2021, is the start of the next presidential and vice-presidential term in the United States. Since the vice president is first in line of succession to the presidency, in an emergency during this next term",1,0,0,she,TRUE,FALSE,FALSE,FALSE,FALSE,FALSE,FALSE,FALSE,she,FALSE,,"[{""start"":0,""end"":3,""kind"":""she"",""text"":""she""},{""start"":17,""end"":30,""kind"":""other_office_np"",""text"":""the president""}]",,FALSE,
2020,2,taken,"January 20, 2021, is the start of the next presidential and vice-presidential term in the United States. Since the vice president is first in line of succession to the presidency, in an emergency during this next term",1,0,0,other,FALSE,FALSE,FALSE,FALSE,FALSE,FALSE,FALSE,FALSE,none,TRUE,single_word,[],,FALSE,
2020,2,th,"January 20, 2021, is the start of the next presidential and vice-presidential term in the United States. Since the vice president is first in line of succession to the presidency, in an emergency during this next term",1,1,1,other,FALSE,FALSE,FALSE,FALSE,FALSE,FALSE,FALSE,FALSE,none,TRUE,single_word,[],,TRUE,single-word judgment; single word
2020,2,the Vice President would take over as President.,"January 20, 2021, is the start of the next presidential and vice-presidential term in the United States. Since the vice president is first in line of succession to the presidency, in an emergency during this next term",1,1,1,target_office_np,FALSE,FALSE,FALSE,FALSE,FALSE,FALSE,FALSE,FALSE,none,FALSE,,"[{""start"":0,""end"":18,""kind"":""target_office_np"",""text"":""the Vice President""}]",,FALSE,
2020,2,the country will protect the vice president and the president separately.,"January 20, 2021, is the start of the next presidential and vice-presidential term in the United States. Since the vice president is first in line of succession to the presidency, in an emergency during this next term",1,1,1,target_office_np,FALSE,FALSE,FALSE,FALSE,FALSE,FALSE,FALSE,FALSE,none,FALSE,,"[{""start"":25,""end"":43,""kind"":""target_office_np"",""text"":""the vice president""},{""start"":48,""end"":61,""kind"":""other_office_np"",""text"":""the president""}]",,FALSE,
2020,2,the next vice president might become president.,"January 20, 2021, is the start of the next presidential and vice-presidential term in the United States. Since the vice president is first in line of succession to the presidency, in an emergency during this next term",1,1,1,target_office_np,FALSE,FALSE,FALSE,FALSE,FALSE,FALSE,FALSE,FALSE,none,FALSE,,"[{""start"":4,""end"":23,""kind"":""target_office_np"",""text"":""next vice president""}]",,FALSE,
2020,2,"the president will be in close contact, but separate.","January 20, 2021, is the start of the next presidential and vice-presidential term in the United States. Since the vice president is first in line of succession to the presidency, in an emergency during this next term",1,1,1,other_office_np,FALSE,FALSE,FALSE,FALSE,FALSE,FALSE,FALSE,FALSE,none,FALSE,,"[{""start"":0,""end"":13,""kind"":""other_office_np"",""text"":""the president""}]",,FALSE,
2020,2,the vice President must be prepared to take control.,"January 20, 2021, is the start of the next presidential and vice-presidential term in the United States. Since the vice president is first in line of succession to the presidency, in an emergency during this next term",1,0,0,target_office_np,FALSE,FALSE,FALSE,FALSE,FALSE,FALSE,FALSE,FALSE,none,FALSE,,"[{""start"":0,""end"":18,""kind"":""target_office_np"",""text"":""the vice President""}]",,FALSE,
2020,2,the vice president becomes president.,"January 20, 2021, is the start of the next presidential and vice-presidential term in the United States. Since the vice president is first in line of succession to the presidency, in an emergency during this next term",1,1,1,target_office_np,FALSE,FALSE,FALSE,FALSE,FALSE,FALSE,FALSE,FALSE,none,FALSE,,"[{""start"":0,""end"":18,""kind"":""target_office_np"",""text"":""the vice president""}]",,FALSE,
2020,2,the vice president can act as the president.,"January 20, 2021, is the start of the next presidential and vice-presidential term in the United States. Since the vice president is first in line of succession to the presidency, in an emergency during this next term",1,1,1,target_office_np,FALSE,FALSE,FALSE,FALSE,FALSE,FALSE,FALSE,FALSE,none,FALSE,,"[{""start"":0,""end"":18,""kind"":""target_office_np"",""text"":""the vice president""},{""start"":30,""end"":43,""kind"":""other_office_np"",""text"":""the president""}]",,FALSE,
2020,2,the vice president could become president if the president is incapacitated in any way.,"January 20, 2021, is the start of the next presidential and vice-presidential term in the United States. Since the vice president is first in line of succession to the presidency, in an emergency during this next term",1,0,0,target_office_np,FALSE,FALSE,FALSE,FALSE,FALSE,FALSE,FALSE,FALSE,none,FALSE,,"[{""start"":0,""end"":18,""kind"":""target_office_np"",""text"":""the vice president""},{""start"":45,""end"":58,""kind"":""other_office_np"",""text"":""the president""}]",,FALSE,
2020,2,the vice president could become president should something happen to the president.,"January 20, 2021, is the start of the next presidential and vice-presidential term in the United States. Since the vice president is first in line of succession to the presidency, in an emergency during this next term",1,1,1,target_office_np,FALSE,FALSE,FALSE,FALSE,FALSE,FALSE,FALSE,FALSE,none,FALSE,,"[{""start"":0,""end"":18,""kind"":""target_office_np"",""text"":""the vice president""},{""start"":69,""end"":82,""kind"":""other_office_np"",""text"":""the president""}]",,FALSE,
2020,2,the vice president is taken to a safe place to weather the emergency.,"January 20, 2021, is the start of the next presidential and vice-presidential term in the United States. Since the vice president is first in line of succession to the presidency, in an emergency during this next term",1,1,1,target_office_np,FALSE,FALSE,FALSE,FALSE,FALSE,FALSE,FALSE,FALSE,none,FALSE,,"[{""start"":0,""end"":18,""kind"":""target_office_np"",""text"":""the vice president""}]",,FALSE,
2020,2,the vice president might take over.,"January 20, 2021, is the start of the next presidential and vice-presidential term in the United States. Since the vice president is first in line of succession to the presidency, in an emergency during this next term",1,1,1,target_office_np,FALSE,FALSE,FALSE,FALSE,FALSE,FALSE,FALSE,FALSE,none,FALSE,,"[{""start"":0,""end"":18,""kind"":""target_office_np"",""text"":""the vice president""}]",,FALSE,
2020,2,the vice president oversees the affairs of the country,"January 20, 2021, is the start of the next presidential and vice-presidential term in the United States. Since the vice president is first in line of succession to the presidency, in an emergency during this next term",1,1,1,target_office_np,FALSE,FALSE,FALSE,FALSE,FALSE,FALSE,FALSE,FALSE,none,FALSE,,"[{""start"":0,""end"":18,""kind"":""target_office_np"",""text"":""the vice president""}]",,FALSE,
2020,2,the vice president will,"January 20, 2021, is the start of the next presidential and vice-presidential term in the United States. Since the vice president is first in line of succession to the presidency, in an emergency during this next term",1,0,0,target_office_np,FALSE,FALSE,FALSE,FALSE,FALSE,FALSE,FALSE,FALSE,none,FALSE,,"[{""start"":0,""end"":18,""kind"":""target_office_np"",""text"":""the vice president""}]",,FALSE,
2020,2,"the vice president will act as president, if the president cannot perform his duties.","January 20, 2021, is the start of the next presidential and vice-presidential term in the United States. Since the vice president is first in line of succession to the presidency, in an emergency during this next term",1,1,1,target_office_np,FALSE,FALSE,FALSE,FALSE,FALSE,TRUE,FALSE,FALSE,none,FALSE,,"[{""start"":0,""end"":18,""kind"":""target_office_np"",""text"":""the vice president""},{""start"":45,""end"":58,""kind"":""other_office_np"",""text"":""the president""},{""start"":74,""end"":77,""kind"":""he"",""text"":""his""}]",76,TRUE,coreference judged by hand
2020,2,the vice president will assume responsibility in the event the president is incapacitated.,"January 20, 2021, is the start of the next presidential and vice-presidential term in the United States. Since the vice president is first in line of succession to the presidency, in an emergency during this next term",1,1,1,target_office_np,FALSE,FALSE,FALSE,FALSE,FALSE,FALSE,FALSE,FALSE,none,FALSE,,"[{""start"":0,""end"":18,""kind"":""target_office_np"",""text"":""the vice president""},{""start"":59,""end"":72,""kind"":""other_office_np"",""text"":""the president""}]",,FALSE,
2020,2,the vice president will fill the presidents shoes,"January 20, 2021, is the start of the next presidential and vice-presidential term in the United States. Since the vice president is first in line of succession to the presidency, in an emergency during this next term",1,0,0,target_office_np,FALSE,FALSE,FALSE,FALSE,FALSE,FALSE,FALSE,FALSE,none,FALSE,,"[{""start"":0,""end"":18,""kind"":""target_office_np"",""text"":""the vice president""}]",,FALSE,
2020,2,the vice president will step in and take over the duties,"January 20, 2021, is the start of the next presidential and vice-presidential term in the United States. Since the vice president is first in line of succession to the presidency, in an emergency during this next term",1,1,1,target_office_np,FALSE,FALSE,FALSE,FALSE,FALSE,FALSE,FALSE,FALSE,none,FALSE,,"[{""start"":0,""end"":18,""kind"":""target_office_np"",""text"":""the vice president""}]",,FALSE,
2020,2,the vice president will take over presidential duties.,"January 20, 2021, is the start of the next presidential and vice-presidential term in the United States. Since the vice president is first in line of succession to the presidency, in an emergency during this next term",1,1,1,target_office_np,FALSE,FALSE,FALSE,FALSE,FALSE,FALSE,FALSE,FALSE,none,FALSE,,"[{""start"":0,""end"":18,""kind"":""target_office_np"",""text"":""the vice president""},{""start"":34,""end"":46,""kind"":""other_office_np"",""text"":""presidential""}]",,FALSE,
2020,2,the vice president would assume the duties of the President.,"January 20, 2021, is the start of the next presidential and vice-presidential term in the United States. Since the vice president is first in line of succession to the presidency, in an emergency during this next term",1,1,1,target_office_np,FALSE,FALSE,FALSE,FALSE,FALSE,FALSE,FALSE,FALSE,none,FALSE,,"[{""start"":0,""end"":18,""kind"":""target_office_np"",""text"":""the vice president""},{""start"":46,""end"":59,""kind"":""other_office_np"",""text"":""the President""}]",,FALSE,
2020,2,the vice president would step in.,"January 20, 2021, is the start of the next presidential and vice-presidential term in the United States. Since the vice president is first in line of succession to the presidency, in an emergency during this next term",1,1,1,target_office_np,FALSE,FALSE,FALSE,FALSE,FALSE,FALSE,FALSE,FALSE,none,FALSE,,"[{""start"":0,""end"":18,""kind"":""target_office_np"",""text"":""the vice president""}]",,FALSE,
2020,2,the vice president would take office,"January 20, 2021, is the start of the next presidential and vice-presidential term in the United States. Since the vice president is first in line of succession to the presidency, in an emergency during this next term",1,0,0,target_office_np,FALSE,FALSE,FALSE,FALSE,FALSE,FALSE,FALSE,FALSE,none,FALSE,,"[{""start"":0,""end"":18,""kind"":""target_office_np"",""text"":""the vice president""}]",,FALSE,
2020,2,the vice president would take the reins of power.,"January 20, 2021, is the start of the next presidential and vice-presidential term in the United States. Since the vice president is first in line of succession to the presidency, in an emergency during this next term",1,0,0,target_office_np,FALSE,FALSE,FALSE,FALSE,FALSE,FALSE,FALSE,FALSE,none,FALSE,,"[{""start"":0,""end"":18,""kind"":""target_office_np"",""text"":""the vice president""}]",,FALSE,
2020,2,their good and bad qualities should be considered almost as much as those of the president,"January 20, 2021, is the start of the next presidential and vice-presidential term in the United States. Since the vice president is first in line of succession to the presidency, in an emergency during this next term",1,1,1,they,FALSE,FALSE,TRUE,FALSE,FALSE,FALSE,FALSE,FALSE,they,FALSE,,"[{""start"":0,""end"":5,""kind"":""they"",""text"":""their""},{""start"":77,""end"":90,""kind"":""other_office_np"",""text"":""the president""}]",,TRUE,coreference judged by hand; long
2020,2,they could be elevated to president quite easily,"January 20, 2021, is the start of the next presidential and vice-presidential term in the United States. Since the vice president is first in line of succession to the presidency, in an emergency during this next term",1,1,1,they,FALSE,FALSE,TRUE,FALSE,FALSE,FALSE,FALSE,FALSE,they,FALSE,,"[{""start"":0,""end"":4,""kind"":""they"",""text"":""they""}]",,TRUE,coreference judged by hand
2020,2,they will have a heavy burden on their shoulders.,"January 20, 2021, is the start of the next presidential and vice-presidential term in the United States. Since the vice president is first in line of succession to the presidency, in an emergency during this next term",1,0,0,they,FALSE,FALSE,TRUE,FALSE,FALSE,FALSE,FALSE,FALSE,they,FALSE,,"[{""start"":0,""end"":4,""kind"":""they"",""text"":""they""},{""start"":33,""end"":38,""kind"":""they"",""text"":""their""}]",,FALSE,
2020,2,this post will be very challenging.,"January 20, 2021, is the start of the next presidential and vice-presidential term in the United States. Since the vice president is first in line of succession to the presidency, in an emergency during this next term",1,1,1,other,FALSE,FALSE,FALSE,FALSE,FALSE,FALSE,FALSE,FALSE,none,FALSE,,[],,FALSE,
2020,2,will be first in charge for responsability,"January 20, 2021, is the start of the next presidential and vice-presidential term in the United States. Since the vice president is first in line of succession to the presidency, in an emergency during this next term",1,0,0,other,FALSE,FALSE,FALSE,FALSE,FALSE,FALSE,FALSE,FALSE,none,FALSE,,[],,FALSE,
2020,2,will be protected and your family.,"January 20, 2021, is the start of the next presidential and vice-presidential term in the United States. Since the vice president is first in line of succession to the presidency, in an emergency during this next term",1,0,0,other,FALSE,FALSE,FALSE,FALSE,FALSE,FALSE,FALSE,FALSE,none,FALSE,,[],,FALSE,
2020,2,will caused a lot of action and improvements to take place on time,"January 20, 2021, is the start of the next presidential and vice-presidential term in the United States. Since the vice president is first in line of succession to the presidency, in an emergency during this next term",1,1,1,other,FALSE,FALSE,FALSE,FALSE,FALSE,FALSE,FALSE,FALSE,none,FALSE,,[],,FALSE,
2020,3,,"January 20, 2021, is the start of the next presidential and vice-presidential term in the United States. The vice president holds nuclear launch codes, which will be a great responsibility for",37,3,3,blank,FALSE,FALSE,FALSE,FALSE,FALSE,FALSE,FALSE,FALSE,none,TRUE,blank,[],,FALSE,
2020,3,1,"January 20, 2021, is the start of the next presidential and vice-presidential term in the United States. The vice president holds nuclear launch codes, which will be a great responsibility for",7,0,0,other,FALSE,FALSE,FALSE,FALSE,FALSE,FALSE,FALSE,FALSE,none,TRUE,filler_or_number,[],,FALSE,
2020,3,34,"January 20, 2021, is the start of the next presidential and vice-presidential term in the United States. The vice president holds nuclear launch codes, which will be a great responsibility for",3,0,0,other,FALSE,FALSE,FALSE,FALSE,FALSE,FALSE,FALSE,FALSE,none,TRUE,filler_or_number,[],,FALSE,
2020,3,AMERICA,"January 20, 2021, is the start of the next presidential and vice-presidential term in the United States. The vice president holds nuclear launch codes, which will be a great responsibility for",1,0,0,other,FALSE,FALSE,FALSE,FALSE,FALSE,FALSE,FALSE,FALSE,none,FALSE,,[],,FALSE,
2020,3,ANYONE,"January 20, 2021, is the start of the next presidential and vice-presidential term in the United States. The vice president holds nuclear launch codes, which will be a great responsibility for",1,1,1,other,FALSE,FALSE,FALSE,FALSE,FALSE,FALSE,FALSE,FALSE,none,TRUE,single_word,[],,TRUE,single-word judgment; all caps; single word
2020,3,America,"January 20, 2021, is the start of the next presidential and vice-presidential term in the United States. The vice president holds nuclear launch codes, which will be a great responsibility for",1,0,0,other,FALSE,FALSE,FALSE,FALSE,FALSE,FALSE,FALSE,FALSE,none,FALSE,,[],,FALSE,
2020,3,"As a historian who has taught and written about the Constitution for over 40 years, however, I know that one thing is certain. President Trump’s term will end at noon on Jan. 20, 2021. At that same instant, either he will begin a second term, or the country will have a new chief executive.  The framers of the Constitution did not establish a specific day that presidential terms end, but they were very clear that the president “shall hold his Office during the Term of four Years.” Not four years and a day. Not three years and 364 days. Four years.","January 20, 2021, is the start of the next presidential and vice-presidential term in the United States. The vice president holds nuclear launch codes, which will be a great responsibility for",1,0,0,other_candidate_name,FALSE,FALSE,FALSE,FALSE,FALSE,TRUE,FALSE,FALSE,none,TRUE,pasted_text,"[{""start"":137,""end"":142,""kind"":""other_candidate_name"",""text"":""Trump""},{""start"":214,""end"":216,""kind"":""he"",""text"":""he""},{""start"":362,""end"":374,""kind"":""other_office_np"",""text"":""presidential""},{""start"":390,""end"":394,""kind"":""they"",""text"":""they""},{""start"":416,""end"":429,""kind"":""other_office_np"",""text"":""the president""},{""start"":442,""end"":445,""kind"":""he"",""text"":""his""}]",,FALSE,
2020,3,CONGRASS,"January 20, 2021, is the start of the next presidential and vice-presidential term in the United States. The vice president holds nuclear launch codes, which will be a great responsibility for",1,0,0,other,FALSE,FALSE,FALSE,FALSE,FALSE,FALSE,FALSE,FALSE,none,TRUE,single_word,[],,FALSE,
2020,3,DONALD TRUMP,"January 20, 2021, is the start of the next presidential and vice-presidential term in the United States. The vice president holds nuclear launch codes, which will be a great responsibility for",1,1,1,other_candidate_name,FALSE,FALSE,FALSE,FALSE,FALSE,FALSE,FALSE,FALSE,none,TRUE,doesnt_make_sense,"[{""start"":7,""end"":12,""kind"":""other_candidate_name"",""text"":""TRUMP""}]",,TRUE,all caps
2020,3,DRUMB,"January 20, 2021, is the start of the next presidential and vice-presidential term in the United States. The vice president holds nuclear launch codes, which will be a great responsibility for",1,0,0,other,FALSE,FALSE,FALSE,FALSE,FALSE,FALSE,FALSE,FALSE,none,FALSE,,[],,FALSE,
2020,3,Donald Trump,"January 20, 2021, is the start of the next presidential and vice-presidential term in the United States. The vice president holds nuclear launch codes, which will be a great responsibility for",1,0,0,other_candidate_name,FALSE,FALSE,FALSE,FALSE,FALSE,FALSE,FALSE,FALSE,none,FALSE,,"[{""start"":7,""end"":12,""kind"":""other_candidate_name"",""text"":""Trump""}]",,FALSE,
2020,3,GOLD CODES,"January 20, 2021, is the start of the next presidential and vice-presidential term in the United States. The vice president holds nuclear launch codes, which will be a great responsibility for",1,1,1,other,FALSE,FALSE,FALSE,FALSE,FALSE,FALSE,FALSE,FALSE,none,TRUE,doesnt_make_sense,[],,TRUE,all caps
2020,3,GOOD,"January 20, 2021, is the start of the next presidential and vice-presidential term in the United States. The vice president holds nuclear launch codes, which will be a great responsibility for",1,0,0,other,FALSE,FALSE,FALSE,FALSE,FALSE,FALSE,FALSE,FALSE,none,TRUE,single_word,[],,FALSE,
2020,3,GOVERNMENT,"January 20, 2021, is the start of the next presidential and vice-presidential term in the United States. The vice president holds nuclear launch codes, which will be a great responsibility for",1,1,1,other,FALSE,FALSE,FALSE,FALSE,FALSE,FALSE,FALSE,FALSE,none,TRUE,single_word,[],,TRUE,single-word judgment; all caps; single word
2020,3,HIM,"January 20, 2021, is the start of the next presidential and vice-presidential term in the United States. The vice president holds nuclear launch codes, which will be a great responsibility for",3,2,1,he,FALSE,TRUE,FALSE,FALSE,FALSE,FALSE,FALSE,FALSE,he,FALSE,,"[{""start"":0,""end"":3,""kind"":""he"",""text"":""HIM""}]",,TRUE,single-word judgment; all caps; single word
2020,3,JOE BIDEN,"January 20, 2021, is the start of the next presidential and vice-presidential term in the United States. The vice president holds nuclear launch codes, which will be a great responsibility for",1,0,0,other_candidate_name,FALSE,FALSE,FALSE,FALSE,FALSE,FALSE,FALSE,FALSE,none,FALSE,,"[{""start"":4,""end"":9,""kind"":""other_candidate_name"",""text"":""BIDEN""}]",,FALSE,
2020,3,"January 20, 2021","January 20, 2021, is the start of the next presidential and vice-presidential term in the United States. The vice president holds nuclear launch codes, which will be a great responsibility for",1,0,0,other,FALSE,FALSE,FALSE,FALSE,FALSE,FALSE,FALSE,FALSE,none,TRUE,copied_context,[],,FALSE,
2020,3,January 2021,"January 20, 2021, is the start of the next presidential and vice-presidential term in the United States. The vice president holds nuclear launch codes, which will be a great responsibility for",1,0,0,other,FALSE,FALSE,FALSE,FALSE,FALSE,FALSE,FALSE,FALSE,none,FALSE,,[],,FALSE,
2020,3,Joe Biden,"January 20, 2021, is the start of the next presidential and vice-presidential term in the United States. The vice president holds nuclear launch codes, which will be a great responsibility for",2,1,1,other_candidate_name,FALSE,FALSE,FALSE,FALSE,FALSE,FALSE,FALSE,FALSE,none,FALSE,,"[{""start"":4,""end"":9,""kind"":""other_candidate_name"",""text"":""Biden""}]",,FALSE,
2020,3,Kamala Harris,"January 20, 2021, is the start of the next presidential and vice-presidential term in the United States. The vice president holds nuclear launch codes, which will be a great responsibility for",7,4,4,female_candidate_name,FALSE,FALSE,FALSE,FALSE,FALSE,FALSE,FALSE,FALSE,none,FALSE,,"[{""start"":0,""end"":6,""kind"":""female_candidate_name"",""text"":""Kamala""},{""start"":7,""end"":13,""kind"":""female_candidate_name"",""text"":""Harris""}]",,FALSE,
2020,3,Kamala Harris.,"January 20, 2021, is the start of the next presidential and vice-presidential term in the United States. The vice president holds nuclear launch codes, which will be a great responsibility for",2,1,0,female_candidate_name,FALSE,FALSE,FALSE,FALSE,FALSE,FALSE,FALSE,FALSE,none,FALSE,,"[{""start"":0,""end"":6,""kind"":""female_candidate_name"",""text"":""Kamala""},{""start"":7,""end"":13,""kind"":""female_candidate_name"",""text"":""Harris""}]",,FALSE,
2020,3,Kampala Harris,"January 20, 2021, is the start of the next presidential and vice-presidential term in the United States. The vice president holds nuclear launch codes, which will be a great responsibility for",1,1,1,female_candidate_name,FALSE,FALSE,FALSE,FALSE,FALSE,FALSE,FALSE,FALSE,none,FALSE,,"[{""start"":8,""end"":14,""kind"":""female_candidate_name"",""text"":""Harris""}]",,FALSE,
2020,3,LAUNCHING A NUCLEAR WEAPON,"January 20, 2021, is the start of the next presidential and vice-presidential term in the United States. The vice president holds nuclear launch codes, which will be a great responsibility for",1,0,0,other,FALSE,FALSE,FALSE,FALSE,FALSE,FALSE,FALSE,FALSE,none,FALSE,,[],,FALSE,
2020,3,Mike Pence.,"January 20, 2021, is the start of the next presidential and vice-presidential term in the United States. The vice president holds nuclear launch codes, which will be a great responsibility for",1,0,0,male_candidate_name,FALSE,FALSE,FALSE,FALSE,FALSE,FALSE,FALSE,FALSE,none,FALSE,,"[{""start"":5,""end"":10,""kind"":""male_candidate_name"",""text"":""Pence""}]",,FALSE,
2020,3,Mike pence,"January 20, 2021, is the start of the next presidential and vice-presidential term in the United States. The vice president holds nuclear launch codes, which will be a great responsibility for",1,0,0,male_candidate_name,FALSE,FALSE,FALSE,FALSE,FALSE,FALSE,FALSE,FALSE,none,FALSE,,"[{""start"":5,""end"":10,""kind"":""male_candidate_name"",""text"":""pence""}]",,FALSE,
2020,3,OUR COUNTRY,"January 20, 2021, is the start of the next presidential and vice-presidential term in the United States. The vice president holds nuclear launch codes, which will be a great responsibility for",1,1,1,other,FALSE,FALSE,FALSE,FALSE,FALSE,FALSE,FALSE,FALSE,none,FALSE,,[],20,TRUE,all caps
2020,3,PEOPLE,"January 20, 2021, is the start of the next presidential and vice-presidential term in the United States. The vice president holds nuclear launch codes, which will be a great responsibility for",1,0,0,other,FALSE,FALSE,FALSE,FALSE,FALSE,FALSE,FALSE,FALSE,none,FALSE,,[],,FALSE,
2020,3,Presidents,"January 20, 2021, is the start of the next presidential and vice-presidential term in the United States. The vice president holds nuclear launch codes, which will be a great responsibility for",1,1,1,other,FALSE,FALSE,FALSE,FALSE,FALSE,FALSE,FALSE,FALSE,none,TRUE,doesnt_make_sense,[],,TRUE,single-word judgment; single word
2020,3,Presidents of the United States,"January 20, 2021, is the start of the next presidential and vice-presidential term in the United States. The vice president holds nuclear launch codes, which will be a great responsibility for",1,1,1,other,FALSE,FALSE,FALSE,FALSE,FALSE,FALSE,FALSE,FALSE,none,FALSE,,[],,FALSE,
2020,3,THE NATION,"January 20, 2021, is the start of the next presidential and vice-presidential term in the United States. The vice president holds nuclear launch codes, which will be a great responsibility for",1,0,0,other,FALSE,FALSE,FALSE,FALSE,FALSE,FALSE,FALSE,FALSE,none,FALSE,,[],,FALSE,
2020,3,THE PEOPLE,"January 20, 2021, is the start of the next presidential and vice-presidential term in the United States. The vice president holds nuclear launch codes, which will be a great responsibility for",1,0,0,other,FALSE,FALSE,FALSE,FALSE,FALSE,FALSE,FALSE,FALSE,none,FALSE,,[],,FALSE,
2020,3,Trump,"January 20, 2021, is the start of the next presidential and vice-presidential term in the United States. The vice president holds nuclear launch codes, which will be a great responsibility for",1,1,0,other_candidate_name,FALSE,FALSE,FALSE,FALSE,FALSE,FALSE,FALSE,FALSE,none,TRUE,doesnt_make_sense,"[{""start"":0,""end"":5,""kind"":""other_candidate_name"",""text"":""Trump""}]",,TRUE,single-word judgment; single word
2020,3,UNITED STATES,"January 20, 2021, is the start of the next presidential and vice-presidential term in the United States. The vice president holds nuclear launch codes, which will be a great responsibility for",1,1,0,other,FALSE,FALSE,FALSE,FALSE,FALSE,FALSE,FALSE,FALSE,none,TRUE,doesnt_make_sense,[],,TRUE,all caps
2020,3,United States,"January 20, 2021, is the start of the next presidential and vice-presidential term in the United States. The vice president holds nuclear launch codes, which will be a great responsibility for",1,0,0,other,FALSE,FALSE,FALSE,FALSE,FALSE,FALSE,FALSE,FALSE,none,TRUE,single_word,[],27,FALSE,
2020,3,VICE-PRESIDENT,"January 20, 2021, is the start of the next presidential and vice-presidential term in the United States. The vice president holds nuclear launch codes, which will be a great responsibility for",1,1,1,target_office_np,FALSE,FALSE,FALSE,FALSE,FALSE,FALSE,FALSE,FALSE,none,TRUE,single_word,"[{""start"":0,""end"":14,""kind"":""target_office_np"",""text"":""VICE-PRESIDENT""}]",,TRUE,single-word judgment; all caps; single word
2020,3,Vice-President Elect Kamala Harris.,"January 20, 2021, is the start of the next presidential and vice-presidential term in the United States. The vice president holds nuclear launch codes, which will be a great responsibility for",1,0,0,target_office_np,FALSE,FALSE,FALSE,FALSE,FALSE,FALSE,FALSE,FALSE,none,FALSE,,"[{""start"":0,""end"":14,""kind"":""target_office_np"",""text"":""Vice-President""},{""start"":21,""end"":27,""kind"":""female_candidate_name"",""text"":""Kamala""},{""start"":28,""end"":34,""kind"":""female_candidate_name"",""text"":""Harris""}]",,FALSE,
2020,3,WORK,"January 20, 2021, is the start of the next presidential and vice-presidential term in the United States. The vice president holds nuclear launch codes, which will be a great responsibility for",1,1,0,other,FALSE,FALSE,FALSE,FALSE,FALSE,FALSE,FALSE,FALSE,none,TRUE,single_word,[],,TRUE,single-word judgment; all caps; single word
2020,3,War,"January 20, 2021, is the start of the next presidential and vice-presidential term in the United States. The vice president holds nuclear launch codes, which will be a great responsibility for",1,1,1,other,FALSE,FALSE,FALSE,FALSE,FALSE,FALSE,FALSE,FALSE,none,TRUE,single_word,[],,TRUE,single-word judgment; single word
2020,3,"With so much unclear about the upcoming presidential election, it’s nice to know that there is one absolute certainty.","January 20, 2021, is the start of the next presidential and vice-presidential term in the United States. The vice president holds nuclear launch codes, which will be a great responsibility for",1,0,0,other_office_np,FALSE,FALSE,FALSE,FALSE,FALSE,FALSE,FALSE,FALSE,none,TRUE,pasted_text,"[{""start"":40,""end"":52,""kind"":""other_office_np"",""text"":""presidential""}]",,FALSE,
2020,3,YES,"January 20, 2021, is the start of the next presidential and vice-presidential term in the United States. The vice president holds nuclear launch codes, which will be a great responsibility for",1,1,0,other,FALSE,FALSE,FALSE,FALSE,FALSE,FALSE,FALSE,FALSE,none,TRUE,filler_or_number,[],,TRUE,all caps; single word
2020,3,a great man.,"January 20, 2021, is the start of the next presidential and vice-presidential term in the United States. The vice president holds nuclear launch codes, which will be a great responsibility for",1,1,0,other,FALSE,FALSE,FALSE,FALSE,FALSE,FALSE,FALSE,FALSE,none,FALSE,,[],,FALSE,
2020,3,a socialist.,"January 20, 2021, is the start of the next presidential and vice-presidential term in the United States. The vice president holds nuclear launch codes, which will be a great responsibility for",1,0,0,other,FALSE,FALSE,FALSE,FALSE,FALSE,FALSE,FALSE,FALSE,none,FALSE,,[],,FALSE,
2020,3,all of mankind,"January 20, 2021, is the start of the next presidential and vice-presidential term in the United States. The vice president holds nuclear launch codes, which will be a great responsibility for",1,1,1,other,FALSE,FALSE,FALSE,FALSE,FALSE,FALSE,FALSE,FALSE,none,FALSE,,[],,FALSE,
2020,3,candidates.,"January 20, 2021, is the start of the next presidential and vice-presidential term in the United States. The vice president holds nuclear launch codes, which will be a great responsibility for",1,1,1,other,FALSE,FALSE,FALSE,FALSE,FALSE,FALSE,FALSE,FALSE,none,FALSE,,[],,TRUE,single-word judgment; single word
2020,3,donald drumb,"January 20, 2021, is the start of the next presidential and vice-presidential term in the United States. The vice president holds nuclear launch codes, which will be a great responsibility for",1,0,0,other,FALSE,FALSE,FALSE,FALSE,FALSE,FALSE,FALSE,FALSE,none,FALSE,,[],,FALSE,
2020,3,establishing when we have war.,"January 20, 2021, is the start of the next presidential and vice-presidential term in the United States. The vice president holds nuclear launch codes, which will be a great responsibility for",1,1,1,other,FALSE,FALSE,FALSE,FALSE,FALSE,FALSE,FALSE,FALSE,none,FALSE,,[],,FALSE,
2020,3,find some comfort in this,"January 20, 2021, is the start of the next presidential and vice-presidential term in the United States. The vice president holds nuclear launch codes, which will be a great responsibility for",1,0,0,other,FALSE,FALSE,FALSE,FALSE,FALSE,FALSE,FALSE,FALSE,none,FALSE,,[],,FALSE,
2020,3,her,"January 20, 2021, is the start of the next presidential and vice-presidential term in the United States. The vice president holds nuclear launch codes, which will be a great responsibility for",3,1,1,she,TRUE,FALSE,FALSE,FALSE,FALSE,FALSE,FALSE,FALSE,she,FALSE,,"[{""start"":0,""end"":3,""kind"":""she"",""text"":""her""}]",,TRUE,single-word judgment; single word
2020,3,her.,"January 20, 2021, is the start of the next presidential and vice-presidential term in the United States. The vice president holds nuclear launch codes, which will be a great responsibility for",3,0,0,she,TRUE,FALSE,FALSE,FALSE,FALSE,FALSE,FALSE,FALSE,she,FALSE,,"[{""start"":0,""end"":3,""kind"":""she"",""text"":""her""}]",,FALSE,
2020,3,him,"January 20, 2021, is the start of the next presidential and vice-presidential term in the United States. The vice president holds nuclear launch codes, which will be a great responsibility for",2,0,0,he,FALSE,TRUE,FALSE,FALSE,FALSE,FALSE,FALSE,FALSE,he,FALSE,,"[{""start"":0,""end"":3,""kind"":""he"",""text"":""him""}]",,FALSE,
2020,3,him or her.,"January 20, 2021, is the start of the next presidential and vice-presidential term in the United States. The vice president holds nuclear launch codes, which will be a great responsibility for",1,0,0,hedged,FALSE,FALSE,FALSE,TRUE,FALSE,FALSE,FALSE,FALSE,hedged,FALSE,,"[{""start"":0,""end"":10,""kind"":""hedged"",""text"":""him or her""}]",,FALSE,
2020,3,him should the worlds safety gets to such a point these weapons come into play.,"January 20, 2021, is the start of the next presidential and vice-presidential term in the United States. The vice president holds nuclear launch codes, which will be a great responsibility for",1,0,0,he,FALSE,TRUE,FALSE,FALSE,FALSE,FALSE,FALSE,FALSE,he,FALSE,,"[{""start"":0,""end"":3,""kind"":""he"",""text"":""him""}]",,FALSE,
2020,3,him to have.,"January 20, 2021, is the start of the next presidential and vice-presidential term in the United States. The vice president holds nuclear launch codes, which will be a great responsibility for",1,0,0,he,FALSE,TRUE,FALSE,FALSE,FALSE,FALSE,FALSE,FALSE,he,FALSE,,"[{""start"":0,""end"":3,""kind"":""he"",""text"":""him""}]",,FALSE,
2020,3,him.,"January 20, 2021, is the start of the next presidential and vice-presidential term in the United States. The vice president holds nuclear launch codes, which will be a great responsibility for",1,1,1,he,FALSE,TRUE,FALSE,FALSE,FALSE,FALSE,FALSE,FALSE,he,FALSE,,"[{""start"":0,""end"":3,""kind"":""he"",""text"":""him""}]",,TRUE,single-word judgment; single word
2020,3,holds nuclear,"January 20, 2021, is the start of the next presidential and vice-presidential term in the United States. The vice president holds nuclear launch codes, which will be a great responsibility for",1,1,1,other,FALSE,FALSE,FALSE,FALSE,FALSE,FALSE,FALSE,FALSE,none,FALSE,,[],,FALSE,
2020,3,international affairs,"January 20, 2021, is the start of the next presidential and vice-presidential term in the United States. The vice president holds nuclear launch codes, which will be a great responsibility for",1,1,1,other,FALSE,FALSE,FALSE,FALSE,FALSE,FALSE,FALSE,FALSE,none,FALSE,,[],,FALSE,
2020,3,it will be very difficult,"January 20, 2021, is the start of the next presidential and vice-presidential term in the United States. The vice president holds nuclear launch codes, which will be a great responsibility for",1,0,0,other,FALSE,FALSE,FALSE,FALSE,FALSE,FALSE,FALSE,FALSE,none,FALSE,,[],,FALSE,
2020,3,kamala harris,"January 20, 2021, is the start of the next presidential and vice-presidential term in the United States. The vice president holds nuclear launch codes, which will be a great responsibility for",2,0,0,female_candidate_name,FALSE,FALSE,FALSE,FALSE,FALSE,FALSE,FALSE,FALSE,none,FALSE,,"[{""start"":0,""end"":6,""kind"":""female_candidate_name"",""text"":""kamala""},{""start"":7,""end"":13,""kind"":""female_candidate_name"",""text"":""harris""}]",,FALSE,
2020,3,missile,"January 20, 2021, is the start of the next presidential and vice-presidential term in the United States. The vice president holds nuclear launch codes, which will be a great responsibility for",1,1,1,other,FALSE,FALSE,FALSE,FALSE,FALSE,FALSE,FALSE,FALSE,none,TRUE,single_word,[],,TRUE,single-word judgment; single word
2020,3,new president,"January 20, 2021, is the start of the next presidential and vice-presidential term in the United States. The vice president holds nuclear launch codes, which will be a great responsibility for",1,0,0,other_office_np,FALSE,FALSE,FALSE,FALSE,FALSE,FALSE,FALSE,FALSE,none,FALSE,,"[{""start"":0,""end"":13,""kind"":""other_office_np"",""text"":""new president""}]",,FALSE,
2020,3,next presidential,"January 20, 2021, is the start of the next presidential and vice-presidential term in the United States. The vice president holds nuclear launch codes, which will be a great responsibility for",6,0,0,other_office_np,FALSE,FALSE,FALSE,FALSE,FALSE,FALSE,FALSE,FALSE,none,TRUE,copied_context,"[{""start"":5,""end"":17,""kind"":""other_office_np"",""text"":""presidential""}]",,FALSE,
2020,3,our country's security.,"January 20, 2021, is the start of the next presidential and vice-presidential term in the United States. The vice president holds nuclear launch codes, which will be a great responsibility for",1,0,0,other,FALSE,FALSE,FALSE,FALSE,FALSE,FALSE,FALSE,FALSE,none,FALSE,,[],,FALSE,
2020,3,presitent.,"January 20, 2021, is the start of the next presidential and vice-presidential term in the United States. The vice president holds nuclear launch codes, which will be a great responsibility for",1,1,1,other,FALSE,FALSE,FALSE,FALSE,FALSE,FALSE,FALSE,FALSE,none,TRUE,single_word,[],,TRUE,single-word judgment; single word
2020,3,starting a war.,"January 20, 2021, is the start of the next presidential and vice-presidential term in the United States. The vice president holds nuclear launch codes, which will be a great responsibility for",1,0,0,other,FALSE,FALSE,FALSE,FALSE,FALSE,FALSE,FALSE,FALSE,none,FALSE,,[],,FALSE,
2020,3,"the President, if needed.","January 20, 2021, is the start of the next presidential and vice-presidential term in the United States. The vice president holds nuclear launch codes, which will be a great responsibility for",1,1,1,other_office_np,FALSE,FALSE,FALSE,FALSE,FALSE,FALSE,FALSE,FALSE,none,FALSE,,"[{""start"":0,""end"":13,""kind"":""other_office_np"",""text"":""the President""}]",,FALSE,
2020,3,the country,"January 20, 2021, is the start of the next presidential and vice-presidential term in the United States. The vice president holds nuclear launch codes, which will be a great responsibility for",3,2,2,other,FALSE,FALSE,FALSE,FALSE,FALSE,FALSE,FALSE,FALSE,none,FALSE,,[],,FALSE,
2020,3,the military,"January 20, 2021, is the start of the next presidential and vice-presidential term in the United States. The vice president holds nuclear launch codes, which will be a great responsibility for",1,0,0,other,FALSE,FALSE,FALSE,FALSE,FALSE,FALSE,FALSE,FALSE,none,FALSE,,[],,FALSE,
2020,3,the national security,"January 20, 2021, is the start of the next presidential and vice-presidential term in the United States. The vice president holds nuclear launch codes, which will be a great responsibility for",1,0,0,other,FALSE,FALSE,FALSE,FALSE,FALSE,FALSE,FALSE,FALSE,none,FALSE,,[],,FALSE,
2020,3,the new elected to office,"January 20, 2021, is the start of the next presidential and vice-presidential term in the United States. The vice president holds nuclear launch codes, which will be a great responsibility for",1,0,0,other,FALSE,FALSE,FALSE,FALSE,FALSE,FALSE,FALSE,FALSE,none,FALSE,,[],,FALSE,
2020,3,the next president,"January 20, 2021, is the start of the next presidential and vice-presidential term in the United States. The vice president holds nuclear launch codes, which will be a great responsibility for",1,0,0,other_office_np,FALSE,FALSE,FALSE,FALSE,FALSE,FALSE,FALSE,FALSE,none,TRUE,copied_context,"[{""start"":4,""end"":18,""kind"":""other_office_np"",""text"":""next president""}]",,FALSE,
2020,3,the office.,"January 20, 2021, is the start of the next presidential and vice-presidential term in the United States. The vice president holds nuclear launch codes, which will be a great responsibility for",1,1,1,other,FALSE,FALSE,FALSE,FALSE,FALSE,FALSE,FALSE,FALSE,none,FALSE,,[],,FALSE,
2020,3,the person that holds this position.,"January 20, 2021, is the start of the next presidential and vice-presidential term in the United States. The vice president holds nuclear launch codes, which will be a great responsibility for",1,0,0,other,FALSE,FALSE,FALSE,FALSE,FALSE,FALSE,FALSE,FALSE,none,FALSE,,[],,FALSE,
2020,3,the president,"January 20, 2021, is the start of the next presidential and vice-presidential term in the United States. The vice president holds nuclear launch codes, which will be a great responsibility for",1,1,1,other_office_np,FALSE,FALSE,FALSE,FALSE,FALSE,FALSE,FALSE,FALSE,none,FALSE,,"[{""start"":0,""end"":13,""kind"":""other_office_np"",""text"":""the president""}]",,FALSE,
2020,3,the safety of the state.,"January 20, 2021, is the start of the next presidential and vice-presidential term in the United States. The vice president holds nuclear launch codes, which will be a great responsibility for",1,0,0,other,FALSE,FALSE,FALSE,FALSE,FALSE,FALSE,FALSE,FALSE,none,FALSE,,[],139,FALSE,
2020,3,the security of the nation.,"January 20, 2021, is the start of the next presidential and vice-presidential term in the United States. The vice president holds nuclear launch codes, which will be a great responsibility for",1,1,1,other,FALSE,FALSE,FALSE,FALSE,FALSE,FALSE,FALSE,FALSE,none,FALSE,,[],,FALSE,
2020,3,the vice president,"January 20, 2021, is the start of the next presidential and vice-presidential term in the United States. The vice president holds nuclear launch codes, which will be a great responsibility for",2,2,2,target_office_np,FALSE,FALSE,FALSE,FALSE,FALSE,FALSE,FALSE,FALSE,none,FALSE,,"[{""start"":0,""end"":18,""kind"":""target_office_np"",""text"":""the vice president""}]",,FALSE,
2020,3,the vice president.,"January 20, 2021, is the start of the next presidential and vice-presidential term in the United States. The vice president holds nuclear launch codes, which will be a great responsibility for",1,0,0,target_office_np,FALSE,FALSE,FALSE,FALSE,FALSE,FALSE,FALSE,FALSE,none,FALSE,,"[{""start"":0,""end"":18,""kind"":""target_office_np"",""text"":""the vice president""}]",,FALSE,
2020,3,the world peace,"January 20, 2021, is the start of the next presidential and vice-presidential term in the United States. The vice president holds nuclear launch codes, which will be a great responsibility for",1,1,0,other,FALSE,FALSE,FALSE,FALSE,FALSE,FALSE,FALSE,FALSE,none,FALSE,,[],,FALSE,
2020,3,their position,"January 20, 2021, is the start of the next presidential and vice-presidential term in the United States. The vice president holds nuclear launch codes, which will be a great responsibility for",1,0,0,they,FALSE,FALSE,TRUE,FALSE,FALSE,FALSE,FALSE,FALSE,they,FALSE,,"[{""start"":0,""end"":5,""kind"":""they"",""text"":""their""}]",,FALSE,
2020,3,them,"January 20, 2021, is the start of the next presidential and vice-presidential term in the United States. The vice president holds nuclear launch codes, which will be a great responsibility for",5,2,2,they,FALSE,FALSE,TRUE,FALSE,FALSE,FALSE,FALSE,FALSE,they,FALSE,,"[{""start"":0,""end"":4,""kind"":""they"",""text"":""them""}]",,TRUE,single-word judgment; single word
2020,3,them to have,"January 20, 2021, is the start of the next presidential and vice-presidential term in the United States. The vice president holds nuclear launch codes, which will be a great responsibility for",1,0,0,they,FALSE,FALSE,TRUE,FALSE,FALSE,FALSE,FALSE,FALSE,they,FALSE,,"[{""start"":0,""end"":4,""kind"":""they"",""text"":""them""}]",,FALSE,
2020,3,them.,"January 20, 2021, is the start of the next presidential and vice-presidential term in the United States. The vice president holds nuclear launch codes, which will be a great responsibility for",2,1,1,they,FALSE,FALSE,TRUE,FALSE,FALSE,FALSE,FALSE,FALSE,they,FALSE,,"[{""start"":0,""end"":4,""kind"":""they"",""text"":""them""}]",,TRUE,single-word judgment; single word
2020,3,this next vice president.,"January 20, 2021, is the start of the next presidential and vice-presidential term in the United States. The vice president holds nuclear launch codes, which will be a great responsibility for",1,0,0,target_office_np,FALSE,FALSE,FALSE,FALSE,FALSE,FALSE,FALSE,FALSE,none,FALSE,,"[{""start"":5,""end"":24,""kind"":""target_office_np"",""text"":""next vice president""}]",,FALSE,
2020,3,to keep making America great,"January 20, 2021, is the start of the next presidential and vice-presidential term in the United States. The vice president holds nuclear launch codes, which will be a great responsibility for",1,0,0,other,FALSE,FALSE,FALSE,FALSE,FALSE,FALSE,FALSE,FALSE,none,FALSE,,[],,FALSE,
2020,3,upcoming debates,"January 20, 2021, is the start of the next presidential and vice-presidential term in the United States. The vice president holds nuclear launch codes, which will be a great responsibility for",1,0,0,other,FALSE,FALSE,FALSE,FALSE,FALSE,FALSE,FALSE,FALSE,none,FALSE,,[],,FALSE,
2020,3,"upcoming vice president, Kamala Harris","January 20, 2021, is the start of the next presidential and vice-presidential term in the United States. The vice president holds nuclear launch codes, which will be a great responsibility for",1,0,0,female_candidate_name,FALSE,FALSE,FALSE,FALSE,FALSE,FALSE,FALSE,FALSE,none,FALSE,,"[{""start"":25,""end"":31,""kind"":""female_candidate_name"",""text"":""Kamala""},{""start"":32,""end"":38,""kind"":""female_candidate_name"",""text"":""Harris""}]",,FALSE,
2020,3,virtues and serious liabilities,"January 20, 2021, is the start of the next presidential and vice-presidential term in the United States. The vice president holds nuclear launch codes, which will be a great responsibility for",2,2,2,other,FALSE,FALSE,FALSE,FALSE,FALSE,FALSE,FALSE,FALSE,none,FALSE,,[],,FALSE,
2020,3,whomever is chosen,"January 20, 2021, is the start of the next presidential and vice-presidential term in the United States. The vice president holds nuclear launch codes, which will be a great responsibility for",1,1,1,other,FALSE,FALSE,FALSE,FALSE,FALSE,FALSE,FALSE,FALSE,none,FALSE,,[],,FALSE,
2020,4,,"January 20, 2021, is the start of the next presidential and vice-presidential term in the United States. The vice president often represents the US government on international trips, so in February 2021 and later months",14,1,1,blank,FALSE,FALSE,FALSE,FALSE,FALSE,FALSE,FALSE,FALSE,none,TRUE,blank,[],,FALSE,
2020,4,", the vice president will start traveling to other countries.","January 20, 2021, is the start of the next presidential and vice-presidential term in the United States. The vice president often represents the US government on international trips, so in February 2021 and later months",1,1,1,target_office_np,FALSE,FALSE,FALSE,FALSE,FALSE,FALSE,FALSE,FALSE,none,FALSE,,"[{""start"":2,""end"":20,""kind"":""target_office_np"",""text"":""the vice president""}]",,FALSE,
2020,4,1,"January 20, 2021, is the start of the next presidential and vice-presidential term in the United States. The vice president often represents the US government on international trips, so in February 2021 and later months",7,0,0,other,FALSE,FALSE,FALSE,FALSE,FALSE,FALSE,FALSE,FALSE,none,TRUE,filler_or_number,[],,FALSE,
2020,4,12,"January 20, 2021, is the start of the next presidential and vice-presidential term in the United States. The vice president often represents the US government on international trips, so in February 2021 and later months",2,1,1,other,FALSE,FALSE,FALSE,FALSE,FALSE,FALSE,FALSE,FALSE,none,TRUE,filler_or_number,[],,FALSE,
2020,4,2,"January 20, 2021, is the start of the next presidential and vice-presidential term in the United States. The vice president often represents the US government on international trips, so in February 2021 and later months",2,1,1,other,FALSE,FALSE,FALSE,FALSE,FALSE,FALSE,FALSE,FALSE,none,TRUE,filler_or_number,[],,FALSE,
2020,4,34,"January 20, 2021, is the start of the next presidential and vice-presidential term in the United States. The vice president often represents the US government on international trips, so in February 2021 and later months",5,0,0,other,FALSE,FALSE,FALSE,FALSE,FALSE,FALSE,FALSE,FALSE,none,TRUE,filler_or_number,[],,FALSE,
2020,4,5,"January 20, 2021, is the start of the next presidential and vice-presidential term in the United States. The vice president often represents the US government on international trips, so in February 2021 and later months",1,0,0,other,FALSE,FALSE,FALSE,FALSE,FALSE,FALSE,FALSE,FALSE,none,TRUE,filler_or_number,[],,FALSE,
2020,4,6,"January 20, 2021, is the start of the next presidential and vice-presidential term in the United States. The vice president often represents the US government on international trips, so in February 2021 and later months",1,0,0,other,FALSE,FALSE,FALSE,FALSE,FALSE,FALSE,FALSE,FALSE,none,TRUE,filler_or_number,[],,FALSE,
2020,4,8,"January 20, 2021, is the start of the next presidential and vice-presidential term in the United States. The vice president often represents the US government on international trips, so in February 2021 and later months",1,1,0,other,FALSE,FALSE,FALSE,FALSE,FALSE,FALSE,FALSE,FALSE,none,TRUE,filler_or_number,[],,FALSE,
2020,4,Air Force 2 will be used for transportation.,"January 20, 2021, is the start of the next presidential and vice-presidential term in the United States. The vice president often represents the US government on international trips, so in February 2021 and later months",1,0,0,other,FALSE,FALSE,FALSE,FALSE,FALSE,FALSE,FALSE,FALSE,none,FALSE,,[],,FALSE,
2020,4,DONALD TRUMP,"January 20, 2021, is the start of the next presidential and vice-presidential term in the United States. The vice president often represents the US government on international trips, so in February 2021 and later months",1,1,1,other_candidate_name,FALSE,FALSE,FALSE,FALSE,FALSE,FALSE,FALSE,FALSE,none,TRUE,doesnt_make_sense,"[{""start"":7,""end"":12,""kind"":""other_candidate_name"",""text"":""TRUMP""}]",,TRUE,all caps
2020,4,ELECTION,"January 20, 2021, is the start of the next presidential and vice-presidential term in the United States. The vice president often represents the US government on international trips, so in February 2021 and later months",1,0,0,other,FALSE,FALSE,FALSE,FALSE,FALSE,FALSE,FALSE,FALSE,none,TRUE,single_word,[],,FALSE,
2020,4,FOLLOW,"January 20, 2021, is the start of the next presidential and vice-presidential term in the United States. The vice president often represents the US government on international trips, so in February 2021 and later months",1,0,0,other,FALSE,FALSE,FALSE,FALSE,FALSE,FALSE,FALSE,FALSE,none,TRUE,single_word,[],,FALSE,
2020,4,GOVERNMENT,"January 20, 2021, is the start of the next presidential and vice-presidential term in the United States. The vice president often represents the US government on international trips, so in February 2021 and later months",1,0,0,other,FALSE,FALSE,FALSE,FALSE,FALSE,FALSE,FALSE,FALSE,none,TRUE,single_word,[],,FALSE,
2020,4,George Clinton and John,"January 20, 2021, is the start of the next presidential and vice-presidential term in the United States. The vice president often represents the US government on international trips, so in February 2021 and later months",1,0,0,other,FALSE,FALSE,FALSE,FALSE,FALSE,FALSE,FALSE,FALSE,none,FALSE,,[],,FALSE,
2020,4,HE BEGINS PROPOSALS .,"January 20, 2021, is the start of the next presidential and vice-presidential term in the United States. The vice president often represents the US government on international trips, so in February 2021 and later months",1,0,0,he,FALSE,TRUE,FALSE,FALSE,FALSE,FALSE,FALSE,FALSE,he,FALSE,,"[{""start"":0,""end"":2,""kind"":""he"",""text"":""HE""}]",,FALSE,
2020,4,Harris will be travelling abroad.,"January 20, 2021, is the start of the next presidential and vice-presidential term in the United States. The vice president often represents the US government on international trips, so in February 2021 and later months",1,0,0,female_candidate_name,FALSE,FALSE,FALSE,FALSE,FALSE,FALSE,FALSE,FALSE,none,FALSE,,"[{""start"":0,""end"":6,""kind"":""female_candidate_name"",""text"":""Harris""}]",,FALSE,
2020,4,IN DUE,"January 20, 2021, is the start of the next presidential and vice-presidential term in the United States. The vice president often represents the US government on international trips, so in February 2021 and later months",1,0,0,other,FALSE,FALSE,FALSE,FALSE,FALSE,FALSE,FALSE,FALSE,none,FALSE,,[],,FALSE,
2020,4,JUNE,"January 20, 2021, is the start of the next presidential and vice-presidential term in the United States. The vice president often represents the US government on international trips, so in February 2021 and later months",1,1,1,other,FALSE,FALSE,FALSE,FALSE,FALSE,FALSE,FALSE,FALSE,none,TRUE,single_word,[],,TRUE,single-word judgment; all caps; single word
2020,4,"January 20, 2021","January 20, 2021, is the start of the next presidential and vice-presidential term in the United States. The vice president often represents the US government on international trips, so in February 2021 and later months",1,0,0,other,FALSE,FALSE,FALSE,FALSE,FALSE,FALSE,FALSE,FALSE,none,TRUE,copied_context,[],,FALSE,
2020,4,"January 20, 2021,","January 20, 2021, is the start of the next presidential and vice-presidential term in the United States. The vice president often represents the US government on international trips, so in February 2021 and later months",1,0,0,other,FALSE,FALSE,FALSE,FALSE,FALSE,FALSE,FALSE,FALSE,none,TRUE,copied_context,[],,FALSE,
2020,4,KAMALA HARRIS,"January 20, 2021, is the start of the next presidential and vice-presidential term in the United States. The vice president often represents the US government on international trips, so in February 2021 and later months",5,1,0,female_candidate_name,FALSE,FALSE,FALSE,FALSE,FALSE,FALSE,FALSE,FALSE,none,TRUE,single_word,"[{""start"":0,""end"":6,""kind"":""female_candidate_name"",""text"":""KAMALA""},{""start"":7,""end"":13,""kind"":""female_candidate_name"",""text"":""HARRIS""}]",,TRUE,all caps
2020,4,KAMALA HARRSI,"January 20, 2021, is the start of the next presidential and vice-presidential term in the United States. The vice president often represents the US government on international trips, so in February 2021 and later months",1,0,0,female_candidate_name,FALSE,FALSE,FALSE,FALSE,FALSE,FALSE,FALSE,FALSE,none,FALSE,,"[{""start"":0,""end"":6,""kind"":""female_candidate_name"",""text"":""KAMALA""}]",,FALSE,
2020,4,Kamala Harris begin traveling as apart of her duties as the new Vice President.,"January 20, 2021, is the start of the next presidential and vice-presidential term in the United States. The vice president often represents the US government on international trips, so in February 2021 and later months",1,1,1,female_candidate_name,TRUE,FALSE,FALSE,FALSE,FALSE,FALSE,FALSE,FALSE,she,FALSE,,"[{""start"":0,""end"":6,""kind"":""female_candidate_name"",""text"":""Kamala""},{""start"":7,""end"":13,""kind"":""female_candidate_name"",""text"":""Harris""},{""start"":42,""end"":45,""kind"":""she"",""text"":""her""},{""start"":60,""end"":78,""kind"":""target_office_np"",""text"":""new Vice President""}]",,FALSE,
2020,4,Kamala Harris will be representing the US government on trips abroad.,"January 20, 2021, is the start of the next presidential and vice-presidential term in the United States. The vice president often represents the US government on international trips, so in February 2021 and later months",1,0,0,female_candidate_name,FALSE,FALSE,FALSE,FALSE,FALSE,FALSE,FALSE,FALSE,none,FALSE,,"[{""start"":0,""end"":6,""kind"":""female_candidate_name"",""text"":""Kamala""},{""start"":7,""end"":13,""kind"":""female_candidate_name"",""text"":""Harris""}]",,FALSE,
2020,4,"Kamala Harris will likely have some trips scheduled, unless Covid-19 prevents it.","January 20, 2021, is the start of the next presidential and vice-presidential term in the United States. The vice president often represents the US government on international trips, so in February 2021 and later months",1,0,0,female_candidate_name,FALSE,FALSE,FALSE,FALSE,FALSE,FALSE,FALSE,FALSE,none,FALSE,,"[{""start"":0,""end"":6,""kind"":""female_candidate_name"",""text"":""Kamala""},{""start"":7,""end"":13,""kind"":""female_candidate_name"",""text"":""Harris""}]",,FALSE,
2020,4,Kamala Harris will represent the U.S.,"January 20, 2021, is the start of the next presidential and vice-presidential term in the United States. The vice president often represents the US government on international trips, so in February 2021 and later months",1,0,0,female_candidate_name,FALSE,FALSE,FALSE,FALSE,FALSE,FALSE,FALSE,FALSE,none,FALSE,,"[{""start"":0,""end"":6,""kind"":""female_candidate_name"",""text"":""Kamala""},{""start"":7,""end"":13,""kind"":""female_candidate_name"",""text"":""Harris""}]",,FALSE,
2020,4,Kamala Harris will start her job,"January 20, 2021, is the start of the next presidential and vice-presidential term in the United States. The vice president often represents the US government on international trips, so in February 2021 and later months",1,1,0,female_candidate_name,TRUE,FALSE,FALSE,FALSE,FALSE,FALSE,FALSE,FALSE,she,FALSE,,"[{""start"":0,""end"":6,""kind"":""female_candidate_name"",""text"":""Kamala""},{""start"":7,""end"":13,""kind"":""female_candidate_name"",""text"":""Harris""},{""start"":25,""end"":28,""kind"":""she"",""text"":""her""}]",,FALSE,
2020,4,Kamala Harris will travel abroad often.,"January 20, 2021, is the start of the next presidential and vice-presidential term in the United States. The vice president often represents the US government on international trips, so in February 2021 and later months",1,1,1,female_candidate_name,FALSE,FALSE,FALSE,FALSE,FALSE,FALSE,FALSE,FALSE,none,FALSE,,"[{""start"":0,""end"":6,""kind"":""female_candidate_name"",""text"":""Kamala""},{""start"":7,""end"":13,""kind"":""female_candidate_name"",""text"":""Harris""}]",,FALSE,
2020,4,MARCH,"January 20, 2021, is the start of the next presidential and vice-presidential term in the United States. The vice president often represents the US government on international trips, so in February 2021 and later months",1,1,1,other,FALSE,FALSE,FALSE,FALSE,FALSE,FALSE,FALSE,FALSE,none,TRUE,single_word,[],,TRUE,single-word judgment; all caps; single word
2020,4,Mike Pence may take up this role.,"January 20, 2021, is the start of the next presidential and vice-presidential term in the United States. The vice president often represents the US government on international trips, so in February 2021 and later months",1,1,1,male_candidate_name,FALSE,FALSE,FALSE,FALSE,FALSE,FALSE,FALSE,FALSE,none,FALSE,,"[{""start"":5,""end"":10,""kind"":""male_candidate_name"",""text"":""Pence""}]",,FALSE,
2020,4,Mike Pence will travel to Israel for a joint meeting with the Middle East countries that have recognized Israel's place to exist.,"January 20, 2021, is the start of the next presidential and vice-presidential term in the United States. The vice president often represents the US government on international trips, so in February 2021 and later months",1,1,1,male_candidate_name,FALSE,FALSE,FALSE,FALSE,FALSE,FALSE,FALSE,FALSE,none,FALSE,,"[{""start"":5,""end"":10,""kind"":""male_candidate_name"",""text"":""Pence""}]",,TRUE,long
2020,4,Mike Pence will travel with Trump,"January 20, 2021, is the start of the next presidential and vice-presidential term in the United States. The vice president often represents the US government on international trips, so in February 2021 and later months",1,1,1,male_candidate_name,FALSE,FALSE,FALSE,FALSE,FALSE,FALSE,FALSE,FALSE,none,FALSE,,"[{""start"":5,""end"":10,""kind"":""male_candidate_name"",""text"":""Pence""},{""start"":28,""end"":33,""kind"":""other_candidate_name"",""text"":""Trump""}]",,FALSE,
2020,4,Mike pence,"January 20, 2021, is the start of the next presidential and vice-presidential term in the United States. The vice president often represents the US government on international trips, so in February 2021 and later months",1,0,0,male_candidate_name,FALSE,FALSE,FALSE,FALSE,FALSE,FALSE,FALSE,FALSE,none,FALSE,,"[{""start"":5,""end"":10,""kind"":""male_candidate_name"",""text"":""pence""}]",,FALSE,
2020,4,NO,"January 20, 2021, is the start of the next presidential and vice-presidential term in the United States. The vice president often represents the US government on international trips, so in February 2021 and later months",1,1,0,other,FALSE,FALSE,FALSE,FALSE,FALSE,FALSE,FALSE,FALSE,none,TRUE,filler_or_number,[],,TRUE,all caps; single word
2020,4,PRESIDENT WILL BE BUSY GETTING ACQUAINTED WITH INTERNAL AFFAIRS,"January 20, 2021, is the start of the next presidential and vice-presidential term in the United States. The vice president often represents the US government on international trips, so in February 2021 and later months",1,1,1,other_office_np,FALSE,FALSE,FALSE,FALSE,FALSE,FALSE,FALSE,FALSE,none,FALSE,,"[{""start"":0,""end"":9,""kind"":""other_office_np"",""text"":""PRESIDENT""}]",,TRUE,all caps
2020,4,President will represent us government,"January 20, 2021, is the start of the next presidential and vice-presidential term in the United States. The vice president often represents the US government on international trips, so in February 2021 and later months",1,1,1,other_office_np,FALSE,FALSE,FALSE,FALSE,FALSE,FALSE,FALSE,FALSE,none,FALSE,,"[{""start"":0,""end"":9,""kind"":""other_office_np"",""text"":""President""}]",,FALSE,
2020,4,THE VP WILL BE MAKING INTERNATIONAL TRIPS TO VISIT OUR ALLIES,"January 20, 2021, is the start of the next presidential and vice-presidential term in the United States. The vice president often represents the US government on international trips, so in February 2021 and later months",1,1,1,target_office_np,FALSE,FALSE,FALSE,FALSE,FALSE,FALSE,FALSE,FALSE,none,FALSE,,"[{""start"":0,""end"":6,""kind"":""target_office_np"",""text"":""THE VP""}]",,TRUE,all caps
2020,4,The vice president will be meeting remotely with world leaders.,"January 20, 2021, is the start of the next presidential and vice-presidential term in the United States. The vice president often represents the US government on international trips, so in February 2021 and later months",1,1,1,target_office_np,FALSE,FALSE,FALSE,FALSE,FALSE,FALSE,FALSE,FALSE,none,FALSE,,"[{""start"":0,""end"":18,""kind"":""target_office_np"",""text"":""The vice president""}]",,FALSE,
2020,4,The vice president will do so.,"January 20, 2021, is the start of the next presidential and vice-presidential term in the United States. The vice president often represents the US government on international trips, so in February 2021 and later months",1,1,1,target_office_np,FALSE,FALSE,FALSE,FALSE,FALSE,FALSE,FALSE,FALSE,none,FALSE,,"[{""start"":0,""end"":18,""kind"":""target_office_np"",""text"":""The vice president""}]",,FALSE,
2020,4,To be represented,"January 20, 2021, is the start of the next presidential and vice-presidential term in the United States. The vice president often represents the US government on international trips, so in February 2021 and later months",1,0,0,other,FALSE,FALSE,FALSE,FALSE,FALSE,FALSE,FALSE,FALSE,none,FALSE,,[],,FALSE,
2020,4,"Two vice presidents, George Clinton and John C. Calhoun, held the office under two different presidents. Of the 14 vice presidents who fulfilled their ambition by achieving the presidency, eight succeeded to the office on the death of a president, and four of these were later elected president.","January 20, 2021, is the start of the next presidential and vice-presidential term in the United States. The vice president often represents the US government on international trips, so in February 2021 and later months",1,1,1,they,FALSE,FALSE,FALSE,FALSE,FALSE,FALSE,FALSE,FALSE,none,TRUE,pasted_text,"[{""start"":145,""end"":150,""kind"":""they"",""text"":""their""}]",,TRUE,coreference judged by hand; pasted-text judgment; long
2020,4,Vice President Harris will be representing the US goverment on international trips.,"January 20, 2021, is the start of the next presidential and vice-presidential term in the United States. The vice president often represents the US government on international trips, so in February 2021 and later months",1,1,1,female_candidate_name,FALSE,FALSE,FALSE,FALSE,FALSE,FALSE,FALSE,FALSE,none,FALSE,,"[{""start"":15,""end"":21,""kind"":""female_candidate_name"",""text"":""Harris""}]",,FALSE,
2020,4,Vice President Pence will continue to represent the US government on international trips.,"January 20, 2021, is the start of the next presidential and vice-presidential term in the United States. The vice president often represents the US government on international trips, so in February 2021 and later months",1,1,1,male_candidate_name,FALSE,FALSE,FALSE,FALSE,FALSE,FALSE,FALSE,FALSE,none,FALSE,,"[{""start"":15,""end"":20,""kind"":""male_candidate_name"",""text"":""Pence""}]",,FALSE,
2020,4,YES,"January 20, 2021, is the start of the next presidential and vice-presidential term in the United States. The vice president often represents the US government on international trips, so in February 2021 and later months",6,2,1,other,FALSE,FALSE,FALSE,FALSE,FALSE,FALSE,FALSE,FALSE,none,TRUE,filler_or_number,[],,TRUE,all caps; single word
2020,4,also he will be representing,"January 20, 2021, is the start of the next presidential and vice-presidential term in the United States. The vice president often represents the US government on international trips, so in February 2021 and later months",1,0,0,he,FALSE,TRUE,FALSE,FALSE,FALSE,FALSE,FALSE,FALSE,he,FALSE,,"[{""start"":5,""end"":7,""kind"":""he"",""text"":""he""}]",,FALSE,
2020,4,april 2021,"January 20, 2021, is the start of the next presidential and vice-presidential term in the United States. The vice president often represents the US government on international trips, so in February 2021 and later months",1,0,0,other,FALSE,FALSE,FALSE,FALSE,FALSE,FALSE,FALSE,FALSE,none,FALSE,,[],,FALSE,
2020,4,as president,"January 20, 2021, is the start of the next presidential and vice-presidential term in the United States. The vice president often represents the US government on international trips, so in February 2021 and later months",1,1,1,other,FALSE,FALSE,FALSE,FALSE,FALSE,FALSE,FALSE,FALSE,none,FALSE,,[],,FALSE,
2020,4,donald drumb,"January 20, 2021, is the start of the next presidential and vice-presidential term in the United States. The vice president often represents the US government on international trips, so in February 2021 and later months",1,0,0,other,FALSE,FALSE,FALSE,FALSE,FALSE,FALSE,FALSE,FALSE,none,FALSE,,[],,FALSE,
2020,4,evenly represent the senate,"January 20, 2021, is the start of the next presidential and vice-presidential term in the United States. The vice president often represents the US government on international trips, so in February 2021 and later months",1,0,0,other,FALSE,FALSE,FALSE,FALSE,FALSE,FALSE,FALSE,FALSE,none,FALSE,,[],,FALSE,
2020,4,he become a vice president,"January 20, 2021, is the start of the next presidential and vice-presidential term in the United States. The vice president often represents the US government on international trips, so in February 2021 and later months",1,0,0,he,FALSE,TRUE,FALSE,FALSE,FALSE,FALSE,FALSE,FALSE,he,FALSE,,"[{""start"":0,""end"":2,""kind"":""he"",""text"":""he""}]",,FALSE,
2020,4,he may be taking a lot of international trips.,"January 20, 2021, is the start of the next presidential and vice-presidential term in the United States. The vice president often represents the US government on international trips, so in February 2021 and later months",1,0,0,he,FALSE,TRUE,FALSE,FALSE,FALSE,FALSE,FALSE,FALSE,he,FALSE,,"[{""start"":0,""end"":2,""kind"":""he"",""text"":""he""}]",,FALSE,
2020,4,he may or may not be very busy.,"January 20, 2021, is the start of the next presidential and vice-presidential term in the United States. The vice president often represents the US government on international trips, so in February 2021 and later months",1,0,0,he,FALSE,TRUE,FALSE,FALSE,FALSE,FALSE,FALSE,FALSE,he,FALSE,,"[{""start"":0,""end"":2,""kind"":""he"",""text"":""he""}]",,FALSE,
2020,4,he or she will be extremely busy.,"January 20, 2021, is the start of the next presidential and vice-presidential term in the United States. The vice president often represents the US government on international trips, so in February 2021 and later months",1,0,0,hedged,FALSE,FALSE,FALSE,TRUE,FALSE,FALSE,FALSE,FALSE,hedged,FALSE,,"[{""start"":0,""end"":9,""kind"":""hedged"",""text"":""he or she""}]",,FALSE,
2020,4,he went abroad.,"January 20, 2021, is the start of the next presidential and vice-presidential term in the United States. The vice president often represents the US government on international trips, so in February 2021 and later months",1,1,1,he,FALSE,TRUE,FALSE,FALSE,FALSE,FALSE,FALSE,FALSE,he,FALSE,,"[{""start"":0,""end"":2,""kind"":""he"",""text"":""he""}]",,FALSE,
2020,4,he went on several trips as part of his duties.,"January 20, 2021, is the start of the next presidential and vice-presidential term in the United States. The vice president often represents the US government on international trips, so in February 2021 and later months",1,1,1,he,FALSE,TRUE,FALSE,FALSE,FALSE,FALSE,FALSE,FALSE,he,FALSE,,"[{""start"":0,""end"":2,""kind"":""he"",""text"":""he""},{""start"":36,""end"":39,""kind"":""he"",""text"":""his""}]",,FALSE,
2020,4,he will be really busy,"January 20, 2021, is the start of the next presidential and vice-presidential term in the United States. The vice president often represents the US government on international trips, so in February 2021 and later months",1,0,0,he,FALSE,TRUE,FALSE,FALSE,FALSE,FALSE,FALSE,FALSE,he,FALSE,,"[{""start"":0,""end"":2,""kind"":""he"",""text"":""he""}]",,FALSE,
2020,4,he will be the best vice president,"January 20, 2021, is the start of the next presidential and vice-presidential term in the United States. The vice president often represents the US government on international trips, so in February 2021 and later months",1,1,1,he,FALSE,TRUE,FALSE,FALSE,FALSE,FALSE,FALSE,FALSE,he,FALSE,,"[{""start"":0,""end"":2,""kind"":""he"",""text"":""he""}]",,FALSE,
2020,4,he will be the best vice president of united states,"January 20, 2021, is the start of the next presidential and vice-presidential term in the United States. The vice president often represents the US government on international trips, so in February 2021 and later months",1,1,1,he,FALSE,TRUE,FALSE,FALSE,FALSE,FALSE,FALSE,FALSE,he,FALSE,,"[{""start"":0,""end"":2,""kind"":""he"",""text"":""he""}]",,FALSE,
2020,4,he will be there.,"January 20, 2021, is the start of the next presidential and vice-presidential term in the United States. The vice president often represents the US government on international trips, so in February 2021 and later months",1,1,1,he,FALSE,TRUE,FALSE,FALSE,FALSE,FALSE,FALSE,FALSE,he,FALSE,,"[{""start"":0,""end"":2,""kind"":""he"",""text"":""he""}]",,FALSE,
2020,4,he will be traveling abroad.,"January 20, 2021, is the start of the next presidential and vice-presidential term in the United States. The vice president often represents the US government on international trips, so in February 2021 and later months",1,1,1,he,FALSE,TRUE,FALSE,FALSE,FALSE,FALSE,FALSE,FALSE,he,FALSE,,"[{""start"":0,""end"":2,""kind"":""he"",""text"":""he""}]",,FALSE,
2020,4,he will be traveling overseas a lot.,"January 20, 2021, is the start of the next presidential and vice-presidential term in the United States. The vice president often represents the US government on international trips, so in February 2021 and later months",1,0,0,he,FALSE,TRUE,FALSE,FALSE,FALSE,FALSE,FALSE,FALSE,he,FALSE,,"[{""start"":0,""end"":2,""kind"":""he"",""text"":""he""}]",,FALSE,
2020,4,in 2021.,"January 20, 2021, is the start of the next presidential and vice-presidential term in the United States. The vice president often represents the US government on international trips, so in February 2021 and later months",1,1,1,other,FALSE,FALSE,FALSE,FALSE,FALSE,FALSE,FALSE,FALSE,none,FALSE,,[],,FALSE,
2020,4,kamala harris,"January 20, 2021, is the start of the next presidential and vice-presidential term in the United States. The vice president often represents the US government on international trips, so in February 2021 and later months",3,0,0,female_candidate_name,FALSE,FALSE,FALSE,FALSE,FALSE,FALSE,FALSE,FALSE,none,FALSE,,"[{""start"":0,""end"":6,""kind"":""female_candidate_name"",""text"":""kamala""},{""start"":7,""end"":13,""kind"":""female_candidate_name"",""text"":""harris""}]",,FALSE,
2020,4,next presidential,"January 20, 2021, is the start of the next presidential and vice-presidential term in the United States. The vice president often represents the US government on international trips, so in February 2021 and later months",4,0,0,other_office_np,FALSE,FALSE,FALSE,FALSE,FALSE,FALSE,FALSE,FALSE,none,TRUE,copied_context,"[{""start"":5,""end"":17,""kind"":""other_office_np"",""text"":""presidential""}]",,FALSE,
2020,4,of 2021,"January 20, 2021, is the start of the next presidential and vice-presidential term in the United States. The vice president often represents the US government on international trips, so in February 2021 and later months",1,1,1,other,FALSE,FALSE,FALSE,FALSE,FALSE,FALSE,FALSE,FALSE,none,FALSE,,[],,FALSE,
2020,4,of the year,"January 20, 2021, is the start of the next presidential and vice-presidential term in the United States. The vice president often represents the US government on international trips, so in February 2021 and later months",1,0,0,other,FALSE,FALSE,FALSE,FALSE,FALSE,FALSE,FALSE,FALSE,none,FALSE,,[],,FALSE,
2020,4,prepares for the next event.,"January 20, 2021, is the start of the next presidential and vice-presidential term in the United States. The vice president often represents the US government on international trips, so in February 2021 and later months",1,0,0,other,FALSE,FALSE,FALSE,FALSE,FALSE,FALSE,FALSE,FALSE,none,FALSE,,[],,FALSE,
2020,4,represent in thesenate,"January 20, 2021, is the start of the next presidential and vice-presidential term in the United States. The vice president often represents the US government on international trips, so in February 2021 and later months",1,0,0,other,FALSE,FALSE,FALSE,FALSE,FALSE,FALSE,FALSE,FALSE,none,FALSE,,[],,FALSE,
2020,4,she traveled to Europe.,"January 20, 2021, is the start of the next presidential and vice-presidential term in the United States. The vice president often represents the US government on international trips, so in February 2021 and later months",1,1,1,she,TRUE,FALSE,FALSE,FALSE,FALSE,FALSE,FALSE,FALSE,she,FALSE,,"[{""start"":0,""end"":3,""kind"":""she"",""text"":""she""}]",,FALSE,
2020,4,she will be traveling around the world.,"January 20, 2021, is the start of the next presidential and vice-presidential term in the United States. The vice president often represents the US government on international trips, so in February 2021 and later months",1,0,0,she,TRUE,FALSE,FALSE,FALSE,FALSE,FALSE,FALSE,FALSE,she,FALSE,,"[{""start"":0,""end"":3,""kind"":""she"",""text"":""she""}]",,FALSE,
2020,4,she will do for Biden.,"January 20, 2021, is the start of the next presidential and vice-presidential term in the United States. The vice president often represents the US government on international trips, so in February 2021 and later months",1,0,0,she,TRUE,FALSE,FALSE,FALSE,FALSE,FALSE,FALSE,FALSE,she,FALSE,,"[{""start"":0,""end"":3,""kind"":""she"",""text"":""she""},{""start"":16,""end"":21,""kind"":""other_candidate_name"",""text"":""Biden""}]",72,FALSE,
2020,4,so the new vice president will be responsible for those trips,"January 20, 2021, is the start of the next presidential and vice-presidential term in the United States. The vice president often represents the US government on international trips, so in February 2021 and later months",1,1,1,target_office_np,FALSE,FALSE,FALSE,FALSE,FALSE,FALSE,FALSE,FALSE,none,FALSE,,"[{""start"":7,""end"":25,""kind"":""target_office_np"",""text"":""new vice president""}]",,FALSE,
2020,4,stay here,"January 20, 2021, is the start of the next presidential and vice-presidential term in the United States. The vice president often represents the US government on international trips, so in February 2021 and later months",1,0,0,other,FALSE,FALSE,FALSE,FALSE,FALSE,FALSE,FALSE,FALSE,none,FALSE,,[],,FALSE,
2020,4,that is when this will begin.,"January 20, 2021, is the start of the next presidential and vice-presidential term in the United States. The vice president often represents the US government on international trips, so in February 2021 and later months",1,1,1,other,FALSE,FALSE,FALSE,FALSE,FALSE,FALSE,FALSE,FALSE,none,FALSE,,[],,FALSE,
2020,4,the VP may travel overseas,"January 20, 2021, is the start of the next presidential and vice-presidential term in the United States. The vice president often represents the US government on international trips, so in February 2021 and later months",1,0,0,target_office_np,FALSE,FALSE,FALSE,FALSE,FALSE,FALSE,FALSE,FALSE,none,FALSE,,"[{""start"":0,""end"":6,""kind"":""target_office_np"",""text"":""the VP""}]",74,FALSE,
2020,4,the Vice President will be traveling to Europe to attempt to fix our relationships with the countries in the European Union.,"January 20, 2021, is the start of the next presidential and vice-presidential term in the United States. The vice president often represents the US government on international trips, so in February 2021 and later months",1,1,1,target_office_np,FALSE,FALSE,FALSE,FALSE,FALSE,FALSE,FALSE,FALSE,none,FALSE,,"[{""start"":0,""end"":18,""kind"":""target_office_np"",""text"":""the Vice President""}]",104,TRUE,long
2020,4,the Vice President will begin traveling again.,"January 20, 2021, is the start of the next presidential and vice-presidential term in the United States. The vice president often represents the US government on international trips, so in February 2021 and later months",1,1,1,target_office_np,FALSE,FALSE,FALSE,FALSE,FALSE,FALSE,FALSE,FALSE,none,FALSE,,"[{""start"":0,""end"":18,""kind"":""target_office_np"",""text"":""the Vice President""}]",13,FALSE,
2020,4,the best government ever in the United States!,"January 20, 2021, is the start of the next presidential and vice-presidential term in the United States. The vice president often represents the US government on international trips, so in February 2021 and later months",1,0,0,other,FALSE,FALSE,FALSE,FALSE,FALSE,FALSE,FALSE,FALSE,none,FALSE,,[],,FALSE,
2020,4,the new vice- president will take care of that.,"January 20, 2021, is the start of the next presidential and vice-presidential term in the United States. The vice president often represents the US government on international trips, so in February 2021 and later months",1,1,0,target_office_np,FALSE,FALSE,FALSE,FALSE,FALSE,FALSE,FALSE,FALSE,none,FALSE,,"[{""start"":4,""end"":23,""kind"":""target_office_np"",""text"":""new vice- president""}]",81,FALSE,
2020,4,the result will be announced,"January 20, 2021, is the start of the next presidential and vice-presidential term in the United States. The vice president often represents the US government on international trips, so in February 2021 and later months",1,1,1,other,FALSE,FALSE,FALSE,FALSE,FALSE,FALSE,FALSE,FALSE,none,FALSE,,[],19,FALSE,
2020,4,the vice president has meetings with world leaders scheduled,"January 20, 2021, is the start of the next presidential and vice-presidential term in the United States. The vice president often represents the US government on international trips, so in February 2021 and later months",1,1,1,target_office_np,FALSE,FALSE,FALSE,FALSE,FALSE,FALSE,FALSE,FALSE,none,FALSE,,"[{""start"":0,""end"":18,""kind"":""target_office_np"",""text"":""the vice president""}]",,FALSE,
2020,4,the vice president travels out of the country.,"January 20, 2021, is the start of the next presidential and vice-presidential term in the United States. The vice president often represents the US government on international trips, so in February 2021 and later months",1,0,0,target_office_np,FALSE,FALSE,FALSE,FALSE,FALSE,FALSE,FALSE,FALSE,none,FALSE,,"[{""start"":0,""end"":18,""kind"":""target_office_np"",""text"":""the vice president""}]",,FALSE,
2020,4,the vice president will be different.,"January 20, 2021, is the start of the next presidential and vice-presidential term in the United States. The vice president often represents the US government on international trips, so in February 2021 and later months",1,1,1,target_office_np,FALSE,FALSE,FALSE,FALSE,FALSE,FALSE,FALSE,FALSE,none,FALSE,,"[{""start"":0,""end"":18,""kind"":""target_office_np"",""text"":""the vice president""}]",35,FALSE,
2020,4,the vice president will be visiting several countries to strengthen bilateral relations.,"January 20, 2021, is the start of the next presidential and vice-presidential term in the United States. The vice president often represents the US government on international trips, so in February 2021 and later months",1,1,0,target_office_np,FALSE,FALSE,FALSE,FALSE,FALSE,FALSE,FALSE,FALSE,none,FALSE,,"[{""start"":0,""end"":18,""kind"":""target_office_np"",""text"":""the vice president""}]",,FALSE,
2020,4,the vice president will probably travel quite a bit.,"January 20, 2021, is the start of the next presidential and vice-presidential term in the United States. The vice president often represents the US government on international trips, so in February 2021 and later months",1,1,1,target_office_np,FALSE,FALSE,FALSE,FALSE,FALSE,FALSE,FALSE,FALSE,none,FALSE,,"[{""start"":0,""end"":18,""kind"":""target_office_np"",""text"":""the vice president""}]",,FALSE,
2020,4,the vice president will represent the US Government on international trips.,"January 20, 2021, is the start of the next presidential and vice-presidential term in the United States. The vice president often represents the US government on international trips, so in February 2021 and later months",1,0,0,target_office_np,FALSE,FALSE,FALSE,FALSE,FALSE,FALSE,FALSE,FALSE,none,FALSE,,"[{""start"":0,""end"":18,""kind"":""target_office_np"",""text"":""the vice president""}]",,FALSE,
2020,4,the vice president will travel abroad,"January 20, 2021, is the start of the next presidential and vice-presidential term in the United States. The vice president often represents the US government on international trips, so in February 2021 and later months",1,0,0,target_office_np,FALSE,FALSE,FALSE,FALSE,FALSE,FALSE,FALSE,FALSE,none,FALSE,,"[{""start"":0,""end"":18,""kind"":""target_office_np"",""text"":""the vice president""}]",,FALSE,
2020,4,the vice president will travel to the Middle East.,"January 20, 2021, is the start of the next presidential and vice-presidential term in the United States. The vice president often represents the US government on international trips, so in February 2021 and later months",1,1,1,target_office_np,FALSE,FALSE,FALSE,FALSE,FALSE,FALSE,FALSE,FALSE,none,FALSE,,"[{""start"":0,""end"":18,""kind"":""target_office_np"",""text"":""the vice president""}]",,FALSE,
2020,4,the vice president will travel.,"January 20, 2021, is the start of the next presidential and vice-presidential term in the United States. The vice president often represents the US government on international trips, so in February 2021 and later months",1,1,1,target_office_np,FALSE,FALSE,FALSE,FALSE,FALSE,FALSE,FALSE,FALSE,none,FALSE,,"[{""start"":0,""end"":18,""kind"":""target_office_np"",""text"":""the vice president""}]",,FALSE,
2020,4,the vice president will visit France and Germany.,"January 20, 2021, is the start of the next presidential and vice-presidential term in the United States. The vice president often represents the US government on international trips, so in February 2021 and later months",1,1,1,target_office_np,FALSE,FALSE,FALSE,FALSE,FALSE,FALSE,FALSE,FALSE,none,FALSE,,"[{""start"":0,""end"":18,""kind"":""target_office_np"",""text"":""the vice president""}]",,FALSE,
2020,4,the vice president's staff will begin coordinating the visits.,"January 20, 2021, is the start of the next presidential and vice-presidential term in the United States. The vice president often represents the US government on international trips, so in February 2021 and later months",1,1,1,target_office_np,FALSE,FALSE,FALSE,FALSE,FALSE,FALSE,FALSE,FALSE,none,FALSE,,"[{""start"":0,""end"":18,""kind"":""target_office_np"",""text"":""the vice president""}]",,FALSE,
2020,4,the vice presidents duties would have grown more and thereby having more responsibilities in attending to both national and international relations.,"January 20, 2021, is the start of the next presidential and vice-presidential term in the United States. The vice president often represents the US government on international trips, so in February 2021 and later months",1,0,0,other,FALSE,FALSE,FALSE,FALSE,FALSE,FALSE,FALSE,FALSE,none,FALSE,,[],,FALSE,
2020,4,there will be a international trip,"January 20, 2021, is the start of the next presidential and vice-presidential term in the United States. The vice president often represents the US government on international trips, so in February 2021 and later months",1,0,0,other,FALSE,FALSE,FALSE,FALSE,FALSE,FALSE,FALSE,FALSE,none,FALSE,,[],,FALSE,
2020,4,there will be a new vice president making many trips.,"January 20, 2021, is the start of the next presidential and vice-presidential term in the United States. The vice president often represents the US government on international trips, so in February 2021 and later months",1,0,0,target_office_np,FALSE,FALSE,FALSE,FALSE,FALSE,FALSE,FALSE,FALSE,none,FALSE,,"[{""start"":16,""end"":34,""kind"":""target_office_np"",""text"":""new vice president""}]",,FALSE,
2020,4,they meet with many world leaders.,"January 20, 2021, is the start of the next presidential and vice-presidential term in the United States. The vice president often represents the US government on international trips, so in February 2021 and later months",1,1,1,they,FALSE,FALSE,TRUE,FALSE,FALSE,FALSE,FALSE,FALSE,they,FALSE,,"[{""start"":0,""end"":4,""kind"":""they"",""text"":""they""}]",,TRUE,coreference judged by hand
2020,4,they will be preoccupied with foreign relations while the president secures their position back home.,"January 20, 2021, is the start of the next presidential and vice-presidential term in the United States. The vice president often represents the US government on international trips, so in February 2021 and later months",1,1,1,they,FALSE,FALSE,TRUE,FALSE,FALSE,FALSE,TRUE,FALSE,they,FALSE,,"[{""start"":0,""end"":4,""kind"":""they"",""text"":""they""},{""start"":54,""end"":67,""kind"":""other_office_np"",""text"":""the president""},{""start"":76,""end"":81,""kind"":""they"",""text"":""their""}]",,TRUE,coreference judged by hand; long
2020,4,they will be very busy meeting with foreign leaders.,"January 20, 2021, is the start of the next presidential and vice-presidential term in the United States. The vice president often represents the US government on international trips, so in February 2021 and later months",1,0,0,they,FALSE,FALSE,TRUE,FALSE,FALSE,FALSE,FALSE,FALSE,they,FALSE,,"[{""start"":0,""end"":4,""kind"":""they"",""text"":""they""}]",,FALSE,
2020,4,they will have an important duty to attend to.,"January 20, 2021, is the start of the next presidential and vice-presidential term in the United States. The vice president often represents the US government on international trips, so in February 2021 and later months",1,0,0,they,FALSE,FALSE,TRUE,FALSE,FALSE,FALSE,FALSE,FALSE,they,FALSE,,"[{""start"":0,""end"":4,""kind"":""they"",""text"":""they""}]",,FALSE,
2020,4,this will continue as in previous years.,"January 20, 2021, is the start of the next presidential and vice-presidential term in the United States. The vice president often represents the US government on international trips, so in February 2021 and later months",1,1,1,other,FALSE,FALSE,FALSE,FALSE,FALSE,FALSE,FALSE,FALSE,none,FALSE,,[],,FALSE,
2020,4,upcoming debates,"January 20, 2021, is the start of the next presidential and vice-presidential term in the United States. The vice president often represents the US government on international trips, so in February 2021 and later months",2,0,0,other,FALSE,FALSE,FALSE,FALSE,FALSE,FALSE,FALSE,FALSE,none,FALSE,,[],,FALSE,
2020,4,very robust and consequential position.,"January 20, 2021, is the start of the next presidential and vice-presidential term in the United States. The vice president often represents the US government on international trips, so in February 2021 and later months",1,0,0,other,FALSE,FALSE,FALSE,FALSE,FALSE,FALSE,FALSE,FALSE,none,FALSE,,[],,FALSE,
2020,4,vice president also gonna represents the US government.,"January 20, 2021, is the start of the next presidential and vice-presidential term in the United States. The vice president often represents the US government on international trips, so in February 2021 and later months",1,0,0,target_office_np,FALSE,FALSE,FALSE,FALSE,FALSE,FALSE,FALSE,FALSE,none,FALSE,,"[{""start"":0,""end"":14,""kind"":""target_office_np"",""text"":""vice president""}]",,FALSE,
2020,4,we can expect that they will be meeting with many leaders both domestically and at home.,"January 20, 2021, is the start of the next presidential and vice-presidential term in the United States. The vice president often represents the US government on international trips, so in February 2021 and later months",1,0,0,they,FALSE,FALSE,TRUE,FALSE,FALSE,FALSE,FALSE,FALSE,they,FALSE,,"[{""start"":19,""end"":23,""kind"":""they"",""text"":""they""}]",,FALSE,
2020,4,we can expect the vice president to continue to do so.,"January 20, 2021, is the start of the next presidential and vice-presidential term in the United States. The vice president often represents the US government on international trips, so in February 2021 and later months",1,1,1,target_office_np,FALSE,FALSE,FALSE,FALSE,FALSE,FALSE,FALSE,FALSE,none,FALSE,,"[{""start"":14,""end"":32,""kind"":""target_office_np"",""text"":""the vice president""}]",,FALSE,
2020,4,we will have a new representative,"January 20, 2021, is the start of the next presidential and vice-presidential term in the United States. The vice president often represents the US government on international trips, so in February 2021 and later months",1,1,1,other,FALSE,FALSE,FALSE,FALSE,FALSE,FALSE,FALSE,FALSE,none,FALSE,,[],,FALSE,
2020,4,will be different,"January 20, 2021, is the start of the next presidential and vice-presidential term in the United States. The vice president often represents the US government on international trips, so in February 2021 and later months",1,0,0,other,FALSE,FALSE,FALSE,FALSE,FALSE,FALSE,FALSE,FALSE,none,FALSE,,[],,FALSE,
2020,4,will be international trips planned for the VP,"January 20, 2021, is the start of the next presidential and vice-presidential term in the United States. The vice president often represents the US government on international trips, so in February 2021 and later months",1,1,1,target_office_np,FALSE,FALSE,FALSE,FALSE,FALSE,FALSE,FALSE,FALSE,none,FALSE,,"[{""start"":40,""end"":46,""kind"":""target_office_np"",""text"":""the VP""}]",,FALSE,
2020,4,will continue to represent,"January 20, 2021, is the start of the next presidential and vice-presidential term in the United States. The vice president often represents the US government on international trips, so in February 2021 and later months",1,0,0,other,FALSE,FALSE,FALSE,FALSE,FALSE,FALSE,FALSE,FALSE,none,FALSE,,[],,FALSE,
2020,4,will continues,"January 20, 2021, is the start of the next presidential and vice-presidential term in the United States. The vice president often represents the US government on international trips, so in February 2021 and later months",1,1,1,other,FALSE,FALSE,FALSE,FALSE,FALSE,FALSE,FALSE,FALSE,none,FALSE,,[],,FALSE,
2020,4,will travel,"January 20, 2021, is the start of the next presidential and vice-presidential term in the United States. The vice president often represents the US government on international trips, so in February 2021 and later months",1,0,0,other,FALSE,FALSE,FALSE,FALSE,FALSE,FALSE,FALSE,FALSE,none,FALSE,,[],,FALSE,
2020,4,world leaders and dignitaries will get to shake hands with the second-in-command of the United States.,"January 20, 2021, is the start of the next presidential and vice-presidential term in the United States. The vice president often represents the US government on international trips, so in February 2021 and later months",1,1,1,other,FALSE,FALSE,FALSE,FALSE,FALSE,FALSE,FALSE,FALSE,none,FALSE,,[],,TRUE,long
2020,5,,"January 20, 2021, is the start of the next presidential and vice-presidential term in the United States. Both during travel and at home, the mission of the Secret Service will include protecting the vice president and",19,1,1,blank,FALSE,FALSE,FALSE,FALSE,FALSE,FALSE,FALSE,FALSE,none,TRUE,blank,[],,FALSE,
2020,5,1,"January 20, 2021, is the start of the next presidential and vice-presidential term in the United States. Both during travel and at home, the mission of the Secret Service will include protecting the vice president and",10,0,0,other,FALSE,FALSE,FALSE,FALSE,FALSE,FALSE,FALSE,FALSE,none,TRUE,filler_or_number,[],,FALSE,
2020,5,12,"January 20, 2021, is the start of the next presidential and vice-presidential term in the United States. Both during travel and at home, the mission of the Secret Service will include protecting the vice president and",2,0,0,other,FALSE,FALSE,FALSE,FALSE,FALSE,FALSE,FALSE,FALSE,none,TRUE,filler_or_number,[],,FALSE,
2020,5,34,"January 20, 2021, is the start of the next presidential and vice-presidential term in the United States. Both during travel and at home, the mission of the Secret Service will include protecting the vice president and",6,0,0,other,FALSE,FALSE,FALSE,FALSE,FALSE,FALSE,FALSE,FALSE,none,TRUE,filler_or_number,[],,FALSE,
2020,5,KAMALA HARRIS,"January 20, 2021, is the start of the next presidential and vice-presidential term in the United States. Both during travel and at home, the mission of the Secret Service will include protecting the vice president and",4,3,2,female_candidate_name,FALSE,FALSE,FALSE,FALSE,FALSE,FALSE,FALSE,FALSE,none,TRUE,doesnt_make_sense,"[{""start"":0,""end"":6,""kind"":""female_candidate_name"",""text"":""KAMALA""},{""start"":7,""end"":13,""kind"":""female_candidate_name"",""text"":""HARRIS""}]",,TRUE,all caps
2020,5,Mike Pence,"January 20, 2021, is the start of the next presidential and vice-presidential term in the United States. Both during travel and at home, the mission of the Secret Service will include protecting the vice president and",1,1,1,male_candidate_name,FALSE,FALSE,FALSE,FALSE,FALSE,FALSE,FALSE,FALSE,none,TRUE,single_word,"[{""start"":5,""end"":10,""kind"":""male_candidate_name"",""text"":""Pence""}]",114,FALSE,
2020,5,NATIONAL,"January 20, 2021, is the start of the next presidential and vice-presidential term in the United States. Both during travel and at home, the mission of the Secret Service will include protecting the vice president and",1,1,1,other,FALSE,FALSE,FALSE,FALSE,FALSE,FALSE,FALSE,FALSE,none,TRUE,single_word,[],,TRUE,single-word judgment; all caps; single word
2020,5,PRESIDENT,"January 20, 2021, is the start of the next presidential and vice-presidential term in the United States. Both during travel and at home, the mission of the Secret Service will include protecting the vice president and",10,3,1,other_office_np,FALSE,FALSE,FALSE,FALSE,FALSE,FALSE,FALSE,FALSE,none,FALSE,,"[{""start"":0,""end"":9,""kind"":""other_office_np"",""text"":""PRESIDENT""}]",,TRUE,single-word judgment; all caps; single word
2020,5,PRESIDENTIAL,"January 20, 2021, is the start of the next presidential and vice-presidential term in the United States. Both during travel and at home, the mission of the Secret Service will include protecting the vice president and",1,1,1,other_office_np,FALSE,FALSE,FALSE,FALSE,FALSE,FALSE,FALSE,FALSE,none,TRUE,single_word,"[{""start"":0,""end"":12,""kind"":""other_office_np"",""text"":""PRESIDENTIAL""}]",,TRUE,single-word judgment; all caps; single word
2020,5,PRIMEMINISTER,"January 20, 2021, is the start of the next presidential and vice-presidential term in the United States. Both during travel and at home, the mission of the Secret Service will include protecting the vice president and",1,1,1,other,FALSE,FALSE,FALSE,FALSE,FALSE,FALSE,FALSE,FALSE,none,FALSE,,[],,TRUE,single-word judgment; all caps; single word
2020,5,President,"January 20, 2021, is the start of the next presidential and vice-presidential term in the United States. Both during travel and at home, the mission of the Secret Service will include protecting the vice president and",4,2,2,other_office_np,FALSE,FALSE,FALSE,FALSE,FALSE,FALSE,FALSE,FALSE,none,FALSE,,"[{""start"":0,""end"":9,""kind"":""other_office_np"",""text"":""President""}]",,TRUE,single-word judgment; single word
2020,5,THE PRESIDENT,"January 20, 2021, is the start of the next presidential and vice-presidential term in the United States. Both during travel and at home, the mission of the Secret Service will include protecting the vice president and",1,1,1,other_office_np,FALSE,FALSE,FALSE,FALSE,FALSE,FALSE,FALSE,FALSE,none,FALSE,,"[{""start"":0,""end"":13,""kind"":""other_office_np"",""text"":""THE PRESIDENT""}]",,TRUE,all caps
2020,5,TRUMPH,"January 20, 2021, is the start of the next presidential and vice-presidential term in the United States. Both during travel and at home, the mission of the Secret Service will include protecting the vice president and",1,1,1,other_candidate_name,FALSE,FALSE,FALSE,FALSE,FALSE,FALSE,FALSE,FALSE,none,FALSE,,"[{""start"":0,""end"":6,""kind"":""other_candidate_name"",""text"":""TRUMPH""}]",,TRUE,single-word judgment; all caps; single word
2020,5,The President,"January 20, 2021, is the start of the next presidential and vice-presidential term in the United States. Both during travel and at home, the mission of the Secret Service will include protecting the vice president and",1,1,0,other_office_np,FALSE,FALSE,FALSE,FALSE,FALSE,FALSE,FALSE,FALSE,none,FALSE,,"[{""start"":0,""end"":13,""kind"":""other_office_np"",""text"":""The President""}]",,FALSE,
2020,5,YES,"January 20, 2021, is the start of the next presidential and vice-presidential term in the United States. Both during travel and at home, the mission of the Secret Service will include protecting the vice president and",3,1,1,other,FALSE,FALSE,FALSE,FALSE,FALSE,FALSE,FALSE,FALSE,none,TRUE,filler_or_number,[],,TRUE,all caps; single word
2020,5,but they were safe.,"January 20, 2021, is the start of the next presidential and vice-presidential term in the United States. Both during travel and at home, the mission of the Secret Service will include protecting the vice president and",1,0,0,they,FALSE,FALSE,TRUE,FALSE,FALSE,FALSE,FALSE,FALSE,they,FALSE,,"[{""start"":4,""end"":8,""kind"":""they"",""text"":""they""}]",,FALSE,
2020,5,donald trump,"January 20, 2021, is the start of the next presidential and vice-presidential term in the United States. Both during travel and at home, the mission of the Secret Service will include protecting the vice president and",1,1,1,other_candidate_name,FALSE,FALSE,FALSE,FALSE,FALSE,FALSE,FALSE,FALSE,none,FALSE,,"[{""start"":7,""end"":12,""kind"":""other_candidate_name"",""text"":""trump""}]",,FALSE,
2020,5,donald trumph,"January 20, 2021, is the start of the next presidential and vice-presidential term in the United States. Both during travel and at home, the mission of the Secret Service will include protecting the vice president and",1,0,0,other_candidate_name,FALSE,FALSE,FALSE,FALSE,FALSE,FALSE,FALSE,FALSE,none,FALSE,,"[{""start"":7,""end"":13,""kind"":""other_candidate_name"",""text"":""trumph""}]",42,FALSE,
2020,5,family,"January 20, 2021, is the start of the next presidential and vice-presidential term in the United States. Both during travel and at home, the mission of the Secret Service will include protecting the vice president and",1,0,0,other,FALSE,FALSE,FALSE,FALSE,FALSE,FALSE,FALSE,FALSE,none,FALSE,,[],,FALSE,
2020,5,former president,"January 20, 2021, is the start of the next presidential and vice-presidential term in the United States. Both during travel and at home, the mission of the Secret Service will include protecting the vice president and",1,1,1,other,FALSE,FALSE,FALSE,FALSE,FALSE,FALSE,FALSE,FALSE,none,FALSE,,[],,FALSE,
2020,5,his family,"January 20, 2021, is the start of the next presidential and vice-presidential term in the United States. Both during travel and at home, the mission of the Secret Service will include protecting the vice president and",2,1,1,he,FALSE,TRUE,FALSE,FALSE,FALSE,FALSE,FALSE,FALSE,he,FALSE,,"[{""start"":0,""end"":3,""kind"":""he"",""text"":""his""}]",,FALSE,
2020,5,his family.,"January 20, 2021, is the start of the next presidential and vice-presidential term in the United States. Both during travel and at home, the mission of the Secret Service will include protecting the vice president and",1,1,1,he,FALSE,TRUE,FALSE,FALSE,FALSE,FALSE,FALSE,FALSE,he,FALSE,,"[{""start"":0,""end"":3,""kind"":""he"",""text"":""his""}]",,FALSE,
2020,5,his or her family.,"January 20, 2021, is the start of the next presidential and vice-presidential term in the United States. Both during travel and at home, the mission of the Secret Service will include protecting the vice president and",1,0,0,hedged,FALSE,FALSE,FALSE,TRUE,FALSE,FALSE,FALSE,FALSE,hedged,FALSE,,"[{""start"":0,""end"":10,""kind"":""hedged"",""text"":""his or her""}]",,FALSE,
2020,5,international,"January 20, 2021, is the start of the next presidential and vice-presidential term in the United States. Both during travel and at home, the mission of the Secret Service will include protecting the vice president and",1,0,0,other,FALSE,FALSE,FALSE,FALSE,FALSE,FALSE,FALSE,FALSE,none,TRUE,single_word,[],,FALSE,
2020,5,kamala harris,"January 20, 2021, is the start of the next presidential and vice-presidential term in the United States. Both during travel and at home, the mission of the Secret Service will include protecting the vice president and",2,0,0,female_candidate_name,FALSE,FALSE,FALSE,FALSE,FALSE,FALSE,FALSE,FALSE,none,TRUE,single_word,"[{""start"":0,""end"":6,""kind"":""female_candidate_name"",""text"":""kamala""},{""start"":7,""end"":13,""kind"":""female_candidate_name"",""text"":""harris""}]",52,FALSE,
2020,5,next presidentia,"January 20, 2021, is the start of the next presidential and vice-presidential term in the United States. Both during travel and at home, the mission of the Secret Service will include protecting the vice president and",1,0,0,other,FALSE,FALSE,FALSE,FALSE,FALSE,FALSE,FALSE,FALSE,none,TRUE,copied_context,[],,FALSE,
2020,5,next presidential,"January 20, 2021, is the start of the next presidential and vice-presidential term in the United States. Both during travel and at home, the mission of the Secret Service will include protecting the vice president and",12,0,0,other_office_np,FALSE,FALSE,FALSE,FALSE,FALSE,FALSE,FALSE,FALSE,none,TRUE,copied_context,"[{""start"":5,""end"":17,""kind"":""other_office_np"",""text"":""presidential""}]",,FALSE,
2020,5,other presidential candidate,"January 20, 2021, is the start of the next presidential and vice-presidential term in the United States. Both during travel and at home, the mission of the Secret Service will include protecting the vice president and",1,1,1,other_office_np,FALSE,FALSE,FALSE,FALSE,FALSE,FALSE,FALSE,FALSE,none,FALSE,,"[{""start"":6,""end"":18,""kind"":""other_office_np"",""text"":""presidential""}]",,FALSE,
2020,5,precident,"January 20, 2021, is the start of the next presidential and vice-presidential term in the United States. Both during travel and at home, the mission of the Secret Service will include protecting the vice president and",1,1,1,other_office_np,FALSE,FALSE,FALSE,FALSE,FALSE,FALSE,FALSE,FALSE,none,FALSE,,[],,TRUE,single-word judgment; single word
2020,5,president,"January 20, 2021, is the start of the next presidential and vice-presidential term in the United States. Both during travel and at home, the mission of the Secret Service will include protecting the vice president and",25,12,11,other_office_np,FALSE,FALSE,FALSE,FALSE,FALSE,FALSE,FALSE,FALSE,none,FALSE,,"[{""start"":0,""end"":9,""kind"":""other_office_np"",""text"":""president""}]",,TRUE,single-word judgment; single word
2020,5,president and family,"January 20, 2021, is the start of the next presidential and vice-presidential term in the United States. Both during travel and at home, the mission of the Secret Service will include protecting the vice president and",1,0,0,other_office_np,FALSE,FALSE,FALSE,FALSE,FALSE,FALSE,FALSE,FALSE,none,FALSE,,"[{""start"":0,""end"":9,""kind"":""other_office_np"",""text"":""president""}]",,FALSE,
2020,5,president.,"January 20, 2021, is the start of the next presidential and vice-presidential term in the United States. Both during travel and at home, the mission of the Secret Service will include protecting the vice president and",5,4,4,other_office_np,FALSE,FALSE,FALSE,FALSE,FALSE,FALSE,FALSE,FALSE,none,FALSE,,"[{""start"":0,""end"":9,""kind"":""other_office_np"",""text"":""president""}]",,TRUE,single-word judgment; single word
2020,5,presidential,"January 20, 2021, is the start of the next presidential and vice-presidential term in the United States. Both during travel and at home, the mission of the Secret Service will include protecting the vice president and",2,2,2,other_office_np,FALSE,FALSE,FALSE,FALSE,FALSE,FALSE,FALSE,FALSE,none,TRUE,single_word,"[{""start"":0,""end"":12,""kind"":""other_office_np"",""text"":""presidential""}]",103,TRUE,single-word judgment; single word
2020,5,protecting president,"January 20, 2021, is the start of the next presidential and vice-presidential term in the United States. Both during travel and at home, the mission of the Secret Service will include protecting the vice president and",1,1,0,other,FALSE,FALSE,FALSE,FALSE,FALSE,FALSE,FALSE,FALSE,none,FALSE,,[],,FALSE,
2020,5,the participants of the election,"January 20, 2021, is the start of the next presidential and vice-presidential term in the United States. Both during travel and at home, the mission of the Secret Service will include protecting the vice president and",1,0,0,other,FALSE,FALSE,FALSE,FALSE,FALSE,FALSE,FALSE,FALSE,none,FALSE,,[],,FALSE,
2020,5,the president,"January 20, 2021, is the start of the next presidential and vice-presidential term in the United States. Both during travel and at home, the mission of the Secret Service will include protecting the vice president and",7,5,2,other_office_np,FALSE,FALSE,FALSE,FALSE,FALSE,FALSE,FALSE,FALSE,none,FALSE,,"[{""start"":0,""end"":13,""kind"":""other_office_np"",""text"":""the president""}]",,FALSE,
2020,5,the president of the United States.,"January 20, 2021, is the start of the next presidential and vice-presidential term in the United States. Both during travel and at home, the mission of the Secret Service will include protecting the vice president and",1,0,0,other_office_np,FALSE,FALSE,FALSE,FALSE,FALSE,FALSE,FALSE,FALSE,none,FALSE,,"[{""start"":0,""end"":13,""kind"":""other_office_np"",""text"":""the president""}]",113,FALSE,
2020,5,the president.,"January 20, 2021, is the start of the next presidential and vice-presidential term in the United States. Both during travel and at home, the mission of the Secret Service will include protecting the vice president and",11,9,9,other_office_np,FALSE,FALSE,FALSE,FALSE,FALSE,FALSE,FALSE,FALSE,none,FALSE,,"[{""start"":0,""end"":13,""kind"":""other_office_np"",""text"":""the president""}]",,FALSE,
2020,5,the presidential,"January 20, 2021, is the start of the next presidential and vice-presidential term in the United States. Both during travel and at home, the mission of the Secret Service will include protecting the vice president and",1,0,0,other_office_np,FALSE,FALSE,FALSE,FALSE,FALSE,FALSE,FALSE,FALSE,none,FALSE,,"[{""start"":4,""end"":16,""kind"":""other_office_np"",""text"":""presidential""}]",,FALSE,
2020,5,their family,"January 20, 2021, is the start of the next presidential and vice-presidential term in the United States. Both during travel and at home, the mission of the Secret Service will include protecting the vice president and",2,0,0,they,FALSE,FALSE,TRUE,FALSE,FALSE,FALSE,FALSE,FALSE,they,FALSE,,"[{""start"":0,""end"":5,""kind"":""they"",""text"":""their""}]",,FALSE,
2020,5,their family members.,"January 20, 2021, is the start of the next presidential and vice-presidential term in the United States. Both during travel and at home, the mission of the Secret Service will include protecting the vice president and",1,0,0,they,FALSE,FALSE,TRUE,FALSE,FALSE,FALSE,FALSE,FALSE,they,FALSE,,"[{""start"":0,""end"":5,""kind"":""they"",""text"":""their""}]",,FALSE,
2020,5,their family.,"January 20, 2021, is the start of the next presidential and vice-presidential term in the United States. Both during travel and at home, the mission of the Secret Service will include protecting the vice president and",1,0,0,they,FALSE,FALSE,TRUE,FALSE,FALSE,FALSE,FALSE,FALSE,they,FALSE,,"[{""start"":0,""end"":5,""kind"":""they"",""text"":""their""}]",,FALSE,
2020,5,united state,"January 20, 2021, is the start of the next presidential and vice-presidential term in the United States. Both during travel and at home, the mission of the Secret Service will include protecting the vice president and",1,0,0,other,FALSE,FALSE,FALSE,FALSE,FALSE,FALSE,FALSE,FALSE,none,TRUE,copied_context,[],,FALSE,
2020,5,up coming presidential election,"January 20, 2021, is the start of the next presidential and vice-presidential term in the United States. Both during travel and at home, the mission of the Secret Service will include protecting the vice president and",1,0,0,other_office_np,FALSE,FALSE,FALSE,FALSE,FALSE,FALSE,FALSE,FALSE,none,FALSE,,"[{""start"":10,""end"":22,""kind"":""other_office_np"",""text"":""presidential""}]",,FALSE,
2020,6,,"January 20, 2021, is the start of the next presidential and vice-presidential term in the United States. Air Force Two, the aircraft that transports the vice president, will be well-equipped to guarantee",21,2,2,blank,FALSE,FALSE,FALSE,FALSE,FALSE,FALSE,FALSE,FALSE,none,TRUE,blank,[],,FALSE,
2020,6,1,"January 20, 2021, is the start of the next presidential and vice-presidential term in the United States. Air Force Two, the aircraft that transports the vice president, will be well-equipped to guarantee",11,0,0,other,FALSE,FALSE,FALSE,FALSE,FALSE,FALSE,FALSE,FALSE,none,TRUE,filler_or_number,[],,FALSE,
2020,6,2,"January 20, 2021, is the start of the next presidential and vice-presidential term in the United States. Air Force Two, the aircraft that transports the vice president, will be well-equipped to guarantee",1,0,0,other,FALSE,FALSE,FALSE,FALSE,FALSE,FALSE,FALSE,FALSE,none,TRUE,filler_or_number,[],,FALSE,
2020,6,34,"January 20, 2021, is the start of the next presidential and vice-presidential term in the United States. Air Force Two, the aircraft that transports the vice president, will be well-equipped to guarantee",6,0,0,other,FALSE,FALSE,FALSE,FALSE,FALSE,FALSE,FALSE,FALSE,none,TRUE,filler_or_number,[],,FALSE,
2020,6,45,"January 20, 2021, is the start of the next presidential and vice-presidential term in the United States. Air Force Two, the aircraft that transports the vice president, will be well-equipped to guarantee",1,0,0,other,FALSE,FALSE,FALSE,FALSE,FALSE,FALSE,FALSE,FALSE,none,TRUE,filler_or_number,[],,FALSE,
2020,6,757 which is most commonly used as the vice president's transport,"January 20, 2021, is the start of the next presidential and vice-presidential term in the United States. Air Force Two, the aircraft that transports the vice president, will be well-equipped to guarantee",1,1,0,target_office_np,FALSE,FALSE,FALSE,FALSE,FALSE,FALSE,FALSE,FALSE,none,FALSE,,"[{""start"":35,""end"":53,""kind"":""target_office_np"",""text"":""the vice president""}]",,FALSE,
2020,6,757 which is most commonly used as the vice president's transport.,"January 20, 2021, is the start of the next presidential and vice-presidential term in the United States. Air Force Two, the aircraft that transports the vice president, will be well-equipped to guarantee",1,1,0,target_office_np,FALSE,FALSE,FALSE,FALSE,FALSE,FALSE,FALSE,FALSE,none,FALSE,,"[{""start"":35,""end"":53,""kind"":""target_office_np"",""text"":""the vice president""}]",,FALSE,
2020,6,Air Force,"January 20, 2021, is the start of the next presidential and vice-presidential term in the United States. Air Force Two, the aircraft that transports the vice president, will be well-equipped to guarantee",1,0,0,other,FALSE,FALSE,FALSE,FALSE,FALSE,FALSE,FALSE,FALSE,none,FALSE,,[],,FALSE,
2020,6,"As a historian who has taught and written about the Constitution for over 40 years, however, I know that one thing is certain.","January 20, 2021, is the start of the next presidential and vice-presidential term in the United States. Air Force Two, the aircraft that transports the vice president, will be well-equipped to guarantee",1,0,0,other,FALSE,FALSE,FALSE,FALSE,FALSE,FALSE,FALSE,FALSE,none,TRUE,pasted_text,[],,FALSE,
2020,6,CONGRASS,"January 20, 2021, is the start of the next presidential and vice-presidential term in the United States. Air Force Two, the aircraft that transports the vice president, will be well-equipped to guarantee",1,0,0,other,FALSE,FALSE,FALSE,FALSE,FALSE,FALSE,FALSE,FALSE,none,TRUE,single_word,[],,FALSE,
2020,6,DURING,"January 20, 2021, is the start of the next presidential and vice-presidential term in the United States. Air Force Two, the aircraft that transports the vice president, will be well-equipped to guarantee",1,1,1,other,FALSE,FALSE,FALSE,FALSE,FALSE,FALSE,FALSE,FALSE,none,TRUE,single_word,[],,TRUE,single-word judgment; all caps; single word
2020,6,Donald Trump’s,"January 20, 2021, is the start of the next presidential and vice-presidential term in the United States. Air Force Two, the aircraft that transports the vice president, will be well-equipped to guarantee",1,1,1,other_candidate_name,FALSE,FALSE,FALSE,FALSE,FALSE,FALSE,FALSE,FALSE,none,FALSE,,"[{""start"":7,""end"":12,""kind"":""other_candidate_name"",""text"":""Trump""}]",,FALSE,
2020,6,GOOD,"January 20, 2021, is the start of the next presidential and vice-presidential term in the United States. Air Force Two, the aircraft that transports the vice president, will be well-equipped to guarantee",1,0,0,other,FALSE,FALSE,FALSE,FALSE,FALSE,FALSE,FALSE,FALSE,none,TRUE,single_word,[],,FALSE,
2020,6,HIM,"January 20, 2021, is the start of the next presidential and vice-presidential term in the United States. Air Force Two, the aircraft that transports the vice president, will be well-equipped to guarantee",1,0,0,he,FALSE,TRUE,FALSE,FALSE,FALSE,FALSE,FALSE,FALSE,he,FALSE,,"[{""start"":0,""end"":3,""kind"":""he"",""text"":""HIM""}]",,FALSE,
2020,6,KAMALA HARIS,"January 20, 2021, is the start of the next presidential and vice-presidential term in the United States. Air Force Two, the aircraft that transports the vice president, will be well-equipped to guarantee",1,0,0,female_candidate_name,FALSE,FALSE,FALSE,FALSE,FALSE,FALSE,FALSE,FALSE,none,FALSE,,"[{""start"":0,""end"":6,""kind"":""female_candidate_name"",""text"":""KAMALA""}]",,FALSE,
2020,6,KAMALA HARRIS,"January 20, 2021, is the start of the next presidential and vice-presidential term in the United States. Air Force Two, the aircraft that transports the vice president, will be well-equipped to guarantee",1,0,0,female_candidate_name,FALSE,FALSE,FALSE,FALSE,FALSE,FALSE,FALSE,FALSE,none,FALSE,,"[{""start"":0,""end"":6,""kind"":""female_candidate_name"",""text"":""KAMALA""},{""start"":7,""end"":13,""kind"":""female_candidate_name"",""text"":""HARRIS""}]",,FALSE,
2020,6,Kamala Harris,"January 20, 2021, is the start of the next presidential and vice-presidential term in the United States. Air Force Two, the aircraft that transports the vice president, will be well-equipped to guarantee",1,0,0,female_candidate_name,FALSE,FALSE,FALSE,FALSE,FALSE,FALSE,FALSE,FALSE,none,FALSE,,"[{""start"":0,""end"":6,""kind"":""female_candidate_name"",""text"":""Kamala""},{""start"":7,""end"":13,""kind"":""female_candidate_name"",""text"":""Harris""}]",,FALSE,
2020,6,Kamala is comfortable.,"January 20, 2021, is the start of the next presidential and vice-presidential term in the United States. Air Force Two, the aircraft that transports the vice president, will be well-equipped to guarantee",1,1,1,female_candidate_name,FALSE,FALSE,FALSE,FALSE,FALSE,FALSE,FALSE,FALSE,none,FALSE,,"[{""start"":0,""end"":6,""kind"":""female_candidate_name"",""text"":""Kamala""}]",,FALSE,
2020,6,NEXT PRESIDENTIAL,"January 20, 2021, is the start of the next presidential and vice-presidential term in the United States. Air Force Two, the aircraft that transports the vice president, will be well-equipped to guarantee",1,0,0,other_office_np,FALSE,FALSE,FALSE,FALSE,FALSE,FALSE,FALSE,FALSE,none,TRUE,copied_context,"[{""start"":5,""end"":17,""kind"":""other_office_np"",""text"":""PRESIDENTIAL""}]",,FALSE,
2020,6,SAFETY,"January 20, 2021, is the start of the next presidential and vice-presidential term in the United States. Air Force Two, the aircraft that transports the vice president, will be well-equipped to guarantee",4,3,1,other,FALSE,FALSE,FALSE,FALSE,FALSE,FALSE,FALSE,FALSE,none,FALSE,,[],,TRUE,single-word judgment; all caps; single word
2020,6,SECURITY,"January 20, 2021, is the start of the next presidential and vice-presidential term in the United States. Air Force Two, the aircraft that transports the vice president, will be well-equipped to guarantee",1,1,1,other,FALSE,FALSE,FALSE,FALSE,FALSE,FALSE,FALSE,FALSE,none,FALSE,,[],,TRUE,single-word judgment; all caps; single word
2020,6,Safety,"January 20, 2021, is the start of the next presidential and vice-presidential term in the United States. Air Force Two, the aircraft that transports the vice president, will be well-equipped to guarantee",1,1,1,other,FALSE,FALSE,FALSE,FALSE,FALSE,FALSE,FALSE,FALSE,none,FALSE,,[],,TRUE,single-word judgment; single word
2020,6,Security,"January 20, 2021, is the start of the next presidential and vice-presidential term in the United States. Air Force Two, the aircraft that transports the vice president, will be well-equipped to guarantee",1,1,0,other,FALSE,FALSE,FALSE,FALSE,FALSE,FALSE,FALSE,FALSE,none,FALSE,,[],,TRUE,single-word judgment; single word
2020,6,Security of the president,"January 20, 2021, is the start of the next presidential and vice-presidential term in the United States. Air Force Two, the aircraft that transports the vice president, will be well-equipped to guarantee",1,0,0,other_office_np,FALSE,FALSE,FALSE,FALSE,FALSE,FALSE,FALSE,FALSE,none,FALSE,,"[{""start"":12,""end"":25,""kind"":""other_office_np"",""text"":""the president""}]",,FALSE,
2020,6,Senate frequently elected,"January 20, 2021, is the start of the next presidential and vice-presidential term in the United States. Air Force Two, the aircraft that transports the vice president, will be well-equipped to guarantee",1,0,0,other,FALSE,FALSE,FALSE,FALSE,FALSE,FALSE,FALSE,FALSE,none,FALSE,,[],,FALSE,
2020,6,THE FLIGHT,"January 20, 2021, is the start of the next presidential and vice-presidential term in the United States. Air Force Two, the aircraft that transports the vice president, will be well-equipped to guarantee",1,0,0,other,FALSE,FALSE,FALSE,FALSE,FALSE,FALSE,FALSE,FALSE,none,FALSE,,[],,FALSE,
2020,6,THE SAFETY OF THE VICE-PRESIDENT,"January 20, 2021, is the start of the next presidential and vice-presidential term in the United States. Air Force Two, the aircraft that transports the vice president, will be well-equipped to guarantee",1,0,0,target_office_np,FALSE,FALSE,FALSE,FALSE,FALSE,FALSE,FALSE,FALSE,none,FALSE,,"[{""start"":14,""end"":32,""kind"":""target_office_np"",""text"":""THE VICE-PRESIDENT""}]",,FALSE,
2020,6,TO PEOPLE,"January 20, 2021, is the start of the next presidential and vice-presidential term in the United States. Air Force Two, the aircraft that transports the vice president, will be well-equipped to guarantee",1,0,0,other,FALSE,FALSE,FALSE,FALSE,FALSE,FALSE,FALSE,FALSE,none,FALSE,,[],,FALSE,
2020,6,TO PRESIDENT,"January 20, 2021, is the start of the next presidential and vice-presidential term in the United States. Air Force Two, the aircraft that transports the vice president, will be well-equipped to guarantee",1,0,0,other,FALSE,FALSE,FALSE,FALSE,FALSE,FALSE,FALSE,FALSE,none,FALSE,,[],,FALSE,
2020,6,TO WIN,"January 20, 2021, is the start of the next presidential and vice-presidential term in the United States. Air Force Two, the aircraft that transports the vice president, will be well-equipped to guarantee",1,0,0,other,FALSE,FALSE,FALSE,FALSE,FALSE,FALSE,FALSE,FALSE,none,FALSE,,[],,FALSE,
2020,6,"The term is often associated with the Boeing C-32, a modified 757 which is most commonly used as the vice president's transport.","January 20, 2021, is the start of the next presidential and vice-presidential term in the United States. Air Force Two, the aircraft that transports the vice president, will be well-equipped to guarantee",1,0,0,target_office_np,FALSE,FALSE,FALSE,FALSE,FALSE,FALSE,FALSE,FALSE,none,TRUE,pasted_text,"[{""start"":97,""end"":115,""kind"":""target_office_np"",""text"":""the vice president""}]",111,FALSE,
2020,6,Trump,"January 20, 2021, is the start of the next presidential and vice-presidential term in the United States. Air Force Two, the aircraft that transports the vice president, will be well-equipped to guarantee",1,0,0,other_candidate_name,FALSE,FALSE,FALSE,FALSE,FALSE,FALSE,FALSE,FALSE,none,FALSE,,"[{""start"":0,""end"":5,""kind"":""other_candidate_name"",""text"":""Trump""}]",,FALSE,
2020,6,"WHETHER OR NOT THE VIC PRESIDENT GIVES MANY SPEECHES DURING THE FIRST MONTHS AT THIS TERM STARTING IN JANUARY 2021, A IS THAT SHE WILL BE CLOSELY SCRUTINIZED BY THE MEDIA","January 20, 2021, is the start of the next presidential and vice-presidential term in the United States. Air Force Two, the aircraft that transports the vice president, will be well-equipped to guarantee",1,0,0,target_office_np,TRUE,FALSE,FALSE,FALSE,FALSE,FALSE,FALSE,FALSE,she,TRUE,copied_context,"[{""start"":15,""end"":32,""kind"":""target_office_np"",""text"":""THE VIC PRESIDENT""},{""start"":126,""end"":129,""kind"":""she"",""text"":""SHE""}]",41,FALSE,
2020,6,YES,"January 20, 2021, is the start of the next presidential and vice-presidential term in the United States. Air Force Two, the aircraft that transports the vice president, will be well-equipped to guarantee",1,1,1,other,FALSE,FALSE,FALSE,FALSE,FALSE,FALSE,FALSE,FALSE,none,TRUE,filler_or_number,[],,TRUE,all caps; single word
2020,6,Yes,"January 20, 2021, is the start of the next presidential and vice-presidential term in the United States. Air Force Two, the aircraft that transports the vice president, will be well-equipped to guarantee",1,0,0,other,FALSE,FALSE,FALSE,FALSE,FALSE,FALSE,FALSE,FALSE,none,TRUE,filler_or_number,[],,FALSE,
2020,6,a safe landing,"January 20, 2021, is the start of the next presidential and vice-presidential term in the United States. Air Force Two, the aircraft that transports the vice president, will be well-equipped to guarantee",1,1,1,other,FALSE,FALSE,FALSE,FALSE,FALSE,FALSE,FALSE,FALSE,none,FALSE,,[],,FALSE,
2020,6,adequate safety for the vice president and his family.,"January 20, 2021, is the start of the next presidential and vice-presidential term in the United States. Air Force Two, the aircraft that transports the vice president, will be well-equipped to guarantee",1,0,0,target_office_np,FALSE,TRUE,FALSE,FALSE,FALSE,FALSE,FALSE,FALSE,he,FALSE,,"[{""start"":20,""end"":38,""kind"":""target_office_np"",""text"":""the vice president""},{""start"":43,""end"":46,""kind"":""he"",""text"":""his""}]",,FALSE,
2020,6,aircraft,"January 20, 2021, is the start of the next presidential and vice-presidential term in the United States. Air Force Two, the aircraft that transports the vice president, will be well-equipped to guarantee",1,1,1,other,FALSE,FALSE,FALSE,FALSE,FALSE,FALSE,FALSE,FALSE,none,TRUE,single_word,[],,TRUE,single-word judgment; single word
2020,6,and the plan is equipped,"January 20, 2021, is the start of the next presidential and vice-presidential term in the United States. Air Force Two, the aircraft that transports the vice president, will be well-equipped to guarantee",1,1,1,other,FALSE,FALSE,FALSE,FALSE,FALSE,FALSE,FALSE,FALSE,none,FALSE,,[],,FALSE,
2020,6,arrival,"January 20, 2021, is the start of the next presidential and vice-presidential term in the United States. Air Force Two, the aircraft that transports the vice president, will be well-equipped to guarantee",1,1,1,other,FALSE,FALSE,FALSE,FALSE,FALSE,FALSE,FALSE,FALSE,none,FALSE,,[],,TRUE,single-word judgment; single word
2020,6,as a president,"January 20, 2021, is the start of the next presidential and vice-presidential term in the United States. Air Force Two, the aircraft that transports the vice president, will be well-equipped to guarantee",1,0,0,other,FALSE,FALSE,FALSE,FALSE,FALSE,FALSE,FALSE,FALSE,none,FALSE,,[],,FALSE,
2020,6,become president election,"January 20, 2021, is the start of the next presidential and vice-presidential term in the United States. Air Force Two, the aircraft that transports the vice president, will be well-equipped to guarantee",1,0,0,other,FALSE,FALSE,FALSE,FALSE,FALSE,FALSE,FALSE,FALSE,none,FALSE,,[],,FALSE,
2020,6,country security,"January 20, 2021, is the start of the next presidential and vice-presidential term in the United States. Air Force Two, the aircraft that transports the vice president, will be well-equipped to guarantee",1,0,0,other,FALSE,FALSE,FALSE,FALSE,FALSE,FALSE,FALSE,FALSE,none,FALSE,,[],,FALSE,
2020,6,democratic vice presidental,"January 20, 2021, is the start of the next presidential and vice-presidential term in the United States. Air Force Two, the aircraft that transports the vice president, will be well-equipped to guarantee",1,0,0,target_office_np,FALSE,FALSE,FALSE,FALSE,FALSE,FALSE,FALSE,FALSE,none,FALSE,,"[{""start"":11,""end"":27,""kind"":""target_office_np"",""text"":""vice presidental""}]",,FALSE,
2020,6,donald trump,"January 20, 2021, is the start of the next presidential and vice-presidential term in the United States. Air Force Two, the aircraft that transports the vice president, will be well-equipped to guarantee",1,0,0,other_candidate_name,FALSE,FALSE,FALSE,FALSE,FALSE,FALSE,FALSE,FALSE,none,FALSE,,"[{""start"":7,""end"":12,""kind"":""other_candidate_name"",""text"":""trump""}]",,FALSE,
2020,6,dot,"January 20, 2021, is the start of the next presidential and vice-presidential term in the United States. Air Force Two, the aircraft that transports the vice president, will be well-equipped to guarantee",1,1,1,other,FALSE,FALSE,FALSE,FALSE,FALSE,FALSE,FALSE,FALSE,none,TRUE,single_word,[],146,TRUE,single-word judgment; single word
2020,6,election,"January 20, 2021, is the start of the next presidential and vice-presidential term in the United States. Air Force Two, the aircraft that transports the vice president, will be well-equipped to guarantee",1,1,1,other,FALSE,FALSE,FALSE,FALSE,FALSE,FALSE,FALSE,FALSE,none,TRUE,single_word,[],,TRUE,single-word judgment; single word
2020,6,given by the American government.,"January 20, 2021, is the start of the next presidential and vice-presidential term in the United States. Air Force Two, the aircraft that transports the vice president, will be well-equipped to guarantee",1,1,1,other,FALSE,FALSE,FALSE,FALSE,FALSE,FALSE,FALSE,FALSE,none,FALSE,,[],,FALSE,
2020,6,he has a safe arrival.,"January 20, 2021, is the start of the next presidential and vice-presidential term in the United States. Air Force Two, the aircraft that transports the vice president, will be well-equipped to guarantee",1,1,1,he,FALSE,TRUE,FALSE,FALSE,FALSE,FALSE,FALSE,FALSE,he,FALSE,,"[{""start"":0,""end"":2,""kind"":""he"",""text"":""he""}]",,FALSE,
2020,6,her protection,"January 20, 2021, is the start of the next presidential and vice-presidential term in the United States. Air Force Two, the aircraft that transports the vice president, will be well-equipped to guarantee",1,1,1,she,TRUE,FALSE,FALSE,FALSE,FALSE,FALSE,FALSE,FALSE,she,FALSE,,"[{""start"":0,""end"":3,""kind"":""she"",""text"":""her""}]",94,FALSE,
2020,6,her safety.,"January 20, 2021, is the start of the next presidential and vice-presidential term in the United States. Air Force Two, the aircraft that transports the vice president, will be well-equipped to guarantee",3,3,3,she,TRUE,FALSE,FALSE,FALSE,FALSE,FALSE,FALSE,FALSE,she,FALSE,,"[{""start"":0,""end"":3,""kind"":""she"",""text"":""her""}]",,FALSE,
2020,6,his flights safety,"January 20, 2021, is the start of the next presidential and vice-presidential term in the United States. Air Force Two, the aircraft that transports the vice president, will be well-equipped to guarantee",1,0,0,he,FALSE,TRUE,FALSE,FALSE,FALSE,FALSE,FALSE,FALSE,he,FALSE,,"[{""start"":0,""end"":3,""kind"":""he"",""text"":""his""}]",,FALSE,
2020,6,his protection.,"January 20, 2021, is the start of the next presidential and vice-presidential term in the United States. Air Force Two, the aircraft that transports the vice president, will be well-equipped to guarantee",1,1,1,he,FALSE,TRUE,FALSE,FALSE,FALSE,FALSE,FALSE,FALSE,he,FALSE,,"[{""start"":0,""end"":3,""kind"":""he"",""text"":""his""}]",,FALSE,
2020,6,his safe arrival at the White House.,"January 20, 2021, is the start of the next presidential and vice-presidential term in the United States. Air Force Two, the aircraft that transports the vice president, will be well-equipped to guarantee",1,1,1,he,FALSE,TRUE,FALSE,FALSE,FALSE,FALSE,FALSE,FALSE,he,FALSE,,"[{""start"":0,""end"":3,""kind"":""he"",""text"":""his""}]",,FALSE,
2020,6,his safety,"January 20, 2021, is the start of the next presidential and vice-presidential term in the United States. Air Force Two, the aircraft that transports the vice president, will be well-equipped to guarantee",2,1,0,he,FALSE,TRUE,FALSE,FALSE,FALSE,FALSE,FALSE,FALSE,he,FALSE,,"[{""start"":0,""end"":3,""kind"":""he"",""text"":""his""}]",,FALSE,
2020,6,his safety and comfort.,"January 20, 2021, is the start of the next presidential and vice-presidential term in the United States. Air Force Two, the aircraft that transports the vice president, will be well-equipped to guarantee",1,1,1,he,FALSE,TRUE,FALSE,FALSE,FALSE,FALSE,FALSE,FALSE,he,FALSE,,"[{""start"":0,""end"":3,""kind"":""he"",""text"":""his""}]",96,FALSE,
2020,6,his safety and the ability to take over if the president becomes incapacitated.,"January 20, 2021, is the start of the next presidential and vice-presidential term in the United States. Air Force Two, the aircraft that transports the vice president, will be well-equipped to guarantee",1,1,1,he,FALSE,TRUE,FALSE,FALSE,FALSE,FALSE,FALSE,FALSE,he,FALSE,,"[{""start"":0,""end"":3,""kind"":""he"",""text"":""his""},{""start"":43,""end"":56,""kind"":""other_office_np"",""text"":""the president""}]",,TRUE,coreference judged by hand
2020,6,"his safety, speed and comfort.","January 20, 2021, is the start of the next presidential and vice-presidential term in the United States. Air Force Two, the aircraft that transports the vice president, will be well-equipped to guarantee",1,0,0,he,FALSE,TRUE,FALSE,FALSE,FALSE,FALSE,FALSE,FALSE,he,FALSE,,"[{""start"":0,""end"":3,""kind"":""he"",""text"":""his""}]",,FALSE,
2020,6,his safety.,"January 20, 2021, is the start of the next presidential and vice-presidential term in the United States. Air Force Two, the aircraft that transports the vice president, will be well-equipped to guarantee",1,1,1,he,FALSE,TRUE,FALSE,FALSE,FALSE,FALSE,FALSE,FALSE,he,FALSE,,"[{""start"":0,""end"":3,""kind"":""he"",""text"":""his""}]",,FALSE,
2020,6,joe biden,"January 20, 2021, is the start of the next presidential and vice-presidential term in the United States. Air Force Two, the aircraft that transports the vice president, will be well-equipped to guarantee",1,1,1,other_candidate_name,FALSE,FALSE,FALSE,FALSE,FALSE,FALSE,FALSE,FALSE,none,FALSE,,"[{""start"":4,""end"":9,""kind"":""other_candidate_name"",""text"":""biden""}]",,FALSE,
2020,6,may takes changes,"January 20, 2021, is the start of the next presidential and vice-presidential term in the United States. Air Force Two, the aircraft that transports the vice president, will be well-equipped to guarantee",1,0,0,other,FALSE,FALSE,FALSE,FALSE,FALSE,FALSE,FALSE,FALSE,none,FALSE,,[],,FALSE,
2020,6,next presidentia,"January 20, 2021, is the start of the next presidential and vice-presidential term in the United States. Air Force Two, the aircraft that transports the vice president, will be well-equipped to guarantee",1,0,0,other,FALSE,FALSE,FALSE,FALSE,FALSE,FALSE,FALSE,FALSE,none,TRUE,copied_context,[],,FALSE,
2020,6,next presidential,"January 20, 2021, is the start of the next presidential and vice-presidential term in the United States. Air Force Two, the aircraft that transports the vice president, will be well-equipped to guarantee",11,0,0,other_office_np,FALSE,FALSE,FALSE,FALSE,FALSE,FALSE,FALSE,FALSE,none,TRUE,copied_context,"[{""start"":5,""end"":17,""kind"":""other_office_np"",""text"":""presidential""}]",,FALSE,
2020,6,nice,"January 20, 2021, is the start of the next presidential and vice-presidential term in the United States. Air Force Two, the aircraft that transports the vice president, will be well-equipped to guarantee",1,1,1,other,FALSE,FALSE,FALSE,FALSE,FALSE,FALSE,FALSE,FALSE,none,TRUE,single_word,[],,TRUE,single-word judgment; single word
2020,6,president,"January 20, 2021, is the start of the next presidential and vice-presidential term in the United States. Air Force Two, the aircraft that transports the vice president, will be well-equipped to guarantee",2,1,1,other_office_np,FALSE,FALSE,FALSE,FALSE,FALSE,FALSE,FALSE,FALSE,none,TRUE,doesnt_make_sense,"[{""start"":0,""end"":9,""kind"":""other_office_np"",""text"":""president""}]",33,TRUE,single-word judgment; single word
2020,6,presidential,"January 20, 2021, is the start of the next presidential and vice-presidential term in the United States. Air Force Two, the aircraft that transports the vice president, will be well-equipped to guarantee",1,1,1,other_office_np,FALSE,FALSE,FALSE,FALSE,FALSE,FALSE,FALSE,FALSE,none,TRUE,doesnt_make_sense,"[{""start"":0,""end"":12,""kind"":""other_office_np"",""text"":""presidential""}]",,TRUE,single-word judgment; single word
2020,6,safe passage for the new vice president.,"January 20, 2021, is the start of the next presidential and vice-presidential term in the United States. Air Force Two, the aircraft that transports the vice president, will be well-equipped to guarantee",1,0,0,target_office_np,FALSE,FALSE,FALSE,FALSE,FALSE,FALSE,FALSE,FALSE,none,FALSE,,"[{""start"":21,""end"":39,""kind"":""target_office_np"",""text"":""new vice president""}]",,FALSE,
2020,6,safe transport.,"January 20, 2021, is the start of the next presidential and vice-presidential term in the United States. Air Force Two, the aircraft that transports the vice president, will be well-equipped to guarantee",1,0,0,other,FALSE,FALSE,FALSE,FALSE,FALSE,FALSE,FALSE,FALSE,none,FALSE,,[],,FALSE,
2020,6,safe travel for the Vice President.,"January 20, 2021, is the start of the next presidential and vice-presidential term in the United States. Air Force Two, the aircraft that transports the vice president, will be well-equipped to guarantee",1,1,1,target_office_np,FALSE,FALSE,FALSE,FALSE,FALSE,FALSE,FALSE,FALSE,none,FALSE,,"[{""start"":16,""end"":34,""kind"":""target_office_np"",""text"":""the Vice President""}]",,FALSE,
2020,6,safe travel of the president to the White House.,"January 20, 2021, is the start of the next presidential and vice-presidential term in the United States. Air Force Two, the aircraft that transports the vice president, will be well-equipped to guarantee",1,0,0,other_office_np,FALSE,FALSE,FALSE,FALSE,FALSE,FALSE,FALSE,FALSE,none,FALSE,,"[{""start"":15,""end"":28,""kind"":""other_office_np"",""text"":""the president""}]",,FALSE,
2020,6,safe travels for the vice-president,"January 20, 2021, is the start of the next presidential and vice-presidential term in the United States. Air Force Two, the aircraft that transports the vice president, will be well-equipped to guarantee",1,0,0,target_office_np,FALSE,FALSE,FALSE,FALSE,FALSE,FALSE,FALSE,FALSE,none,FALSE,,"[{""start"":17,""end"":35,""kind"":""target_office_np"",""text"":""the vice-president""}]",,FALSE,
2020,6,safett,"January 20, 2021, is the start of the next presidential and vice-presidential term in the United States. Air Force Two, the aircraft that transports the vice president, will be well-equipped to guarantee",1,0,0,other,FALSE,FALSE,FALSE,FALSE,FALSE,FALSE,FALSE,FALSE,none,FALSE,,[],,FALSE,
2020,6,safety,"January 20, 2021, is the start of the next presidential and vice-presidential term in the United States. Air Force Two, the aircraft that transports the vice president, will be well-equipped to guarantee",8,5,5,other,FALSE,FALSE,FALSE,FALSE,FALSE,FALSE,FALSE,FALSE,none,FALSE,,[],,TRUE,single-word judgment; single word
2020,6,safety and privacy to those within,"January 20, 2021, is the start of the next presidential and vice-presidential term in the United States. Air Force Two, the aircraft that transports the vice president, will be well-equipped to guarantee",1,1,0,other,FALSE,FALSE,FALSE,FALSE,FALSE,FALSE,FALSE,FALSE,none,FALSE,,[],40,FALSE,
2020,6,safety for the vice president and her family.,"January 20, 2021, is the start of the next presidential and vice-presidential term in the United States. Air Force Two, the aircraft that transports the vice president, will be well-equipped to guarantee",1,0,0,target_office_np,TRUE,FALSE,FALSE,FALSE,FALSE,FALSE,FALSE,FALSE,she,FALSE,,"[{""start"":11,""end"":29,""kind"":""target_office_np"",""text"":""the vice president""},{""start"":34,""end"":37,""kind"":""she"",""text"":""her""}]",,FALSE,
2020,6,safety of the president.,"January 20, 2021, is the start of the next presidential and vice-presidential term in the United States. Air Force Two, the aircraft that transports the vice president, will be well-equipped to guarantee",1,1,0,other_office_np,FALSE,FALSE,FALSE,FALSE,FALSE,FALSE,FALSE,FALSE,none,FALSE,,"[{""start"":10,""end"":23,""kind"":""other_office_np"",""text"":""the president""}]",,FALSE,
2020,6,safety.,"January 20, 2021, is the start of the next presidential and vice-presidential term in the United States. Air Force Two, the aircraft that transports the vice president, will be well-equipped to guarantee",3,2,2,other,FALSE,FALSE,FALSE,FALSE,FALSE,FALSE,FALSE,FALSE,none,FALSE,,[],,TRUE,single-word judgment; single word
2020,6,said and said there were no flaws.,"January 20, 2021, is the start of the next presidential and vice-presidential term in the United States. Air Force Two, the aircraft that transports the vice president, will be well-equipped to guarantee",1,1,1,other,FALSE,FALSE,FALSE,FALSE,FALSE,FALSE,FALSE,FALSE,none,FALSE,,[],,FALSE,
2020,6,security,"January 20, 2021, is the start of the next presidential and vice-presidential term in the United States. Air Force Two, the aircraft that transports the vice president, will be well-equipped to guarantee",1,0,0,other,FALSE,FALSE,FALSE,FALSE,FALSE,FALSE,FALSE,FALSE,none,FALSE,,[],,FALSE,
2020,6,that the President will have a plane in case Air Force One is not available.,"January 20, 2021, is the start of the next presidential and vice-presidential term in the United States. Air Force Two, the aircraft that transports the vice president, will be well-equipped to guarantee",1,1,1,other_office_np,FALSE,FALSE,FALSE,FALSE,FALSE,FALSE,FALSE,FALSE,none,FALSE,,"[{""start"":5,""end"":18,""kind"":""other_office_np"",""text"":""the President""}]",,TRUE,long
2020,6,the president protection.,"January 20, 2021, is the start of the next presidential and vice-presidential term in the United States. Air Force Two, the aircraft that transports the vice president, will be well-equipped to guarantee",1,1,0,other_office_np,FALSE,FALSE,FALSE,FALSE,FALSE,FALSE,FALSE,FALSE,none,FALSE,,"[{""start"":0,""end"":13,""kind"":""other_office_np"",""text"":""the president""}]",,FALSE,
2020,6,the safe arrival of of Kamala Harris.,"January 20, 2021, is the start of the next presidential and vice-presidential term in the United States. Air Force Two, the aircraft that transports the vice president, will be well-equipped to guarantee",1,1,1,female_candidate_name,FALSE,FALSE,FALSE,FALSE,FALSE,FALSE,FALSE,FALSE,none,FALSE,,"[{""start"":23,""end"":29,""kind"":""female_candidate_name"",""text"":""Kamala""},{""start"":30,""end"":36,""kind"":""female_candidate_name"",""text"":""Harris""}]",127,FALSE,
2020,6,the safe travel of the vice president,"January 20, 2021, is the start of the next presidential and vice-presidential term in the United States. Air Force Two, the aircraft that transports the vice president, will be well-equipped to guarantee",1,1,1,target_office_np,FALSE,FALSE,FALSE,FALSE,FALSE,FALSE,FALSE,FALSE,none,FALSE,,"[{""start"":19,""end"":37,""kind"":""target_office_np"",""text"":""the vice president""}]",,FALSE,
2020,6,the safety,"January 20, 2021, is the start of the next presidential and vice-presidential term in the United States. Air Force Two, the aircraft that transports the vice president, will be well-equipped to guarantee",1,1,0,other,FALSE,FALSE,FALSE,FALSE,FALSE,FALSE,FALSE,FALSE,none,FALSE,,[],,FALSE,
2020,6,the safety just like the president has in air focee one.,"January 20, 2021, is the start of the next presidential and vice-presidential term in the United States. Air Force Two, the aircraft that transports the vice president, will be well-equipped to guarantee",1,1,1,other_office_np,FALSE,FALSE,FALSE,FALSE,FALSE,FALSE,FALSE,FALSE,none,FALSE,,"[{""start"":21,""end"":34,""kind"":""other_office_np"",""text"":""the president""}]",,FALSE,
2020,6,the safety of him and his family.,"January 20, 2021, is the start of the next presidential and vice-presidential term in the United States. Air Force Two, the aircraft that transports the vice president, will be well-equipped to guarantee",1,0,0,he,FALSE,TRUE,FALSE,FALSE,FALSE,FALSE,FALSE,FALSE,he,FALSE,,"[{""start"":14,""end"":17,""kind"":""he"",""text"":""him""},{""start"":22,""end"":25,""kind"":""he"",""text"":""his""}]",,FALSE,
2020,6,the safety of the Vice President,"January 20, 2021, is the start of the next presidential and vice-presidential term in the United States. Air Force Two, the aircraft that transports the vice president, will be well-equipped to guarantee",1,1,1,target_office_np,FALSE,FALSE,FALSE,FALSE,FALSE,FALSE,FALSE,FALSE,none,FALSE,,"[{""start"":14,""end"":32,""kind"":""target_office_np"",""text"":""the Vice President""}]",,FALSE,
2020,6,the safety of the president.,"January 20, 2021, is the start of the next presidential and vice-presidential term in the United States. Air Force Two, the aircraft that transports the vice president, will be well-equipped to guarantee",1,1,0,other_office_np,FALSE,FALSE,FALSE,FALSE,FALSE,FALSE,FALSE,FALSE,none,FALSE,,"[{""start"":14,""end"":27,""kind"":""other_office_np"",""text"":""the president""}]",,FALSE,
2020,6,the safety of the vice president,"January 20, 2021, is the start of the next presidential and vice-presidential term in the United States. Air Force Two, the aircraft that transports the vice president, will be well-equipped to guarantee",2,0,0,target_office_np,FALSE,FALSE,FALSE,FALSE,FALSE,FALSE,FALSE,FALSE,none,FALSE,,"[{""start"":14,""end"":32,""kind"":""target_office_np"",""text"":""the vice president""}]",,FALSE,
2020,6,the safety of the vice president during travel.,"January 20, 2021, is the start of the next presidential and vice-presidential term in the United States. Air Force Two, the aircraft that transports the vice president, will be well-equipped to guarantee",1,0,0,target_office_np,FALSE,FALSE,FALSE,FALSE,FALSE,FALSE,FALSE,FALSE,none,FALSE,,"[{""start"":14,""end"":32,""kind"":""target_office_np"",""text"":""the vice president""}]",,FALSE,
2020,6,the safety of the vice president.,"January 20, 2021, is the start of the next presidential and vice-presidential term in the United States. Air Force Two, the aircraft that transports the vice president, will be well-equipped to guarantee",1,1,1,target_office_np,FALSE,FALSE,FALSE,FALSE,FALSE,FALSE,FALSE,FALSE,none,FALSE,,"[{""start"":14,""end"":32,""kind"":""target_office_np"",""text"":""the vice president""}]",,FALSE,
2020,6,the safety of the vice-president.,"January 20, 2021, is the start of the next presidential and vice-presidential term in the United States. Air Force Two, the aircraft that transports the vice president, will be well-equipped to guarantee",2,2,2,target_office_np,FALSE,FALSE,FALSE,FALSE,FALSE,FALSE,FALSE,FALSE,none,FALSE,,"[{""start"":14,""end"":32,""kind"":""target_office_np"",""text"":""the vice-president""}]",,FALSE,
2020,6,the safety os both.,"January 20, 2021, is the start of the next presidential and vice-presidential term in the United States. Air Force Two, the aircraft that transports the vice president, will be well-equipped to guarantee",1,0,0,other,FALSE,FALSE,FALSE,FALSE,FALSE,FALSE,FALSE,FALSE,none,FALSE,,[],,FALSE,
2020,6,the transportation of Kamala Harris to Washington.,"January 20, 2021, is the start of the next presidential and vice-presidential term in the United States. Air Force Two, the aircraft that transports the vice president, will be well-equipped to guarantee",1,0,0,female_candidate_name,FALSE,FALSE,FALSE,FALSE,FALSE,FALSE,FALSE,FALSE,none,FALSE,,"[{""start"":22,""end"":28,""kind"":""female_candidate_name"",""text"":""Kamala""},{""start"":29,""end"":35,""kind"":""female_candidate_name"",""text"":""Harris""}]",,FALSE,
2020,6,the usual transportation for the vice president of the United States,"January 20, 2021, is the start of the next presidential and vice-presidential term in the United States. Air Force Two, the aircraft that transports the vice president, will be well-equipped to guarantee",1,1,1,target_office_np,FALSE,FALSE,FALSE,FALSE,FALSE,FALSE,FALSE,FALSE,none,FALSE,,"[{""start"":29,""end"":47,""kind"":""target_office_np"",""text"":""the vice president""}]",,FALSE,
2020,6,the vice president's safety,"January 20, 2021, is the start of the next presidential and vice-presidential term in the United States. Air Force Two, the aircraft that transports the vice president, will be well-equipped to guarantee",1,1,1,target_office_np,FALSE,FALSE,FALSE,FALSE,FALSE,FALSE,FALSE,FALSE,none,FALSE,,"[{""start"":0,""end"":18,""kind"":""target_office_np"",""text"":""the vice president""}]",,FALSE,
2020,6,their safety.,"January 20, 2021, is the start of the next presidential and vice-presidential term in the United States. Air Force Two, the aircraft that transports the vice president, will be well-equipped to guarantee",1,1,1,they,FALSE,FALSE,TRUE,FALSE,FALSE,FALSE,FALSE,FALSE,they,FALSE,,"[{""start"":0,""end"":5,""kind"":""they"",""text"":""their""}]",,FALSE,
2020,6,to ensure their safety,"January 20, 2021, is the start of the next presidential and vice-presidential term in the United States. Air Force Two, the aircraft that transports the vice president, will be well-equipped to guarantee",1,0,0,they,FALSE,FALSE,TRUE,FALSE,FALSE,FALSE,FALSE,FALSE,they,FALSE,,"[{""start"":10,""end"":15,""kind"":""they"",""text"":""their""}]",,FALSE,
2020,6,to transport,"January 20, 2021, is the start of the next presidential and vice-presidential term in the United States. Air Force Two, the aircraft that transports the vice president, will be well-equipped to guarantee",1,0,0,other,FALSE,FALSE,FALSE,FALSE,FALSE,FALSE,FALSE,FALSE,none,FALSE,,[],,FALSE,
2020,6,transportation for the vice-president.,"January 20, 2021, is the start of the next presidential and vice-presidential term in the United States. Air Force Two, the aircraft that transports the vice president, will be well-equipped to guarantee",1,1,1,target_office_np,FALSE,FALSE,FALSE,FALSE,FALSE,FALSE,FALSE,FALSE,none,FALSE,,"[{""start"":19,""end"":37,""kind"":""target_office_np"",""text"":""the vice-president""}]",,FALSE,
2020,6,your safety on the way.,"January 20, 2021, is the start of the next presidential and vice-presidential term in the United States. Air Force Two, the aircraft that transports the vice president, will be well-equipped to guarantee",1,0,0,other,FALSE,FALSE,FALSE,FALSE,FALSE,FALSE,FALSE,FALSE,none,FALSE,,[],,FALSE,
2020,7,,"January 20, 2021, is the start of the next presidential and vice-presidential term in the United States. Because the vice president's role in governance has grown considerably in recent decades, it is likely that during the upcoming term",33,2,1,blank,FALSE,FALSE,FALSE,FALSE,FALSE,FALSE,FALSE,FALSE,none,TRUE,blank,[],,FALSE,
2020,7,0F CORONA VIRUS,"January 20, 2021, is the start of the next presidential and vice-presidential term in the United States. Because the vice president's role in governance has grown considerably in recent decades, it is likely that during the upcoming term",1,0,0,other,FALSE,FALSE,FALSE,FALSE,FALSE,FALSE,FALSE,FALSE,none,TRUE,single_word,[],67,FALSE,
2020,7,1,"January 20, 2021, is the start of the next presidential and vice-presidential term in the United States. Because the vice president's role in governance has grown considerably in recent decades, it is likely that during the upcoming term",9,0,0,other,FALSE,FALSE,FALSE,FALSE,FALSE,FALSE,FALSE,FALSE,none,TRUE,filler_or_number,[],140,FALSE,
2020,7,2,"January 20, 2021, is the start of the next presidential and vice-presidential term in the United States. Because the vice president's role in governance has grown considerably in recent decades, it is likely that during the upcoming term",1,0,0,other,FALSE,FALSE,FALSE,FALSE,FALSE,FALSE,FALSE,FALSE,none,TRUE,filler_or_number,[],,FALSE,
2020,7,2020,"January 20, 2021, is the start of the next presidential and vice-presidential term in the United States. Because the vice president's role in governance has grown considerably in recent decades, it is likely that during the upcoming term",1,1,1,other,FALSE,FALSE,FALSE,FALSE,FALSE,FALSE,FALSE,FALSE,none,TRUE,filler_or_number,[],,FALSE,
2020,7,2021 TO NEXT ELECTION,"January 20, 2021, is the start of the next presidential and vice-presidential term in the United States. Because the vice president's role in governance has grown considerably in recent decades, it is likely that during the upcoming term",1,0,0,other,FALSE,FALSE,FALSE,FALSE,FALSE,FALSE,FALSE,FALSE,none,FALSE,,[],,FALSE,
2020,7,34,"January 20, 2021, is the start of the next presidential and vice-presidential term in the United States. Because the vice president's role in governance has grown considerably in recent decades, it is likely that during the upcoming term",6,0,0,other,FALSE,FALSE,FALSE,FALSE,FALSE,FALSE,FALSE,FALSE,none,TRUE,filler_or_number,[],,FALSE,
2020,7,"AVOID RACISM,TREAT PEOPLE EQUALLY","January 20, 2021, is the start of the next presidential and vice-presidential term in the United States. Because the vice president's role in governance has grown considerably in recent decades, it is likely that during the upcoming term",1,1,0,other,FALSE,FALSE,FALSE,FALSE,FALSE,FALSE,FALSE,FALSE,none,TRUE,doesnt_make_sense,[],98,TRUE,all caps
2020,7,Biden,"January 20, 2021, is the start of the next presidential and vice-presidential term in the United States. Because the vice president's role in governance has grown considerably in recent decades, it is likely that during the upcoming term",1,0,0,other_candidate_name,FALSE,FALSE,FALSE,FALSE,FALSE,FALSE,FALSE,FALSE,none,FALSE,,"[{""start"":0,""end"":5,""kind"":""other_candidate_name"",""text"":""Biden""}]",,FALSE,
2020,7,ELECTION,"January 20, 2021, is the start of the next presidential and vice-presidential term in the United States. Because the vice president's role in governance has grown considerably in recent decades, it is likely that during the upcoming term",5,1,1,other,FALSE,FALSE,FALSE,FALSE,FALSE,FALSE,FALSE,FALSE,none,TRUE,single_word,[],,TRUE,single-word judgment; all caps; single word
2020,7,HE,"January 20, 2021, is the start of the next presidential and vice-presidential term in the United States. Because the vice president's role in governance has grown considerably in recent decades, it is likely that during the upcoming term",1,0,0,he,FALSE,TRUE,FALSE,FALSE,FALSE,FALSE,FALSE,FALSE,he,TRUE,single_word,"[{""start"":0,""end"":2,""kind"":""he"",""text"":""HE""}]",68,FALSE,
2020,7,Harris will play a big role in policy under the Biden administration.,"January 20, 2021, is the start of the next presidential and vice-presidential term in the United States. Because the vice president's role in governance has grown considerably in recent decades, it is likely that during the upcoming term",1,1,1,female_candidate_name,FALSE,FALSE,FALSE,FALSE,FALSE,FALSE,FALSE,FALSE,none,FALSE,,"[{""start"":0,""end"":6,""kind"":""female_candidate_name"",""text"":""Harris""},{""start"":48,""end"":53,""kind"":""other_candidate_name"",""text"":""Biden""}]",,FALSE,
2020,7,I look forward to it.,"January 20, 2021, is the start of the next presidential and vice-presidential term in the United States. Because the vice president's role in governance has grown considerably in recent decades, it is likely that during the upcoming term",1,0,0,other,FALSE,FALSE,FALSE,FALSE,FALSE,FALSE,FALSE,FALSE,none,FALSE,,[],,FALSE,
2020,7,IS CANCLED,"January 20, 2021, is the start of the next presidential and vice-presidential term in the United States. Because the vice president's role in governance has grown considerably in recent decades, it is likely that during the upcoming term",1,0,0,other,FALSE,FALSE,FALSE,FALSE,FALSE,FALSE,FALSE,FALSE,none,FALSE,,[],,FALSE,
2020,7,"January 20, 2021","January 20, 2021, is the start of the next presidential and vice-presidential term in the United States. Because the vice president's role in governance has grown considerably in recent decades, it is likely that during the upcoming term",1,1,1,other,FALSE,FALSE,FALSE,FALSE,FALSE,FALSE,FALSE,FALSE,none,TRUE,copied_context,[],,FALSE,
2020,7,KAMALA HARRIS,"January 20, 2021, is the start of the next presidential and vice-presidential term in the United States. Because the vice president's role in governance has grown considerably in recent decades, it is likely that during the upcoming term",4,1,1,female_candidate_name,FALSE,FALSE,FALSE,FALSE,FALSE,FALSE,FALSE,FALSE,none,TRUE,doesnt_make_sense,"[{""start"":0,""end"":6,""kind"":""female_candidate_name"",""text"":""KAMALA""},{""start"":7,""end"":13,""kind"":""female_candidate_name"",""text"":""HARRIS""}]",3,TRUE,all caps
2020,7,KAMALA HARRISH,"January 20, 2021, is the start of the next presidential and vice-presidential term in the United States. Because the vice president's role in governance has grown considerably in recent decades, it is likely that during the upcoming term",1,1,1,female_candidate_name,FALSE,FALSE,FALSE,FALSE,FALSE,FALSE,FALSE,FALSE,none,TRUE,doesnt_make_sense,"[{""start"":0,""end"":6,""kind"":""female_candidate_name"",""text"":""KAMALA""}]",,TRUE,all caps
2020,7,Kamala Harris introduces a left-leaning agenda,"January 20, 2021, is the start of the next presidential and vice-presidential term in the United States. Because the vice president's role in governance has grown considerably in recent decades, it is likely that during the upcoming term",1,0,0,female_candidate_name,FALSE,FALSE,FALSE,FALSE,FALSE,FALSE,FALSE,FALSE,none,FALSE,,"[{""start"":0,""end"":6,""kind"":""female_candidate_name"",""text"":""Kamala""},{""start"":7,""end"":13,""kind"":""female_candidate_name"",""text"":""Harris""}]",,FALSE,
2020,7,Kamala Harris will have a pivotal role in the White House.,"January 20, 2021, is the start of the next presidential and vice-presidential term in the United States. Because the vice president's role in governance has grown considerably in recent decades, it is likely that during the upcoming term",1,1,1,female_candidate_name,FALSE,FALSE,FALSE,FALSE,FALSE,FALSE,FALSE,FALSE,none,FALSE,,"[{""start"":0,""end"":6,""kind"":""female_candidate_name"",""text"":""Kamala""},{""start"":7,""end"":13,""kind"":""female_candidate_name"",""text"":""Harris""}]",,FALSE,
2020,7,Kamala Harris will have greater power.,"January 20, 2021, is the start of the next presidential and vice-presidential term in the United States. Because the vice president's role in governance has grown considerably in recent decades, it is likely that during the upcoming term",1,1,1,female_candidate_name,FALSE,FALSE,FALSE,FALSE,FALSE,FALSE,FALSE,FALSE,none,FALSE,,"[{""start"":0,""end"":6,""kind"":""female_candidate_name"",""text"":""Kamala""},{""start"":7,""end"":13,""kind"":""female_candidate_name"",""text"":""Harris""}]",,FALSE,
2020,7,Mike Pence,"January 20, 2021, is the start of the next presidential and vice-presidential term in the United States. Because the vice president's role in governance has grown considerably in recent decades, it is likely that during the upcoming term",1,1,1,male_candidate_name,FALSE,FALSE,FALSE,FALSE,FALSE,FALSE,FALSE,FALSE,none,FALSE,,"[{""start"":5,""end"":10,""kind"":""male_candidate_name"",""text"":""Pence""}]",,FALSE,
2020,7,Mike pence,"January 20, 2021, is the start of the next presidential and vice-presidential term in the United States. Because the vice president's role in governance has grown considerably in recent decades, it is likely that during the upcoming term",1,0,0,male_candidate_name,FALSE,FALSE,FALSE,FALSE,FALSE,FALSE,FALSE,FALSE,none,FALSE,,"[{""start"":5,""end"":10,""kind"":""male_candidate_name"",""text"":""pence""}]",,FALSE,
2020,7,OF POLICY,"January 20, 2021, is the start of the next presidential and vice-presidential term in the United States. Because the vice president's role in governance has grown considerably in recent decades, it is likely that during the upcoming term",1,0,0,other,FALSE,FALSE,FALSE,FALSE,FALSE,FALSE,FALSE,FALSE,none,FALSE,,[],,FALSE,
2020,7,OK,"January 20, 2021, is the start of the next presidential and vice-presidential term in the United States. Because the vice president's role in governance has grown considerably in recent decades, it is likely that during the upcoming term",1,1,1,other,FALSE,FALSE,FALSE,FALSE,FALSE,FALSE,FALSE,FALSE,none,TRUE,filler_or_number,[],,TRUE,all caps; single word
2020,7,PRESIDENT WILL BE ELECTED,"January 20, 2021, is the start of the next presidential and vice-presidential term in the United States. Because the vice president's role in governance has grown considerably in recent decades, it is likely that during the upcoming term",1,1,1,other_office_np,FALSE,FALSE,FALSE,FALSE,FALSE,FALSE,FALSE,FALSE,none,FALSE,,"[{""start"":0,""end"":9,""kind"":""other_office_np"",""text"":""PRESIDENT""}]",,TRUE,all caps
2020,7,Presidential and Vice-Presidential,"January 20, 2021, is the start of the next presidential and vice-presidential term in the United States. Because the vice president's role in governance has grown considerably in recent decades, it is likely that during the upcoming term",1,1,1,other_office_np,FALSE,FALSE,FALSE,FALSE,FALSE,FALSE,FALSE,FALSE,none,TRUE,copied_context,"[{""start"":0,""end"":12,""kind"":""other_office_np"",""text"":""Presidential""},{""start"":17,""end"":34,""kind"":""target_office_np"",""text"":""Vice-Presidential""}]",,FALSE,
2020,7,SERVICE,"January 20, 2021, is the start of the next presidential and vice-presidential term in the United States. Because the vice president's role in governance has grown considerably in recent decades, it is likely that during the upcoming term",1,0,0,other,FALSE,FALSE,FALSE,FALSE,FALSE,FALSE,FALSE,FALSE,none,TRUE,single_word,[],,FALSE,
2020,7,SHE,"January 20, 2021, is the start of the next presidential and vice-presidential term in the United States. Because the vice president's role in governance has grown considerably in recent decades, it is likely that during the upcoming term",1,0,0,she,TRUE,FALSE,FALSE,FALSE,FALSE,FALSE,FALSE,FALSE,she,FALSE,,"[{""start"":0,""end"":3,""kind"":""she"",""text"":""SHE""}]",,FALSE,
2020,7,Safety,"January 20, 2021, is the start of the next presidential and vice-presidential term in the United States. Because the vice president's role in governance has grown considerably in recent decades, it is likely that during the upcoming term",1,0,0,other,FALSE,FALSE,FALSE,FALSE,FALSE,FALSE,FALSE,FALSE,none,TRUE,single_word,[],,FALSE,
2020,7,THAT NEVER ENDS,"January 20, 2021, is the start of the next presidential and vice-presidential term in the United States. Because the vice president's role in governance has grown considerably in recent decades, it is likely that during the upcoming term",1,0,0,other,FALSE,FALSE,FALSE,FALSE,FALSE,FALSE,FALSE,FALSE,none,FALSE,,[],,FALSE,
2020,7,THERE WILL BE THE NEW PRESIDENT,"January 20, 2021, is the start of the next presidential and vice-presidential term in the United States. Because the vice president's role in governance has grown considerably in recent decades, it is likely that during the upcoming term",1,1,0,other_office_np,FALSE,FALSE,FALSE,FALSE,FALSE,FALSE,FALSE,FALSE,none,FALSE,,"[{""start"":18,""end"":31,""kind"":""other_office_np"",""text"":""NEW PRESIDENT""}]",,TRUE,all caps
2020,7,The role of Vice President will be more important then ever!,"January 20, 2021, is the start of the next presidential and vice-presidential term in the United States. Because the vice president's role in governance has grown considerably in recent decades, it is likely that during the upcoming term",1,1,0,target_office_np,FALSE,FALSE,FALSE,FALSE,FALSE,FALSE,FALSE,FALSE,none,FALSE,,"[{""start"":9,""end"":26,""kind"":""target_office_np"",""text"":""of Vice President""}]",4,FALSE,
2020,7,US,"January 20, 2021, is the start of the next presidential and vice-presidential term in the United States. Because the vice president's role in governance has grown considerably in recent decades, it is likely that during the upcoming term",1,1,1,other,FALSE,FALSE,FALSE,FALSE,FALSE,FALSE,FALSE,FALSE,none,TRUE,single_word,[],,TRUE,single-word judgment; all caps; single word
2020,7,United States will be prosperous,"January 20, 2021, is the start of the next presidential and vice-presidential term in the United States. Because the vice president's role in governance has grown considerably in recent decades, it is likely that during the upcoming term",1,1,1,other,FALSE,FALSE,FALSE,FALSE,FALSE,FALSE,FALSE,FALSE,none,FALSE,,[],,FALSE,
2020,7,VICE PRESIDENT GETS MORE POWERS.,"January 20, 2021, is the start of the next presidential and vice-presidential term in the United States. Because the vice president's role in governance has grown considerably in recent decades, it is likely that during the upcoming term",1,1,0,target_office_np,FALSE,FALSE,FALSE,FALSE,FALSE,FALSE,FALSE,FALSE,none,FALSE,,"[{""start"":0,""end"":14,""kind"":""target_office_np"",""text"":""VICE PRESIDENT""}]",45,TRUE,all caps
2020,7,Vice President Pence will have more responsibility.,"January 20, 2021, is the start of the next presidential and vice-presidential term in the United States. Because the vice president's role in governance has grown considerably in recent decades, it is likely that during the upcoming term",1,1,1,male_candidate_name,FALSE,FALSE,FALSE,FALSE,FALSE,FALSE,FALSE,FALSE,none,FALSE,,"[{""start"":15,""end"":20,""kind"":""male_candidate_name"",""text"":""Pence""}]",,FALSE,
2020,7,YES,"January 20, 2021, is the start of the next presidential and vice-presidential term in the United States. Because the vice president's role in governance has grown considerably in recent decades, it is likely that during the upcoming term",3,2,0,other,FALSE,FALSE,FALSE,FALSE,FALSE,FALSE,FALSE,FALSE,none,TRUE,filler_or_number,[],,TRUE,all caps; single word
2020,7,Year,"January 20, 2021, is the start of the next presidential and vice-presidential term in the United States. Because the vice president's role in governance has grown considerably in recent decades, it is likely that during the upcoming term",1,1,0,other,FALSE,FALSE,FALSE,FALSE,FALSE,FALSE,FALSE,FALSE,none,TRUE,single_word,[],,TRUE,single-word judgment; single word
2020,7,Yes,"January 20, 2021, is the start of the next presidential and vice-presidential term in the United States. Because the vice president's role in governance has grown considerably in recent decades, it is likely that during the upcoming term",1,1,1,other,FALSE,FALSE,FALSE,FALSE,FALSE,FALSE,FALSE,FALSE,none,TRUE,filler_or_number,[],,TRUE,single word
2020,7,april 2021,"January 20, 2021, is the start of the next presidential and vice-presidential term in the United States. Because the vice president's role in governance has grown considerably in recent decades, it is likely that during the upcoming term",2,0,0,other,FALSE,FALSE,FALSE,FALSE,FALSE,FALSE,FALSE,FALSE,none,TRUE,single_word,[],150,FALSE,
2020,7,be better,"January 20, 2021, is the start of the next presidential and vice-presidential term in the United States. Because the vice president's role in governance has grown considerably in recent decades, it is likely that during the upcoming term",1,0,0,other,FALSE,FALSE,FALSE,FALSE,FALSE,FALSE,FALSE,FALSE,none,FALSE,,[],,FALSE,
2020,7,become a good leader,"January 20, 2021, is the start of the next presidential and vice-presidential term in the United States. Because the vice president's role in governance has grown considerably in recent decades, it is likely that during the upcoming term",1,0,0,other,FALSE,FALSE,FALSE,FALSE,FALSE,FALSE,FALSE,FALSE,none,FALSE,,[],,FALSE,
2020,7,continues,"January 20, 2021, is the start of the next presidential and vice-presidential term in the United States. Because the vice president's role in governance has grown considerably in recent decades, it is likely that during the upcoming term",1,1,1,other,FALSE,FALSE,FALSE,FALSE,FALSE,FALSE,FALSE,FALSE,none,TRUE,single_word,[],,TRUE,single-word judgment; single word
2020,7,donald drumb,"January 20, 2021, is the start of the next presidential and vice-presidential term in the United States. Because the vice president's role in governance has grown considerably in recent decades, it is likely that during the upcoming term",2,0,0,other,FALSE,FALSE,FALSE,FALSE,FALSE,FALSE,FALSE,FALSE,none,FALSE,,[],,FALSE,
2020,7,donald trump,"January 20, 2021, is the start of the next presidential and vice-presidential term in the United States. Because the vice president's role in governance has grown considerably in recent decades, it is likely that during the upcoming term",1,1,1,other_candidate_name,FALSE,FALSE,FALSE,FALSE,FALSE,FALSE,FALSE,FALSE,none,FALSE,,"[{""start"":7,""end"":12,""kind"":""other_candidate_name"",""text"":""trump""}]",,FALSE,
2020,7,election is coming,"January 20, 2021, is the start of the next presidential and vice-presidential term in the United States. Because the vice president's role in governance has grown considerably in recent decades, it is likely that during the upcoming term",1,1,1,other,FALSE,FALSE,FALSE,FALSE,FALSE,FALSE,FALSE,FALSE,none,FALSE,,[],,FALSE,
2020,7,grow even more,"January 20, 2021, is the start of the next presidential and vice-presidential term in the United States. Because the vice president's role in governance has grown considerably in recent decades, it is likely that during the upcoming term",1,0,0,other,FALSE,FALSE,FALSE,FALSE,FALSE,FALSE,FALSE,FALSE,none,FALSE,,[],29,FALSE,
2020,7,grow more,"January 20, 2021, is the start of the next presidential and vice-presidential term in the United States. Because the vice president's role in governance has grown considerably in recent decades, it is likely that during the upcoming term",1,0,0,other,FALSE,FALSE,FALSE,FALSE,FALSE,FALSE,FALSE,FALSE,none,FALSE,,[],,FALSE,
2020,7,has expanded considerably as well.,"January 20, 2021, is the start of the next presidential and vice-presidential term in the United States. Because the vice president's role in governance has grown considerably in recent decades, it is likely that during the upcoming term",1,1,1,other,FALSE,FALSE,FALSE,FALSE,FALSE,FALSE,FALSE,FALSE,none,FALSE,,[],,FALSE,
2020,7,he can control,"January 20, 2021, is the start of the next presidential and vice-presidential term in the United States. Because the vice president's role in governance has grown considerably in recent decades, it is likely that during the upcoming term",1,1,1,he,FALSE,TRUE,FALSE,FALSE,FALSE,FALSE,FALSE,FALSE,he,FALSE,,"[{""start"":0,""end"":2,""kind"":""he"",""text"":""he""}]",,FALSE,
2020,7,he will be advised what to do,"January 20, 2021, is the start of the next presidential and vice-presidential term in the United States. Because the vice president's role in governance has grown considerably in recent decades, it is likely that during the upcoming term",1,0,0,he,FALSE,TRUE,FALSE,FALSE,FALSE,FALSE,FALSE,FALSE,he,FALSE,,"[{""start"":0,""end"":2,""kind"":""he"",""text"":""he""}]",,FALSE,
2020,7,he will be held more responsible.,"January 20, 2021, is the start of the next presidential and vice-presidential term in the United States. Because the vice president's role in governance has grown considerably in recent decades, it is likely that during the upcoming term",1,1,1,he,FALSE,TRUE,FALSE,FALSE,FALSE,FALSE,FALSE,FALSE,he,FALSE,,"[{""start"":0,""end"":2,""kind"":""he"",""text"":""he""}]",,FALSE,
2020,7,he will be the president,"January 20, 2021, is the start of the next presidential and vice-presidential term in the United States. Because the vice president's role in governance has grown considerably in recent decades, it is likely that during the upcoming term",1,1,1,he,FALSE,TRUE,FALSE,FALSE,FALSE,FALSE,FALSE,FALSE,he,FALSE,,"[{""start"":0,""end"":2,""kind"":""he"",""text"":""he""},{""start"":11,""end"":24,""kind"":""other_office_np"",""text"":""the president""}]",,TRUE,coreference judged by hand
2020,7,he will have a say in government decisions.,"January 20, 2021, is the start of the next presidential and vice-presidential term in the United States. Because the vice president's role in governance has grown considerably in recent decades, it is likely that during the upcoming term",1,0,0,he,FALSE,TRUE,FALSE,FALSE,FALSE,FALSE,FALSE,FALSE,he,FALSE,,"[{""start"":0,""end"":2,""kind"":""he"",""text"":""he""}]",,FALSE,
2020,7,he will play a major part.,"January 20, 2021, is the start of the next presidential and vice-presidential term in the United States. Because the vice president's role in governance has grown considerably in recent decades, it is likely that during the upcoming term",1,0,0,he,FALSE,TRUE,FALSE,FALSE,FALSE,FALSE,FALSE,FALSE,he,FALSE,,"[{""start"":0,""end"":2,""kind"":""he"",""text"":""he""}]",,FALSE,
2020,7,is difficult for him,"January 20, 2021, is the start of the next presidential and vice-presidential term in the United States. Because the vice president's role in governance has grown considerably in recent decades, it is likely that during the upcoming term",1,0,0,he,FALSE,TRUE,FALSE,FALSE,FALSE,FALSE,FALSE,FALSE,he,FALSE,,"[{""start"":17,""end"":20,""kind"":""he"",""text"":""him""}]",,FALSE,
2020,7,is extremely important.,"January 20, 2021, is the start of the next presidential and vice-presidential term in the United States. Because the vice president's role in governance has grown considerably in recent decades, it is likely that during the upcoming term",1,1,1,other,FALSE,FALSE,FALSE,FALSE,FALSE,FALSE,FALSE,FALSE,none,FALSE,,[],,FALSE,
2020,7,it will grow even more.,"January 20, 2021, is the start of the next presidential and vice-presidential term in the United States. Because the vice president's role in governance has grown considerably in recent decades, it is likely that during the upcoming term",1,1,1,other,FALSE,FALSE,FALSE,FALSE,FALSE,FALSE,FALSE,FALSE,none,FALSE,,[],,FALSE,
2020,7,kamala harris,"January 20, 2021, is the start of the next presidential and vice-presidential term in the United States. Because the vice president's role in governance has grown considerably in recent decades, it is likely that during the upcoming term",3,0,0,female_candidate_name,FALSE,FALSE,FALSE,FALSE,FALSE,FALSE,FALSE,FALSE,none,FALSE,,"[{""start"":0,""end"":6,""kind"":""female_candidate_name"",""text"":""kamala""},{""start"":7,""end"":13,""kind"":""female_candidate_name"",""text"":""harris""}]",,FALSE,
2020,7,may takes changes,"January 20, 2021, is the start of the next presidential and vice-presidential term in the United States. Because the vice president's role in governance has grown considerably in recent decades, it is likely that during the upcoming term",1,0,0,other,FALSE,FALSE,FALSE,FALSE,FALSE,FALSE,FALSE,FALSE,none,FALSE,,[],,FALSE,
2020,7,more responsibilities will go to them.,"January 20, 2021, is the start of the next presidential and vice-presidential term in the United States. Because the vice president's role in governance has grown considerably in recent decades, it is likely that during the upcoming term",1,1,1,they,FALSE,FALSE,TRUE,FALSE,FALSE,FALSE,FALSE,FALSE,they,FALSE,,"[{""start"":33,""end"":37,""kind"":""they"",""text"":""them""}]",10,FALSE,
2020,7,next presidenti,"January 20, 2021, is the start of the next presidential and vice-presidential term in the United States. Because the vice president's role in governance has grown considerably in recent decades, it is likely that during the upcoming term",1,0,0,other,FALSE,FALSE,FALSE,FALSE,FALSE,FALSE,FALSE,FALSE,none,TRUE,single_word,[],93,FALSE,
2020,7,next presidentia,"January 20, 2021, is the start of the next presidential and vice-presidential term in the United States. Because the vice president's role in governance has grown considerably in recent decades, it is likely that during the upcoming term",1,0,0,other,FALSE,FALSE,FALSE,FALSE,FALSE,FALSE,FALSE,FALSE,none,TRUE,copied_context,[],,FALSE,
2020,7,next presidential,"January 20, 2021, is the start of the next presidential and vice-presidential term in the United States. Because the vice president's role in governance has grown considerably in recent decades, it is likely that during the upcoming term",5,0,0,other_office_np,FALSE,FALSE,FALSE,FALSE,FALSE,FALSE,FALSE,FALSE,none,TRUE,copied_context,"[{""start"":5,""end"":17,""kind"":""other_office_np"",""text"":""presidential""}]",,FALSE,
2020,7,presidency,"January 20, 2021, is the start of the next presidential and vice-presidential term in the United States. Because the vice president's role in governance has grown considerably in recent decades, it is likely that during the upcoming term",1,0,0,other,FALSE,FALSE,FALSE,FALSE,FALSE,FALSE,FALSE,FALSE,none,TRUE,single_word,[],,FALSE,
2020,7,race is a important topic.,"January 20, 2021, is the start of the next presidential and vice-presidential term in the United States. Because the vice president's role in governance has grown considerably in recent decades, it is likely that during the upcoming term",1,0,0,other,FALSE,FALSE,FALSE,FALSE,FALSE,FALSE,FALSE,FALSE,none,FALSE,,[],63,FALSE,
2020,7,she will have a lot on her plate,"January 20, 2021, is the start of the next presidential and vice-presidential term in the United States. Because the vice president's role in governance has grown considerably in recent decades, it is likely that during the upcoming term",1,1,1,she,TRUE,FALSE,FALSE,FALSE,FALSE,FALSE,FALSE,FALSE,she,FALSE,,"[{""start"":0,""end"":3,""kind"":""she"",""text"":""she""},{""start"":23,""end"":26,""kind"":""she"",""text"":""her""}]",,FALSE,
2020,7,she will have a very prominent role in the country,"January 20, 2021, is the start of the next presidential and vice-presidential term in the United States. Because the vice president's role in governance has grown considerably in recent decades, it is likely that during the upcoming term",1,1,1,she,TRUE,FALSE,FALSE,FALSE,FALSE,FALSE,FALSE,FALSE,she,FALSE,,"[{""start"":0,""end"":3,""kind"":""she"",""text"":""she""}]",,FALSE,
2020,7,she will involved in policy decisions,"January 20, 2021, is the start of the next presidential and vice-presidential term in the United States. Because the vice president's role in governance has grown considerably in recent decades, it is likely that during the upcoming term",1,0,0,she,TRUE,FALSE,FALSE,FALSE,FALSE,FALSE,FALSE,FALSE,she,FALSE,,"[{""start"":0,""end"":3,""kind"":""she"",""text"":""she""}]",,FALSE,
2020,7,that the vice president will be required to act quickly and decisively on national security issues.,"January 20, 2021, is the start of the next presidential and vice-presidential term in the United States. Because the vice president's role in governance has grown considerably in recent decades, it is likely that during the upcoming term",1,0,0,target_office_np,FALSE,FALSE,FALSE,FALSE,FALSE,FALSE,FALSE,FALSE,none,FALSE,,"[{""start"":5,""end"":23,""kind"":""target_office_np"",""text"":""the vice president""}]",,FALSE,
2020,7,the Vice President will become more important,"January 20, 2021, is the start of the next presidential and vice-presidential term in the United States. Because the vice president's role in governance has grown considerably in recent decades, it is likely that during the upcoming term",1,1,0,target_office_np,FALSE,FALSE,FALSE,FALSE,FALSE,FALSE,FALSE,FALSE,none,FALSE,,"[{""start"":0,""end"":18,""kind"":""target_office_np"",""text"":""the Vice President""}]",,FALSE,
2020,7,the Vice President will have a much greater role to play in the next term,"January 20, 2021, is the start of the next presidential and vice-presidential term in the United States. Because the vice president's role in governance has grown considerably in recent decades, it is likely that during the upcoming term",1,1,0,target_office_np,FALSE,FALSE,FALSE,FALSE,FALSE,FALSE,FALSE,FALSE,none,FALSE,,"[{""start"":0,""end"":18,""kind"":""target_office_np"",""text"":""the Vice President""}]",,TRUE,long
2020,7,the Vice President will have greater roles in government.,"January 20, 2021, is the start of the next presidential and vice-presidential term in the United States. Because the vice president's role in governance has grown considerably in recent decades, it is likely that during the upcoming term",1,1,1,target_office_np,FALSE,FALSE,FALSE,FALSE,FALSE,FALSE,FALSE,FALSE,none,FALSE,,"[{""start"":0,""end"":18,""kind"":""target_office_np"",""text"":""the Vice President""}]",,FALSE,
2020,7,the Vice President will take on an important role.,"January 20, 2021, is the start of the next presidential and vice-presidential term in the United States. Because the vice president's role in governance has grown considerably in recent decades, it is likely that during the upcoming term",1,1,0,target_office_np,FALSE,FALSE,FALSE,FALSE,FALSE,FALSE,FALSE,FALSE,none,FALSE,,"[{""start"":0,""end"":18,""kind"":""target_office_np"",""text"":""the Vice President""}]",,FALSE,
2020,7,the Vice-President will feature more prominently in policy matters.,"January 20, 2021, is the start of the next presidential and vice-presidential term in the United States. Because the vice president's role in governance has grown considerably in recent decades, it is likely that during the upcoming term",1,1,1,target_office_np,FALSE,FALSE,FALSE,FALSE,FALSE,FALSE,FALSE,FALSE,none,FALSE,,"[{""start"":0,""end"":18,""kind"":""target_office_np"",""text"":""the Vice-President""}]",132,FALSE,
2020,7,the elected vice-president will be quite busy.,"January 20, 2021, is the start of the next presidential and vice-presidential term in the United States. Because the vice president's role in governance has grown considerably in recent decades, it is likely that during the upcoming term",1,1,0,other,FALSE,FALSE,FALSE,FALSE,FALSE,FALSE,FALSE,FALSE,none,FALSE,,[],,FALSE,
2020,7,the vice president duties will be even more expansive.,"January 20, 2021, is the start of the next presidential and vice-presidential term in the United States. Because the vice president's role in governance has grown considerably in recent decades, it is likely that during the upcoming term",1,1,1,target_office_np,FALSE,FALSE,FALSE,FALSE,FALSE,FALSE,FALSE,FALSE,none,FALSE,,"[{""start"":0,""end"":18,""kind"":""target_office_np"",""text"":""the vice president""}]",,FALSE,
2020,7,the vice president may be reqired to do slightly more than 'have a pulse'.,"January 20, 2021, is the start of the next presidential and vice-presidential term in the United States. Because the vice president's role in governance has grown considerably in recent decades, it is likely that during the upcoming term",1,0,0,target_office_np,FALSE,FALSE,FALSE,FALSE,FALSE,FALSE,FALSE,FALSE,none,FALSE,,"[{""start"":0,""end"":18,""kind"":""target_office_np"",""text"":""the vice president""}]",,FALSE,
2020,7,the vice president will be considered greatly when people are choosing which candidate to vote for president.,"January 20, 2021, is the start of the next presidential and vice-presidential term in the United States. Because the vice president's role in governance has grown considerably in recent decades, it is likely that during the upcoming term",1,1,1,target_office_np,FALSE,FALSE,FALSE,FALSE,FALSE,FALSE,FALSE,FALSE,none,FALSE,,"[{""start"":0,""end"":18,""kind"":""target_office_np"",""text"":""the vice president""}]",,TRUE,long
2020,7,the vice president will be in the news more.,"January 20, 2021, is the start of the next presidential and vice-presidential term in the United States. Because the vice president's role in governance has grown considerably in recent decades, it is likely that during the upcoming term",1,1,0,target_office_np,FALSE,FALSE,FALSE,FALSE,FALSE,FALSE,FALSE,FALSE,none,FALSE,,"[{""start"":0,""end"":18,""kind"":""target_office_np"",""text"":""the vice president""}]",,FALSE,
2020,7,the vice president will be very active.,"January 20, 2021, is the start of the next presidential and vice-presidential term in the United States. Because the vice president's role in governance has grown considerably in recent decades, it is likely that during the upcoming term",1,1,1,target_office_np,FALSE,FALSE,FALSE,FALSE,FALSE,FALSE,FALSE,FALSE,none,FALSE,,"[{""start"":0,""end"":18,""kind"":""target_office_np"",""text"":""the vice president""}]",,FALSE,
2020,7,the vice president will face more scrutiny.,"January 20, 2021, is the start of the next presidential and vice-presidential term in the United States. Because the vice president's role in governance has grown considerably in recent decades, it is likely that during the upcoming term",1,1,1,target_office_np,FALSE,FALSE,FALSE,FALSE,FALSE,FALSE,FALSE,FALSE,none,FALSE,,"[{""start"":0,""end"":18,""kind"":""target_office_np"",""text"":""the vice president""}]",,FALSE,
2020,7,the vice president will have more responsibility.,"January 20, 2021, is the start of the next presidential and vice-presidential term in the United States. Because the vice president's role in governance has grown considerably in recent decades, it is likely that during the upcoming term",1,1,1,target_office_np,FALSE,FALSE,FALSE,FALSE,FALSE,FALSE,FALSE,FALSE,none,FALSE,,"[{""start"":0,""end"":18,""kind"":""target_office_np"",""text"":""the vice president""}]",,FALSE,
2020,7,the vice president will need to govern in some way.,"January 20, 2021, is the start of the next presidential and vice-presidential term in the United States. Because the vice president's role in governance has grown considerably in recent decades, it is likely that during the upcoming term",1,0,0,target_office_np,FALSE,FALSE,FALSE,FALSE,FALSE,FALSE,FALSE,FALSE,none,FALSE,,"[{""start"":0,""end"":18,""kind"":""target_office_np"",""text"":""the vice president""}]",,FALSE,
2020,7,the vice president will play a more active role in the oval office.,"January 20, 2021, is the start of the next presidential and vice-presidential term in the United States. Because the vice president's role in governance has grown considerably in recent decades, it is likely that during the upcoming term",1,1,1,target_office_np,FALSE,FALSE,FALSE,FALSE,FALSE,FALSE,FALSE,FALSE,none,FALSE,,"[{""start"":0,""end"":18,""kind"":""target_office_np"",""text"":""the vice president""}]",,FALSE,
2020,7,the vice president will play a more profound role.,"January 20, 2021, is the start of the next presidential and vice-presidential term in the United States. Because the vice president's role in governance has grown considerably in recent decades, it is likely that during the upcoming term",1,1,1,target_office_np,FALSE,FALSE,FALSE,FALSE,FALSE,FALSE,FALSE,FALSE,none,FALSE,,"[{""start"":0,""end"":18,""kind"":""target_office_np"",""text"":""the vice president""}]",,FALSE,
2020,7,the vice president will play a significant role in government policies,"January 20, 2021, is the start of the next presidential and vice-presidential term in the United States. Because the vice president's role in governance has grown considerably in recent decades, it is likely that during the upcoming term",1,0,0,target_office_np,FALSE,FALSE,FALSE,FALSE,FALSE,FALSE,FALSE,FALSE,none,FALSE,,"[{""start"":0,""end"":18,""kind"":""target_office_np"",""text"":""the vice president""}]",,FALSE,
2020,7,the vice president will play an important role in running our country.,"January 20, 2021, is the start of the next presidential and vice-presidential term in the United States. Because the vice president's role in governance has grown considerably in recent decades, it is likely that during the upcoming term",1,1,1,target_office_np,FALSE,FALSE,FALSE,FALSE,FALSE,FALSE,FALSE,FALSE,none,FALSE,,"[{""start"":0,""end"":18,""kind"":""target_office_np"",""text"":""the vice president""}]",,FALSE,
2020,7,the vice-president will be highly involved in helping to set policy.,"January 20, 2021, is the start of the next presidential and vice-presidential term in the United States. Because the vice president's role in governance has grown considerably in recent decades, it is likely that during the upcoming term",1,0,0,target_office_np,FALSE,FALSE,FALSE,FALSE,FALSE,FALSE,FALSE,FALSE,none,FALSE,,"[{""start"":0,""end"":18,""kind"":""target_office_np"",""text"":""the vice-president""}]",,FALSE,
2020,7,their power will grow,"January 20, 2021, is the start of the next presidential and vice-presidential term in the United States. Because the vice president's role in governance has grown considerably in recent decades, it is likely that during the upcoming term",1,1,1,they,FALSE,FALSE,TRUE,FALSE,FALSE,FALSE,FALSE,FALSE,they,FALSE,,"[{""start"":0,""end"":5,""kind"":""they"",""text"":""their""}]",124,FALSE,
2020,7,there will be a lot of changes,"January 20, 2021, is the start of the next presidential and vice-presidential term in the United States. Because the vice president's role in governance has grown considerably in recent decades, it is likely that during the upcoming term",1,1,1,other,FALSE,FALSE,FALSE,FALSE,FALSE,FALSE,FALSE,FALSE,none,FALSE,,[],58,FALSE,
2020,7,there will be a lot of work to do.,"January 20, 2021, is the start of the next presidential and vice-presidential term in the United States. Because the vice president's role in governance has grown considerably in recent decades, it is likely that during the upcoming term",1,1,1,other,FALSE,FALSE,FALSE,FALSE,FALSE,FALSE,FALSE,FALSE,none,FALSE,,[],,FALSE,
2020,7,there will be division of labor,"January 20, 2021, is the start of the next presidential and vice-presidential term in the United States. Because the vice president's role in governance has grown considerably in recent decades, it is likely that during the upcoming term",1,1,1,other,FALSE,FALSE,FALSE,FALSE,FALSE,FALSE,FALSE,FALSE,none,FALSE,,[],69,FALSE,
2020,7,there will be much more involvement and leadership involved in the Vice Presidents position.,"January 20, 2021, is the start of the next presidential and vice-presidential term in the United States. Because the vice president's role in governance has grown considerably in recent decades, it is likely that during the upcoming term",1,1,1,other,FALSE,FALSE,FALSE,FALSE,FALSE,FALSE,FALSE,FALSE,none,FALSE,,[],,FALSE,
2020,7,they will be very active in executive responsibilities,"January 20, 2021, is the start of the next presidential and vice-presidential term in the United States. Because the vice president's role in governance has grown considerably in recent decades, it is likely that during the upcoming term",1,0,0,they,FALSE,FALSE,TRUE,FALSE,FALSE,FALSE,FALSE,FALSE,they,FALSE,,"[{""start"":0,""end"":4,""kind"":""they"",""text"":""they""}]",,FALSE,
2020,7,they will decide a split senate vote.,"January 20, 2021, is the start of the next presidential and vice-presidential term in the United States. Because the vice president's role in governance has grown considerably in recent decades, it is likely that during the upcoming term",1,0,0,they,FALSE,FALSE,TRUE,FALSE,FALSE,FALSE,FALSE,FALSE,they,FALSE,,"[{""start"":0,""end"":4,""kind"":""they"",""text"":""they""}]",,FALSE,
2020,7,they will have lots of work and much more public appearance.,"January 20, 2021, is the start of the next presidential and vice-presidential term in the United States. Because the vice president's role in governance has grown considerably in recent decades, it is likely that during the upcoming term",1,1,1,they,FALSE,FALSE,TRUE,FALSE,FALSE,FALSE,FALSE,FALSE,they,FALSE,,"[{""start"":0,""end"":4,""kind"":""they"",""text"":""they""}]",,FALSE,
2020,7,they will hold a lot of power.,"January 20, 2021, is the start of the next presidential and vice-presidential term in the United States. Because the vice president's role in governance has grown considerably in recent decades, it is likely that during the upcoming term",1,0,0,they,FALSE,FALSE,TRUE,FALSE,FALSE,FALSE,FALSE,FALSE,they,FALSE,,"[{""start"":0,""end"":4,""kind"":""they"",""text"":""they""}]",,FALSE,
2020,7,this post will be very challenging,"January 20, 2021, is the start of the next presidential and vice-presidential term in the United States. Because the vice president's role in governance has grown considerably in recent decades, it is likely that during the upcoming term",1,1,1,other,FALSE,FALSE,FALSE,FALSE,FALSE,FALSE,FALSE,FALSE,none,FALSE,,[],,FALSE,
2020,7,united states,"January 20, 2021, is the start of the next presidential and vice-presidential term in the United States. Because the vice president's role in governance has grown considerably in recent decades, it is likely that during the upcoming term",1,1,1,other,FALSE,FALSE,FALSE,FALSE,FALSE,FALSE,FALSE,FALSE,none,TRUE,copied_context,[],,FALSE,
2020,7,we will hear a lot of news about it.,"January 20, 2021, is the start of the next presidential and vice-presidential term in the United States. Because the vice president's role in governance has grown considerably in recent decades, it is likely that during the upcoming term",1,0,0,other,FALSE,FALSE,FALSE,FALSE,FALSE,FALSE,FALSE,FALSE,none,FALSE,,[],,FALSE,
2020,7,we will see the first female vice-president in U.S. history.,"January 20, 2021, is the start of the next presidential and vice-presidential term in the United States. Because the vice president's role in governance has grown considerably in recent decades, it is likely that during the upcoming term",1,1,1,other,FALSE,FALSE,FALSE,FALSE,FALSE,FALSE,FALSE,FALSE,none,FALSE,,[],,FALSE,
2020,7,we'll see some substantial changes.,"January 20, 2021, is the start of the next presidential and vice-presidential term in the United States. Because the vice president's role in governance has grown considerably in recent decades, it is likely that during the upcoming term",1,1,0,other,FALSE,FALSE,FALSE,FALSE,FALSE,FALSE,FALSE,FALSE,none,FALSE,,[],,FALSE,
2020,7,will add up more values to the vice president's role.,"January 20, 2021, is the start of the next presidential and vice-presidential term in the United States. Because the vice president's role in governance has grown considerably in recent decades, it is likely that during the upcoming term",1,1,1,target_office_np,FALSE,FALSE,FALSE,FALSE,FALSE,FALSE,FALSE,FALSE,none,FALSE,,"[{""start"":27,""end"":45,""kind"":""target_office_np"",""text"":""the vice president""}]",,FALSE,
2020,7,will be a busy one,"January 20, 2021, is the start of the next presidential and vice-presidential term in the United States. Because the vice president's role in governance has grown considerably in recent decades, it is likely that during the upcoming term",1,0,0,other,FALSE,FALSE,FALSE,FALSE,FALSE,FALSE,FALSE,FALSE,none,FALSE,,[],,FALSE,
2020,7,will be smooth,"January 20, 2021, is the start of the next presidential and vice-presidential term in the United States. Because the vice president's role in governance has grown considerably in recent decades, it is likely that during the upcoming term",1,0,0,other,FALSE,FALSE,FALSE,FALSE,FALSE,FALSE,FALSE,FALSE,none,FALSE,,[],,FALSE,
2020,7,will bring more responsibility to the new vice president,"January 20, 2021, is the start of the next presidential and vice-presidential term in the United States. Because the vice president's role in governance has grown considerably in recent decades, it is likely that during the upcoming term",1,0,0,target_office_np,FALSE,FALSE,FALSE,FALSE,FALSE,FALSE,FALSE,FALSE,none,FALSE,,"[{""start"":38,""end"":56,""kind"":""target_office_np"",""text"":""new vice president""}]",,FALSE,
2020,7,will end with the vice president being president,"January 20, 2021, is the start of the next presidential and vice-presidential term in the United States. Because the vice president's role in governance has grown considerably in recent decades, it is likely that during the upcoming term",1,1,1,target_office_np,FALSE,FALSE,FALSE,FALSE,FALSE,FALSE,FALSE,FALSE,none,FALSE,,"[{""start"":14,""end"":32,""kind"":""target_office_np"",""text"":""the vice president""}]",,FALSE,
2020,7,will end.,"January 20, 2021, is the start of the next presidential and vice-presidential term in the United States. Because the vice president's role in governance has grown considerably in recent decades, it is likely that during the upcoming term",1,1,1,other,FALSE,FALSE,FALSE,FALSE,FALSE,FALSE,FALSE,FALSE,none,FALSE,,[],,FALSE,
2020,7,will see many legislations passed by the vice president.,"January 20, 2021, is the start of the next presidential and vice-presidential term in the United States. Because the vice president's role in governance has grown considerably in recent decades, it is likely that during the upcoming term",1,1,1,target_office_np,FALSE,FALSE,FALSE,FALSE,FALSE,FALSE,FALSE,FALSE,none,FALSE,,"[{""start"":37,""end"":55,""kind"":""target_office_np"",""text"":""the vice president""}]",,FALSE,
2020,7,would be very productive and forward moving.,"January 20, 2021, is the start of the next presidential and vice-presidential term in the United States. Because the vice president's role in governance has grown considerably in recent decades, it is likely that during the upcoming term",1,1,1,other,FALSE,FALSE,FALSE,FALSE,FALSE,FALSE,FALSE,FALSE,none,FALSE,,[],,FALSE,
2020,7,you will see the vice president on TV more frequently.,"January 20, 2021, is the start of the next presidential and vice-presidential term in the United States. Because the vice president's role in governance has grown considerably in recent decades, it is likely that during the upcoming term",1,1,0,target_office_np,FALSE,FALSE,FALSE,FALSE,FALSE,FALSE,FALSE,FALSE,none,FALSE,,"[{""start"":13,""end"":31,""kind"":""target_office_np"",""text"":""the vice president""}]",138,FALSE,
2020,8,,"January 20, 2021, is the start of the next presidential and vice-presidential term in the United States. Since the vice president will serve as a liaison to Congress, we can expect",20,0,0,blank,FALSE,FALSE,FALSE,FALSE,FALSE,FALSE,FALSE,FALSE,none,TRUE,blank,[],,FALSE,
2020,8,1,"January 20, 2021, is the start of the next presidential and vice-presidential term in the United States. Since the vice president will serve as a liaison to Congress, we can expect",4,0,0,other,FALSE,FALSE,FALSE,FALSE,FALSE,FALSE,FALSE,FALSE,none,TRUE,filler_or_number,[],,FALSE,
2020,8,2,"January 20, 2021, is the start of the next presidential and vice-presidential term in the United States. Since the vice president will serve as a liaison to Congress, we can expect",1,0,0,other,FALSE,FALSE,FALSE,FALSE,FALSE,FALSE,FALSE,FALSE,none,TRUE,filler_or_number,[],,FALSE,
2020,8,2021,"January 20, 2021, is the start of the next presidential and vice-presidential term in the United States. Since the vice president will serve as a liaison to Congress, we can expect",1,1,1,other,FALSE,FALSE,FALSE,FALSE,FALSE,FALSE,FALSE,FALSE,none,TRUE,filler_or_number,[],120,FALSE,
2020,8,34,"January 20, 2021, is the start of the next presidential and vice-presidential term in the United States. Since the vice president will serve as a liaison to Congress, we can expect",3,0,0,other,FALSE,FALSE,FALSE,FALSE,FALSE,FALSE,FALSE,FALSE,none,TRUE,filler_or_number,[],,FALSE,
2020,8,A GOOD CONNECTION BEETWEN THEM.,"January 20, 2021, is the start of the next presidential and vice-presidential term in the United States. Since the vice president will serve as a liaison to Congress, we can expect",1,1,0,they,FALSE,FALSE,FALSE,FALSE,FALSE,FALSE,FALSE,FALSE,none,FALSE,,"[{""start"":26,""end"":30,""kind"":""they"",""text"":""THEM""}]",,TRUE,all caps
2020,8,BIG CHANGES,"January 20, 2021, is the start of the next presidential and vice-presidential term in the United States. Since the vice president will serve as a liaison to Congress, we can expect",1,1,0,other,FALSE,FALSE,FALSE,FALSE,FALSE,FALSE,FALSE,FALSE,none,FALSE,,[],,TRUE,all caps
2020,8,Doing good job,"January 20, 2021, is the start of the next presidential and vice-presidential term in the United States. Since the vice president will serve as a liaison to Congress, we can expect",1,1,1,other,FALSE,FALSE,FALSE,FALSE,FALSE,FALSE,FALSE,FALSE,none,FALSE,,[],,FALSE,
2020,8,Donald Trump,"January 20, 2021, is the start of the next presidential and vice-presidential term in the United States. Since the vice president will serve as a liaison to Congress, we can expect",1,0,0,other_candidate_name,FALSE,FALSE,FALSE,FALSE,FALSE,FALSE,FALSE,FALSE,none,FALSE,,"[{""start"":7,""end"":12,""kind"":""other_candidate_name"",""text"":""Trump""}]",,FALSE,
2020,8,"Donald Trump is sworn in as president of the United States ... 20, 2021, with the start of a new term – for him, or someone else. ... With so much unclear about the upcoming presidential election, it's nice to know that there is one absolute ... However, they were emphatic that the president would serve for a .","January 20, 2021, is the start of the next presidential and vice-presidential term in the United States. Since the vice president will serve as a liaison to Congress, we can expect",1,1,1,other_candidate_name,FALSE,FALSE,FALSE,FALSE,FALSE,TRUE,FALSE,FALSE,none,TRUE,pasted_text,"[{""start"":7,""end"":12,""kind"":""other_candidate_name"",""text"":""Trump""},{""start"":108,""end"":111,""kind"":""he"",""text"":""him""},{""start"":174,""end"":186,""kind"":""other_office_np"",""text"":""presidential""},{""start"":255,""end"":259,""kind"":""they"",""text"":""they""},{""start"":279,""end"":292,""kind"":""other_office_np"",""text"":""the president""}]",,TRUE,coreference judged by hand; pasted-text judgment; long
2020,8,GOOD,"January 20, 2021, is the start of the next presidential and vice-presidential term in the United States. Since the vice president will serve as a liaison to Congress, we can expect",3,3,3,other,FALSE,FALSE,FALSE,FALSE,FALSE,FALSE,FALSE,FALSE,none,TRUE,single_word,[],,TRUE,single-word judgment; all caps; single word
2020,8,JOE BIDEN,"January 20, 2021, is the start of the next presidential and vice-presidential term in the United States. Since the vice president will serve as a liaison to Congress, we can expect",1,1,1,other_candidate_name,FALSE,FALSE,FALSE,FALSE,FALSE,FALSE,FALSE,FALSE,none,TRUE,doesnt_make_sense,"[{""start"":4,""end"":9,""kind"":""other_candidate_name"",""text"":""BIDEN""}]",,TRUE,all caps
2020,8,JOE BODEN,"January 20, 2021, is the start of the next presidential and vice-presidential term in the United States. Since the vice president will serve as a liaison to Congress, we can expect",1,1,1,other,FALSE,FALSE,FALSE,FALSE,FALSE,FALSE,FALSE,FALSE,none,TRUE,doesnt_make_sense,[],,TRUE,all caps
2020,8,"January 20, 2021","January 20, 2021, is the start of the next presidential and vice-presidential term in the United States. Since the vice president will serve as a liaison to Congress, we can expect",2,0,0,other,FALSE,FALSE,FALSE,FALSE,FALSE,FALSE,FALSE,FALSE,none,TRUE,copied_context,[],,FALSE,
2020,8,KAMAL HARRIS,"January 20, 2021, is the start of the next presidential and vice-presidential term in the United States. Since the vice president will serve as a liaison to Congress, we can expect",1,1,1,female_candidate_name,FALSE,FALSE,FALSE,FALSE,FALSE,FALSE,FALSE,FALSE,none,TRUE,doesnt_make_sense,"[{""start"":6,""end"":12,""kind"":""female_candidate_name"",""text"":""HARRIS""}]",,TRUE,all caps
2020,8,KAMALA HARRIS,"January 20, 2021, is the start of the next presidential and vice-presidential term in the United States. Since the vice president will serve as a liaison to Congress, we can expect",4,3,2,female_candidate_name,FALSE,FALSE,FALSE,FALSE,FALSE,FALSE,FALSE,FALSE,none,TRUE,doesnt_make_sense,"[{""start"":0,""end"":6,""kind"":""female_candidate_name"",""text"":""KAMALA""},{""start"":7,""end"":13,""kind"":""female_candidate_name"",""text"":""HARRIS""}]",,TRUE,all caps
2020,8,KAMALIA HARRIS,"January 20, 2021, is the start of the next presidential and vice-presidential term in the United States. Since the vice president will serve as a liaison to Congress, we can expect",1,0,0,female_candidate_name,FALSE,FALSE,FALSE,FALSE,FALSE,FALSE,FALSE,FALSE,none,FALSE,,"[{""start"":8,""end"":14,""kind"":""female_candidate_name"",""text"":""HARRIS""}]",,FALSE,
2020,8,Kamala Harris,"January 20, 2021, is the start of the next presidential and vice-presidential term in the United States. Since the vice president will serve as a liaison to Congress, we can expect",1,1,1,female_candidate_name,FALSE,FALSE,FALSE,FALSE,FALSE,FALSE,FALSE,FALSE,none,TRUE,single_word,"[{""start"":0,""end"":6,""kind"":""female_candidate_name"",""text"":""Kamala""},{""start"":7,""end"":13,""kind"":""female_candidate_name"",""text"":""Harris""}]",106,FALSE,
2020,8,Kamala Harris to enjoy meeting with her former colleaagues in the Senate,"January 20, 2021, is the start of the next presidential and vice-presidential term in the United States. Since the vice president will serve as a liaison to Congress, we can expect",1,1,1,female_candidate_name,TRUE,FALSE,FALSE,FALSE,FALSE,FALSE,FALSE,FALSE,she,FALSE,,"[{""start"":0,""end"":6,""kind"":""female_candidate_name"",""text"":""Kamala""},{""start"":7,""end"":13,""kind"":""female_candidate_name"",""text"":""Harris""},{""start"":36,""end"":39,""kind"":""she"",""text"":""her""}]",,FALSE,
2020,8,MAYBE,"January 20, 2021, is the start of the next presidential and vice-presidential term in the United States. Since the vice president will serve as a liaison to Congress, we can expect",1,1,1,other,FALSE,FALSE,FALSE,FALSE,FALSE,FALSE,FALSE,FALSE,none,TRUE,single_word,[],,TRUE,single-word judgment; all caps; single word
2020,8,MEET,"January 20, 2021, is the start of the next presidential and vice-presidential term in the United States. Since the vice president will serve as a liaison to Congress, we can expect",1,0,0,other,FALSE,FALSE,FALSE,FALSE,FALSE,FALSE,FALSE,FALSE,none,TRUE,single_word,[],,FALSE,
2020,8,MS,"January 20, 2021, is the start of the next presidential and vice-presidential term in the United States. Since the vice president will serve as a liaison to Congress, we can expect",1,1,1,other,FALSE,FALSE,FALSE,FALSE,FALSE,FALSE,FALSE,FALSE,none,TRUE,doesnt_make_sense,[],,TRUE,single-word judgment; all caps; single word
2020,8,NOTHING,"January 20, 2021, is the start of the next presidential and vice-presidential term in the United States. Since the vice president will serve as a liaison to Congress, we can expect",2,0,0,other,FALSE,FALSE,FALSE,FALSE,FALSE,FALSE,FALSE,FALSE,none,FALSE,,[],,FALSE,
2020,8,New chief executive,"January 20, 2021, is the start of the next presidential and vice-presidential term in the United States. Since the vice president will serve as a liaison to Congress, we can expect",1,0,0,other,FALSE,FALSE,FALSE,FALSE,FALSE,FALSE,FALSE,FALSE,none,FALSE,,[],,FALSE,
2020,8,PASTA,"January 20, 2021, is the start of the next presidential and vice-presidential term in the United States. Since the vice president will serve as a liaison to Congress, we can expect",1,0,0,other,FALSE,FALSE,FALSE,FALSE,FALSE,FALSE,FALSE,FALSE,none,TRUE,single_word,[],,FALSE,
2020,8,PROUD,"January 20, 2021, is the start of the next presidential and vice-presidential term in the United States. Since the vice president will serve as a liaison to Congress, we can expect",1,1,1,other,FALSE,FALSE,FALSE,FALSE,FALSE,FALSE,FALSE,FALSE,none,TRUE,single_word,[],,TRUE,single-word judgment; all caps; single word
2020,8,REPUBLICS,"January 20, 2021, is the start of the next presidential and vice-presidential term in the United States. Since the vice president will serve as a liaison to Congress, we can expect",1,1,1,other,FALSE,FALSE,FALSE,FALSE,FALSE,FALSE,FALSE,FALSE,none,TRUE,single_word,[],,TRUE,single-word judgment; all caps; single word
2020,8,Republicans to obstruct,"January 20, 2021, is the start of the next presidential and vice-presidential term in the United States. Since the vice president will serve as a liaison to Congress, we can expect",1,1,1,other,FALSE,FALSE,FALSE,FALSE,FALSE,FALSE,FALSE,FALSE,none,FALSE,,[],,FALSE,
2020,8,SOON,"January 20, 2021, is the start of the next presidential and vice-presidential term in the United States. Since the vice president will serve as a liaison to Congress, we can expect",1,0,0,other,FALSE,FALSE,FALSE,FALSE,FALSE,FALSE,FALSE,FALSE,none,TRUE,single_word,[],,FALSE,
2020,8,SUCCESS,"January 20, 2021, is the start of the next presidential and vice-presidential term in the United States. Since the vice president will serve as a liaison to Congress, we can expect",1,1,1,other,FALSE,FALSE,FALSE,FALSE,FALSE,FALSE,FALSE,FALSE,none,TRUE,doesnt_make_sense,[],,TRUE,single-word judgment; all caps; single word
2020,8,Senate frequently elected,"January 20, 2021, is the start of the next presidential and vice-presidential term in the United States. Since the vice president will serve as a liaison to Congress, we can expect",1,0,0,other,FALSE,FALSE,FALSE,FALSE,FALSE,FALSE,FALSE,FALSE,none,FALSE,,[],,FALSE,
2020,8,TO WIN.,"January 20, 2021, is the start of the next presidential and vice-presidential term in the United States. Since the vice president will serve as a liaison to Congress, we can expect",1,1,1,other,FALSE,FALSE,FALSE,FALSE,FALSE,FALSE,FALSE,FALSE,none,FALSE,,[],71,TRUE,all caps
2020,8,YES,"January 20, 2021, is the start of the next presidential and vice-presidential term in the United States. Since the vice president will serve as a liaison to Congress, we can expect",4,2,2,other,FALSE,FALSE,FALSE,FALSE,FALSE,FALSE,FALSE,FALSE,none,TRUE,filler_or_number,[],,TRUE,all caps; single word
2020,8,a good ruler.,"January 20, 2021, is the start of the next presidential and vice-presidential term in the United States. Since the vice president will serve as a liaison to Congress, we can expect",1,0,0,other,FALSE,FALSE,FALSE,FALSE,FALSE,FALSE,FALSE,FALSE,none,FALSE,,[],77,FALSE,
2020,8,a lot of responsibility for the vice president.,"January 20, 2021, is the start of the next presidential and vice-presidential term in the United States. Since the vice president will serve as a liaison to Congress, we can expect",1,0,0,target_office_np,FALSE,FALSE,FALSE,FALSE,FALSE,FALSE,FALSE,FALSE,none,FALSE,,"[{""start"":28,""end"":46,""kind"":""target_office_np"",""text"":""the vice president""}]",,FALSE,
2020,8,a more left-leaning agenda,"January 20, 2021, is the start of the next presidential and vice-presidential term in the United States. Since the vice president will serve as a liaison to Congress, we can expect",1,1,1,other,FALSE,FALSE,FALSE,FALSE,FALSE,FALSE,FALSE,FALSE,none,FALSE,,[],,FALSE,
2020,8,a new president,"January 20, 2021, is the start of the next presidential and vice-presidential term in the United States. Since the vice president will serve as a liaison to Congress, we can expect",1,1,1,other_office_np,FALSE,FALSE,FALSE,FALSE,FALSE,FALSE,FALSE,FALSE,none,FALSE,,"[{""start"":2,""end"":15,""kind"":""other_office_np"",""text"":""new president""}]",16,FALSE,
2020,8,a success,"January 20, 2021, is the start of the next presidential and vice-presidential term in the United States. Since the vice president will serve as a liaison to Congress, we can expect",1,0,0,other,FALSE,FALSE,FALSE,FALSE,FALSE,FALSE,FALSE,FALSE,none,FALSE,,[],,FALSE,
2020,8,agreements,"January 20, 2021, is the start of the next presidential and vice-presidential term in the United States. Since the vice president will serve as a liaison to Congress, we can expect",1,1,1,other,FALSE,FALSE,FALSE,FALSE,FALSE,FALSE,FALSE,FALSE,none,FALSE,,[],99,TRUE,single-word judgment; single word
2020,8,anything,"January 20, 2021, is the start of the next presidential and vice-presidential term in the United States. Since the vice president will serve as a liaison to Congress, we can expect",1,1,1,other,FALSE,FALSE,FALSE,FALSE,FALSE,FALSE,FALSE,FALSE,none,FALSE,,[],,TRUE,single-word judgment; single word
2020,8,change,"January 20, 2021, is the start of the next presidential and vice-presidential term in the United States. Since the vice president will serve as a liaison to Congress, we can expect",1,1,1,other,FALSE,FALSE,FALSE,FALSE,FALSE,FALSE,FALSE,FALSE,none,FALSE,,[],,TRUE,single-word judgment; single word
2020,8,communication between the White House and Congress to begin immediately.,"January 20, 2021, is the start of the next presidential and vice-presidential term in the United States. Since the vice president will serve as a liaison to Congress, we can expect",1,1,1,other,FALSE,FALSE,FALSE,FALSE,FALSE,FALSE,FALSE,FALSE,none,FALSE,,[],,FALSE,
2020,8,congress member to be elected as the President of US,"January 20, 2021, is the start of the next presidential and vice-presidential term in the United States. Since the vice president will serve as a liaison to Congress, we can expect",1,1,1,other_office_np,FALSE,FALSE,FALSE,FALSE,FALSE,FALSE,FALSE,FALSE,none,FALSE,,"[{""start"":33,""end"":46,""kind"":""other_office_np"",""text"":""the President""}]",,FALSE,
2020,8,congress to take great interest in the upcoming vote.,"January 20, 2021, is the start of the next presidential and vice-presidential term in the United States. Since the vice president will serve as a liaison to Congress, we can expect",1,1,1,other,FALSE,FALSE,FALSE,FALSE,FALSE,FALSE,FALSE,FALSE,none,FALSE,,[],,FALSE,
2020,8,donalth drumb,"January 20, 2021, is the start of the next presidential and vice-presidential term in the United States. Since the vice president will serve as a liaison to Congress, we can expect",1,0,0,other,FALSE,FALSE,FALSE,FALSE,FALSE,FALSE,FALSE,FALSE,none,FALSE,,[],,FALSE,
2020,8,"either a functional government, or a continuing flow in the wrong direction depending on who wins.","January 20, 2021, is the start of the next presidential and vice-presidential term in the United States. Since the vice president will serve as a liaison to Congress, we can expect",1,1,1,other,FALSE,FALSE,FALSE,FALSE,FALSE,FALSE,FALSE,FALSE,none,FALSE,,[],,TRUE,long
2020,8,election,"January 20, 2021, is the start of the next presidential and vice-presidential term in the United States. Since the vice president will serve as a liaison to Congress, we can expect",1,0,0,other,FALSE,FALSE,FALSE,FALSE,FALSE,FALSE,FALSE,FALSE,none,TRUE,single_word,[],,FALSE,
2020,8,everything from him.,"January 20, 2021, is the start of the next presidential and vice-presidential term in the United States. Since the vice president will serve as a liaison to Congress, we can expect",1,0,0,he,FALSE,TRUE,FALSE,FALSE,FALSE,FALSE,FALSE,FALSE,he,FALSE,,"[{""start"":16,""end"":19,""kind"":""he"",""text"":""him""}]",,FALSE,
2020,8,full cooperation.,"January 20, 2021, is the start of the next presidential and vice-presidential term in the United States. Since the vice president will serve as a liaison to Congress, we can expect",1,1,1,other,FALSE,FALSE,FALSE,FALSE,FALSE,FALSE,FALSE,FALSE,none,FALSE,,[],,FALSE,
2020,8,good,"January 20, 2021, is the start of the next presidential and vice-presidential term in the United States. Since the vice president will serve as a liaison to Congress, we can expect",1,0,0,other,FALSE,FALSE,FALSE,FALSE,FALSE,FALSE,FALSE,FALSE,none,FALSE,,[],,FALSE,
2020,8,good leader,"January 20, 2021, is the start of the next presidential and vice-presidential term in the United States. Since the vice president will serve as a liaison to Congress, we can expect",1,0,0,other,FALSE,FALSE,FALSE,FALSE,FALSE,FALSE,FALSE,FALSE,none,FALSE,,[],,FALSE,
2020,8,good relations between Kamala Harris and her previous colleagues on Capitol Hill.,"January 20, 2021, is the start of the next presidential and vice-presidential term in the United States. Since the vice president will serve as a liaison to Congress, we can expect",1,1,1,female_candidate_name,TRUE,FALSE,FALSE,FALSE,FALSE,FALSE,FALSE,FALSE,she,FALSE,,"[{""start"":23,""end"":29,""kind"":""female_candidate_name"",""text"":""Kamala""},{""start"":30,""end"":36,""kind"":""female_candidate_name"",""text"":""Harris""},{""start"":41,""end"":44,""kind"":""she"",""text"":""her""}]",,FALSE,
2020,8,great things.,"January 20, 2021, is the start of the next presidential and vice-presidential term in the United States. Since the vice president will serve as a liaison to Congress, we can expect",1,0,0,other,FALSE,FALSE,FALSE,FALSE,FALSE,FALSE,FALSE,FALSE,none,FALSE,,[],,FALSE,
2020,8,her,"January 20, 2021, is the start of the next presidential and vice-presidential term in the United States. Since the vice president will serve as a liaison to Congress, we can expect",1,0,0,she,TRUE,FALSE,FALSE,FALSE,FALSE,FALSE,FALSE,FALSE,she,FALSE,,"[{""start"":0,""end"":3,""kind"":""she"",""text"":""her""}]",,FALSE,
2020,8,her to be very busy.,"January 20, 2021, is the start of the next presidential and vice-presidential term in the United States. Since the vice president will serve as a liaison to Congress, we can expect",1,0,0,she,TRUE,FALSE,FALSE,FALSE,FALSE,FALSE,FALSE,FALSE,she,FALSE,,"[{""start"":0,""end"":3,""kind"":""she"",""text"":""her""}]",,FALSE,
2020,8,her to communication the desires of the President.,"January 20, 2021, is the start of the next presidential and vice-presidential term in the United States. Since the vice president will serve as a liaison to Congress, we can expect",1,1,1,she,TRUE,FALSE,FALSE,FALSE,FALSE,FALSE,FALSE,FALSE,she,FALSE,,"[{""start"":0,""end"":3,""kind"":""she"",""text"":""her""},{""start"":36,""end"":49,""kind"":""other_office_np"",""text"":""the President""}]",,TRUE,coreference judged by hand
2020,8,her to hold many meetings with congress members.,"January 20, 2021, is the start of the next presidential and vice-presidential term in the United States. Since the vice president will serve as a liaison to Congress, we can expect",1,0,0,she,TRUE,FALSE,FALSE,FALSE,FALSE,FALSE,FALSE,FALSE,she,FALSE,,"[{""start"":0,""end"":3,""kind"":""she"",""text"":""her""}]",,FALSE,
2020,8,her to meet with Congress members frequently,"January 20, 2021, is the start of the next presidential and vice-presidential term in the United States. Since the vice president will serve as a liaison to Congress, we can expect",1,0,0,she,TRUE,FALSE,FALSE,FALSE,FALSE,FALSE,FALSE,FALSE,she,FALSE,,"[{""start"":0,""end"":3,""kind"":""she"",""text"":""her""}]",,FALSE,
2020,8,her to try her best.,"January 20, 2021, is the start of the next presidential and vice-presidential term in the United States. Since the vice president will serve as a liaison to Congress, we can expect",1,0,0,she,TRUE,FALSE,FALSE,FALSE,FALSE,FALSE,FALSE,FALSE,she,FALSE,,"[{""start"":0,""end"":3,""kind"":""she"",""text"":""her""},{""start"":11,""end"":14,""kind"":""she"",""text"":""her""}]",,FALSE,
2020,8,him or her to be very busy.,"January 20, 2021, is the start of the next presidential and vice-presidential term in the United States. Since the vice president will serve as a liaison to Congress, we can expect",1,0,0,hedged,FALSE,FALSE,FALSE,TRUE,FALSE,FALSE,FALSE,FALSE,hedged,FALSE,,"[{""start"":0,""end"":10,""kind"":""hedged"",""text"":""him or her""}]",,FALSE,
2020,8,him to meet the leadership,"January 20, 2021, is the start of the next presidential and vice-presidential term in the United States. Since the vice president will serve as a liaison to Congress, we can expect",1,0,0,he,FALSE,TRUE,FALSE,FALSE,FALSE,FALSE,FALSE,FALSE,he,FALSE,,"[{""start"":0,""end"":3,""kind"":""he"",""text"":""him""}]",,FALSE,
2020,8,kamala Harris,"January 20, 2021, is the start of the next presidential and vice-presidential term in the United States. Since the vice president will serve as a liaison to Congress, we can expect",1,0,0,female_candidate_name,FALSE,FALSE,FALSE,FALSE,FALSE,FALSE,FALSE,FALSE,none,FALSE,,"[{""start"":0,""end"":6,""kind"":""female_candidate_name"",""text"":""kamala""},{""start"":7,""end"":13,""kind"":""female_candidate_name"",""text"":""Harris""}]",,FALSE,
2020,8,kamala harris,"January 20, 2021, is the start of the next presidential and vice-presidential term in the United States. Since the vice president will serve as a liaison to Congress, we can expect",3,0,0,female_candidate_name,FALSE,FALSE,FALSE,FALSE,FALSE,FALSE,FALSE,FALSE,none,FALSE,,"[{""start"":0,""end"":6,""kind"":""female_candidate_name"",""text"":""kamala""},{""start"":7,""end"":13,""kind"":""female_candidate_name"",""text"":""harris""}]",,FALSE,
2020,8,lots of candidates.,"January 20, 2021, is the start of the next presidential and vice-presidential term in the United States. Since the vice president will serve as a liaison to Congress, we can expect",1,1,0,other,FALSE,FALSE,FALSE,FALSE,FALSE,FALSE,FALSE,FALSE,none,FALSE,,[],,FALSE,
2020,8,lots of controversy,"January 20, 2021, is the start of the next presidential and vice-presidential term in the United States. Since the vice president will serve as a liaison to Congress, we can expect",1,1,1,other,FALSE,FALSE,FALSE,FALSE,FALSE,FALSE,FALSE,FALSE,none,FALSE,,[],,FALSE,
2020,8,many congressmen to try to form an alliance with the new Vice-President.,"January 20, 2021, is the start of the next presidential and vice-presidential term in the United States. Since the vice president will serve as a liaison to Congress, we can expect",1,1,1,target_office_np,FALSE,FALSE,FALSE,FALSE,FALSE,FALSE,FALSE,FALSE,none,FALSE,,"[{""start"":53,""end"":71,""kind"":""target_office_np"",""text"":""new Vice-President""}]",,FALSE,
2020,8,many stories about their relationship in the coming months.,"January 20, 2021, is the start of the next presidential and vice-presidential term in the United States. Since the vice president will serve as a liaison to Congress, we can expect",1,0,0,they,FALSE,FALSE,TRUE,FALSE,FALSE,FALSE,FALSE,FALSE,they,FALSE,,"[{""start"":19,""end"":24,""kind"":""they"",""text"":""their""}]",,FALSE,
2020,8,more of the same.,"January 20, 2021, is the start of the next presidential and vice-presidential term in the United States. Since the vice president will serve as a liaison to Congress, we can expect",1,0,0,other,FALSE,FALSE,FALSE,FALSE,FALSE,FALSE,FALSE,FALSE,none,FALSE,,[],48,FALSE,
2020,8,much discussion of VP political moves.,"January 20, 2021, is the start of the next presidential and vice-presidential term in the United States. Since the vice president will serve as a liaison to Congress, we can expect",1,0,0,target_office_np,FALSE,FALSE,FALSE,FALSE,FALSE,FALSE,FALSE,FALSE,none,FALSE,,"[{""start"":16,""end"":21,""kind"":""target_office_np"",""text"":""of VP""}]",,FALSE,
2020,8,new changes,"January 20, 2021, is the start of the next presidential and vice-presidential term in the United States. Since the vice president will serve as a liaison to Congress, we can expect",1,1,1,other,FALSE,FALSE,FALSE,FALSE,FALSE,FALSE,FALSE,FALSE,none,FALSE,,[],,FALSE,
2020,8,next presidential,"January 20, 2021, is the start of the next presidential and vice-presidential term in the United States. Since the vice president will serve as a liaison to Congress, we can expect",7,0,0,other_office_np,FALSE,FALSE,FALSE,FALSE,FALSE,FALSE,FALSE,FALSE,none,TRUE,copied_context,"[{""start"":5,""end"":17,""kind"":""other_office_np"",""text"":""presidential""}]",,FALSE,
2020,8,presidential,"January 20, 2021, is the start of the next presidential and vice-presidential term in the United States. Since the vice president will serve as a liaison to Congress, we can expect",1,0,0,other_office_np,FALSE,FALSE,FALSE,FALSE,FALSE,FALSE,FALSE,FALSE,none,TRUE,single_word,"[{""start"":0,""end"":12,""kind"":""other_office_np"",""text"":""presidential""}]",,FALSE,
2020,8,she will do her best to bridge the gap,"January 20, 2021, is the start of the next presidential and vice-presidential term in the United States. Since the vice president will serve as a liaison to Congress, we can expect",1,0,0,she,TRUE,FALSE,FALSE,FALSE,FALSE,FALSE,FALSE,FALSE,she,FALSE,,"[{""start"":0,""end"":3,""kind"":""she"",""text"":""she""},{""start"":12,""end"":15,""kind"":""she"",""text"":""her""}]",,FALSE,
2020,8,some growing pains,"January 20, 2021, is the start of the next presidential and vice-presidential term in the United States. Since the vice president will serve as a liaison to Congress, we can expect",1,1,1,other,FALSE,FALSE,FALSE,FALSE,FALSE,FALSE,FALSE,FALSE,none,FALSE,,[],,FALSE,
2020,8,start a new term,"January 20, 2021, is the start of the next presidential and vice-presidential term in the United States. Since the vice president will serve as a liaison to Congress, we can expect",1,0,0,other,FALSE,FALSE,FALSE,FALSE,FALSE,FALSE,FALSE,FALSE,none,FALSE,,[],,FALSE,
2020,8,that she will be very busy.,"January 20, 2021, is the start of the next presidential and vice-presidential term in the United States. Since the vice president will serve as a liaison to Congress, we can expect",1,0,0,she,TRUE,FALSE,FALSE,FALSE,FALSE,FALSE,FALSE,FALSE,she,FALSE,,"[{""start"":5,""end"":8,""kind"":""she"",""text"":""she""}]",,FALSE,
2020,8,that she will have to foster good relations between the parties.,"January 20, 2021, is the start of the next presidential and vice-presidential term in the United States. Since the vice president will serve as a liaison to Congress, we can expect",1,0,0,she,TRUE,FALSE,FALSE,FALSE,FALSE,FALSE,FALSE,FALSE,she,FALSE,,"[{""start"":5,""end"":8,""kind"":""she"",""text"":""she""}]",,FALSE,
2020,8,that would help in all ways.,"January 20, 2021, is the start of the next presidential and vice-presidential term in the United States. Since the vice president will serve as a liaison to Congress, we can expect",1,1,0,other,FALSE,FALSE,FALSE,FALSE,FALSE,FALSE,FALSE,FALSE,none,FALSE,,[],,FALSE,
2020,8,the president to be ready to start making important decisions immediately.,"January 20, 2021, is the start of the next presidential and vice-presidential term in the United States. Since the vice president will serve as a liaison to Congress, we can expect",1,1,1,other_office_np,FALSE,FALSE,FALSE,FALSE,FALSE,FALSE,FALSE,FALSE,none,FALSE,,"[{""start"":0,""end"":13,""kind"":""other_office_np"",""text"":""the president""}]",,FALSE,
2020,8,the vice president and the congress to have frequent meetings towards setting priorities.,"January 20, 2021, is the start of the next presidential and vice-presidential term in the United States. Since the vice president will serve as a liaison to Congress, we can expect",1,0,0,target_office_np,FALSE,FALSE,FALSE,FALSE,FALSE,FALSE,FALSE,FALSE,none,FALSE,,"[{""start"":0,""end"":18,""kind"":""target_office_np"",""text"":""the vice president""}]",,FALSE,
2020,8,the vice president to frequently meet with the leadership,"January 20, 2021, is the start of the next presidential and vice-presidential term in the United States. Since the vice president will serve as a liaison to Congress, we can expect",1,0,0,target_office_np,FALSE,FALSE,FALSE,FALSE,FALSE,FALSE,FALSE,FALSE,none,FALSE,,"[{""start"":0,""end"":18,""kind"":""target_office_np"",""text"":""the vice president""}]",125,FALSE,
2020,8,the vice president to schedule a meeting with the Congressional leaders.,"January 20, 2021, is the start of the next presidential and vice-presidential term in the United States. Since the vice president will serve as a liaison to Congress, we can expect",1,1,1,target_office_np,FALSE,FALSE,FALSE,FALSE,FALSE,FALSE,FALSE,FALSE,none,FALSE,,"[{""start"":0,""end"":18,""kind"":""target_office_np"",""text"":""the vice president""}]",,FALSE,
2020,8,the vice president will play an important role throughout their term.,"January 20, 2021, is the start of the next presidential and vice-presidential term in the United States. Since the vice president will serve as a liaison to Congress, we can expect",1,1,1,target_office_np,FALSE,FALSE,TRUE,FALSE,FALSE,FALSE,FALSE,FALSE,they,FALSE,,"[{""start"":0,""end"":18,""kind"":""target_office_np"",""text"":""the vice president""},{""start"":58,""end"":63,""kind"":""they"",""text"":""their""}]",,FALSE,
2020,8,"the vice-president to work with Congress on January 20, 2021.","January 20, 2021, is the start of the next presidential and vice-presidential term in the United States. Since the vice president will serve as a liaison to Congress, we can expect",1,1,1,target_office_np,FALSE,FALSE,FALSE,FALSE,FALSE,FALSE,FALSE,FALSE,none,FALSE,,"[{""start"":0,""end"":18,""kind"":""target_office_np"",""text"":""the vice-president""}]",,FALSE,
2020,8,them to get to work right away for the American people.,"January 20, 2021, is the start of the next presidential and vice-presidential term in the United States. Since the vice president will serve as a liaison to Congress, we can expect",1,0,0,they,FALSE,FALSE,TRUE,FALSE,FALSE,FALSE,FALSE,FALSE,they,FALSE,,"[{""start"":0,""end"":4,""kind"":""they"",""text"":""them""}]",,FALSE,
2020,8,them to take office together.,"January 20, 2021, is the start of the next presidential and vice-presidential term in the United States. Since the vice president will serve as a liaison to Congress, we can expect",1,0,0,they,FALSE,FALSE,TRUE,FALSE,FALSE,FALSE,FALSE,FALSE,they,FALSE,,"[{""start"":0,""end"":4,""kind"":""they"",""text"":""them""}]",,FALSE,
2020,8,then to shake things up.,"January 20, 2021, is the start of the next presidential and vice-presidential term in the United States. Since the vice president will serve as a liaison to Congress, we can expect",1,1,1,other,FALSE,FALSE,FALSE,FALSE,FALSE,FALSE,FALSE,FALSE,none,FALSE,,[],39,FALSE,
2020,8,there to be better relations between the executive and legislative branches.,"January 20, 2021, is the start of the next presidential and vice-presidential term in the United States. Since the vice president will serve as a liaison to Congress, we can expect",1,1,1,other,FALSE,FALSE,FALSE,FALSE,FALSE,FALSE,FALSE,FALSE,none,FALSE,,[],,FALSE,
2020,8,to see much media coverage of the VP,"January 20, 2021, is the start of the next presidential and vice-presidential term in the United States. Since the vice president will serve as a liaison to Congress, we can expect",1,0,0,target_office_np,FALSE,FALSE,FALSE,FALSE,FALSE,FALSE,FALSE,FALSE,none,FALSE,,"[{""start"":30,""end"":36,""kind"":""target_office_np"",""text"":""the VP""}]",,FALSE,
2020,8,truth and loyality,"January 20, 2021, is the start of the next presidential and vice-presidential term in the United States. Since the vice president will serve as a liaison to Congress, we can expect",1,0,0,other,FALSE,FALSE,FALSE,FALSE,FALSE,FALSE,FALSE,FALSE,none,FALSE,,[],,FALSE,
2020,8,vice president,"January 20, 2021, is the start of the next presidential and vice-presidential term in the United States. Since the vice president will serve as a liaison to Congress, we can expect",1,1,1,target_office_np,FALSE,FALSE,FALSE,FALSE,FALSE,FALSE,FALSE,FALSE,none,FALSE,,"[{""start"":0,""end"":14,""kind"":""target_office_np"",""text"":""vice president""}]",,FALSE,
2020,8,"while the 22nd Amendment, concerns qualifications for election, and thus (strictly applying the text) a former two-term president is still eligible to serve as vice president","January 20, 2021, is the start of the next presidential and vice-presidential term in the United States. Since the vice president will serve as a liaison to Congress, we can expect",1,0,0,other,FALSE,FALSE,FALSE,FALSE,FALSE,FALSE,FALSE,FALSE,none,TRUE,pasted_text,[],,FALSE,
2020,8,yes,"January 20, 2021, is the start of the next presidential and vice-presidential term in the United States. Since the vice president will serve as a liaison to Congress, we can expect",1,0,0,other,FALSE,FALSE,FALSE,FALSE,FALSE,FALSE,FALSE,FALSE,none,TRUE,filler_or_number,[],,FALSE,
2020,9,,"January 20, 2021, is the start of the next presidential and vice-presidential term in the United States. The vice president may or may not make many public appearances in February or March 2021, but surely",19,2,2,blank,FALSE,FALSE,FALSE,FALSE,FALSE,FALSE,FALSE,FALSE,none,TRUE,blank,[],,FALSE,
2020,9,1,"January 20, 2021, is the start of the next presidential and vice-presidential term in the United States. The vice president may or may not make many public appearances in February or March 2021, but surely",9,0,0,other,FALSE,FALSE,FALSE,FALSE,FALSE,FALSE,FALSE,FALSE,none,TRUE,filler_or_number,[],,FALSE,
2020,9,2,"January 20, 2021, is the start of the next presidential and vice-presidential term in the United States. The vice president may or may not make many public appearances in February or March 2021, but surely",1,0,0,other,FALSE,FALSE,FALSE,FALSE,FALSE,FALSE,FALSE,FALSE,none,TRUE,filler_or_number,[],,FALSE,
2020,9,33,"January 20, 2021, is the start of the next presidential and vice-presidential term in the United States. The vice president may or may not make many public appearances in February or March 2021, but surely",1,1,1,other,FALSE,FALSE,FALSE,FALSE,FALSE,FALSE,FALSE,FALSE,none,TRUE,filler_or_number,[],,FALSE,
2020,9,34,"January 20, 2021, is the start of the next presidential and vice-presidential term in the United States. The vice president may or may not make many public appearances in February or March 2021, but surely",3,0,0,other,FALSE,FALSE,FALSE,FALSE,FALSE,FALSE,FALSE,FALSE,none,TRUE,filler_or_number,[],,FALSE,
2020,9,April,"January 20, 2021, is the start of the next presidential and vice-presidential term in the United States. The vice president may or may not make many public appearances in February or March 2021, but surely",1,1,1,other,FALSE,FALSE,FALSE,FALSE,FALSE,FALSE,FALSE,FALSE,none,TRUE,single_word,[],,TRUE,single-word judgment; single word
2020,9,April 2021,"January 20, 2021, is the start of the next presidential and vice-presidential term in the United States. The vice president may or may not make many public appearances in February or March 2021, but surely",1,1,1,other,FALSE,FALSE,FALSE,FALSE,FALSE,FALSE,FALSE,FALSE,none,FALSE,,[],,FALSE,
2020,9,COME UP,"January 20, 2021, is the start of the next presidential and vice-presidential term in the United States. The vice president may or may not make many public appearances in February or March 2021, but surely",1,0,0,other,FALSE,FALSE,FALSE,FALSE,FALSE,FALSE,FALSE,FALSE,none,FALSE,,[],,FALSE,
2020,9,FINE,"January 20, 2021, is the start of the next presidential and vice-presidential term in the United States. The vice president may or may not make many public appearances in February or March 2021, but surely",1,1,1,other,FALSE,FALSE,FALSE,FALSE,FALSE,FALSE,FALSE,FALSE,none,TRUE,single_word,[],46,TRUE,single-word judgment; all caps; single word
2020,9,GOOD,"January 20, 2021, is the start of the next presidential and vice-presidential term in the United States. The vice president may or may not make many public appearances in February or March 2021, but surely",1,1,1,other,FALSE,FALSE,FALSE,FALSE,FALSE,FALSE,FALSE,FALSE,none,TRUE,single_word,[],,TRUE,single-word judgment; all caps; single word
2020,9,HE WILL BE ACTIVE,"January 20, 2021, is the start of the next presidential and vice-presidential term in the United States. The vice president may or may not make many public appearances in February or March 2021, but surely",1,1,1,he,FALSE,TRUE,FALSE,FALSE,FALSE,FALSE,FALSE,FALSE,he,FALSE,,"[{""start"":0,""end"":2,""kind"":""he"",""text"":""HE""}]",,TRUE,all caps
2020,9,Hilary,"January 20, 2021, is the start of the next presidential and vice-presidential term in the United States. The vice president may or may not make many public appearances in February or March 2021, but surely",1,1,0,other,FALSE,FALSE,FALSE,FALSE,FALSE,FALSE,FALSE,FALSE,none,TRUE,single_word,[],,TRUE,single-word judgment; single word
2020,9,In June or July he will give some press conferences.,"January 20, 2021, is the start of the next presidential and vice-presidential term in the United States. The vice president may or may not make many public appearances in February or March 2021, but surely",1,1,1,he,FALSE,TRUE,FALSE,FALSE,FALSE,FALSE,FALSE,FALSE,he,FALSE,,"[{""start"":16,""end"":18,""kind"":""he"",""text"":""he""}]",,FALSE,
2020,9,JOE BIDEN,"January 20, 2021, is the start of the next presidential and vice-presidential term in the United States. The vice president may or may not make many public appearances in February or March 2021, but surely",2,0,0,other_candidate_name,FALSE,FALSE,FALSE,FALSE,FALSE,FALSE,FALSE,FALSE,none,FALSE,,"[{""start"":4,""end"":9,""kind"":""other_candidate_name"",""text"":""BIDEN""}]",,FALSE,
2020,9,"January 20, 2021","January 20, 2021, is the start of the next presidential and vice-presidential term in the United States. The vice president may or may not make many public appearances in February or March 2021, but surely",1,0,0,other,FALSE,FALSE,FALSE,FALSE,FALSE,FALSE,FALSE,FALSE,none,TRUE,copied_context,[],,FALSE,
2020,9,Joe,"January 20, 2021, is the start of the next presidential and vice-presidential term in the United States. The vice president may or may not make many public appearances in February or March 2021, but surely",1,1,0,other,FALSE,FALSE,FALSE,FALSE,FALSE,FALSE,FALSE,FALSE,none,TRUE,doesnt_make_sense,[],,TRUE,single-word judgment; single word
2020,9,Joe britin,"January 20, 2021, is the start of the next presidential and vice-presidential term in the United States. The vice president may or may not make many public appearances in February or March 2021, but surely",1,1,1,other,FALSE,FALSE,FALSE,FALSE,FALSE,FALSE,FALSE,FALSE,none,FALSE,,[],,FALSE,
2020,9,KAALA HARRIS,"January 20, 2021, is the start of the next presidential and vice-presidential term in the United States. The vice president may or may not make many public appearances in February or March 2021, but surely",1,0,0,female_candidate_name,FALSE,FALSE,FALSE,FALSE,FALSE,FALSE,FALSE,FALSE,none,FALSE,,"[{""start"":6,""end"":12,""kind"":""female_candidate_name"",""text"":""HARRIS""}]",,FALSE,
2020,9,KAMALA HARRIS,"January 20, 2021, is the start of the next presidential and vice-presidential term in the United States. The vice president may or may not make many public appearances in February or March 2021, but surely",3,1,1,female_candidate_name,FALSE,FALSE,FALSE,FALSE,FALSE,FALSE,FALSE,FALSE,none,TRUE,doesnt_make_sense,"[{""start"":0,""end"":6,""kind"":""female_candidate_name"",""text"":""KAMALA""},{""start"":7,""end"":13,""kind"":""female_candidate_name"",""text"":""HARRIS""}]",,TRUE,all caps
2020,9,NO,"January 20, 2021, is the start of the next presidential and vice-presidential term in the United States. The vice president may or may not make many public appearances in February or March 2021, but surely",1,0,0,other,FALSE,FALSE,FALSE,FALSE,FALSE,FALSE,FALSE,FALSE,none,TRUE,filler_or_number,[],,FALSE,
2020,9,OK,"January 20, 2021, is the start of the next presidential and vice-presidential term in the United States. The vice president may or may not make many public appearances in February or March 2021, but surely",1,0,0,other,FALSE,FALSE,FALSE,FALSE,FALSE,FALSE,FALSE,FALSE,none,TRUE,filler_or_number,[],,FALSE,
2020,9,"President Trump and Democratic nominee Joe Biden have wrapped their second and final debate of the 2020 campaign. The debate covered the novel coronavirus and the federal government’s response; national security, the election and China; American families, poverty and federal relief; immigration; race in America; and climate change. The final question to each candidate was on what they would say at a 2021 inauguration to Americans who did not vote for them.","January 20, 2021, is the start of the next presidential and vice-presidential term in the United States. The vice president may or may not make many public appearances in February or March 2021, but surely",1,0,0,other_candidate_name,FALSE,FALSE,FALSE,FALSE,FALSE,FALSE,FALSE,FALSE,none,TRUE,pasted_text,"[{""start"":10,""end"":15,""kind"":""other_candidate_name"",""text"":""Trump""},{""start"":43,""end"":48,""kind"":""other_candidate_name"",""text"":""Biden""},{""start"":62,""end"":67,""kind"":""they"",""text"":""their""},{""start"":383,""end"":387,""kind"":""they"",""text"":""they""},{""start"":455,""end"":459,""kind"":""they"",""text"":""them""}]",,FALSE,
2020,9,SOME ONE WIN,"January 20, 2021, is the start of the next presidential and vice-presidential term in the United States. The vice president may or may not make many public appearances in February or March 2021, but surely",1,1,1,other,FALSE,FALSE,FALSE,FALSE,FALSE,FALSE,FALSE,FALSE,none,FALSE,,[],,TRUE,all caps
2020,9,TERMS IN US,"January 20, 2021, is the start of the next presidential and vice-presidential term in the United States. The vice president may or may not make many public appearances in February or March 2021, but surely",1,1,0,other,FALSE,FALSE,FALSE,FALSE,FALSE,FALSE,FALSE,FALSE,none,TRUE,doesnt_make_sense,[],,TRUE,all caps
2020,9,THE PRESIDENT WILL,"January 20, 2021, is the start of the next presidential and vice-presidential term in the United States. The vice president may or may not make many public appearances in February or March 2021, but surely",1,1,1,other_office_np,FALSE,FALSE,FALSE,FALSE,FALSE,FALSE,FALSE,FALSE,none,FALSE,,"[{""start"":0,""end"":13,""kind"":""other_office_np"",""text"":""THE PRESIDENT""}]",,TRUE,all caps
2020,9,VOTED,"January 20, 2021, is the start of the next presidential and vice-presidential term in the United States. The vice president may or may not make many public appearances in February or March 2021, but surely",1,0,0,other,FALSE,FALSE,FALSE,FALSE,FALSE,FALSE,FALSE,FALSE,none,TRUE,single_word,[],,FALSE,
2020,9,Vice President Mike Pence will make a public appearance in February of 2021.,"January 20, 2021, is the start of the next presidential and vice-presidential term in the United States. The vice president may or may not make many public appearances in February or March 2021, but surely",1,1,1,male_candidate_name,FALSE,FALSE,FALSE,FALSE,FALSE,FALSE,FALSE,FALSE,none,FALSE,,"[{""start"":20,""end"":25,""kind"":""male_candidate_name"",""text"":""Pence""}]",,FALSE,
2020,9,WE WILL BE FINE,"January 20, 2021, is the start of the next presidential and vice-presidential term in the United States. The vice president may or may not make many public appearances in February or March 2021, but surely",1,0,0,other,FALSE,FALSE,FALSE,FALSE,FALSE,FALSE,FALSE,FALSE,none,FALSE,,[],,FALSE,
2020,9,WILL BE VICE PRESIDENT,"January 20, 2021, is the start of the next presidential and vice-presidential term in the United States. The vice president may or may not make many public appearances in February or March 2021, but surely",1,1,1,other,FALSE,FALSE,FALSE,FALSE,FALSE,FALSE,FALSE,FALSE,none,TRUE,doesnt_make_sense,[],,TRUE,all caps
2020,9,WIN JOE BIDEN,"January 20, 2021, is the start of the next presidential and vice-presidential term in the United States. The vice president may or may not make many public appearances in February or March 2021, but surely",1,0,0,other_candidate_name,FALSE,FALSE,FALSE,FALSE,FALSE,FALSE,FALSE,FALSE,none,FALSE,,"[{""start"":8,""end"":13,""kind"":""other_candidate_name"",""text"":""BIDEN""}]",,FALSE,
2020,9,YES,"January 20, 2021, is the start of the next presidential and vice-presidential term in the United States. The vice president may or may not make many public appearances in February or March 2021, but surely",7,2,1,other,FALSE,FALSE,FALSE,FALSE,FALSE,FALSE,FALSE,FALSE,none,TRUE,filler_or_number,[],,TRUE,all caps; single word
2020,9,certainly not a pandemic — but I just trust ... [February and March],"January 20, 2021, is the start of the next presidential and vice-presidential term in the United States. The vice president may or may not make many public appearances in February or March 2021, but surely",1,1,1,other,FALSE,FALSE,FALSE,FALSE,FALSE,FALSE,FALSE,FALSE,none,FALSE,,[],,FALSE,
2020,9,donald drumb,"January 20, 2021, is the start of the next presidential and vice-presidential term in the United States. The vice president may or may not make many public appearances in February or March 2021, but surely",1,0,0,other,FALSE,FALSE,FALSE,FALSE,FALSE,FALSE,FALSE,FALSE,none,FALSE,,[],,FALSE,
2020,9,elected president and vice-president term.,"January 20, 2021, is the start of the next presidential and vice-presidential term in the United States. The vice president may or may not make many public appearances in February or March 2021, but surely",1,0,0,other,FALSE,FALSE,FALSE,FALSE,FALSE,FALSE,FALSE,FALSE,none,FALSE,,[],,FALSE,
2020,9,have major role in all events.,"January 20, 2021, is the start of the next presidential and vice-presidential term in the United States. The vice president may or may not make many public appearances in February or March 2021, but surely",1,1,0,other,FALSE,FALSE,FALSE,FALSE,FALSE,FALSE,FALSE,FALSE,none,FALSE,,[],,FALSE,
2020,9,he will be an important figure for years to come.,"January 20, 2021, is the start of the next presidential and vice-presidential term in the United States. The vice president may or may not make many public appearances in February or March 2021, but surely",1,0,0,he,FALSE,TRUE,FALSE,FALSE,FALSE,FALSE,FALSE,FALSE,he,FALSE,,"[{""start"":0,""end"":2,""kind"":""he"",""text"":""he""}]",,FALSE,
2020,9,he will be present by the spring.,"January 20, 2021, is the start of the next presidential and vice-presidential term in the United States. The vice president may or may not make many public appearances in February or March 2021, but surely",1,1,1,he,FALSE,TRUE,FALSE,FALSE,FALSE,FALSE,FALSE,FALSE,he,FALSE,,"[{""start"":0,""end"":2,""kind"":""he"",""text"":""he""}]",,FALSE,
2020,9,he will be win,"January 20, 2021, is the start of the next presidential and vice-presidential term in the United States. The vice president may or may not make many public appearances in February or March 2021, but surely",1,1,1,he,FALSE,TRUE,FALSE,FALSE,FALSE,FALSE,FALSE,FALSE,he,FALSE,,"[{""start"":0,""end"":2,""kind"":""he"",""text"":""he""}]",,FALSE,
2020,9,he will come.,"January 20, 2021, is the start of the next presidential and vice-presidential term in the United States. The vice president may or may not make many public appearances in February or March 2021, but surely",1,1,0,he,FALSE,TRUE,FALSE,FALSE,FALSE,FALSE,FALSE,FALSE,he,FALSE,,"[{""start"":0,""end"":2,""kind"":""he"",""text"":""he""}]",,FALSE,
2020,9,he will make an impact in future decisions,"January 20, 2021, is the start of the next presidential and vice-presidential term in the United States. The vice president may or may not make many public appearances in February or March 2021, but surely",1,1,0,he,FALSE,TRUE,FALSE,FALSE,FALSE,FALSE,FALSE,FALSE,he,FALSE,,"[{""start"":0,""end"":2,""kind"":""he"",""text"":""he""}]",,FALSE,
2020,9,he will make at least one.,"January 20, 2021, is the start of the next presidential and vice-presidential term in the United States. The vice president may or may not make many public appearances in February or March 2021, but surely",1,1,1,he,FALSE,TRUE,FALSE,FALSE,FALSE,FALSE,FALSE,FALSE,he,FALSE,,"[{""start"":0,""end"":2,""kind"":""he"",""text"":""he""}]",,FALSE,
2020,9,he will make himself known as the race for president culminates,"January 20, 2021, is the start of the next presidential and vice-presidential term in the United States. The vice president may or may not make many public appearances in February or March 2021, but surely",1,1,1,he,FALSE,TRUE,FALSE,FALSE,FALSE,FALSE,FALSE,FALSE,he,FALSE,,"[{""start"":0,""end"":2,""kind"":""he"",""text"":""he""},{""start"":13,""end"":20,""kind"":""he"",""text"":""himself""}]",23,TRUE,coreference judged by hand
2020,9,he will meet the congress leadership,"January 20, 2021, is the start of the next presidential and vice-presidential term in the United States. The vice president may or may not make many public appearances in February or March 2021, but surely",1,0,0,he,FALSE,TRUE,FALSE,FALSE,FALSE,FALSE,FALSE,FALSE,he,FALSE,,"[{""start"":0,""end"":2,""kind"":""he"",""text"":""he""}]",,FALSE,
2020,9,he will need to be careful.,"January 20, 2021, is the start of the next presidential and vice-presidential term in the United States. The vice president may or may not make many public appearances in February or March 2021, but surely",1,0,0,he,FALSE,TRUE,FALSE,FALSE,FALSE,FALSE,FALSE,FALSE,he,FALSE,,"[{""start"":0,""end"":2,""kind"":""he"",""text"":""he""}]",,FALSE,
2020,9,he will sometime following.,"January 20, 2021, is the start of the next presidential and vice-presidential term in the United States. The vice president may or may not make many public appearances in February or March 2021, but surely",1,0,0,he,FALSE,TRUE,FALSE,FALSE,FALSE,FALSE,FALSE,FALSE,he,FALSE,,"[{""start"":0,""end"":2,""kind"":""he"",""text"":""he""}]",,FALSE,
2020,9,he will then.,"January 20, 2021, is the start of the next presidential and vice-presidential term in the United States. The vice president may or may not make many public appearances in February or March 2021, but surely",1,0,0,he,FALSE,TRUE,FALSE,FALSE,FALSE,FALSE,FALSE,FALSE,he,FALSE,,"[{""start"":0,""end"":2,""kind"":""he"",""text"":""he""}]",,FALSE,
2020,9,how,"January 20, 2021, is the start of the next presidential and vice-presidential term in the United States. The vice president may or may not make many public appearances in February or March 2021, but surely",1,1,1,other,FALSE,FALSE,FALSE,FALSE,FALSE,FALSE,FALSE,FALSE,none,TRUE,single_word,[],,TRUE,single-word judgment; single word
2020,9,in January 2021,"January 20, 2021, is the start of the next presidential and vice-presidential term in the United States. The vice president may or may not make many public appearances in February or March 2021, but surely",1,1,1,other,FALSE,FALSE,FALSE,FALSE,FALSE,FALSE,FALSE,FALSE,none,FALSE,,[],,FALSE,
2020,9,in april2021,"January 20, 2021, is the start of the next presidential and vice-presidential term in the United States. The vice president may or may not make many public appearances in February or March 2021, but surely",1,0,0,other,FALSE,FALSE,FALSE,FALSE,FALSE,FALSE,FALSE,FALSE,none,FALSE,,[],,FALSE,
2020,9,it can be expected.,"January 20, 2021, is the start of the next presidential and vice-presidential term in the United States. The vice president may or may not make many public appearances in February or March 2021, but surely",1,0,0,other,FALSE,FALSE,FALSE,FALSE,FALSE,FALSE,FALSE,FALSE,none,FALSE,,[],,FALSE,
2020,9,it come up again,"January 20, 2021, is the start of the next presidential and vice-presidential term in the United States. The vice president may or may not make many public appearances in February or March 2021, but surely",1,0,0,other,FALSE,FALSE,FALSE,FALSE,FALSE,FALSE,FALSE,FALSE,none,FALSE,,[],,FALSE,
2020,9,kamala harris,"January 20, 2021, is the start of the next presidential and vice-presidential term in the United States. The vice president may or may not make many public appearances in February or March 2021, but surely",4,0,0,female_candidate_name,FALSE,FALSE,FALSE,FALSE,FALSE,FALSE,FALSE,FALSE,none,FALSE,,"[{""start"":0,""end"":6,""kind"":""female_candidate_name"",""text"":""kamala""},{""start"":7,""end"":13,""kind"":""female_candidate_name"",""text"":""harris""}]",,FALSE,
2020,9,make a declaration of victory,"January 20, 2021, is the start of the next presidential and vice-presidential term in the United States. The vice president may or may not make many public appearances in February or March 2021, but surely",1,0,0,other,FALSE,FALSE,FALSE,FALSE,FALSE,FALSE,FALSE,FALSE,none,FALSE,,[],,FALSE,
2020,9,make a statement,"January 20, 2021, is the start of the next presidential and vice-presidential term in the United States. The vice president may or may not make many public appearances in February or March 2021, but surely",1,0,0,other,FALSE,FALSE,FALSE,FALSE,FALSE,FALSE,FALSE,FALSE,none,FALSE,,[],,FALSE,
2020,9,may takes changes,"January 20, 2021, is the start of the next presidential and vice-presidential term in the United States. The vice president may or may not make many public appearances in February or March 2021, but surely",1,0,0,other,FALSE,FALSE,FALSE,FALSE,FALSE,FALSE,FALSE,FALSE,none,FALSE,,[],,FALSE,
2020,9,next presidential,"January 20, 2021, is the start of the next presidential and vice-presidential term in the United States. The vice president may or may not make many public appearances in February or March 2021, but surely",5,1,1,other_office_np,FALSE,FALSE,FALSE,FALSE,FALSE,FALSE,FALSE,FALSE,none,TRUE,single_word,"[{""start"":5,""end"":17,""kind"":""other_office_np"",""text"":""presidential""}]",47,FALSE,
2020,9,not,"January 20, 2021, is the start of the next presidential and vice-presidential term in the United States. The vice president may or may not make many public appearances in February or March 2021, but surely",1,0,0,other,FALSE,FALSE,FALSE,FALSE,FALSE,FALSE,FALSE,FALSE,none,FALSE,,[],,FALSE,
2020,9,not.,"January 20, 2021, is the start of the next presidential and vice-presidential term in the United States. The vice president may or may not make many public appearances in February or March 2021, but surely",1,1,1,other,FALSE,FALSE,FALSE,FALSE,FALSE,FALSE,FALSE,FALSE,none,TRUE,doesnt_make_sense,[],,TRUE,single-word judgment; single word
2020,9,once COVID is over.,"January 20, 2021, is the start of the next presidential and vice-presidential term in the United States. The vice president may or may not make many public appearances in February or March 2021, but surely",1,1,1,other,FALSE,FALSE,FALSE,FALSE,FALSE,FALSE,FALSE,FALSE,none,FALSE,,[],,FALSE,
2020,9,participate,"January 20, 2021, is the start of the next presidential and vice-presidential term in the United States. The vice president may or may not make many public appearances in February or March 2021, but surely",1,1,1,other,FALSE,FALSE,FALSE,FALSE,FALSE,FALSE,FALSE,FALSE,none,TRUE,single_word,[],,TRUE,single-word judgment; single word
2020,9,prasitent make in USA,"January 20, 2021, is the start of the next presidential and vice-presidential term in the United States. The vice president may or may not make many public appearances in February or March 2021, but surely",1,0,0,other,FALSE,FALSE,FALSE,FALSE,FALSE,FALSE,FALSE,FALSE,none,FALSE,,[],,FALSE,
2020,9,president,"January 20, 2021, is the start of the next presidential and vice-presidential term in the United States. The vice president may or may not make many public appearances in February or March 2021, but surely",2,0,0,other_office_np,FALSE,FALSE,FALSE,FALSE,FALSE,FALSE,FALSE,FALSE,none,FALSE,,"[{""start"":0,""end"":9,""kind"":""other_office_np"",""text"":""president""}]",,FALSE,
2020,9,results,"January 20, 2021, is the start of the next presidential and vice-presidential term in the United States. The vice president may or may not make many public appearances in February or March 2021, but surely",1,1,1,other,FALSE,FALSE,FALSE,FALSE,FALSE,FALSE,FALSE,FALSE,none,TRUE,doesnt_make_sense,[],,TRUE,single-word judgment; single word
2020,9,she will be especially busy during the first few months,"January 20, 2021, is the start of the next presidential and vice-presidential term in the United States. The vice president may or may not make many public appearances in February or March 2021, but surely",1,0,0,she,TRUE,FALSE,FALSE,FALSE,FALSE,FALSE,FALSE,FALSE,she,FALSE,,"[{""start"":0,""end"":3,""kind"":""she"",""text"":""she""}]",,FALSE,
2020,9,she will be ready to step in if needed,"January 20, 2021, is the start of the next presidential and vice-presidential term in the United States. The vice president may or may not make many public appearances in February or March 2021, but surely",1,0,0,she,TRUE,FALSE,FALSE,FALSE,FALSE,FALSE,FALSE,FALSE,she,FALSE,,"[{""start"":0,""end"":3,""kind"":""she"",""text"":""she""}]",,FALSE,
2020,9,she will be working hard.,"January 20, 2021, is the start of the next presidential and vice-presidential term in the United States. The vice president may or may not make many public appearances in February or March 2021, but surely",1,1,1,she,TRUE,FALSE,FALSE,FALSE,FALSE,FALSE,FALSE,FALSE,she,FALSE,,"[{""start"":0,""end"":3,""kind"":""she"",""text"":""she""}]",,FALSE,
2020,9,she will in January.,"January 20, 2021, is the start of the next presidential and vice-presidential term in the United States. The vice president may or may not make many public appearances in February or March 2021, but surely",1,1,1,she,TRUE,FALSE,FALSE,FALSE,FALSE,FALSE,FALSE,FALSE,she,FALSE,,"[{""start"":0,""end"":3,""kind"":""she"",""text"":""she""}]",,FALSE,
2020,9,she'll be available if she needs to make an appearance.,"January 20, 2021, is the start of the next presidential and vice-presidential term in the United States. The vice president may or may not make many public appearances in February or March 2021, but surely",1,0,0,she,TRUE,FALSE,FALSE,FALSE,FALSE,FALSE,FALSE,FALSE,she,FALSE,,"[{""start"":0,""end"":3,""kind"":""she"",""text"":""she""},{""start"":23,""end"":26,""kind"":""she"",""text"":""she""}]",14,FALSE,
2020,9,she'll be working hard behind the scenes.,"January 20, 2021, is the start of the next presidential and vice-presidential term in the United States. The vice president may or may not make many public appearances in February or March 2021, but surely",1,1,1,she,TRUE,FALSE,FALSE,FALSE,FALSE,FALSE,FALSE,FALSE,she,FALSE,,"[{""start"":0,""end"":3,""kind"":""she"",""text"":""she""}]",,FALSE,
2020,9,the president will be present and forefront in public appearances during this time.,"January 20, 2021, is the start of the next presidential and vice-presidential term in the United States. The vice president may or may not make many public appearances in February or March 2021, but surely",1,1,1,other_office_np,FALSE,FALSE,FALSE,FALSE,FALSE,FALSE,FALSE,FALSE,none,FALSE,,"[{""start"":0,""end"":13,""kind"":""other_office_np"",""text"":""the president""}]",,FALSE,
2020,9,the president will make many public appearances,"January 20, 2021, is the start of the next presidential and vice-presidential term in the United States. The vice president may or may not make many public appearances in February or March 2021, but surely",1,1,0,other_office_np,FALSE,FALSE,FALSE,FALSE,FALSE,FALSE,FALSE,FALSE,none,FALSE,,"[{""start"":0,""end"":13,""kind"":""other_office_np"",""text"":""the president""}]",,FALSE,
2020,9,the president will make public appearances.,"January 20, 2021, is the start of the next presidential and vice-presidential term in the United States. The vice president may or may not make many public appearances in February or March 2021, but surely",1,1,1,other_office_np,FALSE,FALSE,FALSE,FALSE,FALSE,FALSE,FALSE,FALSE,none,FALSE,,"[{""start"":0,""end"":13,""kind"":""other_office_np"",""text"":""the president""}]",,FALSE,
2020,9,the president will.,"January 20, 2021, is the start of the next presidential and vice-presidential term in the United States. The vice president may or may not make many public appearances in February or March 2021, but surely",2,2,2,other_office_np,FALSE,FALSE,FALSE,FALSE,FALSE,FALSE,FALSE,FALSE,none,FALSE,,"[{""start"":0,""end"":13,""kind"":""other_office_np"",""text"":""the president""}]",,FALSE,
2020,9,the term will start as usual otherwise.,"January 20, 2021, is the start of the next presidential and vice-presidential term in the United States. The vice president may or may not make many public appearances in February or March 2021, but surely",1,0,0,other,FALSE,FALSE,FALSE,FALSE,FALSE,FALSE,FALSE,FALSE,none,FALSE,,[],,FALSE,
2020,9,the vice president will make the right decision soon.,"January 20, 2021, is the start of the next presidential and vice-presidential term in the United States. The vice president may or may not make many public appearances in February or March 2021, but surely",1,1,1,target_office_np,FALSE,FALSE,FALSE,FALSE,FALSE,FALSE,FALSE,FALSE,none,FALSE,,"[{""start"":0,""end"":18,""kind"":""target_office_np"",""text"":""the vice president""}]",,FALSE,
2020,9,the vice-presidental  choose.,"January 20, 2021, is the start of the next presidential and vice-presidential term in the United States. The vice president may or may not make many public appearances in February or March 2021, but surely",1,1,1,target_office_np,FALSE,FALSE,FALSE,FALSE,FALSE,FALSE,FALSE,FALSE,none,FALSE,,"[{""start"":4,""end"":20,""kind"":""target_office_np"",""text"":""vice-presidental""}]",44,FALSE,
2020,9,they will be in the spotlight.,"January 20, 2021, is the start of the next presidential and vice-presidential term in the United States. The vice president may or may not make many public appearances in February or March 2021, but surely",1,0,0,they,FALSE,FALSE,TRUE,FALSE,FALSE,FALSE,FALSE,FALSE,they,FALSE,,"[{""start"":0,""end"":4,""kind"":""they"",""text"":""they""}]",75,FALSE,
2020,9,they will eventually,"January 20, 2021, is the start of the next presidential and vice-presidential term in the United States. The vice president may or may not make many public appearances in February or March 2021, but surely",1,1,1,they,FALSE,FALSE,TRUE,FALSE,FALSE,FALSE,FALSE,FALSE,they,FALSE,,"[{""start"":0,""end"":4,""kind"":""they"",""text"":""they""}]",,FALSE,
2020,9,they will make some.,"January 20, 2021, is the start of the next presidential and vice-presidential term in the United States. The vice president may or may not make many public appearances in February or March 2021, but surely",1,1,0,they,FALSE,FALSE,TRUE,FALSE,FALSE,FALSE,FALSE,FALSE,they,FALSE,,"[{""start"":0,""end"":4,""kind"":""they"",""text"":""they""}]",95,FALSE,
2020,9,vice presidency,"January 20, 2021, is the start of the next presidential and vice-presidential term in the United States. The vice president may or may not make many public appearances in February or March 2021, but surely",1,1,1,other,FALSE,FALSE,FALSE,FALSE,FALSE,FALSE,FALSE,FALSE,none,FALSE,,[],,FALSE,
2020,9,we all know it will not be campaign time.,"January 20, 2021, is the start of the next presidential and vice-presidential term in the United States. The vice president may or may not make many public appearances in February or March 2021, but surely",1,1,1,other,FALSE,FALSE,FALSE,FALSE,FALSE,FALSE,FALSE,FALSE,none,FALSE,,[],,FALSE,
2020,9,we will have a new one soon.,"January 20, 2021, is the start of the next presidential and vice-presidential term in the United States. The vice president may or may not make many public appearances in February or March 2021, but surely",1,0,0,other,FALSE,FALSE,FALSE,FALSE,FALSE,FALSE,FALSE,FALSE,none,FALSE,,[],,FALSE,
2020,9,will be a part of the governance.,"January 20, 2021, is the start of the next presidential and vice-presidential term in the United States. The vice president may or may not make many public appearances in February or March 2021, but surely",1,0,0,other,FALSE,FALSE,FALSE,FALSE,FALSE,FALSE,FALSE,FALSE,none,FALSE,,[],89,FALSE,
2020,9,will be active in the new administration.,"January 20, 2021, is the start of the next presidential and vice-presidential term in the United States. The vice president may or may not make many public appearances in February or March 2021, but surely",1,0,0,other,FALSE,FALSE,FALSE,FALSE,FALSE,FALSE,FALSE,FALSE,none,FALSE,,[],,FALSE,
2020,9,will be busy behind the scenes.,"January 20, 2021, is the start of the next presidential and vice-presidential term in the United States. The vice president may or may not make many public appearances in February or March 2021, but surely",1,1,1,other,FALSE,FALSE,FALSE,FALSE,FALSE,FALSE,FALSE,FALSE,none,FALSE,,[],,FALSE,
2020,9,will be busy with government policies,"January 20, 2021, is the start of the next presidential and vice-presidential term in the United States. The vice president may or may not make many public appearances in February or March 2021, but surely",1,0,0,other,FALSE,FALSE,FALSE,FALSE,FALSE,FALSE,FALSE,FALSE,none,FALSE,,[],,FALSE,
2020,9,"will be involved as a congressional liason,","January 20, 2021, is the start of the next presidential and vice-presidential term in the United States. The vice president may or may not make many public appearances in February or March 2021, but surely",1,0,0,other,FALSE,FALSE,FALSE,FALSE,FALSE,FALSE,FALSE,FALSE,none,FALSE,,[],64,FALSE,
2020,9,will be making appearances later in the year.,"January 20, 2021, is the start of the next presidential and vice-presidential term in the United States. The vice president may or may not make many public appearances in February or March 2021, but surely",1,0,0,other,FALSE,FALSE,FALSE,FALSE,FALSE,FALSE,FALSE,FALSE,none,FALSE,,[],,FALSE,
2020,9,will be noticed,"January 20, 2021, is the start of the next presidential and vice-presidential term in the United States. The vice president may or may not make many public appearances in February or March 2021, but surely",1,0,0,other,FALSE,FALSE,FALSE,FALSE,FALSE,FALSE,FALSE,FALSE,none,FALSE,,[],,FALSE,
2020,9,will be noticed by the media,"January 20, 2021, is the start of the next presidential and vice-presidential term in the United States. The vice president may or may not make many public appearances in February or March 2021, but surely",1,0,0,other,FALSE,FALSE,FALSE,FALSE,FALSE,FALSE,FALSE,FALSE,none,FALSE,,[],,FALSE,
2020,9,will begin public appearances in April 2021.,"January 20, 2021, is the start of the next presidential and vice-presidential term in the United States. The vice president may or may not make many public appearances in February or March 2021, but surely",1,1,1,other,FALSE,FALSE,FALSE,FALSE,FALSE,FALSE,FALSE,FALSE,none,FALSE,,[],,FALSE,
2020,9,will do in January.,"January 20, 2021, is the start of the next presidential and vice-presidential term in the United States. The vice president may or may not make many public appearances in February or March 2021, but surely",1,0,0,other,FALSE,FALSE,FALSE,FALSE,FALSE,FALSE,FALSE,FALSE,none,FALSE,,[],57,FALSE,
2020,9,will face scrutiny by the media when they eventually make numerous appearances in fulfilling their obligations to the American people.,"January 20, 2021, is the start of the next presidential and vice-presidential term in the United States. The vice president may or may not make many public appearances in February or March 2021, but surely",1,0,0,they,FALSE,FALSE,TRUE,FALSE,FALSE,FALSE,FALSE,FALSE,they,FALSE,,"[{""start"":37,""end"":41,""kind"":""they"",""text"":""they""},{""start"":93,""end"":98,""kind"":""they"",""text"":""their""}]",,FALSE,
2020,9,will in April 2021.,"January 20, 2021, is the start of the next presidential and vice-presidential term in the United States. The vice president may or may not make many public appearances in February or March 2021, but surely",1,0,0,other,FALSE,FALSE,FALSE,FALSE,FALSE,FALSE,FALSE,FALSE,none,FALSE,,[],,FALSE,
2020,9,will in the months prior to then.,"January 20, 2021, is the start of the next presidential and vice-presidential term in the United States. The vice president may or may not make many public appearances in February or March 2021, but surely",1,1,1,other,FALSE,FALSE,FALSE,FALSE,FALSE,FALSE,FALSE,FALSE,none,FALSE,,[],,FALSE,
2020,9,"will make an appearance on January 20, 2021.","January 20, 2021, is the start of the next presidential and vice-presidential term in the United States. The vice president may or may not make many public appearances in February or March 2021, but surely",1,1,1,other,FALSE,FALSE,FALSE,FALSE,FALSE,FALSE,FALSE,FALSE,none,FALSE,,[],,FALSE,
2020,9,will make some appearances in April 2021,"January 20, 2021, is the start of the next presidential and vice-presidential term in the United States. The vice president may or may not make many public appearances in February or March 2021, but surely",1,1,1,other,FALSE,FALSE,FALSE,FALSE,FALSE,FALSE,FALSE,FALSE,none,FALSE,,[],,FALSE,
2020,9,will play a role in the administration.,"January 20, 2021, is the start of the next presidential and vice-presidential term in the United States. The vice president may or may not make many public appearances in February or March 2021, but surely",1,0,0,other,FALSE,FALSE,FALSE,FALSE,FALSE,FALSE,FALSE,FALSE,none,FALSE,,[],,FALSE,
2020,9,will still be involved in the operation of the White House.,"January 20, 2021, is the start of the next presidential and vice-presidential term in the United States. The vice president may or may not make many public appearances in February or March 2021, but surely",1,1,1,other,FALSE,FALSE,FALSE,FALSE,FALSE,FALSE,FALSE,FALSE,none,FALSE,,[],,FALSE,
2020,9,will talk with the American population,"January 20, 2021, is the start of the next presidential and vice-presidential term in the United States. The vice president may or may not make many public appearances in February or March 2021, but surely",1,1,0,other,FALSE,FALSE,FALSE,FALSE,FALSE,FALSE,FALSE,FALSE,none,FALSE,,[],,FALSE,
2020,9,will.,"January 20, 2021, is the start of the next presidential and vice-presidential term in the United States. The vice president may or may not make many public appearances in February or March 2021, but surely",1,1,1,other,FALSE,FALSE,FALSE,FALSE,FALSE,FALSE,FALSE,FALSE,none,TRUE,single_word,[],,TRUE,single-word judgment; single word
2020,10,,"January 20, 2021, is the start of the next presidential and vice-presidential term in the United States. Whether or not the vice president gives many speeches during the first months of this term starting in January 2021, it is likely that",28,3,3,blank,FALSE,FALSE,FALSE,FALSE,FALSE,FALSE,FALSE,FALSE,none,TRUE,blank,[],,FALSE,
2020,10,1,"January 20, 2021, is the start of the next presidential and vice-presidential term in the United States. Whether or not the vice president gives many speeches during the first months of this term starting in January 2021, it is likely that",15,0,0,other,FALSE,FALSE,FALSE,FALSE,FALSE,FALSE,FALSE,FALSE,none,TRUE,filler_or_number,[],43,FALSE,
2020,10,34,"January 20, 2021, is the start of the next presidential and vice-presidential term in the United States. Whether or not the vice president gives many speeches during the first months of this term starting in January 2021, it is likely that",4,0,0,other,FALSE,FALSE,FALSE,FALSE,FALSE,FALSE,FALSE,FALSE,none,TRUE,filler_or_number,[],,FALSE,
2020,10,80,"January 20, 2021, is the start of the next presidential and vice-presidential term in the United States. Whether or not the vice president gives many speeches during the first months of this term starting in January 2021, it is likely that",1,1,1,other,FALSE,FALSE,FALSE,FALSE,FALSE,FALSE,FALSE,FALSE,none,TRUE,filler_or_number,[],,FALSE,
2020,10,CONGRASS,"January 20, 2021, is the start of the next presidential and vice-presidential term in the United States. Whether or not the vice president gives many speeches during the first months of this term starting in January 2021, it is likely that",1,0,0,other,FALSE,FALSE,FALSE,FALSE,FALSE,FALSE,FALSE,FALSE,none,TRUE,single_word,[],,FALSE,
2020,10,Donald Trump,"January 20, 2021, is the start of the next presidential and vice-presidential term in the United States. Whether or not the vice president gives many speeches during the first months of this term starting in January 2021, it is likely that",1,1,1,other_candidate_name,FALSE,FALSE,FALSE,FALSE,FALSE,FALSE,FALSE,FALSE,none,FALSE,,"[{""start"":7,""end"":12,""kind"":""other_candidate_name"",""text"":""Trump""}]",,FALSE,
2020,10,Donald trump,"January 20, 2021, is the start of the next presidential and vice-presidential term in the United States. Whether or not the vice president gives many speeches during the first months of this term starting in January 2021, it is likely that",1,1,1,other_candidate_name,FALSE,FALSE,FALSE,FALSE,FALSE,FALSE,FALSE,FALSE,none,FALSE,,"[{""start"":7,""end"":12,""kind"":""other_candidate_name"",""text"":""trump""}]",,FALSE,
2020,10,GOOD,"January 20, 2021, is the start of the next presidential and vice-presidential term in the United States. Whether or not the vice president gives many speeches during the first months of this term starting in January 2021, it is likely that",1,0,0,other,FALSE,FALSE,FALSE,FALSE,FALSE,FALSE,FALSE,FALSE,none,TRUE,single_word,[],,FALSE,
2020,10,HE GIVES SPEECH,"January 20, 2021, is the start of the next presidential and vice-presidential term in the United States. Whether or not the vice president gives many speeches during the first months of this term starting in January 2021, it is likely that",1,0,0,he,FALSE,TRUE,FALSE,FALSE,FALSE,FALSE,FALSE,FALSE,he,FALSE,,"[{""start"":0,""end"":2,""kind"":""he"",""text"":""HE""}]",5,FALSE,
2020,10,He can not give any speech,"January 20, 2021, is the start of the next presidential and vice-presidential term in the United States. Whether or not the vice president gives many speeches during the first months of this term starting in January 2021, it is likely that",1,1,1,he,FALSE,TRUE,FALSE,FALSE,FALSE,FALSE,FALSE,FALSE,he,FALSE,,"[{""start"":0,""end"":2,""kind"":""he"",""text"":""He""}]",,FALSE,
2020,10,He will be re-elected at the next election.,"January 20, 2021, is the start of the next presidential and vice-presidential term in the United States. Whether or not the vice president gives many speeches during the first months of this term starting in January 2021, it is likely that",1,1,1,he,FALSE,TRUE,FALSE,FALSE,FALSE,FALSE,FALSE,FALSE,he,FALSE,,"[{""start"":0,""end"":2,""kind"":""he"",""text"":""He""}]",,FALSE,
2020,10,It won’t make that much difference to Americans.,"January 20, 2021, is the start of the next presidential and vice-presidential term in the United States. Whether or not the vice president gives many speeches during the first months of this term starting in January 2021, it is likely that",1,1,1,other,FALSE,FALSE,FALSE,FALSE,FALSE,FALSE,FALSE,FALSE,none,FALSE,,[],,FALSE,
2020,10,Joe Biden will be the President,"January 20, 2021, is the start of the next presidential and vice-presidential term in the United States. Whether or not the vice president gives many speeches during the first months of this term starting in January 2021, it is likely that",1,1,1,other_candidate_name,FALSE,FALSE,FALSE,FALSE,FALSE,FALSE,FALSE,FALSE,none,FALSE,,"[{""start"":4,""end"":9,""kind"":""other_candidate_name"",""text"":""Biden""},{""start"":18,""end"":31,""kind"":""other_office_np"",""text"":""the President""}]",34,FALSE,
2020,10,MAY2021,"January 20, 2021, is the start of the next presidential and vice-presidential term in the United States. Whether or not the vice president gives many speeches during the first months of this term starting in January 2021, it is likely that",1,0,0,other,FALSE,FALSE,FALSE,FALSE,FALSE,FALSE,FALSE,FALSE,none,TRUE,single_word,[],,FALSE,
2020,10,Major changes in policy are introduced,"January 20, 2021, is the start of the next presidential and vice-presidential term in the United States. Whether or not the vice president gives many speeches during the first months of this term starting in January 2021, it is likely that",1,1,1,other,FALSE,FALSE,FALSE,FALSE,FALSE,FALSE,FALSE,FALSE,none,FALSE,,[],,FALSE,
2020,10,NO,"January 20, 2021, is the start of the next presidential and vice-presidential term in the United States. Whether or not the vice president gives many speeches during the first months of this term starting in January 2021, it is likely that",2,2,2,other,FALSE,FALSE,FALSE,FALSE,FALSE,FALSE,FALSE,FALSE,none,TRUE,filler_or_number,[],,TRUE,all caps; single word
2020,10,PRESIDENT GIVE MANY SPEECH,"January 20, 2021, is the start of the next presidential and vice-presidential term in the United States. Whether or not the vice president gives many speeches during the first months of this term starting in January 2021, it is likely that",1,1,1,other_office_np,FALSE,FALSE,FALSE,FALSE,FALSE,FALSE,FALSE,FALSE,none,FALSE,,"[{""start"":0,""end"":9,""kind"":""other_office_np"",""text"":""PRESIDENT""}]",134,TRUE,all caps
2020,10,STUFF WILL HAPPEN,"January 20, 2021, is the start of the next presidential and vice-presidential term in the United States. Whether or not the vice president gives many speeches during the first months of this term starting in January 2021, it is likely that",1,0,0,other,FALSE,FALSE,FALSE,FALSE,FALSE,FALSE,FALSE,FALSE,none,FALSE,,[],,FALSE,
2020,10,THE PRESIDENT WILL BE GIVING A NUMBER OF SPEECHES.,"January 20, 2021, is the start of the next presidential and vice-presidential term in the United States. Whether or not the vice president gives many speeches during the first months of this term starting in January 2021, it is likely that",1,1,1,other_office_np,FALSE,FALSE,FALSE,FALSE,FALSE,FALSE,FALSE,FALSE,none,FALSE,,"[{""start"":0,""end"":13,""kind"":""other_office_np"",""text"":""THE PRESIDENT""}]",,TRUE,all caps
2020,10,THE WORLD WILL END,"January 20, 2021, is the start of the next presidential and vice-presidential term in the United States. Whether or not the vice president gives many speeches during the first months of this term starting in January 2021, it is likely that",1,0,0,other,FALSE,FALSE,FALSE,FALSE,FALSE,FALSE,FALSE,FALSE,none,FALSE,,[],,FALSE,
2020,10,THEY MAY HELD AFTER JANUARY 20 2021,"January 20, 2021, is the start of the next presidential and vice-presidential term in the United States. Whether or not the vice president gives many speeches during the first months of this term starting in January 2021, it is likely that",1,1,0,they,FALSE,FALSE,TRUE,FALSE,FALSE,FALSE,FALSE,FALSE,they,TRUE,doesnt_make_sense,"[{""start"":0,""end"":4,""kind"":""they"",""text"":""THEY""}]",,TRUE,all caps
2020,10,The person will start functioning as a liaison and visit foreign countries.,"January 20, 2021, is the start of the next presidential and vice-presidential term in the United States. Whether or not the vice president gives many speeches during the first months of this term starting in January 2021, it is likely that",1,1,1,other,FALSE,FALSE,FALSE,FALSE,FALSE,FALSE,FALSE,FALSE,none,FALSE,,[],,FALSE,
2020,10,They will be held,"January 20, 2021, is the start of the next presidential and vice-presidential term in the United States. Whether or not the vice president gives many speeches during the first months of this term starting in January 2021, it is likely that",2,0,0,they,FALSE,FALSE,TRUE,FALSE,FALSE,FALSE,FALSE,FALSE,they,FALSE,,"[{""start"":0,""end"":4,""kind"":""they"",""text"":""They""}]",,FALSE,
2020,10,United states,"January 20, 2021, is the start of the next presidential and vice-presidential term in the United States. Whether or not the vice president gives many speeches during the first months of this term starting in January 2021, it is likely that",1,1,1,other,FALSE,FALSE,FALSE,FALSE,FALSE,FALSE,FALSE,FALSE,none,TRUE,copied_context,[],,FALSE,
2020,10,Vice President will at some point play a public role in the Administration.,"January 20, 2021, is the start of the next presidential and vice-presidential term in the United States. Whether or not the vice president gives many speeches during the first months of this term starting in January 2021, it is likely that",1,1,1,target_office_np,FALSE,FALSE,FALSE,FALSE,FALSE,FALSE,FALSE,FALSE,none,FALSE,,"[{""start"":0,""end"":14,""kind"":""target_office_np"",""text"":""Vice President""}]",,FALSE,
2020,10,YES,"January 20, 2021, is the start of the next presidential and vice-presidential term in the United States. Whether or not the vice president gives many speeches during the first months of this term starting in January 2021, it is likely that",7,2,0,other,FALSE,FALSE,FALSE,FALSE,FALSE,FALSE,FALSE,FALSE,none,TRUE,filler_or_number,[],,TRUE,all caps; single word
2020,10,about their policies.,"January 20, 2021, is the start of the next presidential and vice-presidential term in the United States. Whether or not the vice president gives many speeches during the first months of this term starting in January 2021, it is likely that",1,0,0,they,FALSE,FALSE,TRUE,FALSE,FALSE,FALSE,FALSE,FALSE,they,FALSE,,"[{""start"":6,""end"":11,""kind"":""they"",""text"":""their""}]",,FALSE,
2020,10,be elected,"January 20, 2021, is the start of the next presidential and vice-presidential term in the United States. Whether or not the vice president gives many speeches during the first months of this term starting in January 2021, it is likely that",1,0,0,other,FALSE,FALSE,FALSE,FALSE,FALSE,FALSE,FALSE,FALSE,none,FALSE,,[],,FALSE,
2020,10,decide the winner,"January 20, 2021, is the start of the next presidential and vice-presidential term in the United States. Whether or not the vice president gives many speeches during the first months of this term starting in January 2021, it is likely that",1,1,1,generic_np,FALSE,FALSE,FALSE,FALSE,FALSE,FALSE,FALSE,FALSE,none,FALSE,,"[{""start"":7,""end"":17,""kind"":""generic_np"",""text"":""the winner""}]",,FALSE,
2020,10,donald trump,"January 20, 2021, is the start of the next presidential and vice-presidential term in the United States. Whether or not the vice president gives many speeches during the first months of this term starting in January 2021, it is likely that",1,0,0,other_candidate_name,FALSE,FALSE,FALSE,FALSE,FALSE,FALSE,FALSE,FALSE,none,FALSE,,"[{""start"":7,""end"":12,""kind"":""other_candidate_name"",""text"":""trump""}]",,FALSE,
2020,10,election begins,"January 20, 2021, is the start of the next presidential and vice-presidential term in the United States. Whether or not the vice president gives many speeches during the first months of this term starting in January 2021, it is likely that",1,0,0,other,FALSE,FALSE,FALSE,FALSE,FALSE,FALSE,FALSE,FALSE,none,FALSE,,[],,FALSE,
2020,10,everyone of the VP's speeches will get full coverage from the liberal MSM.,"January 20, 2021, is the start of the next presidential and vice-presidential term in the United States. Whether or not the vice president gives many speeches during the first months of this term starting in January 2021, it is likely that",1,1,1,target_office_np,FALSE,FALSE,FALSE,FALSE,FALSE,FALSE,FALSE,FALSE,none,FALSE,,"[{""start"":12,""end"":18,""kind"":""target_office_np"",""text"":""the VP""}]",,FALSE,
2020,10,good header habits,"January 20, 2021, is the start of the next presidential and vice-presidential term in the United States. Whether or not the vice president gives many speeches during the first months of this term starting in January 2021, it is likely that",1,0,0,other,FALSE,FALSE,FALSE,FALSE,FALSE,FALSE,FALSE,FALSE,none,FALSE,,[],,FALSE,
2020,10,good leader,"January 20, 2021, is the start of the next presidential and vice-presidential term in the United States. Whether or not the vice president gives many speeches during the first months of this term starting in January 2021, it is likely that",1,0,0,other,FALSE,FALSE,FALSE,FALSE,FALSE,FALSE,FALSE,FALSE,none,FALSE,,[],,FALSE,
2020,10,he or she will at some point,"January 20, 2021, is the start of the next presidential and vice-presidential term in the United States. Whether or not the vice president gives many speeches during the first months of this term starting in January 2021, it is likely that",1,1,1,hedged,FALSE,FALSE,FALSE,TRUE,FALSE,FALSE,FALSE,FALSE,hedged,FALSE,,"[{""start"":0,""end"":9,""kind"":""hedged"",""text"":""he or she""}]",,TRUE,coreference judged by hand
2020,10,he or she will be very busy.,"January 20, 2021, is the start of the next presidential and vice-presidential term in the United States. Whether or not the vice president gives many speeches during the first months of this term starting in January 2021, it is likely that",1,0,0,hedged,FALSE,FALSE,FALSE,TRUE,FALSE,FALSE,FALSE,FALSE,hedged,FALSE,,"[{""start"":0,""end"":9,""kind"":""hedged"",""text"":""he or she""}]",,FALSE,
2020,10,he or she will make some sort of public announcement.,"January 20, 2021, is the start of the next presidential and vice-presidential term in the United States. Whether or not the vice president gives many speeches during the first months of this term starting in January 2021, it is likely that",1,1,1,hedged,FALSE,FALSE,FALSE,TRUE,FALSE,FALSE,FALSE,FALSE,hedged,FALSE,,"[{""start"":0,""end"":9,""kind"":""hedged"",""text"":""he or she""}]",,TRUE,coreference judged by hand
2020,10,he will attend multiple public events.,"January 20, 2021, is the start of the next presidential and vice-presidential term in the United States. Whether or not the vice president gives many speeches during the first months of this term starting in January 2021, it is likely that",1,1,1,he,FALSE,TRUE,FALSE,FALSE,FALSE,FALSE,FALSE,FALSE,he,FALSE,,"[{""start"":0,""end"":2,""kind"":""he"",""text"":""he""}]",,FALSE,
2020,10,he will be active.,"January 20, 2021, is the start of the next presidential and vice-presidential term in the United States. Whether or not the vice president gives many speeches during the first months of this term starting in January 2021, it is likely that",1,0,0,he,FALSE,TRUE,FALSE,FALSE,FALSE,FALSE,FALSE,FALSE,he,FALSE,,"[{""start"":0,""end"":2,""kind"":""he"",""text"":""he""}]",,FALSE,
2020,10,he will be really busy,"January 20, 2021, is the start of the next presidential and vice-presidential term in the United States. Whether or not the vice president gives many speeches during the first months of this term starting in January 2021, it is likely that",1,0,0,he,FALSE,TRUE,FALSE,FALSE,FALSE,FALSE,FALSE,FALSE,he,FALSE,,"[{""start"":0,""end"":2,""kind"":""he"",""text"":""he""}]",88,FALSE,
2020,10,he will find ways to give citizens up-to-date information on what is happening in the White House.,"January 20, 2021, is the start of the next presidential and vice-presidential term in the United States. Whether or not the vice president gives many speeches during the first months of this term starting in January 2021, it is likely that",1,1,1,he,FALSE,TRUE,FALSE,FALSE,FALSE,FALSE,FALSE,FALSE,he,FALSE,,"[{""start"":0,""end"":2,""kind"":""he"",""text"":""he""}]",,TRUE,long
2020,10,he will give an inaugural speech.,"January 20, 2021, is the start of the next presidential and vice-presidential term in the United States. Whether or not the vice president gives many speeches during the first months of this term starting in January 2021, it is likely that",1,1,1,he,FALSE,TRUE,FALSE,FALSE,FALSE,FALSE,FALSE,FALSE,he,FALSE,,"[{""start"":0,""end"":2,""kind"":""he"",""text"":""he""}]",,FALSE,
2020,10,he will give atleast a few,"January 20, 2021, is the start of the next presidential and vice-presidential term in the United States. Whether or not the vice president gives many speeches during the first months of this term starting in January 2021, it is likely that",1,1,1,he,FALSE,TRUE,FALSE,FALSE,FALSE,FALSE,FALSE,FALSE,he,FALSE,,"[{""start"":0,""end"":2,""kind"":""he"",""text"":""he""}]",,FALSE,
2020,10,he will give one.,"January 20, 2021, is the start of the next presidential and vice-presidential term in the United States. Whether or not the vice president gives many speeches during the first months of this term starting in January 2021, it is likely that",1,1,0,he,FALSE,TRUE,FALSE,FALSE,FALSE,FALSE,FALSE,FALSE,he,FALSE,,"[{""start"":0,""end"":2,""kind"":""he"",""text"":""he""}]",,FALSE,
2020,10,he will give speeches,"January 20, 2021, is the start of the next presidential and vice-presidential term in the United States. Whether or not the vice president gives many speeches during the first months of this term starting in January 2021, it is likely that",1,1,1,he,FALSE,TRUE,FALSE,FALSE,FALSE,FALSE,FALSE,FALSE,he,FALSE,,"[{""start"":0,""end"":2,""kind"":""he"",""text"":""he""}]",,FALSE,
2020,10,he will have a heavy and complicated workload.,"January 20, 2021, is the start of the next presidential and vice-presidential term in the United States. Whether or not the vice president gives many speeches during the first months of this term starting in January 2021, it is likely that",1,0,0,he,FALSE,TRUE,FALSE,FALSE,FALSE,FALSE,FALSE,FALSE,he,FALSE,,"[{""start"":0,""end"":2,""kind"":""he"",""text"":""he""}]",,FALSE,
2020,10,he will have to show and prove,"January 20, 2021, is the start of the next presidential and vice-presidential term in the United States. Whether or not the vice president gives many speeches during the first months of this term starting in January 2021, it is likely that",1,0,0,he,FALSE,TRUE,FALSE,FALSE,FALSE,FALSE,FALSE,FALSE,he,FALSE,,"[{""start"":0,""end"":2,""kind"":""he"",""text"":""he""}]",,FALSE,
2020,10,he will not be noticed,"January 20, 2021, is the start of the next presidential and vice-presidential term in the United States. Whether or not the vice president gives many speeches during the first months of this term starting in January 2021, it is likely that",1,0,0,he,FALSE,TRUE,FALSE,FALSE,FALSE,FALSE,FALSE,FALSE,he,FALSE,,"[{""start"":0,""end"":2,""kind"":""he"",""text"":""he""}]",,FALSE,
2020,10,he will win.,"January 20, 2021, is the start of the next presidential and vice-presidential term in the United States. Whether or not the vice president gives many speeches during the first months of this term starting in January 2021, it is likely that",1,1,0,he,FALSE,TRUE,FALSE,FALSE,FALSE,FALSE,FALSE,FALSE,he,FALSE,,"[{""start"":0,""end"":2,""kind"":""he"",""text"":""he""}]",,FALSE,
2020,10,he'll do,"January 20, 2021, is the start of the next presidential and vice-presidential term in the United States. Whether or not the vice president gives many speeches during the first months of this term starting in January 2021, it is likely that",1,0,0,he,FALSE,TRUE,FALSE,FALSE,FALSE,FALSE,FALSE,FALSE,he,FALSE,,"[{""start"":0,""end"":2,""kind"":""he"",""text"":""he""}]",,FALSE,
2020,10,he/she will accompany the President.,"January 20, 2021, is the start of the next presidential and vice-presidential term in the United States. Whether or not the vice president gives many speeches during the first months of this term starting in January 2021, it is likely that",1,1,0,hedged,FALSE,FALSE,FALSE,TRUE,FALSE,FALSE,FALSE,FALSE,hedged,FALSE,,"[{""start"":0,""end"":6,""kind"":""hedged"",""text"":""he/she""},{""start"":22,""end"":35,""kind"":""other_office_np"",""text"":""the President""}]",,TRUE,coreference judged by hand
2020,10,he/she will give a speech eventually.,"January 20, 2021, is the start of the next presidential and vice-presidential term in the United States. Whether or not the vice president gives many speeches during the first months of this term starting in January 2021, it is likely that",1,1,1,hedged,FALSE,FALSE,FALSE,TRUE,FALSE,FALSE,FALSE,FALSE,hedged,FALSE,,"[{""start"":0,""end"":6,""kind"":""hedged"",""text"":""he/she""}]",,TRUE,coreference judged by hand
2020,10,her speeches will be amazing.,"January 20, 2021, is the start of the next presidential and vice-presidential term in the United States. Whether or not the vice president gives many speeches during the first months of this term starting in January 2021, it is likely that",1,1,1,she,TRUE,FALSE,FALSE,FALSE,FALSE,FALSE,FALSE,FALSE,she,FALSE,,"[{""start"":0,""end"":3,""kind"":""she"",""text"":""her""}]",,FALSE,
2020,10,her speeches will be very different from the previous vice President's speeches.,"January 20, 2021, is the start of the next presidential and vice-presidential term in the United States. Whether or not the vice president gives many speeches during the first months of this term starting in January 2021, it is likely that",1,1,1,she,TRUE,FALSE,FALSE,FALSE,FALSE,FALSE,FALSE,FALSE,she,FALSE,,"[{""start"":0,""end"":3,""kind"":""she"",""text"":""her""}]",,FALSE,
2020,10,it will be a total shitshow.,"January 20, 2021, is the start of the next presidential and vice-presidential term in the United States. Whether or not the vice president gives many speeches during the first months of this term starting in January 2021, it is likely that",1,1,1,other,FALSE,FALSE,FALSE,FALSE,FALSE,FALSE,FALSE,FALSE,none,FALSE,,[],,FALSE,
2020,10,it will be topic of hot discussion.,"January 20, 2021, is the start of the next presidential and vice-presidential term in the United States. Whether or not the vice president gives many speeches during the first months of this term starting in January 2021, it is likely that",1,1,0,other,FALSE,FALSE,FALSE,FALSE,FALSE,FALSE,FALSE,FALSE,none,FALSE,,[],,FALSE,
2020,10,joe biden,"January 20, 2021, is the start of the next presidential and vice-presidential term in the United States. Whether or not the vice president gives many speeches during the first months of this term starting in January 2021, it is likely that",1,1,1,other_candidate_name,FALSE,FALSE,FALSE,FALSE,FALSE,FALSE,FALSE,FALSE,none,FALSE,,"[{""start"":4,""end"":9,""kind"":""other_candidate_name"",""text"":""biden""}]",,FALSE,
2020,10,kamala harris,"January 20, 2021, is the start of the next presidential and vice-presidential term in the United States. Whether or not the vice president gives many speeches during the first months of this term starting in January 2021, it is likely that",2,0,0,female_candidate_name,FALSE,FALSE,FALSE,FALSE,FALSE,FALSE,FALSE,FALSE,none,FALSE,,"[{""start"":0,""end"":6,""kind"":""female_candidate_name"",""text"":""kamala""},{""start"":7,""end"":13,""kind"":""female_candidate_name"",""text"":""harris""}]",,FALSE,
2020,10,may includes of lot of benefit to people and serves equality,"January 20, 2021, is the start of the next presidential and vice-presidential term in the United States. Whether or not the vice president gives many speeches during the first months of this term starting in January 2021, it is likely that",1,0,0,other,FALSE,FALSE,FALSE,FALSE,FALSE,FALSE,FALSE,FALSE,none,FALSE,,[],,FALSE,
2020,10,may takes changes,"January 20, 2021, is the start of the next presidential and vice-presidential term in the United States. Whether or not the vice president gives many speeches during the first months of this term starting in January 2021, it is likely that",1,0,0,other,FALSE,FALSE,FALSE,FALSE,FALSE,FALSE,FALSE,FALSE,none,FALSE,,[],,FALSE,
2020,10,most Americans will forget about the vice president.,"January 20, 2021, is the start of the next presidential and vice-presidential term in the United States. Whether or not the vice president gives many speeches during the first months of this term starting in January 2021, it is likely that",1,1,0,target_office_np,FALSE,FALSE,FALSE,FALSE,FALSE,FALSE,FALSE,FALSE,none,FALSE,,"[{""start"":33,""end"":51,""kind"":""target_office_np"",""text"":""the vice president""}]",,FALSE,
2020,10,next presidential,"January 20, 2021, is the start of the next presidential and vice-presidential term in the United States. Whether or not the vice president gives many speeches during the first months of this term starting in January 2021, it is likely that",8,0,0,other_office_np,FALSE,FALSE,FALSE,FALSE,FALSE,FALSE,FALSE,FALSE,none,TRUE,copied_context,"[{""start"":5,""end"":17,""kind"":""other_office_np"",""text"":""presidential""}]",,FALSE,
2020,10,no,"January 20, 2021, is the start of the next presidential and vice-presidential term in the United States. Whether or not the vice president gives many speeches during the first months of this term starting in January 2021, it is likely that",1,0,0,other,FALSE,FALSE,FALSE,FALSE,FALSE,FALSE,FALSE,FALSE,none,TRUE,filler_or_number,[],,FALSE,
2020,10,people will vote for their candidate,"January 20, 2021, is the start of the next presidential and vice-presidential term in the United States. Whether or not the vice president gives many speeches during the first months of this term starting in January 2021, it is likely that",1,1,1,they,FALSE,FALSE,FALSE,FALSE,FALSE,FALSE,FALSE,FALSE,none,FALSE,,"[{""start"":21,""end"":26,""kind"":""they"",""text"":""their""}]",,TRUE,coreference judged by hand
2020,10,politics tric,"January 20, 2021, is the start of the next presidential and vice-presidential term in the United States. Whether or not the vice president gives many speeches during the first months of this term starting in January 2021, it is likely that",1,0,0,other,FALSE,FALSE,FALSE,FALSE,FALSE,FALSE,FALSE,FALSE,none,FALSE,,[],,FALSE,
2020,10,president,"January 20, 2021, is the start of the next presidential and vice-presidential term in the United States. Whether or not the vice president gives many speeches during the first months of this term starting in January 2021, it is likely that",1,0,0,other_office_np,FALSE,FALSE,FALSE,FALSE,FALSE,FALSE,FALSE,FALSE,none,FALSE,,"[{""start"":0,""end"":9,""kind"":""other_office_np"",""text"":""president""}]",,FALSE,
2020,10,president election place the first priority and got more attention,"January 20, 2021, is the start of the next presidential and vice-presidential term in the United States. Whether or not the vice president gives many speeches during the first months of this term starting in January 2021, it is likely that",1,0,0,other_office_np,FALSE,FALSE,FALSE,FALSE,FALSE,FALSE,FALSE,FALSE,none,FALSE,,"[{""start"":0,""end"":9,""kind"":""other_office_np"",""text"":""president""}]",,FALSE,
2020,10,real,"January 20, 2021, is the start of the next presidential and vice-presidential term in the United States. Whether or not the vice president gives many speeches during the first months of this term starting in January 2021, it is likely that",1,0,0,other,FALSE,FALSE,FALSE,FALSE,FALSE,FALSE,FALSE,FALSE,none,TRUE,single_word,[],,FALSE,
2020,10,she will be an important figure in American politics.,"January 20, 2021, is the start of the next presidential and vice-presidential term in the United States. Whether or not the vice president gives many speeches during the first months of this term starting in January 2021, it is likely that",1,0,0,she,TRUE,FALSE,FALSE,FALSE,FALSE,FALSE,FALSE,FALSE,she,FALSE,,"[{""start"":0,""end"":3,""kind"":""she"",""text"":""she""}]",,FALSE,
2020,10,she will be black.,"January 20, 2021, is the start of the next presidential and vice-presidential term in the United States. Whether or not the vice president gives many speeches during the first months of this term starting in January 2021, it is likely that",1,0,0,she,TRUE,FALSE,FALSE,FALSE,FALSE,FALSE,FALSE,FALSE,she,FALSE,,"[{""start"":0,""end"":3,""kind"":""she"",""text"":""she""}]",,FALSE,
2020,10,she will be busy working on policy-making,"January 20, 2021, is the start of the next presidential and vice-presidential term in the United States. Whether or not the vice president gives many speeches during the first months of this term starting in January 2021, it is likely that",1,0,0,she,TRUE,FALSE,FALSE,FALSE,FALSE,FALSE,FALSE,FALSE,she,FALSE,,"[{""start"":0,""end"":3,""kind"":""she"",""text"":""she""}]",,FALSE,
2020,10,she will give a speech when they win the election.,"January 20, 2021, is the start of the next presidential and vice-presidential term in the United States. Whether or not the vice president gives many speeches during the first months of this term starting in January 2021, it is likely that",1,0,0,she,TRUE,FALSE,FALSE,FALSE,FALSE,FALSE,FALSE,FALSE,she,FALSE,,"[{""start"":0,""end"":3,""kind"":""she"",""text"":""she""},{""start"":28,""end"":32,""kind"":""they"",""text"":""they""}]",,FALSE,
2020,10,she will give at least one speech in her first few days as VP.,"January 20, 2021, is the start of the next presidential and vice-presidential term in the United States. Whether or not the vice president gives many speeches during the first months of this term starting in January 2021, it is likely that",1,1,1,she,TRUE,FALSE,FALSE,FALSE,FALSE,FALSE,FALSE,FALSE,she,FALSE,,"[{""start"":0,""end"":3,""kind"":""she"",""text"":""she""},{""start"":37,""end"":40,""kind"":""she"",""text"":""her""}]",,FALSE,
2020,10,she will have to deliver many speeches both on the domestic and international stage throughout her time in office.,"January 20, 2021, is the start of the next presidential and vice-presidential term in the United States. Whether or not the vice president gives many speeches during the first months of this term starting in January 2021, it is likely that",1,0,0,she,TRUE,FALSE,FALSE,FALSE,FALSE,FALSE,FALSE,FALSE,she,FALSE,,"[{""start"":0,""end"":3,""kind"":""she"",""text"":""she""},{""start"":95,""end"":98,""kind"":""she"",""text"":""her""}]",,FALSE,
2020,10,shit pops off,"January 20, 2021, is the start of the next presidential and vice-presidential term in the United States. Whether or not the vice president gives many speeches during the first months of this term starting in January 2021, it is likely that",1,1,1,other,FALSE,FALSE,FALSE,FALSE,FALSE,FALSE,FALSE,FALSE,none,FALSE,,[],,FALSE,
2020,10,some speeches will be made.,"January 20, 2021, is the start of the next presidential and vice-presidential term in the United States. Whether or not the vice president gives many speeches during the first months of this term starting in January 2021, it is likely that",1,0,0,other,FALSE,FALSE,FALSE,FALSE,FALSE,FALSE,FALSE,FALSE,none,FALSE,,[],,FALSE,
2020,10,start of next part.,"January 20, 2021, is the start of the next presidential and vice-presidential term in the United States. Whether or not the vice president gives many speeches during the first months of this term starting in January 2021, it is likely that",1,1,0,other,FALSE,FALSE,FALSE,FALSE,FALSE,FALSE,FALSE,FALSE,none,FALSE,,[],,FALSE,
2020,10,the President will give a speech.,"January 20, 2021, is the start of the next presidential and vice-presidential term in the United States. Whether or not the vice president gives many speeches during the first months of this term starting in January 2021, it is likely that",1,1,1,other_office_np,FALSE,FALSE,FALSE,FALSE,FALSE,FALSE,FALSE,FALSE,none,FALSE,,"[{""start"":0,""end"":13,""kind"":""other_office_np"",""text"":""the President""}]",,FALSE,
2020,10,the President will give many speeches.,"January 20, 2021, is the start of the next presidential and vice-presidential term in the United States. Whether or not the vice president gives many speeches during the first months of this term starting in January 2021, it is likely that",1,1,1,other_office_np,FALSE,FALSE,FALSE,FALSE,FALSE,FALSE,FALSE,FALSE,none,FALSE,,"[{""start"":0,""end"":13,""kind"":""other_office_np"",""text"":""the President""}]",,FALSE,
2020,10,the Vice President will be heavily involved in the future policy decisions of the country.,"January 20, 2021, is the start of the next presidential and vice-presidential term in the United States. Whether or not the vice president gives many speeches during the first months of this term starting in January 2021, it is likely that",1,1,1,target_office_np,FALSE,FALSE,FALSE,FALSE,FALSE,FALSE,FALSE,FALSE,none,FALSE,,"[{""start"":0,""end"":18,""kind"":""target_office_np"",""text"":""the Vice President""}]",92,TRUE,long
2020,10,the other side will hate them.,"January 20, 2021, is the start of the next presidential and vice-presidential term in the United States. Whether or not the vice president gives many speeches during the first months of this term starting in January 2021, it is likely that",1,1,1,they,FALSE,FALSE,TRUE,FALSE,FALSE,FALSE,FALSE,FALSE,they,FALSE,,"[{""start"":25,""end"":29,""kind"":""they"",""text"":""them""}]",,FALSE,
2020,10,the pesident will make many speeches.,"January 20, 2021, is the start of the next presidential and vice-presidential term in the United States. Whether or not the vice president gives many speeches during the first months of this term starting in January 2021, it is likely that",1,1,1,other,FALSE,FALSE,FALSE,FALSE,FALSE,FALSE,FALSE,FALSE,none,FALSE,,[],,FALSE,
2020,10,the president gives many speeches.,"January 20, 2021, is the start of the next presidential and vice-presidential term in the United States. Whether or not the vice president gives many speeches during the first months of this term starting in January 2021, it is likely that",1,1,1,other_office_np,FALSE,FALSE,FALSE,FALSE,FALSE,FALSE,FALSE,FALSE,none,FALSE,,"[{""start"":0,""end"":13,""kind"":""other_office_np"",""text"":""the president""}]",,FALSE,
2020,10,the president himself will.,"January 20, 2021, is the start of the next presidential and vice-presidential term in the United States. Whether or not the vice president gives many speeches during the first months of this term starting in January 2021, it is likely that",1,1,1,other_office_np,FALSE,FALSE,FALSE,FALSE,FALSE,TRUE,FALSE,FALSE,none,FALSE,,"[{""start"":0,""end"":13,""kind"":""other_office_np"",""text"":""the president""},{""start"":14,""end"":21,""kind"":""he"",""text"":""himself""}]",,TRUE,coreference judged by hand
2020,10,the president will give a lot of speeches,"January 20, 2021, is the start of the next presidential and vice-presidential term in the United States. Whether or not the vice president gives many speeches during the first months of this term starting in January 2021, it is likely that",1,1,1,other_office_np,FALSE,FALSE,FALSE,FALSE,FALSE,FALSE,FALSE,FALSE,none,FALSE,,"[{""start"":0,""end"":13,""kind"":""other_office_np"",""text"":""the president""}]",,FALSE,
2020,10,the president will.,"January 20, 2021, is the start of the next presidential and vice-presidential term in the United States. Whether or not the vice president gives many speeches during the first months of this term starting in January 2021, it is likely that",1,1,1,other_office_np,FALSE,FALSE,FALSE,FALSE,FALSE,FALSE,FALSE,FALSE,none,FALSE,,"[{""start"":0,""end"":13,""kind"":""other_office_np"",""text"":""the president""}]",,FALSE,
2020,10,the presidential,"January 20, 2021, is the start of the next presidential and vice-presidential term in the United States. Whether or not the vice president gives many speeches during the first months of this term starting in January 2021, it is likely that",1,0,0,other_office_np,FALSE,FALSE,FALSE,FALSE,FALSE,FALSE,FALSE,FALSE,none,FALSE,,"[{""start"":4,""end"":16,""kind"":""other_office_np"",""text"":""presidential""}]",,FALSE,
2020,10,the presidential term will otherwise continue as expected.,"January 20, 2021, is the start of the next presidential and vice-presidential term in the United States. Whether or not the vice president gives many speeches during the first months of this term starting in January 2021, it is likely that",1,1,1,other_office_np,FALSE,FALSE,FALSE,FALSE,FALSE,FALSE,FALSE,FALSE,none,FALSE,,"[{""start"":4,""end"":16,""kind"":""other_office_np"",""text"":""presidential""}]",,FALSE,
2020,10,the speech is about the covid pandemic,"January 20, 2021, is the start of the next presidential and vice-presidential term in the United States. Whether or not the vice president gives many speeches during the first months of this term starting in January 2021, it is likely that",1,1,1,other,FALSE,FALSE,FALSE,FALSE,FALSE,FALSE,FALSE,FALSE,none,FALSE,,[],,FALSE,
2020,10,the vice president is the next president.,"January 20, 2021, is the start of the next presidential and vice-presidential term in the United States. Whether or not the vice president gives many speeches during the first months of this term starting in January 2021, it is likely that",1,0,0,target_office_np,FALSE,FALSE,FALSE,FALSE,FALSE,FALSE,FALSE,FALSE,none,FALSE,,"[{""start"":0,""end"":18,""kind"":""target_office_np"",""text"":""the vice president""},{""start"":26,""end"":40,""kind"":""other_office_np"",""text"":""next president""}]",,FALSE,
2020,10,the vice president will,"January 20, 2021, is the start of the next presidential and vice-presidential term in the United States. Whether or not the vice president gives many speeches during the first months of this term starting in January 2021, it is likely that",1,1,1,target_office_np,FALSE,FALSE,FALSE,FALSE,FALSE,FALSE,FALSE,FALSE,none,FALSE,,"[{""start"":0,""end"":18,""kind"":""target_office_np"",""text"":""the vice president""}]",,FALSE,
2020,10,the vice president will be very busy.,"January 20, 2021, is the start of the next presidential and vice-presidential term in the United States. Whether or not the vice president gives many speeches during the first months of this term starting in January 2021, it is likely that",1,1,1,target_office_np,FALSE,FALSE,FALSE,FALSE,FALSE,FALSE,FALSE,FALSE,none,FALSE,,"[{""start"":0,""end"":18,""kind"":""target_office_np"",""text"":""the vice president""}]",,FALSE,
2020,10,the vice president will make a significant impact.,"January 20, 2021, is the start of the next presidential and vice-presidential term in the United States. Whether or not the vice president gives many speeches during the first months of this term starting in January 2021, it is likely that",1,1,1,target_office_np,FALSE,FALSE,FALSE,FALSE,FALSE,FALSE,FALSE,FALSE,none,FALSE,,"[{""start"":0,""end"":18,""kind"":""target_office_np"",""text"":""the vice president""}]",,FALSE,
2020,10,there will be many speeches.,"January 20, 2021, is the start of the next presidential and vice-presidential term in the United States. Whether or not the vice president gives many speeches during the first months of this term starting in January 2021, it is likely that",2,2,2,other,FALSE,FALSE,FALSE,FALSE,FALSE,FALSE,FALSE,FALSE,none,FALSE,,[],,FALSE,
2020,10,there will be some speeches given.,"January 20, 2021, is the start of the next presidential and vice-presidential term in the United States. Whether or not the vice president gives many speeches during the first months of this term starting in January 2021, it is likely that",1,1,1,other,FALSE,FALSE,FALSE,FALSE,FALSE,FALSE,FALSE,FALSE,none,FALSE,,[],,FALSE,
2020,10,they will be a prominent figure in the media.,"January 20, 2021, is the start of the next presidential and vice-presidential term in the United States. Whether or not the vice president gives many speeches during the first months of this term starting in January 2021, it is likely that",1,0,0,they,FALSE,FALSE,TRUE,FALSE,FALSE,FALSE,FALSE,FALSE,they,FALSE,,"[{""start"":0,""end"":4,""kind"":""they"",""text"":""they""}]",,FALSE,
2020,10,they will be hard at work organizing the new administration.,"January 20, 2021, is the start of the next presidential and vice-presidential term in the United States. Whether or not the vice president gives many speeches during the first months of this term starting in January 2021, it is likely that",1,1,1,they,FALSE,FALSE,TRUE,FALSE,FALSE,FALSE,FALSE,FALSE,they,FALSE,,"[{""start"":0,""end"":4,""kind"":""they"",""text"":""they""}]",,FALSE,
2020,10,they will be heavily involved,"January 20, 2021, is the start of the next presidential and vice-presidential term in the United States. Whether or not the vice president gives many speeches during the first months of this term starting in January 2021, it is likely that",1,0,0,they,FALSE,FALSE,TRUE,FALSE,FALSE,FALSE,FALSE,FALSE,they,FALSE,,"[{""start"":0,""end"":4,""kind"":""they"",""text"":""they""}]",,FALSE,
2020,10,they will be involved with Congress and transition.,"January 20, 2021, is the start of the next presidential and vice-presidential term in the United States. Whether or not the vice president gives many speeches during the first months of this term starting in January 2021, it is likely that",1,0,0,they,FALSE,FALSE,TRUE,FALSE,FALSE,FALSE,FALSE,FALSE,they,FALSE,,"[{""start"":0,""end"":4,""kind"":""they"",""text"":""they""}]",,FALSE,
2020,10,they will be very busy.,"January 20, 2021, is the start of the next presidential and vice-presidential term in the United States. Whether or not the vice president gives many speeches during the first months of this term starting in January 2021, it is likely that",1,0,0,they,FALSE,FALSE,TRUE,FALSE,FALSE,FALSE,FALSE,FALSE,they,FALSE,,"[{""start"":0,""end"":4,""kind"":""they"",""text"":""they""}]",,FALSE,
2020,10,they will be working very hard on policies.,"January 20, 2021, is the start of the next presidential and vice-presidential term in the United States. Whether or not the vice president gives many speeches during the first months of this term starting in January 2021, it is likely that",1,1,1,they,FALSE,FALSE,TRUE,FALSE,FALSE,FALSE,FALSE,FALSE,they,FALSE,,"[{""start"":0,""end"":4,""kind"":""they"",""text"":""they""}]",,FALSE,
2020,10,they will have to get a lot done to get America back on track.,"January 20, 2021, is the start of the next presidential and vice-presidential term in the United States. Whether or not the vice president gives many speeches during the first months of this term starting in January 2021, it is likely that",1,1,1,they,FALSE,FALSE,TRUE,FALSE,FALSE,FALSE,FALSE,FALSE,they,FALSE,,"[{""start"":0,""end"":4,""kind"":""they"",""text"":""they""}]",,FALSE,
2020,10,they will support the President as the face of the United States.,"January 20, 2021, is the start of the next presidential and vice-presidential term in the United States. Whether or not the vice president gives many speeches during the first months of this term starting in January 2021, it is likely that",1,0,0,they,FALSE,FALSE,TRUE,FALSE,FALSE,FALSE,FALSE,FALSE,they,FALSE,,"[{""start"":0,""end"":4,""kind"":""they"",""text"":""they""},{""start"":18,""end"":31,""kind"":""other_office_np"",""text"":""the President""}]",,FALSE,
2020,10,they will support the president.,"January 20, 2021, is the start of the next presidential and vice-presidential term in the United States. Whether or not the vice president gives many speeches during the first months of this term starting in January 2021, it is likely that",1,1,1,they,FALSE,FALSE,TRUE,FALSE,FALSE,FALSE,FALSE,FALSE,they,FALSE,,"[{""start"":0,""end"":4,""kind"":""they"",""text"":""they""},{""start"":18,""end"":31,""kind"":""other_office_np"",""text"":""the president""}]",,TRUE,coreference judged by hand
2020,10,they will win,"January 20, 2021, is the start of the next presidential and vice-presidential term in the United States. Whether or not the vice president gives many speeches during the first months of this term starting in January 2021, it is likely that",1,1,1,they,FALSE,FALSE,TRUE,FALSE,FALSE,FALSE,FALSE,FALSE,they,FALSE,,"[{""start"":0,""end"":4,""kind"":""they"",""text"":""they""}]",,FALSE,
2020,10,true,"January 20, 2021, is the start of the next presidential and vice-presidential term in the United States. Whether or not the vice president gives many speeches during the first months of this term starting in January 2021, it is likely that",1,0,0,other,FALSE,FALSE,FALSE,FALSE,FALSE,FALSE,FALSE,FALSE,none,TRUE,single_word,[],,FALSE,
2020,10,vice president election,"January 20, 2021, is the start of the next presidential and vice-presidential term in the United States. Whether or not the vice president gives many speeches during the first months of this term starting in January 2021, it is likely that",1,0,0,target_office_np,FALSE,FALSE,FALSE,FALSE,FALSE,FALSE,FALSE,FALSE,none,FALSE,,"[{""start"":0,""end"":14,""kind"":""target_office_np"",""text"":""vice president""}]",,FALSE,
2020,10,vice president will give more speeches in later days,"January 20, 2021, is the start of the next presidential and vice-presidential term in the United States. Whether or not the vice president gives many speeches during the first months of this term starting in January 2021, it is likely that",1,1,1,target_office_np,FALSE,FALSE,FALSE,FALSE,FALSE,FALSE,FALSE,FALSE,none,FALSE,,"[{""start"":0,""end"":14,""kind"":""target_office_np"",""text"":""vice president""}]",,FALSE,
2020,10,war begins.,"January 20, 2021, is the start of the next presidential and vice-presidential term in the United States. Whether or not the vice president gives many speeches during the first months of this term starting in January 2021, it is likely that",1,0,0,other,FALSE,FALSE,FALSE,FALSE,FALSE,FALSE,FALSE,FALSE,none,FALSE,,[],,FALSE,
2020,10,winning moment,"January 20, 2021, is the start of the next presidential and vice-presidential term in the United States. Whether or not the vice president gives many speeches during the first months of this term starting in January 2021, it is likely that",1,1,1,other,FALSE,FALSE,FALSE,FALSE,FALSE,FALSE,FALSE,FALSE,none,FALSE,,[],,FALSE,
2020,10,yes,"January 20, 2021, is the start of the next presidential and vice-presidential term in the United States. Whether or not the vice president gives many speeches during the first months of this term starting in January 2021, it is likely that",1,1,1,other,FALSE,FALSE,FALSE,FALSE,FALSE,FALSE,FALSE,FALSE,none,TRUE,filler_or_number,[],,TRUE,single word
2020,11,,"January 20, 2021, is the start of the next presidential and vice-presidential term in the United States. It is difficult to predict how coronavirus will affect the vice president's activities in Feburary and March 2021, but",14,1,0,blank,FALSE,FALSE,FALSE,FALSE,FALSE,FALSE,FALSE,FALSE,none,TRUE,blank,[],,FALSE,
2020,11,1,"January 20, 2021, is the start of the next presidential and vice-presidential term in the United States. It is difficult to predict how coronavirus will affect the vice president's activities in Feburary and March 2021, but",9,0,0,other,FALSE,FALSE,FALSE,FALSE,FALSE,FALSE,FALSE,FALSE,none,TRUE,filler_or_number,[],,FALSE,
2020,11,2,"January 20, 2021, is the start of the next presidential and vice-presidential term in the United States. It is difficult to predict how coronavirus will affect the vice president's activities in Feburary and March 2021, but",1,0,0,other,FALSE,FALSE,FALSE,FALSE,FALSE,FALSE,FALSE,FALSE,none,TRUE,filler_or_number,[],,FALSE,
2020,11,2020ELECTION CONFORM3,"January 20, 2021, is the start of the next presidential and vice-presidential term in the United States. It is difficult to predict how coronavirus will affect the vice president's activities in Feburary and March 2021, but",1,0,0,other,FALSE,FALSE,FALSE,FALSE,FALSE,FALSE,FALSE,FALSE,none,FALSE,,[],,FALSE,
2020,11,34,"January 20, 2021, is the start of the next presidential and vice-presidential term in the United States. It is difficult to predict how coronavirus will affect the vice president's activities in Feburary and March 2021, but",3,0,0,other,FALSE,FALSE,FALSE,FALSE,FALSE,FALSE,FALSE,FALSE,none,TRUE,filler_or_number,[],,FALSE,
2020,11,BADLY,"January 20, 2021, is the start of the next presidential and vice-presidential term in the United States. It is difficult to predict how coronavirus will affect the vice president's activities in Feburary and March 2021, but",1,0,0,other,FALSE,FALSE,FALSE,FALSE,FALSE,FALSE,FALSE,FALSE,none,TRUE,single_word,[],,FALSE,
2020,11,BIDEN,"January 20, 2021, is the start of the next presidential and vice-presidential term in the United States. It is difficult to predict how coronavirus will affect the vice president's activities in Feburary and March 2021, but",1,1,1,other_candidate_name,FALSE,FALSE,FALSE,FALSE,FALSE,FALSE,FALSE,FALSE,none,TRUE,doesnt_make_sense,"[{""start"":0,""end"":5,""kind"":""other_candidate_name"",""text"":""BIDEN""}]",,TRUE,single-word judgment; all caps; single word
2020,11,CONGRASS,"January 20, 2021, is the start of the next presidential and vice-presidential term in the United States. It is difficult to predict how coronavirus will affect the vice president's activities in Feburary and March 2021, but",1,0,0,other,FALSE,FALSE,FALSE,FALSE,FALSE,FALSE,FALSE,FALSE,none,TRUE,single_word,[],,FALSE,
2020,11,Can stay safe.,"January 20, 2021, is the start of the next presidential and vice-presidential term in the United States. It is difficult to predict how coronavirus will affect the vice president's activities in Feburary and March 2021, but",1,1,1,other,FALSE,FALSE,FALSE,FALSE,FALSE,FALSE,FALSE,FALSE,none,FALSE,,[],,FALSE,
2020,11,DID,"January 20, 2021, is the start of the next presidential and vice-presidential term in the United States. It is difficult to predict how coronavirus will affect the vice president's activities in Feburary and March 2021, but",1,0,0,other,FALSE,FALSE,FALSE,FALSE,FALSE,FALSE,FALSE,FALSE,none,TRUE,single_word,[],,FALSE,
2020,11,GOOD,"January 20, 2021, is the start of the next presidential and vice-presidential term in the United States. It is difficult to predict how coronavirus will affect the vice president's activities in Feburary and March 2021, but",1,0,0,other,FALSE,FALSE,FALSE,FALSE,FALSE,FALSE,FALSE,FALSE,none,TRUE,single_word,[],,FALSE,
2020,11,He needs to keep working hard for the country.,"January 20, 2021, is the start of the next presidential and vice-presidential term in the United States. It is difficult to predict how coronavirus will affect the vice president's activities in Feburary and March 2021, but",1,1,0,he,FALSE,TRUE,FALSE,FALSE,FALSE,FALSE,FALSE,FALSE,he,FALSE,,"[{""start"":0,""end"":2,""kind"":""he"",""text"":""He""}]",,FALSE,
2020,11,I doubt it will stop them from campaining.,"January 20, 2021, is the start of the next presidential and vice-presidential term in the United States. It is difficult to predict how coronavirus will affect the vice president's activities in Feburary and March 2021, but",1,1,1,they,FALSE,FALSE,TRUE,FALSE,FALSE,FALSE,FALSE,FALSE,they,FALSE,,"[{""start"":21,""end"":25,""kind"":""they"",""text"":""them""}]",,FALSE,
2020,11,I expect by April 2021 for things to be steady.,"January 20, 2021, is the start of the next presidential and vice-presidential term in the United States. It is difficult to predict how coronavirus will affect the vice president's activities in Feburary and March 2021, but",1,1,1,other,FALSE,FALSE,FALSE,FALSE,FALSE,FALSE,FALSE,FALSE,none,FALSE,,[],,FALSE,
2020,11,I imagine they'll try to fulfill their duties as promised.,"January 20, 2021, is the start of the next presidential and vice-presidential term in the United States. It is difficult to predict how coronavirus will affect the vice president's activities in Feburary and March 2021, but",1,1,1,they,FALSE,FALSE,TRUE,FALSE,FALSE,FALSE,FALSE,FALSE,they,FALSE,,"[{""start"":10,""end"":14,""kind"":""they"",""text"":""they""},{""start"":33,""end"":38,""kind"":""they"",""text"":""their""}]",,FALSE,
2020,11,I'll sure that i'll support him,"January 20, 2021, is the start of the next presidential and vice-presidential term in the United States. It is difficult to predict how coronavirus will affect the vice president's activities in Feburary and March 2021, but",1,1,1,he,FALSE,TRUE,FALSE,FALSE,FALSE,FALSE,FALSE,FALSE,he,FALSE,,"[{""start"":28,""end"":31,""kind"":""he"",""text"":""him""}]",,FALSE,
2020,11,IT MAY BE THE END,"January 20, 2021, is the start of the next presidential and vice-presidential term in the United States. It is difficult to predict how coronavirus will affect the vice president's activities in Feburary and March 2021, but",1,0,0,other,FALSE,FALSE,FALSE,FALSE,FALSE,FALSE,FALSE,FALSE,none,FALSE,,[],,FALSE,
2020,11,IT WILL MOST LIKELY STILL BE A MAJOR THREAT TO THE US,"January 20, 2021, is the start of the next presidential and vice-presidential term in the United States. It is difficult to predict how coronavirus will affect the vice president's activities in Feburary and March 2021, but",1,0,0,other,FALSE,FALSE,FALSE,FALSE,FALSE,FALSE,FALSE,FALSE,none,FALSE,,[],,FALSE,
2020,11,ITS DIFFICULT,"January 20, 2021, is the start of the next presidential and vice-presidential term in the United States. It is difficult to predict how coronavirus will affect the vice president's activities in Feburary and March 2021, but",1,0,0,other,FALSE,FALSE,FALSE,FALSE,FALSE,FALSE,FALSE,FALSE,none,FALSE,,[],,FALSE,
2020,11,"If the House fails to elect a president by March 4, 2021, the Twelfth Amendment requires that the vice president assume the office of president. In a second","January 20, 2021, is the start of the next presidential and vice-presidential term in the United States. It is difficult to predict how coronavirus will affect the vice president's activities in Feburary and March 2021, but",1,1,1,target_office_np,FALSE,FALSE,FALSE,FALSE,FALSE,FALSE,FALSE,FALSE,none,TRUE,pasted_text,"[{""start"":94,""end"":112,""kind"":""target_office_np"",""text"":""the vice president""},{""start"":131,""end"":143,""kind"":""other_office_np"",""text"":""of president""}]",,TRUE,pasted-text judgment; long
2020,11,It will get better now that Trump is dead.,"January 20, 2021, is the start of the next presidential and vice-presidential term in the United States. It is difficult to predict how coronavirus will affect the vice president's activities in Feburary and March 2021, but",1,1,1,other_candidate_name,FALSE,FALSE,FALSE,FALSE,FALSE,FALSE,FALSE,FALSE,none,FALSE,,"[{""start"":28,""end"":33,""kind"":""other_candidate_name"",""text"":""Trump""}]",,FALSE,
2020,11,It's true,"January 20, 2021, is the start of the next presidential and vice-presidential term in the United States. It is difficult to predict how coronavirus will affect the vice president's activities in Feburary and March 2021, but",1,1,1,other,FALSE,FALSE,FALSE,FALSE,FALSE,FALSE,FALSE,FALSE,none,FALSE,,[],,FALSE,
2020,11,KAMALA HARRIS,"January 20, 2021, is the start of the next presidential and vice-presidential term in the United States. It is difficult to predict how coronavirus will affect the vice president's activities in Feburary and March 2021, but",3,0,0,female_candidate_name,FALSE,FALSE,FALSE,FALSE,FALSE,FALSE,FALSE,FALSE,none,FALSE,,"[{""start"":0,""end"":6,""kind"":""female_candidate_name"",""text"":""KAMALA""},{""start"":7,""end"":13,""kind"":""female_candidate_name"",""text"":""HARRIS""}]",,FALSE,
2020,11,Kamala Harris has done a great job.,"January 20, 2021, is the start of the next presidential and vice-presidential term in the United States. It is difficult to predict how coronavirus will affect the vice president's activities in Feburary and March 2021, but",1,1,1,female_candidate_name,FALSE,FALSE,FALSE,FALSE,FALSE,FALSE,FALSE,FALSE,none,FALSE,,"[{""start"":0,""end"":6,""kind"":""female_candidate_name"",""text"":""Kamala""},{""start"":7,""end"":13,""kind"":""female_candidate_name"",""text"":""Harris""}]",,FALSE,
2020,11,LIKE,"January 20, 2021, is the start of the next presidential and vice-presidential term in the United States. It is difficult to predict how coronavirus will affect the vice president's activities in Feburary and March 2021, but",1,1,1,other,FALSE,FALSE,FALSE,FALSE,FALSE,FALSE,FALSE,FALSE,none,TRUE,single_word,[],,TRUE,single-word judgment; all caps; single word
2020,11,NO USE FOR THIS WAY,"January 20, 2021, is the start of the next presidential and vice-presidential term in the United States. It is difficult to predict how coronavirus will affect the vice president's activities in Feburary and March 2021, but",1,1,1,other,FALSE,FALSE,FALSE,FALSE,FALSE,FALSE,FALSE,FALSE,none,TRUE,doesnt_make_sense,[],,TRUE,all caps
2020,11,Not affect good health,"January 20, 2021, is the start of the next presidential and vice-presidential term in the United States. It is difficult to predict how coronavirus will affect the vice president's activities in Feburary and March 2021, but",1,1,1,other,FALSE,FALSE,FALSE,FALSE,FALSE,FALSE,FALSE,FALSE,none,FALSE,,[],,FALSE,
2020,11,PRESIDENT,"January 20, 2021, is the start of the next presidential and vice-presidential term in the United States. It is difficult to predict how coronavirus will affect the vice president's activities in Feburary and March 2021, but",1,1,1,other_office_np,FALSE,FALSE,FALSE,FALSE,FALSE,FALSE,FALSE,FALSE,none,TRUE,doesnt_make_sense,"[{""start"":0,""end"":9,""kind"":""other_office_np"",""text"":""PRESIDENT""}]",,TRUE,single-word judgment; all caps; single word
2020,11,Senate frequently elected,"January 20, 2021, is the start of the next presidential and vice-presidential term in the United States. It is difficult to predict how coronavirus will affect the vice president's activities in Feburary and March 2021, but",1,0,0,other,FALSE,FALSE,FALSE,FALSE,FALSE,FALSE,FALSE,FALSE,none,FALSE,,[],,FALSE,
2020,11,U.S presidential elections are not without Controversy.,"January 20, 2021, is the start of the next presidential and vice-presidential term in the United States. It is difficult to predict how coronavirus will affect the vice president's activities in Feburary and March 2021, but",1,0,0,other_office_np,FALSE,FALSE,FALSE,FALSE,FALSE,FALSE,FALSE,FALSE,none,FALSE,,"[{""start"":4,""end"":16,""kind"":""other_office_np"",""text"":""presidential""}]",,FALSE,
2020,11,YES,"January 20, 2021, is the start of the next presidential and vice-presidential term in the United States. It is difficult to predict how coronavirus will affect the vice president's activities in Feburary and March 2021, but",1,0,0,other,FALSE,FALSE,FALSE,FALSE,FALSE,FALSE,FALSE,FALSE,none,TRUE,filler_or_number,[],,FALSE,
2020,11,as of now there's no answer for this.,"January 20, 2021, is the start of the next presidential and vice-presidential term in the United States. It is difficult to predict how coronavirus will affect the vice president's activities in Feburary and March 2021, but",1,1,0,other,FALSE,FALSE,FALSE,FALSE,FALSE,FALSE,FALSE,FALSE,none,FALSE,,[],,FALSE,
2020,11,both should work on uniting the country through the virus.,"January 20, 2021, is the start of the next presidential and vice-presidential term in the United States. It is difficult to predict how coronavirus will affect the vice president's activities in Feburary and March 2021, but",1,1,1,other,FALSE,FALSE,FALSE,FALSE,FALSE,FALSE,FALSE,FALSE,none,FALSE,,[],,FALSE,
2020,11,control of the senate,"January 20, 2021, is the start of the next presidential and vice-presidential term in the United States. It is difficult to predict how coronavirus will affect the vice president's activities in Feburary and March 2021, but",1,0,0,other,FALSE,FALSE,FALSE,FALSE,FALSE,FALSE,FALSE,FALSE,none,FALSE,,[],,FALSE,
2020,11,control the pandamic situation,"January 20, 2021, is the start of the next presidential and vice-presidential term in the United States. It is difficult to predict how coronavirus will affect the vice president's activities in Feburary and March 2021, but",1,0,0,other,FALSE,FALSE,FALSE,FALSE,FALSE,FALSE,FALSE,FALSE,none,FALSE,,[],,FALSE,
2020,11,corona affect,"January 20, 2021, is the start of the next presidential and vice-presidential term in the United States. It is difficult to predict how coronavirus will affect the vice president's activities in Feburary and March 2021, but",1,0,0,other,FALSE,FALSE,FALSE,FALSE,FALSE,FALSE,FALSE,FALSE,none,FALSE,,[],,FALSE,
2020,11,everything stays uncertain,"January 20, 2021, is the start of the next presidential and vice-presidential term in the United States. It is difficult to predict how coronavirus will affect the vice president's activities in Feburary and March 2021, but",1,1,1,other,FALSE,FALSE,FALSE,FALSE,FALSE,FALSE,FALSE,FALSE,none,FALSE,,[],,FALSE,
2020,11,exact,"January 20, 2021, is the start of the next presidential and vice-presidential term in the United States. It is difficult to predict how coronavirus will affect the vice president's activities in Feburary and March 2021, but",1,1,1,other,FALSE,FALSE,FALSE,FALSE,FALSE,FALSE,FALSE,FALSE,none,TRUE,single_word,[],,TRUE,single-word judgment; single word
2020,11,for sure he will be busy,"January 20, 2021, is the start of the next presidential and vice-presidential term in the United States. It is difficult to predict how coronavirus will affect the vice president's activities in Feburary and March 2021, but",1,0,0,he,FALSE,TRUE,FALSE,FALSE,FALSE,FALSE,FALSE,FALSE,he,FALSE,,"[{""start"":9,""end"":11,""kind"":""he"",""text"":""he""}]",,FALSE,
2020,11,handling the coronavirus will continue to be a difficult challenge.,"January 20, 2021, is the start of the next presidential and vice-presidential term in the United States. It is difficult to predict how coronavirus will affect the vice president's activities in Feburary and March 2021, but",1,1,1,other,FALSE,FALSE,FALSE,FALSE,FALSE,FALSE,FALSE,FALSE,none,FALSE,,[],,FALSE,
2020,11,having pandemic,"January 20, 2021, is the start of the next presidential and vice-presidential term in the United States. It is difficult to predict how coronavirus will affect the vice president's activities in Feburary and March 2021, but",1,1,1,other,FALSE,FALSE,FALSE,FALSE,FALSE,FALSE,FALSE,FALSE,none,FALSE,,[],,FALSE,
2020,11,he will be active,"January 20, 2021, is the start of the next presidential and vice-presidential term in the United States. It is difficult to predict how coronavirus will affect the vice president's activities in Feburary and March 2021, but",1,1,1,he,FALSE,TRUE,FALSE,FALSE,FALSE,FALSE,FALSE,FALSE,he,FALSE,,"[{""start"":0,""end"":2,""kind"":""he"",""text"":""he""}]",,FALSE,
2020,11,he will be tested in April 2021.,"January 20, 2021, is the start of the next presidential and vice-presidential term in the United States. It is difficult to predict how coronavirus will affect the vice president's activities in Feburary and March 2021, but",1,1,1,he,FALSE,TRUE,FALSE,FALSE,FALSE,FALSE,FALSE,FALSE,he,FALSE,,"[{""start"":0,""end"":2,""kind"":""he"",""text"":""he""}]",12,FALSE,
2020,11,he will know if he has been elected as Vice President and remain in The White House.,"January 20, 2021, is the start of the next presidential and vice-presidential term in the United States. It is difficult to predict how coronavirus will affect the vice president's activities in Feburary and March 2021, but",1,1,1,he,FALSE,TRUE,FALSE,FALSE,FALSE,FALSE,FALSE,FALSE,he,FALSE,,"[{""start"":0,""end"":2,""kind"":""he"",""text"":""he""},{""start"":16,""end"":18,""kind"":""he"",""text"":""he""}]",,TRUE,long
2020,11,health and safety should be the number one priority.,"January 20, 2021, is the start of the next presidential and vice-presidential term in the United States. It is difficult to predict how coronavirus will affect the vice president's activities in Feburary and March 2021, but",1,1,1,other,FALSE,FALSE,FALSE,FALSE,FALSE,FALSE,FALSE,FALSE,none,FALSE,,[],65,FALSE,
2020,11,her,"January 20, 2021, is the start of the next presidential and vice-presidential term in the United States. It is difficult to predict how coronavirus will affect the vice president's activities in Feburary and March 2021, but",1,0,0,she,TRUE,FALSE,FALSE,FALSE,FALSE,FALSE,FALSE,FALSE,she,FALSE,,"[{""start"":0,""end"":3,""kind"":""she"",""text"":""her""}]",,FALSE,
2020,11,hopefully activities will continue safely now.,"January 20, 2021, is the start of the next presidential and vice-presidential term in the United States. It is difficult to predict how coronavirus will affect the vice president's activities in Feburary and March 2021, but",1,1,1,other,FALSE,FALSE,FALSE,FALSE,FALSE,FALSE,FALSE,FALSE,none,FALSE,,[],128,FALSE,
2020,11,hopefully the lockdowns will stop,"January 20, 2021, is the start of the next presidential and vice-presidential term in the United States. It is difficult to predict how coronavirus will affect the vice president's activities in Feburary and March 2021, but",1,1,1,other,FALSE,FALSE,FALSE,FALSE,FALSE,FALSE,FALSE,FALSE,none,FALSE,,[],,FALSE,
2020,11,it can be controlled by precautions.,"January 20, 2021, is the start of the next presidential and vice-presidential term in the United States. It is difficult to predict how coronavirus will affect the vice president's activities in Feburary and March 2021, but",1,0,0,other,FALSE,FALSE,FALSE,FALSE,FALSE,FALSE,FALSE,FALSE,none,FALSE,,[],,FALSE,
2020,11,it certainly will.,"January 20, 2021, is the start of the next presidential and vice-presidential term in the United States. It is difficult to predict how coronavirus will affect the vice president's activities in Feburary and March 2021, but",1,0,0,other,FALSE,FALSE,FALSE,FALSE,FALSE,FALSE,FALSE,FALSE,none,FALSE,,[],,FALSE,
2020,11,it is certain to present a challenge for them to handle,"January 20, 2021, is the start of the next presidential and vice-presidential term in the United States. It is difficult to predict how coronavirus will affect the vice president's activities in Feburary and March 2021, but",1,0,0,they,FALSE,FALSE,TRUE,FALSE,FALSE,FALSE,FALSE,FALSE,they,FALSE,,"[{""start"":41,""end"":45,""kind"":""they"",""text"":""them""}]",,FALSE,
2020,11,it is expected she will engage in all activities safely.,"January 20, 2021, is the start of the next presidential and vice-presidential term in the United States. It is difficult to predict how coronavirus will affect the vice president's activities in Feburary and March 2021, but",1,1,1,she,TRUE,FALSE,FALSE,FALSE,FALSE,FALSE,FALSE,FALSE,she,FALSE,,"[{""start"":15,""end"":18,""kind"":""she"",""text"":""she""}]",,FALSE,
2020,11,it is expected that he/she will face many obstacles,"January 20, 2021, is the start of the next presidential and vice-presidential term in the United States. It is difficult to predict how coronavirus will affect the vice president's activities in Feburary and March 2021, but",1,1,1,hedged,FALSE,FALSE,FALSE,TRUE,FALSE,FALSE,FALSE,FALSE,hedged,FALSE,,"[{""start"":20,""end"":26,""kind"":""hedged"",""text"":""he/she""}]",,TRUE,coreference judged by hand
2020,11,it is likely that they will need to make adjustments to their normal schedule.,"January 20, 2021, is the start of the next presidential and vice-presidential term in the United States. It is difficult to predict how coronavirus will affect the vice president's activities in Feburary and March 2021, but",1,1,1,they,FALSE,FALSE,TRUE,FALSE,FALSE,FALSE,FALSE,FALSE,they,FALSE,,"[{""start"":18,""end"":22,""kind"":""they"",""text"":""they""},{""start"":56,""end"":61,""kind"":""they"",""text"":""their""}]",,FALSE,
2020,11,it is safe to say it will be a defining challenge of their time in office.,"January 20, 2021, is the start of the next presidential and vice-presidential term in the United States. It is difficult to predict how coronavirus will affect the vice president's activities in Feburary and March 2021, but",1,0,0,they,FALSE,FALSE,TRUE,FALSE,FALSE,FALSE,FALSE,FALSE,they,FALSE,,"[{""start"":53,""end"":58,""kind"":""they"",""text"":""their""}]",,FALSE,
2020,11,it is still a close race.,"January 20, 2021, is the start of the next presidential and vice-presidential term in the United States. It is difficult to predict how coronavirus will affect the vice president's activities in Feburary and March 2021, but",1,1,1,other,FALSE,FALSE,FALSE,FALSE,FALSE,FALSE,FALSE,FALSE,none,FALSE,,[],,FALSE,
2020,11,it should continue to be a hot topic of discussion.,"January 20, 2021, is the start of the next presidential and vice-presidential term in the United States. It is difficult to predict how coronavirus will affect the vice president's activities in Feburary and March 2021, but",1,0,0,other,FALSE,FALSE,FALSE,FALSE,FALSE,FALSE,FALSE,FALSE,none,FALSE,,[],112,FALSE,
2020,11,it was unfair.,"January 20, 2021, is the start of the next presidential and vice-presidential term in the United States. It is difficult to predict how coronavirus will affect the vice president's activities in Feburary and March 2021, but",1,0,0,other,FALSE,FALSE,FALSE,FALSE,FALSE,FALSE,FALSE,FALSE,none,FALSE,,[],,FALSE,
2020,11,it will be a challenge,"January 20, 2021, is the start of the next presidential and vice-presidential term in the United States. It is difficult to predict how coronavirus will affect the vice president's activities in Feburary and March 2021, but",1,1,1,other,FALSE,FALSE,FALSE,FALSE,FALSE,FALSE,FALSE,FALSE,none,FALSE,,[],,FALSE,
2020,11,it will be a main topic of discussion.,"January 20, 2021, is the start of the next presidential and vice-presidential term in the United States. It is difficult to predict how coronavirus will affect the vice president's activities in Feburary and March 2021, but",1,0,0,other,FALSE,FALSE,FALSE,FALSE,FALSE,FALSE,FALSE,FALSE,none,FALSE,,[],,FALSE,
2020,11,it will be the topic of much discussionl,"January 20, 2021, is the start of the next presidential and vice-presidential term in the United States. It is difficult to predict how coronavirus will affect the vice president's activities in Feburary and March 2021, but",1,0,0,other,FALSE,FALSE,FALSE,FALSE,FALSE,FALSE,FALSE,FALSE,none,FALSE,,[],,FALSE,
2020,11,it will be very dificult,"January 20, 2021, is the start of the next presidential and vice-presidential term in the United States. It is difficult to predict how coronavirus will affect the vice president's activities in Feburary and March 2021, but",1,1,1,other,FALSE,FALSE,FALSE,FALSE,FALSE,FALSE,FALSE,FALSE,none,FALSE,,[],,FALSE,
2020,11,it will likely be a central point in governmental discussions,"January 20, 2021, is the start of the next presidential and vice-presidential term in the United States. It is difficult to predict how coronavirus will affect the vice president's activities in Feburary and March 2021, but",1,0,0,other,FALSE,FALSE,FALSE,FALSE,FALSE,FALSE,FALSE,FALSE,none,FALSE,,[],,FALSE,
2020,11,it will more than likely still be a large issue.,"January 20, 2021, is the start of the next presidential and vice-presidential term in the United States. It is difficult to predict how coronavirus will affect the vice president's activities in Feburary and March 2021, but",1,0,0,other,FALSE,FALSE,FALSE,FALSE,FALSE,FALSE,FALSE,FALSE,none,FALSE,,[],,FALSE,
2020,11,it will probably still remain a relatively powerless position.,"January 20, 2021, is the start of the next presidential and vice-presidential term in the United States. It is difficult to predict how coronavirus will affect the vice president's activities in Feburary and March 2021, but",1,0,0,other,FALSE,FALSE,FALSE,FALSE,FALSE,FALSE,FALSE,FALSE,none,FALSE,,[],,FALSE,
2020,11,it will still be a hot topic until herd mentaility is reached.,"January 20, 2021, is the start of the next presidential and vice-presidential term in the United States. It is difficult to predict how coronavirus will affect the vice president's activities in Feburary and March 2021, but",1,0,0,other,FALSE,FALSE,FALSE,FALSE,FALSE,FALSE,FALSE,FALSE,none,FALSE,,[],,FALSE,
2020,11,kamala harris,"January 20, 2021, is the start of the next presidential and vice-presidential term in the United States. It is difficult to predict how coronavirus will affect the vice president's activities in Feburary and March 2021, but",1,0,0,female_candidate_name,FALSE,FALSE,FALSE,FALSE,FALSE,FALSE,FALSE,FALSE,none,FALSE,,"[{""start"":0,""end"":6,""kind"":""female_candidate_name"",""text"":""kamala""},{""start"":7,""end"":13,""kind"":""female_candidate_name"",""text"":""harris""}]",,FALSE,
2020,11,let's hope for the best,"January 20, 2021, is the start of the next presidential and vice-presidential term in the United States. It is difficult to predict how coronavirus will affect the vice president's activities in Feburary and March 2021, but",1,1,1,other,FALSE,FALSE,FALSE,FALSE,FALSE,FALSE,FALSE,FALSE,none,FALSE,,[],,FALSE,
2020,11,lets do this thing,"January 20, 2021, is the start of the next presidential and vice-presidential term in the United States. It is difficult to predict how coronavirus will affect the vice president's activities in Feburary and March 2021, but",1,0,0,other,FALSE,FALSE,FALSE,FALSE,FALSE,FALSE,FALSE,FALSE,none,FALSE,,[],,FALSE,
2020,11,next presidentia,"January 20, 2021, is the start of the next presidential and vice-presidential term in the United States. It is difficult to predict how coronavirus will affect the vice president's activities in Feburary and March 2021, but",1,0,0,other,FALSE,FALSE,FALSE,FALSE,FALSE,FALSE,FALSE,FALSE,none,TRUE,copied_context,[],,FALSE,
2020,11,next presidential,"January 20, 2021, is the start of the next presidential and vice-presidential term in the United States. It is difficult to predict how coronavirus will affect the vice president's activities in Feburary and March 2021, but",6,0,0,other_office_np,FALSE,FALSE,FALSE,FALSE,FALSE,FALSE,FALSE,FALSE,none,TRUE,copied_context,"[{""start"":5,""end"":17,""kind"":""other_office_np"",""text"":""presidential""}]",,FALSE,
2020,11,not much will likely change.,"January 20, 2021, is the start of the next presidential and vice-presidential term in the United States. It is difficult to predict how coronavirus will affect the vice president's activities in Feburary and March 2021, but",1,1,1,other,FALSE,FALSE,FALSE,FALSE,FALSE,FALSE,FALSE,FALSE,none,FALSE,,[],,FALSE,
2020,11,now not very serious,"January 20, 2021, is the start of the next presidential and vice-presidential term in the United States. It is difficult to predict how coronavirus will affect the vice president's activities in Feburary and March 2021, but",1,0,0,other,FALSE,FALSE,FALSE,FALSE,FALSE,FALSE,FALSE,FALSE,none,FALSE,,[],,FALSE,
2020,11,now test several million people daily for COVID-19,"January 20, 2021, is the start of the next presidential and vice-presidential term in the United States. It is difficult to predict how coronavirus will affect the vice president's activities in Feburary and March 2021, but",1,0,0,other,FALSE,FALSE,FALSE,FALSE,FALSE,FALSE,FALSE,FALSE,none,FALSE,,[],,FALSE,
2020,11,observers agree that next presidential term we will have one of the most-important vice-presidents in history.,"January 20, 2021, is the start of the next presidential and vice-presidential term in the United States. It is difficult to predict how coronavirus will affect the vice president's activities in Feburary and March 2021, but",1,0,0,other_office_np,FALSE,FALSE,FALSE,FALSE,FALSE,FALSE,FALSE,FALSE,none,FALSE,,"[{""start"":26,""end"":38,""kind"":""other_office_np"",""text"":""presidential""}]",,FALSE,
2020,11,one thing is for certain it will be interesting to watch to be sure.,"January 20, 2021, is the start of the next presidential and vice-presidential term in the United States. It is difficult to predict how coronavirus will affect the vice president's activities in Feburary and March 2021, but",1,1,1,other,FALSE,FALSE,FALSE,FALSE,FALSE,FALSE,FALSE,FALSE,none,FALSE,,[],,FALSE,
2020,11,perhaps the vice president will remain visible to the public and will continue to make appearances.,"January 20, 2021, is the start of the next presidential and vice-presidential term in the United States. It is difficult to predict how coronavirus will affect the vice president's activities in Feburary and March 2021, but",1,1,0,target_office_np,FALSE,FALSE,FALSE,FALSE,FALSE,FALSE,FALSE,FALSE,none,FALSE,,"[{""start"":8,""end"":26,""kind"":""target_office_np"",""text"":""the vice president""}]",,TRUE,long
2020,11,senate frequently elected,"January 20, 2021, is the start of the next presidential and vice-presidential term in the United States. It is difficult to predict how coronavirus will affect the vice president's activities in Feburary and March 2021, but",1,0,0,other,FALSE,FALSE,FALSE,FALSE,FALSE,FALSE,FALSE,FALSE,none,FALSE,,[],,FALSE,
2020,11,she is a good woman and will prevail.,"January 20, 2021, is the start of the next presidential and vice-presidential term in the United States. It is difficult to predict how coronavirus will affect the vice president's activities in Feburary and March 2021, but",1,1,1,she,TRUE,FALSE,FALSE,FALSE,FALSE,FALSE,FALSE,FALSE,she,FALSE,,"[{""start"":0,""end"":3,""kind"":""she"",""text"":""she""}]",,FALSE,
2020,11,she will be taking appropriate precautions.,"January 20, 2021, is the start of the next presidential and vice-presidential term in the United States. It is difficult to predict how coronavirus will affect the vice president's activities in Feburary and March 2021, but",1,1,1,she,TRUE,FALSE,FALSE,FALSE,FALSE,FALSE,FALSE,FALSE,she,FALSE,,"[{""start"":0,""end"":3,""kind"":""she"",""text"":""she""}]",,FALSE,
2020,11,she will play an integral role in setting policy priorities.,"January 20, 2021, is the start of the next presidential and vice-presidential term in the United States. It is difficult to predict how coronavirus will affect the vice president's activities in Feburary and March 2021, but",1,0,0,she,TRUE,FALSE,FALSE,FALSE,FALSE,FALSE,FALSE,FALSE,she,FALSE,,"[{""start"":0,""end"":3,""kind"":""she"",""text"":""she""}]",,FALSE,
2020,11,she will work very hard to reduce the effects of the coronavirus.,"January 20, 2021, is the start of the next presidential and vice-presidential term in the United States. It is difficult to predict how coronavirus will affect the vice president's activities in Feburary and March 2021, but",1,1,1,she,TRUE,FALSE,FALSE,FALSE,FALSE,FALSE,FALSE,FALSE,she,FALSE,,"[{""start"":0,""end"":3,""kind"":""she"",""text"":""she""}]",,FALSE,
2020,11,some how it has to continue,"January 20, 2021, is the start of the next presidential and vice-presidential term in the United States. It is difficult to predict how coronavirus will affect the vice president's activities in Feburary and March 2021, but",1,1,1,other,FALSE,FALSE,FALSE,FALSE,FALSE,FALSE,FALSE,FALSE,none,FALSE,,[],,FALSE,
2020,11,the main decisions about the coronavirus will still be left up to the states.,"January 20, 2021, is the start of the next presidential and vice-presidential term in the United States. It is difficult to predict how coronavirus will affect the vice president's activities in Feburary and March 2021, but",1,1,1,other,FALSE,FALSE,FALSE,FALSE,FALSE,FALSE,FALSE,FALSE,none,FALSE,,[],,FALSE,
2020,11,"the next president will either be sworn in, or continue to be President.","January 20, 2021, is the start of the next presidential and vice-presidential term in the United States. It is difficult to predict how coronavirus will affect the vice president's activities in Feburary and March 2021, but",1,1,1,other_office_np,FALSE,FALSE,FALSE,FALSE,FALSE,FALSE,FALSE,FALSE,none,FALSE,,"[{""start"":4,""end"":18,""kind"":""other_office_np"",""text"":""next president""}]",25,FALSE,
2020,11,the presidential,"January 20, 2021, is the start of the next presidential and vice-presidential term in the United States. It is difficult to predict how coronavirus will affect the vice president's activities in Feburary and March 2021, but",1,0,0,other_office_np,FALSE,FALSE,FALSE,FALSE,FALSE,FALSE,FALSE,FALSE,none,FALSE,,"[{""start"":4,""end"":16,""kind"":""other_office_np"",""text"":""presidential""}]",,FALSE,
2020,11,the show must go on.,"January 20, 2021, is the start of the next presidential and vice-presidential term in the United States. It is difficult to predict how coronavirus will affect the vice president's activities in Feburary and March 2021, but",1,1,0,other,FALSE,FALSE,FALSE,FALSE,FALSE,FALSE,FALSE,FALSE,none,FALSE,,[],,FALSE,
2020,11,the vice president will be Mike Pence or Kamala Harris.,"January 20, 2021, is the start of the next presidential and vice-presidential term in the United States. It is difficult to predict how coronavirus will affect the vice president's activities in Feburary and March 2021, but",1,1,1,target_office_np,FALSE,FALSE,FALSE,FALSE,FALSE,FALSE,FALSE,FALSE,none,FALSE,,"[{""start"":0,""end"":18,""kind"":""target_office_np"",""text"":""the vice president""},{""start"":32,""end"":37,""kind"":""male_candidate_name"",""text"":""Pence""},{""start"":41,""end"":47,""kind"":""female_candidate_name"",""text"":""Kamala""},{""start"":48,""end"":54,""kind"":""female_candidate_name"",""text"":""Harris""}]",,FALSE,
2020,11,the vice president will play a major role in the fight against corona virus,"January 20, 2021, is the start of the next presidential and vice-presidential term in the United States. It is difficult to predict how coronavirus will affect the vice president's activities in Feburary and March 2021, but",1,0,0,target_office_np,FALSE,FALSE,FALSE,FALSE,FALSE,FALSE,FALSE,FALSE,none,FALSE,,"[{""start"":0,""end"":18,""kind"":""target_office_np"",""text"":""the vice president""}]",,FALSE,
2020,11,they are expected to tackle the virus effienciently.,"January 20, 2021, is the start of the next presidential and vice-presidential term in the United States. It is difficult to predict how coronavirus will affect the vice president's activities in Feburary and March 2021, but",1,0,0,they,FALSE,FALSE,TRUE,FALSE,FALSE,FALSE,FALSE,FALSE,they,FALSE,,"[{""start"":0,""end"":4,""kind"":""they"",""text"":""they""}]",,FALSE,
2020,11,they conduct the election,"January 20, 2021, is the start of the next presidential and vice-presidential term in the United States. It is difficult to predict how coronavirus will affect the vice president's activities in Feburary and March 2021, but",1,1,1,they,FALSE,FALSE,TRUE,FALSE,FALSE,FALSE,FALSE,FALSE,they,FALSE,,"[{""start"":0,""end"":4,""kind"":""they"",""text"":""they""}]",,FALSE,
2020,11,they should be the part of the government and face all the situations.,"January 20, 2021, is the start of the next presidential and vice-presidential term in the United States. It is difficult to predict how coronavirus will affect the vice president's activities in Feburary and March 2021, but",1,1,1,they,FALSE,FALSE,TRUE,FALSE,FALSE,FALSE,FALSE,FALSE,they,FALSE,,"[{""start"":0,""end"":4,""kind"":""they"",""text"":""they""}]",,FALSE,
2020,11,they will be active in daily government activities.,"January 20, 2021, is the start of the next presidential and vice-presidential term in the United States. It is difficult to predict how coronavirus will affect the vice president's activities in Feburary and March 2021, but",1,1,1,they,FALSE,FALSE,TRUE,FALSE,FALSE,FALSE,FALSE,FALSE,they,FALSE,,"[{""start"":0,""end"":4,""kind"":""they"",""text"":""they""}]",,FALSE,
2020,11,they will be well-prepared to handle the responsibilities of the office.,"January 20, 2021, is the start of the next presidential and vice-presidential term in the United States. It is difficult to predict how coronavirus will affect the vice president's activities in Feburary and March 2021, but",1,0,0,they,FALSE,FALSE,TRUE,FALSE,FALSE,FALSE,FALSE,FALSE,they,FALSE,,"[{""start"":0,""end"":4,""kind"":""they"",""text"":""they""}]",,FALSE,
2020,11,they will carry out their respective duties for sure,"January 20, 2021, is the start of the next presidential and vice-presidential term in the United States. It is difficult to predict how coronavirus will affect the vice president's activities in Feburary and March 2021, but",1,1,0,they,FALSE,FALSE,TRUE,FALSE,FALSE,FALSE,FALSE,FALSE,they,FALSE,,"[{""start"":0,""end"":4,""kind"":""they"",""text"":""they""},{""start"":20,""end"":25,""kind"":""they"",""text"":""their""}]",,FALSE,
2020,11,they will do everything they can to help the american people,"January 20, 2021, is the start of the next presidential and vice-presidential term in the United States. It is difficult to predict how coronavirus will affect the vice president's activities in Feburary and March 2021, but",1,1,1,they,FALSE,FALSE,TRUE,FALSE,FALSE,FALSE,FALSE,FALSE,they,FALSE,,"[{""start"":0,""end"":4,""kind"":""they"",""text"":""they""},{""start"":24,""end"":28,""kind"":""they"",""text"":""they""}]",24,TRUE,coreference judged by hand
2020,11,they will prevail and make great strides fighting coronavirus.,"January 20, 2021, is the start of the next presidential and vice-presidential term in the United States. It is difficult to predict how coronavirus will affect the vice president's activities in Feburary and March 2021, but",1,1,1,they,FALSE,FALSE,TRUE,FALSE,FALSE,FALSE,FALSE,FALSE,they,FALSE,,"[{""start"":0,""end"":4,""kind"":""they"",""text"":""they""}]",,FALSE,
2020,11,things can change,"January 20, 2021, is the start of the next presidential and vice-presidential term in the United States. It is difficult to predict how coronavirus will affect the vice president's activities in Feburary and March 2021, but",1,1,0,other,FALSE,FALSE,FALSE,FALSE,FALSE,FALSE,FALSE,FALSE,none,FALSE,,[],,FALSE,
2020,11,we are all anxious to see who will be there.,"January 20, 2021, is the start of the next presidential and vice-presidential term in the United States. It is difficult to predict how coronavirus will affect the vice president's activities in Feburary and March 2021, but",1,1,1,other,FALSE,FALSE,FALSE,FALSE,FALSE,FALSE,FALSE,FALSE,none,FALSE,,[],,FALSE,
2020,11,we are optimistic.,"January 20, 2021, is the start of the next presidential and vice-presidential term in the United States. It is difficult to predict how coronavirus will affect the vice president's activities in Feburary and March 2021, but",1,1,0,other,FALSE,FALSE,FALSE,FALSE,FALSE,FALSE,FALSE,FALSE,none,FALSE,,[],,FALSE,
2020,11,we can expect the president to have resumed normal activities by then.,"January 20, 2021, is the start of the next presidential and vice-presidential term in the United States. It is difficult to predict how coronavirus will affect the vice president's activities in Feburary and March 2021, but",1,0,0,other_office_np,FALSE,FALSE,FALSE,FALSE,FALSE,FALSE,FALSE,FALSE,none,FALSE,,"[{""start"":14,""end"":27,""kind"":""other_office_np"",""text"":""the president""}]",,FALSE,
2020,11,we expect,"January 20, 2021, is the start of the next presidential and vice-presidential term in the United States. It is difficult to predict how coronavirus will affect the vice president's activities in Feburary and March 2021, but",1,1,1,other,FALSE,FALSE,FALSE,FALSE,FALSE,FALSE,FALSE,FALSE,none,FALSE,,[],,FALSE,
2020,11,we have to predict the truth,"January 20, 2021, is the start of the next presidential and vice-presidential term in the United States. It is difficult to predict how coronavirus will affect the vice president's activities in Feburary and March 2021, but",1,0,0,other,FALSE,FALSE,FALSE,FALSE,FALSE,FALSE,FALSE,FALSE,none,FALSE,,[],,FALSE,
2020,11,we have to predict.,"January 20, 2021, is the start of the next presidential and vice-presidential term in the United States. It is difficult to predict how coronavirus will affect the vice president's activities in Feburary and March 2021, but",1,1,1,other,FALSE,FALSE,FALSE,FALSE,FALSE,FALSE,FALSE,FALSE,none,FALSE,,[],,FALSE,
2020,11,"we hope that the situation will great,y improve.","January 20, 2021, is the start of the next presidential and vice-presidential term in the United States. It is difficult to predict how coronavirus will affect the vice president's activities in Feburary and March 2021, but",1,1,1,other,FALSE,FALSE,FALSE,FALSE,FALSE,FALSE,FALSE,FALSE,none,FALSE,,[],,FALSE,
2020,11,we will see.,"January 20, 2021, is the start of the next presidential and vice-presidential term in the United States. It is difficult to predict how coronavirus will affect the vice president's activities in Feburary and March 2021, but",1,1,1,other,FALSE,FALSE,FALSE,FALSE,FALSE,FALSE,FALSE,FALSE,none,FALSE,,[],,FALSE,
2020,11,we will watch it closely.,"January 20, 2021, is the start of the next presidential and vice-presidential term in the United States. It is difficult to predict how coronavirus will affect the vice president's activities in Feburary and March 2021, but",1,0,0,other,FALSE,FALSE,FALSE,FALSE,FALSE,FALSE,FALSE,FALSE,none,FALSE,,[],,FALSE,
2020,11,we'll be connected,"January 20, 2021, is the start of the next presidential and vice-presidential term in the United States. It is difficult to predict how coronavirus will affect the vice president's activities in Feburary and March 2021, but",1,0,0,other,FALSE,FALSE,FALSE,FALSE,FALSE,FALSE,FALSE,FALSE,none,FALSE,,[],,FALSE,
2020,11,will do its job to get over it every day.,"January 20, 2021, is the start of the next presidential and vice-presidential term in the United States. It is difficult to predict how coronavirus will affect the vice president's activities in Feburary and March 2021, but",1,0,0,other,FALSE,FALSE,FALSE,FALSE,FALSE,FALSE,FALSE,FALSE,none,FALSE,,[],,FALSE,
2020,11,will most likely still be a main topic of concern,"January 20, 2021, is the start of the next presidential and vice-presidential term in the United States. It is difficult to predict how coronavirus will affect the vice president's activities in Feburary and March 2021, but",1,0,0,other,FALSE,FALSE,FALSE,FALSE,FALSE,FALSE,FALSE,FALSE,none,FALSE,,[],,FALSE,
2020,12,,"January 20, 2021, is the start of the next presidential and vice-presidential term in the United States. If a crisis arises in spring or summer 2021 that requires the vice president's intervention, then",25,1,1,blank,FALSE,FALSE,FALSE,FALSE,FALSE,FALSE,FALSE,FALSE,none,TRUE,blank,[],,FALSE,
2020,12,1,"January 20, 2021, is the start of the next presidential and vice-presidential term in the United States. If a crisis arises in spring or summer 2021 that requires the vice president's intervention, then",9,0,0,other,FALSE,FALSE,FALSE,FALSE,FALSE,FALSE,FALSE,FALSE,none,TRUE,filler_or_number,[],137,FALSE,
2020,12,2021,"January 20, 2021, is the start of the next presidential and vice-presidential term in the United States. If a crisis arises in spring or summer 2021 that requires the vice president's intervention, then",1,0,0,other,FALSE,FALSE,FALSE,FALSE,FALSE,FALSE,FALSE,FALSE,none,TRUE,filler_or_number,[],,FALSE,
2020,12,34,"January 20, 2021, is the start of the next presidential and vice-presidential term in the United States. If a crisis arises in spring or summer 2021 that requires the vice president's intervention, then",2,1,1,other,FALSE,FALSE,FALSE,FALSE,FALSE,FALSE,FALSE,FALSE,none,TRUE,filler_or_number,[],148,FALSE,
2020,12,BIDEN,"January 20, 2021, is the start of the next presidential and vice-presidential term in the United States. If a crisis arises in spring or summer 2021 that requires the vice president's intervention, then",1,0,0,other_candidate_name,FALSE,FALSE,FALSE,FALSE,FALSE,FALSE,FALSE,FALSE,none,FALSE,,"[{""start"":0,""end"":5,""kind"":""other_candidate_name"",""text"":""BIDEN""}]",,FALSE,
2020,12,CONGRASS,"January 20, 2021, is the start of the next presidential and vice-presidential term in the United States. If a crisis arises in spring or summer 2021 that requires the vice president's intervention, then",1,0,0,other,FALSE,FALSE,FALSE,FALSE,FALSE,FALSE,FALSE,FALSE,none,TRUE,single_word,[],,FALSE,
2020,12,"Constitution states that a president is elected to serve a four-year term. The current presidential term officially ends on January 20, 2021.","January 20, 2021, is the start of the next presidential and vice-presidential term in the United States. If a crisis arises in spring or summer 2021 that requires the vice president's intervention, then",1,1,1,other_office_np,FALSE,FALSE,FALSE,FALSE,FALSE,FALSE,FALSE,FALSE,none,TRUE,pasted_text,"[{""start"":87,""end"":99,""kind"":""other_office_np"",""text"":""presidential""}]",,TRUE,pasted-text judgment; long
2020,12,GOOD,"January 20, 2021, is the start of the next presidential and vice-presidential term in the United States. If a crisis arises in spring or summer 2021 that requires the vice president's intervention, then",1,1,1,other,FALSE,FALSE,FALSE,FALSE,FALSE,FALSE,FALSE,FALSE,none,TRUE,single_word,[],,TRUE,single-word judgment; all caps; single word
2020,12,"In presidential changes in the United States, a certainty persists over the years: the winner is always a Republican or Democratic candidate.","January 20, 2021, is the start of the next presidential and vice-presidential term in the United States. If a crisis arises in spring or summer 2021 that requires the vice president's intervention, then",1,0,0,other_office_np,FALSE,FALSE,FALSE,FALSE,FALSE,FALSE,FALSE,FALSE,none,TRUE,pasted_text,"[{""start"":3,""end"":15,""kind"":""other_office_np"",""text"":""presidential""},{""start"":83,""end"":93,""kind"":""generic_np"",""text"":""the winner""}]",,FALSE,
2020,12,JOE BIDEN,"January 20, 2021, is the start of the next presidential and vice-presidential term in the United States. If a crisis arises in spring or summer 2021 that requires the vice president's intervention, then",2,0,0,other_candidate_name,FALSE,FALSE,FALSE,FALSE,FALSE,FALSE,FALSE,FALSE,none,FALSE,,"[{""start"":4,""end"":9,""kind"":""other_candidate_name"",""text"":""BIDEN""}]",,FALSE,
2020,12,"January 20, 2021, is the start of the next presidential and vice-presidential term in the United States","January 20, 2021, is the start of the next presidential and vice-presidential term in the United States. If a crisis arises in spring or summer 2021 that requires the vice president's intervention, then",1,1,1,other_office_np,FALSE,FALSE,FALSE,FALSE,FALSE,FALSE,FALSE,FALSE,none,TRUE,copied_context,"[{""start"":43,""end"":55,""kind"":""other_office_np"",""text"":""presidential""},{""start"":60,""end"":77,""kind"":""target_office_np"",""text"":""vice-presidential""}]",,TRUE,long
2020,12,KAMALA HARRIS,"January 20, 2021, is the start of the next presidential and vice-presidential term in the United States. If a crisis arises in spring or summer 2021 that requires the vice president's intervention, then",6,1,1,female_candidate_name,FALSE,FALSE,FALSE,FALSE,FALSE,FALSE,FALSE,FALSE,none,TRUE,doesnt_make_sense,"[{""start"":0,""end"":6,""kind"":""female_candidate_name"",""text"":""KAMALA""},{""start"":7,""end"":13,""kind"":""female_candidate_name"",""text"":""HARRIS""}]",,TRUE,all caps
2020,12,Kalamala Harris will take complete and total control,"January 20, 2021, is the start of the next presidential and vice-presidential term in the United States. If a crisis arises in spring or summer 2021 that requires the vice president's intervention, then",1,1,1,female_candidate_name,FALSE,FALSE,FALSE,FALSE,FALSE,FALSE,FALSE,FALSE,none,FALSE,,"[{""start"":9,""end"":15,""kind"":""female_candidate_name"",""text"":""Harris""}]",,FALSE,
2020,12,Kamala Harris,"January 20, 2021, is the start of the next presidential and vice-presidential term in the United States. If a crisis arises in spring or summer 2021 that requires the vice president's intervention, then",1,0,0,female_candidate_name,FALSE,FALSE,FALSE,FALSE,FALSE,FALSE,FALSE,FALSE,none,FALSE,,"[{""start"":0,""end"":6,""kind"":""female_candidate_name"",""text"":""Kamala""},{""start"":7,""end"":13,""kind"":""female_candidate_name"",""text"":""Harris""}]",,FALSE,
2020,12,Kamala Harris will act swiftly.,"January 20, 2021, is the start of the next presidential and vice-presidential term in the United States. If a crisis arises in spring or summer 2021 that requires the vice president's intervention, then",1,1,0,female_candidate_name,FALSE,FALSE,FALSE,FALSE,FALSE,FALSE,FALSE,FALSE,none,FALSE,,"[{""start"":0,""end"":6,""kind"":""female_candidate_name"",""text"":""Kamala""},{""start"":7,""end"":13,""kind"":""female_candidate_name"",""text"":""Harris""}]",,FALSE,
2020,12,Kamala Harris will be able to resolve it,"January 20, 2021, is the start of the next presidential and vice-presidential term in the United States. If a crisis arises in spring or summer 2021 that requires the vice president's intervention, then",1,1,0,female_candidate_name,FALSE,FALSE,FALSE,FALSE,FALSE,FALSE,FALSE,FALSE,none,FALSE,,"[{""start"":0,""end"":6,""kind"":""female_candidate_name"",""text"":""Kamala""},{""start"":7,""end"":13,""kind"":""female_candidate_name"",""text"":""Harris""}]",97,FALSE,
2020,12,Kamala Harris will be prepared,"January 20, 2021, is the start of the next presidential and vice-presidential term in the United States. If a crisis arises in spring or summer 2021 that requires the vice president's intervention, then",1,1,1,female_candidate_name,FALSE,FALSE,FALSE,FALSE,FALSE,FALSE,FALSE,FALSE,none,FALSE,,"[{""start"":0,""end"":6,""kind"":""female_candidate_name"",""text"":""Kamala""},{""start"":7,""end"":13,""kind"":""female_candidate_name"",""text"":""Harris""}]",,FALSE,
2020,12,Kamala Harris will be well positioned for the role.,"January 20, 2021, is the start of the next presidential and vice-presidential term in the United States. If a crisis arises in spring or summer 2021 that requires the vice president's intervention, then",1,1,1,female_candidate_name,FALSE,FALSE,FALSE,FALSE,FALSE,FALSE,FALSE,FALSE,none,FALSE,,"[{""start"":0,""end"":6,""kind"":""female_candidate_name"",""text"":""Kamala""},{""start"":7,""end"":13,""kind"":""female_candidate_name"",""text"":""Harris""}]",136,FALSE,
2020,12,Kamala Harris will do her best to help.,"January 20, 2021, is the start of the next presidential and vice-presidential term in the United States. If a crisis arises in spring or summer 2021 that requires the vice president's intervention, then",1,1,1,female_candidate_name,TRUE,FALSE,FALSE,FALSE,FALSE,FALSE,FALSE,FALSE,she,FALSE,,"[{""start"":0,""end"":6,""kind"":""female_candidate_name"",""text"":""Kamala""},{""start"":7,""end"":13,""kind"":""female_candidate_name"",""text"":""Harris""},{""start"":22,""end"":25,""kind"":""she"",""text"":""her""}]",,FALSE,
2020,12,Kamala Harris will fulfill her duties as Vice President.,"January 20, 2021, is the start of the next presidential and vice-presidential term in the United States. If a crisis arises in spring or summer 2021 that requires the vice president's intervention, then",1,1,1,female_candidate_name,TRUE,FALSE,FALSE,FALSE,FALSE,FALSE,FALSE,FALSE,she,FALSE,,"[{""start"":0,""end"":6,""kind"":""female_candidate_name"",""text"":""Kamala""},{""start"":7,""end"":13,""kind"":""female_candidate_name"",""text"":""Harris""},{""start"":27,""end"":30,""kind"":""she"",""text"":""her""}]",,FALSE,
2020,12,Kamela Harris will do a better job than Mike Pence.,"January 20, 2021, is the start of the next presidential and vice-presidential term in the United States. If a crisis arises in spring or summer 2021 that requires the vice president's intervention, then",1,1,1,female_candidate_name,FALSE,FALSE,FALSE,FALSE,FALSE,FALSE,FALSE,FALSE,none,FALSE,,"[{""start"":7,""end"":13,""kind"":""female_candidate_name"",""text"":""Harris""},{""start"":45,""end"":50,""kind"":""male_candidate_name"",""text"":""Pence""}]",,FALSE,
2020,12,Mike Pence will take care of it.,"January 20, 2021, is the start of the next presidential and vice-presidential term in the United States. If a crisis arises in spring or summer 2021 that requires the vice president's intervention, then",1,1,1,male_candidate_name,FALSE,FALSE,FALSE,FALSE,FALSE,FALSE,FALSE,FALSE,none,FALSE,,"[{""start"":5,""end"":10,""kind"":""male_candidate_name"",""text"":""Pence""}]",,FALSE,
2020,12,Mike Pence will take office.,"January 20, 2021, is the start of the next presidential and vice-presidential term in the United States. If a crisis arises in spring or summer 2021 that requires the vice president's intervention, then",1,1,1,male_candidate_name,FALSE,FALSE,FALSE,FALSE,FALSE,FALSE,FALSE,FALSE,none,FALSE,,"[{""start"":5,""end"":10,""kind"":""male_candidate_name"",""text"":""Pence""}]",,FALSE,
2020,12,Mike Pence’s,"January 20, 2021, is the start of the next presidential and vice-presidential term in the United States. If a crisis arises in spring or summer 2021 that requires the vice president's intervention, then",1,1,1,male_candidate_name,FALSE,FALSE,FALSE,FALSE,FALSE,FALSE,FALSE,FALSE,none,FALSE,,"[{""start"":5,""end"":10,""kind"":""male_candidate_name"",""text"":""Pence""}]",,FALSE,
2020,12,NONE,"January 20, 2021, is the start of the next presidential and vice-presidential term in the United States. If a crisis arises in spring or summer 2021 that requires the vice president's intervention, then",1,0,0,other,FALSE,FALSE,FALSE,FALSE,FALSE,FALSE,FALSE,FALSE,none,TRUE,single_word,[],,FALSE,
2020,12,PRESIDENT,"January 20, 2021, is the start of the next presidential and vice-presidential term in the United States. If a crisis arises in spring or summer 2021 that requires the vice president's intervention, then",1,0,0,other_office_np,FALSE,FALSE,FALSE,FALSE,FALSE,FALSE,FALSE,FALSE,none,FALSE,,"[{""start"":0,""end"":9,""kind"":""other_office_np"",""text"":""PRESIDENT""}]",,FALSE,
2020,12,PRESIDENT ELECTION,"January 20, 2021, is the start of the next presidential and vice-presidential term in the United States. If a crisis arises in spring or summer 2021 that requires the vice president's intervention, then",1,0,0,other_office_np,FALSE,FALSE,FALSE,FALSE,FALSE,FALSE,FALSE,FALSE,none,FALSE,,"[{""start"":0,""end"":9,""kind"":""other_office_np"",""text"":""PRESIDENT""}]",,FALSE,
2020,12,Pence will handle it appropriately.,"January 20, 2021, is the start of the next presidential and vice-presidential term in the United States. If a crisis arises in spring or summer 2021 that requires the vice president's intervention, then",1,1,1,male_candidate_name,FALSE,FALSE,FALSE,FALSE,FALSE,FALSE,FALSE,FALSE,none,FALSE,,"[{""start"":0,""end"":5,""kind"":""male_candidate_name"",""text"":""Pence""}]",,FALSE,
2020,12,Ronald Trumph,"January 20, 2021, is the start of the next presidential and vice-presidential term in the United States. If a crisis arises in spring or summer 2021 that requires the vice president's intervention, then",1,0,0,other_candidate_name,FALSE,FALSE,FALSE,FALSE,FALSE,FALSE,FALSE,FALSE,none,TRUE,single_word,"[{""start"":7,""end"":13,""kind"":""other_candidate_name"",""text"":""Trumph""}]",32,FALSE,
2020,12,The best luxury hotel to stay near the 2021 Presidential Inauguration Ceremony and Parade. Book Balcony Suites & Best DC Event Venue Space. Guest Room floor rentals or hotel buyout. On D.C.’S Waterfront. Understated luxe. Discovery & Allure.,"January 20, 2021, is the start of the next presidential and vice-presidential term in the United States. If a crisis arises in spring or summer 2021 that requires the vice president's intervention, then",1,1,1,other_office_np,FALSE,FALSE,FALSE,FALSE,FALSE,FALSE,FALSE,FALSE,none,TRUE,pasted_text,"[{""start"":44,""end"":56,""kind"":""other_office_np"",""text"":""Presidential""}]",,TRUE,pasted-text judgment; long
2020,12,United States Congress,"January 20, 2021, is the start of the next presidential and vice-presidential term in the United States. If a crisis arises in spring or summer 2021 that requires the vice president's intervention, then",1,1,0,other,FALSE,FALSE,FALSE,FALSE,FALSE,FALSE,FALSE,FALSE,none,FALSE,,[],,FALSE,
2020,12,Vice President Pence will intervene,"January 20, 2021, is the start of the next presidential and vice-presidential term in the United States. If a crisis arises in spring or summer 2021 that requires the vice president's intervention, then",1,1,1,male_candidate_name,FALSE,FALSE,FALSE,FALSE,FALSE,FALSE,FALSE,FALSE,none,FALSE,,"[{""start"":15,""end"":20,""kind"":""male_candidate_name"",""text"":""Pence""}]",,FALSE,
2020,12,Vice President elect shall act as President,"January 20, 2021, is the start of the next presidential and vice-presidential term in the United States. If a crisis arises in spring or summer 2021 that requires the vice president's intervention, then",1,0,0,target_office_np,FALSE,FALSE,FALSE,FALSE,FALSE,FALSE,FALSE,FALSE,none,FALSE,,"[{""start"":0,""end"":14,""kind"":""target_office_np"",""text"":""Vice President""}]",,FALSE,
2020,12,"Worst for Trump, he's now behind in the count in states he needs to win — so it ... If the election comes down to Pennsylvania, we would have the scenario for Bush v. ... And given the unexpectedly tight race, Pennsylvania's 20 electoral votes may be","January 20, 2021, is the start of the next presidential and vice-presidential term in the United States. If a crisis arises in spring or summer 2021 that requires the vice president's intervention, then",1,0,0,other_candidate_name,FALSE,FALSE,FALSE,FALSE,FALSE,TRUE,FALSE,FALSE,none,TRUE,pasted_text,"[{""start"":10,""end"":15,""kind"":""other_candidate_name"",""text"":""Trump""},{""start"":17,""end"":19,""kind"":""he"",""text"":""he""},{""start"":56,""end"":58,""kind"":""he"",""text"":""he""}]",,FALSE,
2020,12,YES,"January 20, 2021, is the start of the next presidential and vice-presidential term in the United States. If a crisis arises in spring or summer 2021 that requires the vice president's intervention, then",1,1,0,other,FALSE,FALSE,FALSE,FALSE,FALSE,FALSE,FALSE,FALSE,none,TRUE,filler_or_number,[],,TRUE,all caps; single word
2020,12,Year,"January 20, 2021, is the start of the next presidential and vice-presidential term in the United States. If a crisis arises in spring or summer 2021 that requires the vice president's intervention, then",1,1,0,other,FALSE,FALSE,FALSE,FALSE,FALSE,FALSE,FALSE,FALSE,none,TRUE,single_word,[],66,TRUE,single-word judgment; single word
2020,12,a new vice-president might be inexperienced.,"January 20, 2021, is the start of the next presidential and vice-presidential term in the United States. If a crisis arises in spring or summer 2021 that requires the vice president's intervention, then",1,0,0,target_office_np,FALSE,FALSE,FALSE,FALSE,FALSE,FALSE,FALSE,FALSE,none,FALSE,,"[{""start"":2,""end"":20,""kind"":""target_office_np"",""text"":""new vice-president""}]",,FALSE,
2020,12,don't know,"January 20, 2021, is the start of the next presidential and vice-presidential term in the United States. If a crisis arises in spring or summer 2021 that requires the vice president's intervention, then",1,1,1,other,FALSE,FALSE,FALSE,FALSE,FALSE,FALSE,FALSE,FALSE,none,FALSE,,[],,FALSE,
2020,12,donald trump,"January 20, 2021, is the start of the next presidential and vice-presidential term in the United States. If a crisis arises in spring or summer 2021 that requires the vice president's intervention, then",1,0,0,other_candidate_name,FALSE,FALSE,FALSE,FALSE,FALSE,FALSE,FALSE,FALSE,none,FALSE,,"[{""start"":7,""end"":12,""kind"":""other_candidate_name"",""text"":""trump""}]",,FALSE,
2020,12,either Mike Pence or a new vice president will take care of it.,"January 20, 2021, is the start of the next presidential and vice-presidential term in the United States. If a crisis arises in spring or summer 2021 that requires the vice president's intervention, then",1,1,1,male_candidate_name,FALSE,FALSE,FALSE,FALSE,FALSE,FALSE,FALSE,FALSE,none,FALSE,,"[{""start"":12,""end"":17,""kind"":""male_candidate_name"",""text"":""Pence""},{""start"":23,""end"":41,""kind"":""target_office_np"",""text"":""new vice president""}]",,FALSE,
2020,12,end the election.,"January 20, 2021, is the start of the next presidential and vice-presidential term in the United States. If a crisis arises in spring or summer 2021 that requires the vice president's intervention, then",1,1,1,other,FALSE,FALSE,FALSE,FALSE,FALSE,FALSE,FALSE,FALSE,none,FALSE,,[],,FALSE,
2020,12,has to come on board.,"January 20, 2021, is the start of the next presidential and vice-presidential term in the United States. If a crisis arises in spring or summer 2021 that requires the vice president's intervention, then",1,0,0,other,FALSE,FALSE,FALSE,FALSE,FALSE,FALSE,FALSE,FALSE,none,FALSE,,[],,FALSE,
2020,12,he must act fast,"January 20, 2021, is the start of the next presidential and vice-presidential term in the United States. If a crisis arises in spring or summer 2021 that requires the vice president's intervention, then",1,1,1,he,FALSE,TRUE,FALSE,FALSE,FALSE,FALSE,FALSE,FALSE,he,FALSE,,"[{""start"":0,""end"":2,""kind"":""he"",""text"":""he""}]",,FALSE,
2020,12,he must take extreme measures.,"January 20, 2021, is the start of the next presidential and vice-presidential term in the United States. If a crisis arises in spring or summer 2021 that requires the vice president's intervention, then",1,0,0,he,FALSE,TRUE,FALSE,FALSE,FALSE,FALSE,FALSE,FALSE,he,FALSE,,"[{""start"":0,""end"":2,""kind"":""he"",""text"":""he""}]",55,FALSE,
2020,12,he or she will become extremely important.,"January 20, 2021, is the start of the next presidential and vice-presidential term in the United States. If a crisis arises in spring or summer 2021 that requires the vice president's intervention, then",1,0,0,hedged,FALSE,FALSE,FALSE,TRUE,FALSE,FALSE,FALSE,FALSE,hedged,FALSE,,"[{""start"":0,""end"":9,""kind"":""hedged"",""text"":""he or she""}]",,FALSE,
2020,12,he or she will have to act decisively.,"January 20, 2021, is the start of the next presidential and vice-presidential term in the United States. If a crisis arises in spring or summer 2021 that requires the vice president's intervention, then",1,0,0,hedged,FALSE,FALSE,FALSE,TRUE,FALSE,FALSE,FALSE,FALSE,hedged,FALSE,,"[{""start"":0,""end"":9,""kind"":""hedged"",""text"":""he or she""}]",,FALSE,
2020,12,he will act immediatly,"January 20, 2021, is the start of the next presidential and vice-presidential term in the United States. If a crisis arises in spring or summer 2021 that requires the vice president's intervention, then",1,0,0,he,FALSE,TRUE,FALSE,FALSE,FALSE,FALSE,FALSE,FALSE,he,FALSE,,"[{""start"":0,""end"":2,""kind"":""he"",""text"":""he""}]",,FALSE,
2020,12,he will step up and handle it.,"January 20, 2021, is the start of the next presidential and vice-presidential term in the United States. If a crisis arises in spring or summer 2021 that requires the vice president's intervention, then",1,1,1,he,FALSE,TRUE,FALSE,FALSE,FALSE,FALSE,FALSE,FALSE,he,FALSE,,"[{""start"":0,""end"":2,""kind"":""he"",""text"":""he""}]",,FALSE,
2020,12,he would take charge.,"January 20, 2021, is the start of the next presidential and vice-presidential term in the United States. If a crisis arises in spring or summer 2021 that requires the vice president's intervention, then",1,1,1,he,FALSE,TRUE,FALSE,FALSE,FALSE,FALSE,FALSE,FALSE,he,FALSE,,"[{""start"":0,""end"":2,""kind"":""he"",""text"":""he""}]",,FALSE,
2020,12,immediate action.,"January 20, 2021, is the start of the next presidential and vice-presidential term in the United States. If a crisis arises in spring or summer 2021 that requires the vice president's intervention, then",1,0,0,other,FALSE,FALSE,FALSE,FALSE,FALSE,FALSE,FALSE,FALSE,none,FALSE,,[],,FALSE,
2020,12,it is going to be very tough.,"January 20, 2021, is the start of the next presidential and vice-presidential term in the United States. If a crisis arises in spring or summer 2021 that requires the vice president's intervention, then",1,1,1,other,FALSE,FALSE,FALSE,FALSE,FALSE,FALSE,FALSE,FALSE,none,FALSE,,[],,FALSE,
2020,12,it was good,"January 20, 2021, is the start of the next presidential and vice-presidential term in the United States. If a crisis arises in spring or summer 2021 that requires the vice president's intervention, then",1,1,1,other,FALSE,FALSE,FALSE,FALSE,FALSE,FALSE,FALSE,FALSE,none,FALSE,,[],,FALSE,
2020,12,it would be good to make a good solution for the crisis.,"January 20, 2021, is the start of the next presidential and vice-presidential term in the United States. If a crisis arises in spring or summer 2021 that requires the vice president's intervention, then",1,1,0,other,FALSE,FALSE,FALSE,FALSE,FALSE,FALSE,FALSE,FALSE,none,FALSE,,[],,FALSE,
2020,12,kamala harris,"January 20, 2021, is the start of the next presidential and vice-presidential term in the United States. If a crisis arises in spring or summer 2021 that requires the vice president's intervention, then",1,0,0,female_candidate_name,FALSE,FALSE,FALSE,FALSE,FALSE,FALSE,FALSE,FALSE,none,FALSE,,"[{""start"":0,""end"":6,""kind"":""female_candidate_name"",""text"":""kamala""},{""start"":7,""end"":13,""kind"":""female_candidate_name"",""text"":""harris""}]",,FALSE,
2020,12,next presidential,"January 20, 2021, is the start of the next presidential and vice-presidential term in the United States. If a crisis arises in spring or summer 2021 that requires the vice president's intervention, then",8,0,0,other_office_np,FALSE,FALSE,FALSE,FALSE,FALSE,FALSE,FALSE,FALSE,none,TRUE,copied_context,"[{""start"":5,""end"":17,""kind"":""other_office_np"",""text"":""presidential""}]",,FALSE,
2020,12,next time,"January 20, 2021, is the start of the next presidential and vice-presidential term in the United States. If a crisis arises in spring or summer 2021 that requires the vice president's intervention, then",1,0,0,other,FALSE,FALSE,FALSE,FALSE,FALSE,FALSE,FALSE,FALSE,none,FALSE,,[],,FALSE,
2020,12,nothing,"January 20, 2021, is the start of the next presidential and vice-presidential term in the United States. If a crisis arises in spring or summer 2021 that requires the vice president's intervention, then",1,1,1,other,FALSE,FALSE,FALSE,FALSE,FALSE,FALSE,FALSE,FALSE,none,TRUE,doesnt_make_sense,[],,TRUE,single-word judgment; single word
2020,12,president intervention,"January 20, 2021, is the start of the next presidential and vice-presidential term in the United States. If a crisis arises in spring or summer 2021 that requires the vice president's intervention, then",1,1,0,other_office_np,FALSE,FALSE,FALSE,FALSE,FALSE,FALSE,FALSE,FALSE,none,FALSE,,"[{""start"":0,""end"":9,""kind"":""other_office_np"",""text"":""president""}]",,FALSE,
2020,12,reelection can be conducted,"January 20, 2021, is the start of the next presidential and vice-presidential term in the United States. If a crisis arises in spring or summer 2021 that requires the vice president's intervention, then",1,1,1,other,FALSE,FALSE,FALSE,FALSE,FALSE,FALSE,FALSE,FALSE,none,FALSE,,[],,FALSE,
2020,12,she must act quickly and decisively.,"January 20, 2021, is the start of the next presidential and vice-presidential term in the United States. If a crisis arises in spring or summer 2021 that requires the vice president's intervention, then",1,0,0,she,TRUE,FALSE,FALSE,FALSE,FALSE,FALSE,FALSE,FALSE,she,FALSE,,"[{""start"":0,""end"":3,""kind"":""she"",""text"":""she""}]",,FALSE,
2020,12,she must act swiftly and decisively.,"January 20, 2021, is the start of the next presidential and vice-presidential term in the United States. If a crisis arises in spring or summer 2021 that requires the vice president's intervention, then",1,0,0,she,TRUE,FALSE,FALSE,FALSE,FALSE,FALSE,FALSE,FALSE,she,FALSE,,"[{""start"":0,""end"":3,""kind"":""she"",""text"":""she""}]",,FALSE,
2020,12,she will act quickly,"January 20, 2021, is the start of the next presidential and vice-presidential term in the United States. If a crisis arises in spring or summer 2021 that requires the vice president's intervention, then",1,0,0,she,TRUE,FALSE,FALSE,FALSE,FALSE,FALSE,FALSE,FALSE,she,FALSE,,"[{""start"":0,""end"":3,""kind"":""she"",""text"":""she""}]",,FALSE,
2020,12,should be solved,"January 20, 2021, is the start of the next presidential and vice-presidential term in the United States. If a crisis arises in spring or summer 2021 that requires the vice president's intervention, then",1,1,1,other,FALSE,FALSE,FALSE,FALSE,FALSE,FALSE,FALSE,FALSE,none,FALSE,,[],,FALSE,
2020,12,something may mean the Prisident is serious.,"January 20, 2021, is the start of the next presidential and vice-presidential term in the United States. If a crisis arises in spring or summer 2021 that requires the vice president's intervention, then",1,1,1,other,FALSE,FALSE,FALSE,FALSE,FALSE,FALSE,FALSE,FALSE,none,FALSE,,[],,FALSE,
2020,12,the current administration will begin working then.,"January 20, 2021, is the start of the next presidential and vice-presidential term in the United States. If a crisis arises in spring or summer 2021 that requires the vice president's intervention, then",1,1,1,other,FALSE,FALSE,FALSE,FALSE,FALSE,FALSE,FALSE,FALSE,none,FALSE,,[],,FALSE,
2020,12,the elected vice president can act.,"January 20, 2021, is the start of the next presidential and vice-presidential term in the United States. If a crisis arises in spring or summer 2021 that requires the vice president's intervention, then",1,1,1,other,FALSE,FALSE,FALSE,FALSE,FALSE,FALSE,FALSE,FALSE,none,FALSE,,[],,FALSE,
2020,12,the elected vice president will deal with it.,"January 20, 2021, is the start of the next presidential and vice-presidential term in the United States. If a crisis arises in spring or summer 2021 that requires the vice president's intervention, then",1,1,1,other,FALSE,FALSE,FALSE,FALSE,FALSE,FALSE,FALSE,FALSE,none,FALSE,,[],,FALSE,
2020,12,the new government will have some obstacles to overcome,"January 20, 2021, is the start of the next presidential and vice-presidential term in the United States. If a crisis arises in spring or summer 2021 that requires the vice president's intervention, then",1,1,0,other,FALSE,FALSE,FALSE,FALSE,FALSE,FALSE,FALSE,FALSE,none,FALSE,,[],,FALSE,
2020,12,the new vice-president will handle it.,"January 20, 2021, is the start of the next presidential and vice-presidential term in the United States. If a crisis arises in spring or summer 2021 that requires the vice president's intervention, then",1,1,1,target_office_np,FALSE,FALSE,FALSE,FALSE,FALSE,FALSE,FALSE,FALSE,none,FALSE,,"[{""start"":4,""end"":22,""kind"":""target_office_np"",""text"":""new vice-president""}]",,FALSE,
2020,12,the newly elected officials should cooperate well to avert the crisis,"January 20, 2021, is the start of the next presidential and vice-presidential term in the United States. If a crisis arises in spring or summer 2021 that requires the vice president's intervention, then",1,1,0,other,FALSE,FALSE,FALSE,FALSE,FALSE,FALSE,FALSE,FALSE,none,FALSE,,[],,FALSE,
2020,12,the next person up,"January 20, 2021, is the start of the next presidential and vice-presidential term in the United States. If a crisis arises in spring or summer 2021 that requires the vice president's intervention, then",1,1,1,other,FALSE,FALSE,FALSE,FALSE,FALSE,FALSE,FALSE,FALSE,none,FALSE,,[],,FALSE,
2020,12,the presidential,"January 20, 2021, is the start of the next presidential and vice-presidential term in the United States. If a crisis arises in spring or summer 2021 that requires the vice president's intervention, then",1,0,0,other_office_np,FALSE,FALSE,FALSE,FALSE,FALSE,FALSE,FALSE,FALSE,none,FALSE,,"[{""start"":4,""end"":16,""kind"":""other_office_np"",""text"":""presidential""}]",,FALSE,
2020,12,the vice president makes their choice.,"January 20, 2021, is the start of the next presidential and vice-presidential term in the United States. If a crisis arises in spring or summer 2021 that requires the vice president's intervention, then",1,0,0,target_office_np,FALSE,FALSE,TRUE,FALSE,FALSE,FALSE,FALSE,FALSE,they,FALSE,,"[{""start"":0,""end"":18,""kind"":""target_office_np"",""text"":""the vice president""},{""start"":25,""end"":30,""kind"":""they"",""text"":""their""}]",,FALSE,
2020,12,the vice president should intervene.,"January 20, 2021, is the start of the next presidential and vice-presidential term in the United States. If a crisis arises in spring or summer 2021 that requires the vice president's intervention, then",1,1,1,target_office_np,FALSE,FALSE,FALSE,FALSE,FALSE,FALSE,FALSE,FALSE,none,FALSE,,"[{""start"":0,""end"":18,""kind"":""target_office_np"",""text"":""the vice president""}]",,FALSE,
2020,12,the vice president will fulfill their duty and do what's required to make the situation right.,"January 20, 2021, is the start of the next presidential and vice-presidential term in the United States. If a crisis arises in spring or summer 2021 that requires the vice president's intervention, then",1,1,1,target_office_np,FALSE,FALSE,TRUE,FALSE,FALSE,FALSE,FALSE,FALSE,they,FALSE,,"[{""start"":0,""end"":18,""kind"":""target_office_np"",""text"":""the vice president""},{""start"":32,""end"":37,""kind"":""they"",""text"":""their""}]",,TRUE,long
2020,12,the vice-president will have to step up.,"January 20, 2021, is the start of the next presidential and vice-presidential term in the United States. If a crisis arises in spring or summer 2021 that requires the vice president's intervention, then",1,1,1,target_office_np,FALSE,FALSE,FALSE,FALSE,FALSE,FALSE,FALSE,FALSE,none,FALSE,,"[{""start"":0,""end"":18,""kind"":""target_office_np"",""text"":""the vice-president""}]",,FALSE,
2020,12,then the vice president takes over until the president is able to take up his or her duties again.,"January 20, 2021, is the start of the next presidential and vice-presidential term in the United States. If a crisis arises in spring or summer 2021 that requires the vice president's intervention, then",1,1,1,target_office_np,FALSE,FALSE,FALSE,FALSE,FALSE,FALSE,FALSE,TRUE,none,FALSE,,"[{""start"":5,""end"":23,""kind"":""target_office_np"",""text"":""the vice president""},{""start"":41,""end"":54,""kind"":""other_office_np"",""text"":""the president""},{""start"":74,""end"":84,""kind"":""hedged"",""text"":""his or her""}]",,TRUE,coreference judged by hand; long
2020,12,then vice president will do his job and intervene.,"January 20, 2021, is the start of the next presidential and vice-presidential term in the United States. If a crisis arises in spring or summer 2021 that requires the vice president's intervention, then",1,0,0,he,FALSE,TRUE,FALSE,FALSE,FALSE,FALSE,FALSE,FALSE,he,FALSE,,"[{""start"":28,""end"":31,""kind"":""he"",""text"":""his""}]",,FALSE,
2020,12,there will be a newly elected vice president to deal with it.,"January 20, 2021, is the start of the next presidential and vice-presidential term in the United States. If a crisis arises in spring or summer 2021 that requires the vice president's intervention, then",1,1,1,target_office_np,FALSE,FALSE,FALSE,FALSE,FALSE,FALSE,FALSE,FALSE,none,FALSE,,"[{""start"":16,""end"":44,""kind"":""target_office_np"",""text"":""newly elected vice president""}]",,FALSE,
2020,12,they were emphatic that the president would serve for a defined period.,"January 20, 2021, is the start of the next presidential and vice-presidential term in the United States. If a crisis arises in spring or summer 2021 that requires the vice president's intervention, then",1,0,0,they,FALSE,FALSE,FALSE,FALSE,FALSE,FALSE,FALSE,FALSE,none,TRUE,pasted_text,"[{""start"":0,""end"":4,""kind"":""they"",""text"":""they""},{""start"":24,""end"":37,""kind"":""other_office_np"",""text"":""the president""}]",,FALSE,
2020,12,they will handle it,"January 20, 2021, is the start of the next presidential and vice-presidential term in the United States. If a crisis arises in spring or summer 2021 that requires the vice president's intervention, then",1,1,1,they,FALSE,FALSE,TRUE,FALSE,FALSE,FALSE,FALSE,FALSE,they,FALSE,,"[{""start"":0,""end"":4,""kind"":""they"",""text"":""they""}]",,FALSE,
2020,12,they will jump to the opportunity and do the best they can.,"January 20, 2021, is the start of the next presidential and vice-presidential term in the United States. If a crisis arises in spring or summer 2021 that requires the vice president's intervention, then",1,1,1,they,FALSE,FALSE,TRUE,FALSE,FALSE,FALSE,FALSE,FALSE,they,FALSE,,"[{""start"":0,""end"":4,""kind"":""they"",""text"":""they""},{""start"":50,""end"":54,""kind"":""they"",""text"":""they""}]",,FALSE,
2020,12,they will need to act quickly and decisively,"January 20, 2021, is the start of the next presidential and vice-presidential term in the United States. If a crisis arises in spring or summer 2021 that requires the vice president's intervention, then",1,0,0,they,FALSE,FALSE,TRUE,FALSE,FALSE,FALSE,FALSE,FALSE,they,FALSE,,"[{""start"":0,""end"":4,""kind"":""they"",""text"":""they""}]",22,FALSE,
2020,12,they will need to rise up to meet that challenge alongside the president.,"January 20, 2021, is the start of the next presidential and vice-presidential term in the United States. If a crisis arises in spring or summer 2021 that requires the vice president's intervention, then",1,0,0,they,FALSE,FALSE,TRUE,FALSE,FALSE,FALSE,FALSE,FALSE,they,FALSE,,"[{""start"":0,""end"":4,""kind"":""they"",""text"":""they""},{""start"":59,""end"":72,""kind"":""other_office_np"",""text"":""the president""}]",,FALSE,
2020,12,they will need to take action.,"January 20, 2021, is the start of the next presidential and vice-presidential term in the United States. If a crisis arises in spring or summer 2021 that requires the vice president's intervention, then",1,1,1,they,FALSE,FALSE,TRUE,FALSE,FALSE,FALSE,FALSE,FALSE,they,FALSE,,"[{""start"":0,""end"":4,""kind"":""they"",""text"":""they""}]",,FALSE,
2020,12,they will work on it.,"January 20, 2021, is the start of the next presidential and vice-presidential term in the United States. If a crisis arises in spring or summer 2021 that requires the vice president's intervention, then",1,1,1,they,FALSE,FALSE,TRUE,FALSE,FALSE,FALSE,FALSE,FALSE,they,FALSE,,"[{""start"":0,""end"":4,""kind"":""they"",""text"":""they""}]",,FALSE,
2020,12,things will be evaluated.,"January 20, 2021, is the start of the next presidential and vice-presidential term in the United States. If a crisis arises in spring or summer 2021 that requires the vice president's intervention, then",1,1,1,other,FALSE,FALSE,FALSE,FALSE,FALSE,FALSE,FALSE,FALSE,none,FALSE,,[],,FALSE,
2020,12,things will get bad for us.,"January 20, 2021, is the start of the next presidential and vice-presidential term in the United States. If a crisis arises in spring or summer 2021 that requires the vice president's intervention, then",1,1,1,other,FALSE,FALSE,FALSE,FALSE,FALSE,FALSE,FALSE,FALSE,none,FALSE,,[],,FALSE,
2020,12,upcoming president election,"January 20, 2021, is the start of the next presidential and vice-presidential term in the United States. If a crisis arises in spring or summer 2021 that requires the vice president's intervention, then",1,0,0,other,FALSE,FALSE,FALSE,FALSE,FALSE,FALSE,FALSE,FALSE,none,FALSE,,[],,FALSE,
2024,1,Donald Trump,"The next US president will be sworn into office in January 2025. After moving into the Oval Office, one of the first things that",1,1,1,male_candidate_name,FALSE,FALSE,FALSE,FALSE,FALSE,FALSE,FALSE,FALSE,none,FALSE,,"[{""start"":0,""end"":6,""kind"":""male_candidate_name"",""text"":""Donald""},{""start"":7,""end"":12,""kind"":""male_candidate_name"",""text"":""Trump""}]",,FALSE,
2024,1,Donald Trump will do,"The next US president will be sworn into office in January 2025. After moving into the Oval Office, one of the first things that",1,1,1,male_candidate_name,FALSE,FALSE,FALSE,FALSE,FALSE,FALSE,FALSE,FALSE,none,FALSE,,"[{""start"":0,""end"":6,""kind"":""male_candidate_name"",""text"":""Donald""},{""start"":7,""end"":12,""kind"":""male_candidate_name"",""text"":""Trump""}]",37,FALSE,
2024,1,Donald Trump will do is address the public officially as the next US president.,"The next US president will be sworn into office in January 2025. After moving into the Oval Office, one of the first things that",1,1,1,male_candidate_name,FALSE,FALSE,FALSE,FALSE,FALSE,FALSE,FALSE,FALSE,none,FALSE,,"[{""start"":0,""end"":6,""kind"":""male_candidate_name"",""text"":""Donald""},{""start"":7,""end"":12,""kind"":""male_candidate_name"",""text"":""Trump""},{""start"":66,""end"":78,""kind"":""target_office_np"",""text"":""US president""}]",,FALSE,
2024,1,Donald Trump will do is call Vladimir Putin.,"The next US president will be sworn into office in January 2025. After moving into the Oval Office, one of the first things that",1,1,1,male_candidate_name,FALSE,FALSE,FALSE,FALSE,FALSE,FALSE,FALSE,FALSE,none,FALSE,,"[{""start"":0,""end"":6,""kind"":""male_candidate_name"",""text"":""Donald""},{""start"":7,""end"":12,""kind"":""male_candidate_name"",""text"":""Trump""}]",,FALSE,
2024,1,Donald Trump will do is close the border.,"The next US president will be sworn into office in January 2025. After moving into the Oval Office, one of the first things that",1,1,1,male_candidate_name,FALSE,FALSE,FALSE,FALSE,FALSE,FALSE,FALSE,FALSE,none,FALSE,,"[{""start"":0,""end"":6,""kind"":""male_candidate_name"",""text"":""Donald""},{""start"":7,""end"":12,""kind"":""male_candidate_name"",""text"":""Trump""}]",,FALSE,
2024,1,Donald Trump will do is compile a list of federal appointments he wants to change or eliminate entirely.,"The next US president will be sworn into office in January 2025. After moving into the Oval Office, one of the first things that",1,1,1,male_candidate_name,FALSE,TRUE,FALSE,FALSE,FALSE,FALSE,FALSE,FALSE,he,FALSE,,"[{""start"":0,""end"":6,""kind"":""male_candidate_name"",""text"":""Donald""},{""start"":7,""end"":12,""kind"":""male_candidate_name"",""text"":""Trump""},{""start"":63,""end"":65,""kind"":""he"",""text"":""he""}]",,FALSE,
2024,1,Donald Trump will do will greet everyone.,"The next US president will be sworn into office in January 2025. After moving into the Oval Office, one of the first things that",1,1,1,male_candidate_name,FALSE,FALSE,FALSE,FALSE,FALSE,FALSE,FALSE,FALSE,none,FALSE,,"[{""start"":0,""end"":6,""kind"":""male_candidate_name"",""text"":""Donald""},{""start"":7,""end"":12,""kind"":""male_candidate_name"",""text"":""Trump""}]",,FALSE,
2024,1,He should do is strengthen our border,"The next US president will be sworn into office in January 2025. After moving into the Oval Office, one of the first things that",1,1,1,he,FALSE,TRUE,FALSE,FALSE,FALSE,FALSE,FALSE,FALSE,he,FALSE,,"[{""start"":0,""end"":2,""kind"":""he"",""text"":""He""}]",,FALSE,
2024,1,I will do is bless it and pray,"The next US president will be sworn into office in January 2025. After moving into the Oval Office, one of the first things that",1,1,1,other,FALSE,FALSE,FALSE,FALSE,FALSE,FALSE,FALSE,FALSE,none,FALSE,,[],,FALSE,
2024,1,Kamala Harris,"The next US president will be sworn into office in January 2025. After moving into the Oval Office, one of the first things that",1,1,1,female_candidate_name,FALSE,FALSE,FALSE,FALSE,FALSE,FALSE,FALSE,FALSE,none,FALSE,,"[{""start"":0,""end"":6,""kind"":""female_candidate_name"",""text"":""Kamala""},{""start"":7,""end"":13,""kind"":""female_candidate_name"",""text"":""Harris""}]",,FALSE,
2024,1,Kamala Harris will do,"The next US president will be sworn into office in January 2025. After moving into the Oval Office, one of the first things that",1,1,1,female_candidate_name,FALSE,FALSE,FALSE,FALSE,FALSE,FALSE,FALSE,FALSE,none,FALSE,,"[{""start"":0,""end"":6,""kind"":""female_candidate_name"",""text"":""Kamala""},{""start"":7,""end"":13,""kind"":""female_candidate_name"",""text"":""Harris""}]",,FALSE,
2024,1,Kamala will do is breath a deep sigh of relief.,"The next US president will be sworn into office in January 2025. After moving into the Oval Office, one of the first things that",1,1,1,female_candidate_name,FALSE,FALSE,FALSE,FALSE,FALSE,FALSE,FALSE,FALSE,none,FALSE,,"[{""start"":0,""end"":6,""kind"":""female_candidate_name"",""text"":""Kamala""}]",,FALSE,
2024,1,President Harris does is take a deep breath and appreciate the moment.,"The next US president will be sworn into office in January 2025. After moving into the Oval Office, one of the first things that",1,1,1,female_candidate_name,FALSE,FALSE,FALSE,FALSE,FALSE,FALSE,FALSE,FALSE,none,FALSE,,"[{""start"":10,""end"":16,""kind"":""female_candidate_name"",""text"":""Harris""}]",,FALSE,
2024,1,President Trump will do is appoint his cabinet.,"The next US president will be sworn into office in January 2025. After moving into the Oval Office, one of the first things that",1,1,1,male_candidate_name,FALSE,TRUE,FALSE,FALSE,FALSE,FALSE,FALSE,FALSE,he,FALSE,,"[{""start"":10,""end"":15,""kind"":""male_candidate_name"",""text"":""Trump""},{""start"":35,""end"":38,""kind"":""he"",""text"":""his""}]",,FALSE,
2024,1,President Trump will do is fix the illegal immigration crisis along the United States and Mexico border.,"The next US president will be sworn into office in January 2025. After moving into the Oval Office, one of the first things that",1,1,1,male_candidate_name,FALSE,FALSE,FALSE,FALSE,FALSE,FALSE,FALSE,FALSE,none,FALSE,,"[{""start"":10,""end"":15,""kind"":""male_candidate_name"",""text"":""Trump""}]",,FALSE,
2024,1,President Trump will do is get this Country back in shape!,"The next US president will be sworn into office in January 2025. After moving into the Oval Office, one of the first things that",1,1,1,male_candidate_name,FALSE,FALSE,FALSE,FALSE,FALSE,FALSE,FALSE,FALSE,none,FALSE,,"[{""start"":10,""end"":15,""kind"":""male_candidate_name"",""text"":""Trump""}]",,FALSE,
2024,1,President Trump will do is set fire to the white house,"The next US president will be sworn into office in January 2025. After moving into the Oval Office, one of the first things that",1,1,1,male_candidate_name,FALSE,FALSE,FALSE,FALSE,FALSE,FALSE,FALSE,FALSE,none,FALSE,,"[{""start"":10,""end"":15,""kind"":""male_candidate_name"",""text"":""Trump""}]",,FALSE,
2024,1,President Trump will do is to close the US borders.,"The next US president will be sworn into office in January 2025. After moving into the Oval Office, one of the first things that",1,1,1,male_candidate_name,FALSE,FALSE,FALSE,FALSE,FALSE,FALSE,FALSE,FALSE,none,FALSE,,"[{""start"":10,""end"":15,""kind"":""male_candidate_name"",""text"":""Trump""}]",,FALSE,
2024,1,The President does is pick his cabinet members,"The next US president will be sworn into office in January 2025. After moving into the Oval Office, one of the first things that",1,1,1,target_office_np,FALSE,TRUE,FALSE,FALSE,FALSE,FALSE,FALSE,FALSE,he,FALSE,,"[{""start"":0,""end"":13,""kind"":""target_office_np"",""text"":""The President""},{""start"":27,""end"":30,""kind"":""he"",""text"":""his""}]",,FALSE,
2024,1,"The next U.S. president, sworn in January 2025, will likely focus on addressing major challenges such as economic recovery, healthcare reform, and climate change. They will also need to manage foreign relations and work to unite a polarized nation. Early in their term, they will appoint a new cabinet, set legislative priorities, and begin shaping their administration's long-term vision.","The next US president will be sworn into office in January 2025. After moving into the Oval Office, one of the first things that",1,1,1,target_office_np,FALSE,FALSE,TRUE,FALSE,FALSE,FALSE,FALSE,FALSE,they,TRUE,pasted_text,"[{""start"":9,""end"":23,""kind"":""target_office_np"",""text"":""U.S. president""},{""start"":163,""end"":167,""kind"":""they"",""text"":""They""},{""start"":258,""end"":263,""kind"":""they"",""text"":""their""},{""start"":270,""end"":274,""kind"":""they"",""text"":""they""},{""start"":349,""end"":354,""kind"":""they"",""text"":""their""}]",,TRUE,coreference judged by hand; pasted-text judgment; long
2024,1,The president will do is sign a bunch of executive orders.,"The next US president will be sworn into office in January 2025. After moving into the Oval Office, one of the first things that",1,1,1,target_office_np,FALSE,FALSE,FALSE,FALSE,FALSE,FALSE,FALSE,FALSE,none,FALSE,,"[{""start"":0,""end"":13,""kind"":""target_office_np"",""text"":""The president""}]",,FALSE,
2024,1,The security must be tight,"The next US president will be sworn into office in January 2025. After moving into the Oval Office, one of the first things that",1,1,1,other,FALSE,FALSE,FALSE,FALSE,FALSE,FALSE,FALSE,FALSE,none,FALSE,,[],,FALSE,
2024,1,They will do is give a speech,"The next US president will be sworn into office in January 2025. After moving into the Oval Office, one of the first things that",1,1,1,they,FALSE,FALSE,TRUE,FALSE,FALSE,FALSE,FALSE,FALSE,they,FALSE,,"[{""start"":0,""end"":4,""kind"":""they"",""text"":""They""}]",,FALSE,
2024,1,They will do is throw a massive pizza party,"The next US president will be sworn into office in January 2025. After moving into the Oval Office, one of the first things that",1,0,0,they,FALSE,FALSE,TRUE,FALSE,FALSE,FALSE,FALSE,FALSE,they,FALSE,,"[{""start"":0,""end"":4,""kind"":""they"",""text"":""They""}]",,FALSE,
2024,1,Trump will do,"The next US president will be sworn into office in January 2025. After moving into the Oval Office, one of the first things that",1,1,1,male_candidate_name,FALSE,FALSE,FALSE,FALSE,FALSE,FALSE,FALSE,FALSE,none,FALSE,,"[{""start"":0,""end"":5,""kind"":""male_candidate_name"",""text"":""Trump""}]",,FALSE,
2024,1,Trump will do is issue a self-pardon and various blanket pardons to his henchmen.,"The next US president will be sworn into office in January 2025. After moving into the Oval Office, one of the first things that",1,1,1,male_candidate_name,FALSE,TRUE,FALSE,FALSE,FALSE,FALSE,FALSE,FALSE,he,FALSE,,"[{""start"":0,""end"":5,""kind"":""male_candidate_name"",""text"":""Trump""},{""start"":68,""end"":71,""kind"":""he"",""text"":""his""}]",,FALSE,
2024,1,Trump will do is sign executive orders undoing some of Biden's decisions.,"The next US president will be sworn into office in January 2025. After moving into the Oval Office, one of the first things that",1,1,1,male_candidate_name,FALSE,FALSE,FALSE,FALSE,FALSE,FALSE,FALSE,FALSE,none,FALSE,,"[{""start"":0,""end"":5,""kind"":""male_candidate_name"",""text"":""Trump""}]",,FALSE,
2024,1,Trump will do is start project 2025.,"The next US president will be sworn into office in January 2025. After moving into the Oval Office, one of the first things that",1,1,1,male_candidate_name,FALSE,FALSE,FALSE,FALSE,FALSE,FALSE,FALSE,FALSE,none,FALSE,,"[{""start"":0,""end"":5,""kind"":""male_candidate_name"",""text"":""Trump""}]",,FALSE,
2024,1,Trump will try to accomplish is a mass deportation.,"The next US president will be sworn into office in January 2025. After moving into the Oval Office, one of the first things that",1,1,1,male_candidate_name,FALSE,FALSE,FALSE,FALSE,FALSE,FALSE,FALSE,FALSE,none,FALSE,,"[{""start"":0,""end"":5,""kind"":""male_candidate_name"",""text"":""Trump""}]",,FALSE,
2024,1,donald trump,"The next US president will be sworn into office in January 2025. After moving into the Oval Office, one of the first things that",1,1,1,male_candidate_name,FALSE,FALSE,FALSE,FALSE,FALSE,FALSE,FALSE,FALSE,none,FALSE,,"[{""start"":0,""end"":6,""kind"":""male_candidate_name"",""text"":""donald""},{""start"":7,""end"":12,""kind"":""male_candidate_name"",""text"":""trump""}]",,FALSE,
2024,1,donald trump will do is post about it on the internet.,"The next US president will be sworn into office in January 2025. After moving into the Oval Office, one of the first things that",1,1,1,male_candidate_name,FALSE,FALSE,FALSE,FALSE,FALSE,FALSE,FALSE,FALSE,none,FALSE,,"[{""start"":0,""end"":6,""kind"":""male_candidate_name"",""text"":""donald""},{""start"":7,""end"":12,""kind"":""male_candidate_name"",""text"":""trump""}]",,FALSE,
2024,1,happens is he is being welcome,"The next US president will be sworn into office in January 2025. After moving into the Oval Office, one of the first things that",1,1,0,he,FALSE,TRUE,FALSE,FALSE,FALSE,FALSE,FALSE,FALSE,he,FALSE,,"[{""start"":11,""end"":13,""kind"":""he"",""text"":""he""}]",,FALSE,
2024,1,he does is sit down.,"The next US president will be sworn into office in January 2025. After moving into the Oval Office, one of the first things that",1,1,1,he,FALSE,TRUE,FALSE,FALSE,FALSE,FALSE,FALSE,FALSE,he,FALSE,,"[{""start"":0,""end"":2,""kind"":""he"",""text"":""he""}]",100,FALSE,
2024,1,he or she will do is send billions of dollars to fund the genocide in Palestine.,"The next US president will be sworn into office in January 2025. After moving into the Oval Office, one of the first things that",1,1,1,hedged,FALSE,FALSE,FALSE,TRUE,FALSE,FALSE,FALSE,FALSE,hedged,FALSE,,"[{""start"":0,""end"":9,""kind"":""hedged"",""text"":""he or she""}]",,TRUE,coreference judged by hand
2024,1,he will do is begin to right the wrongs that were done to us.,"The next US president will be sworn into office in January 2025. After moving into the Oval Office, one of the first things that",1,1,1,he,FALSE,TRUE,FALSE,FALSE,FALSE,FALSE,FALSE,FALSE,he,FALSE,,"[{""start"":0,""end"":2,""kind"":""he"",""text"":""he""}]",,FALSE,
2024,1,he will do is fire everyone that is not loyal to him.,"The next US president will be sworn into office in January 2025. After moving into the Oval Office, one of the first things that",1,1,1,he,FALSE,TRUE,FALSE,FALSE,FALSE,FALSE,FALSE,FALSE,he,FALSE,,"[{""start"":0,""end"":2,""kind"":""he"",""text"":""he""},{""start"":49,""end"":52,""kind"":""he"",""text"":""him""}]",,FALSE,
2024,1,he will do is issue executive orders.,"The next US president will be sworn into office in January 2025. After moving into the Oval Office, one of the first things that",1,1,1,he,FALSE,TRUE,FALSE,FALSE,FALSE,FALSE,FALSE,FALSE,he,FALSE,,"[{""start"":0,""end"":2,""kind"":""he"",""text"":""he""}]",,FALSE,
2024,1,he will do is kiss his wife,"The next US president will be sworn into office in January 2025. After moving into the Oval Office, one of the first things that",1,1,1,he,FALSE,TRUE,FALSE,FALSE,FALSE,FALSE,FALSE,FALSE,he,FALSE,,"[{""start"":0,""end"":2,""kind"":""he"",""text"":""he""},{""start"":19,""end"":22,""kind"":""he"",""text"":""his""}]",,FALSE,
2024,1,he will do is open the pipeline.,"The next US president will be sworn into office in January 2025. After moving into the Oval Office, one of the first things that",1,1,1,he,FALSE,TRUE,FALSE,FALSE,FALSE,FALSE,FALSE,FALSE,he,FALSE,,"[{""start"":0,""end"":2,""kind"":""he"",""text"":""he""}]",122,FALSE,
2024,1,he will do is prepare his plans.,"The next US president will be sworn into office in January 2025. After moving into the Oval Office, one of the first things that",1,1,1,he,FALSE,TRUE,FALSE,FALSE,FALSE,FALSE,FALSE,FALSE,he,FALSE,,"[{""start"":0,""end"":2,""kind"":""he"",""text"":""he""},{""start"":22,""end"":25,""kind"":""he"",""text"":""his""}]",,FALSE,
2024,1,he will do is tidy up the room and put some Donald Trump merchandise.,"The next US president will be sworn into office in January 2025. After moving into the Oval Office, one of the first things that",1,1,1,he,FALSE,TRUE,FALSE,FALSE,FALSE,FALSE,FALSE,FALSE,he,FALSE,,"[{""start"":0,""end"":2,""kind"":""he"",""text"":""he""},{""start"":44,""end"":50,""kind"":""male_candidate_name"",""text"":""Donald""},{""start"":51,""end"":56,""kind"":""male_candidate_name"",""text"":""Trump""}]",,FALSE,
2024,1,he will do is to start appointing people to start taking over federal departments.,"The next US president will be sworn into office in January 2025. After moving into the Oval Office, one of the first things that",1,1,1,he,FALSE,TRUE,FALSE,FALSE,FALSE,FALSE,FALSE,FALSE,he,FALSE,,"[{""start"":0,""end"":2,""kind"":""he"",""text"":""he""}]",,FALSE,
2024,1,he will do.,"The next US president will be sworn into office in January 2025. After moving into the Oval Office, one of the first things that",1,1,1,he,FALSE,TRUE,FALSE,FALSE,FALSE,FALSE,FALSE,FALSE,he,FALSE,,"[{""start"":0,""end"":2,""kind"":""he"",""text"":""he""}]",,FALSE,
2024,1,on his list is to appoint members to his administration.,"The next US president will be sworn into office in January 2025. After moving into the Oval Office, one of the first things that",1,1,1,he,FALSE,TRUE,FALSE,FALSE,FALSE,FALSE,FALSE,FALSE,he,FALSE,,"[{""start"":3,""end"":6,""kind"":""he"",""text"":""his""},{""start"":37,""end"":40,""kind"":""he"",""text"":""his""}]",,FALSE,
2024,1,she will do as President is provide rehabilitation to individuals who have been wrongfully jailed due to cannabis consumption.,"The next US president will be sworn into office in January 2025. After moving into the Oval Office, one of the first things that",1,1,1,she,TRUE,FALSE,FALSE,FALSE,FALSE,FALSE,FALSE,FALSE,she,FALSE,,"[{""start"":0,""end"":3,""kind"":""she"",""text"":""she""}]",145,TRUE,long
2024,1,she will do is come up with a plan to fix the economy.,"The next US president will be sworn into office in January 2025. After moving into the Oval Office, one of the first things that",1,1,1,she,TRUE,FALSE,FALSE,FALSE,FALSE,FALSE,FALSE,FALSE,she,FALSE,,"[{""start"":0,""end"":3,""kind"":""she"",""text"":""she""}]",121,FALSE,
2024,1,that will happen is that the president will be debriefed.,"The next US president will be sworn into office in January 2025. After moving into the Oval Office, one of the first things that",1,1,1,target_office_np,FALSE,FALSE,FALSE,FALSE,FALSE,FALSE,FALSE,FALSE,none,FALSE,,"[{""start"":25,""end"":38,""kind"":""target_office_np"",""text"":""the president""}]",,FALSE,
2024,1,the President will do is focus on the economy.,"The next US president will be sworn into office in January 2025. After moving into the Oval Office, one of the first things that",1,1,1,target_office_np,FALSE,FALSE,FALSE,FALSE,FALSE,FALSE,FALSE,FALSE,none,FALSE,,"[{""start"":0,""end"":13,""kind"":""target_office_np"",""text"":""the President""}]",,FALSE,
2024,1,the first lady will do is redecorate.,"The next US president will be sworn into office in January 2025. After moving into the Oval Office, one of the first things that",1,1,1,other,FALSE,FALSE,FALSE,FALSE,FALSE,FALSE,FALSE,FALSE,none,FALSE,,[],,FALSE,
2024,1,the new President will do is give a speech.,"The next US president will be sworn into office in January 2025. After moving into the Oval Office, one of the first things that",1,1,1,target_office_np,FALSE,FALSE,FALSE,FALSE,FALSE,FALSE,FALSE,FALSE,none,FALSE,,"[{""start"":4,""end"":17,""kind"":""target_office_np"",""text"":""new President""}]",85,FALSE,
2024,1,the new president does is get to work by appointing cabinet members and hiring staff,"The next US president will be sworn into office in January 2025. After moving into the Oval Office, one of the first things that",1,1,1,target_office_np,FALSE,FALSE,FALSE,FALSE,FALSE,FALSE,FALSE,FALSE,none,FALSE,,"[{""start"":4,""end"":17,""kind"":""target_office_np"",""text"":""new president""}]",,FALSE,
2024,1,the new president will do is be briefed on their future duties.,"The next US president will be sworn into office in January 2025. After moving into the Oval Office, one of the first things that",1,1,1,target_office_np,FALSE,FALSE,TRUE,FALSE,FALSE,FALSE,FALSE,FALSE,they,FALSE,,"[{""start"":4,""end"":17,""kind"":""target_office_np"",""text"":""new president""},{""start"":43,""end"":48,""kind"":""they"",""text"":""their""}]",,FALSE,
2024,1,the new president will do is introduce themselves to staff,"The next US president will be sworn into office in January 2025. After moving into the Oval Office, one of the first things that",1,1,1,target_office_np,FALSE,FALSE,TRUE,FALSE,FALSE,FALSE,FALSE,FALSE,they,FALSE,,"[{""start"":4,""end"":17,""kind"":""target_office_np"",""text"":""new president""},{""start"":39,""end"":49,""kind"":""they"",""text"":""themselves""}]",,TRUE,coreference judged by hand
2024,1,the new president will do is issue executive orders.,"The next US president will be sworn into office in January 2025. After moving into the Oval Office, one of the first things that",1,1,1,target_office_np,FALSE,FALSE,FALSE,FALSE,FALSE,FALSE,FALSE,FALSE,none,FALSE,,"[{""start"":4,""end"":17,""kind"":""target_office_np"",""text"":""new president""}]",,FALSE,
2024,1,the new president will do is to address the nation.,"The next US president will be sworn into office in January 2025. After moving into the Oval Office, one of the first things that",1,1,1,target_office_np,FALSE,FALSE,FALSE,FALSE,FALSE,FALSE,FALSE,FALSE,none,FALSE,,"[{""start"":4,""end"":17,""kind"":""target_office_np"",""text"":""new president""}]",,FALSE,
2024,1,the new president will do is to assess the business that's in front of them.,"The next US president will be sworn into office in January 2025. After moving into the Oval Office, one of the first things that",1,1,1,target_office_np,FALSE,FALSE,TRUE,FALSE,FALSE,FALSE,FALSE,FALSE,they,FALSE,,"[{""start"":4,""end"":17,""kind"":""target_office_np"",""text"":""new president""},{""start"":71,""end"":75,""kind"":""they"",""text"":""them""}]",,FALSE,
2024,1,the new president will likely address is setting policy priorities and making key administrative appointments to align with their agenda.,"The next US president will be sworn into office in January 2025. After moving into the Oval Office, one of the first things that",1,1,1,target_office_np,FALSE,FALSE,TRUE,FALSE,FALSE,FALSE,FALSE,FALSE,they,FALSE,,"[{""start"":4,""end"":17,""kind"":""target_office_np"",""text"":""new president""},{""start"":124,""end"":129,""kind"":""they"",""text"":""their""}]",,TRUE,pasted-text judgment; long
2024,1,the new president will likely do is meet with their key advisors to discuss immediate policy priorities and challenges facing the nation.,"The next US president will be sworn into office in January 2025. After moving into the Oval Office, one of the first things that",1,1,1,target_office_np,FALSE,FALSE,TRUE,FALSE,FALSE,FALSE,FALSE,FALSE,they,FALSE,,"[{""start"":4,""end"":17,""kind"":""target_office_np"",""text"":""new president""},{""start"":46,""end"":51,""kind"":""they"",""text"":""their""}]",,TRUE,coreference judged by hand; pasted-text judgment; long
2024,1,"the new president will likely focus on is establishing their core policy agenda, which may include addressing pressing domestic issues such as economic recovery, healthcare reform, or climate change.","The next US president will be sworn into office in January 2025. After moving into the Oval Office, one of the first things that",1,1,1,target_office_np,FALSE,FALSE,TRUE,FALSE,FALSE,FALSE,FALSE,FALSE,they,FALSE,,"[{""start"":4,""end"":17,""kind"":""target_office_np"",""text"":""new president""},{""start"":55,""end"":60,""kind"":""they"",""text"":""their""}]",,TRUE,pasted-text judgment; long
2024,1,the newly appointed president will do is hold a press conference.,"The next US president will be sworn into office in January 2025. After moving into the Oval Office, one of the first things that",1,1,1,other,FALSE,FALSE,FALSE,FALSE,FALSE,FALSE,FALSE,FALSE,none,FALSE,,[],,FALSE,
2024,1,the newly elected President will do is redecorate,"The next US president will be sworn into office in January 2025. After moving into the Oval Office, one of the first things that",1,1,1,target_office_np,FALSE,FALSE,FALSE,FALSE,FALSE,FALSE,FALSE,FALSE,none,FALSE,,"[{""start"":4,""end"":27,""kind"":""target_office_np"",""text"":""newly elected President""}]",,FALSE,
2024,1,the newly elected president will do is settle in to their new home.,"The next US president will be sworn into office in January 2025. After moving into the Oval Office, one of the first things that",1,1,1,target_office_np,FALSE,FALSE,TRUE,FALSE,FALSE,FALSE,FALSE,FALSE,they,FALSE,,"[{""start"":4,""end"":27,""kind"":""target_office_np"",""text"":""newly elected president""},{""start"":52,""end"":57,""kind"":""they"",""text"":""their""}]",,FALSE,
2024,1,"the next U.S. president will likely focus on is setting their agenda for the coming term, which could include addressing key national issues, meeting with advisors to outline immediate priorities, and possibly signing executive orders to kick-start their administration's goals.","The next US president will be sworn into office in January 2025. After moving into the Oval Office, one of the first things that",1,1,1,target_office_np,FALSE,FALSE,TRUE,FALSE,FALSE,FALSE,FALSE,FALSE,they,FALSE,,"[{""start"":9,""end"":23,""kind"":""target_office_np"",""text"":""U.S. president""},{""start"":56,""end"":61,""kind"":""they"",""text"":""their""},{""start"":249,""end"":254,""kind"":""they"",""text"":""their""}]",60,TRUE,pasted-text judgment; long
2024,1,the next US president will likely address domestic issues in the economy.,"The next US president will be sworn into office in January 2025. After moving into the Oval Office, one of the first things that",1,1,1,target_office_np,FALSE,FALSE,FALSE,FALSE,FALSE,FALSE,FALSE,FALSE,none,FALSE,,"[{""start"":9,""end"":21,""kind"":""target_office_np"",""text"":""US president""}]",,FALSE,
2024,1,the next US president will likely do is personalize the space to suit their taste.,"The next US president will be sworn into office in January 2025. After moving into the Oval Office, one of the first things that",1,1,1,target_office_np,FALSE,FALSE,TRUE,FALSE,FALSE,FALSE,FALSE,FALSE,they,FALSE,,"[{""start"":9,""end"":21,""kind"":""target_office_np"",""text"":""US president""},{""start"":70,""end"":75,""kind"":""they"",""text"":""their""}]",,FALSE,
2024,1,the president does is sign a bill.,"The next US president will be sworn into office in January 2025. After moving into the Oval Office, one of the first things that",1,1,1,target_office_np,FALSE,FALSE,FALSE,FALSE,FALSE,FALSE,FALSE,FALSE,none,FALSE,,"[{""start"":0,""end"":13,""kind"":""target_office_np"",""text"":""the president""}]",,FALSE,
2024,1,the president will carry out will be report to congress.,"The next US president will be sworn into office in January 2025. After moving into the Oval Office, one of the first things that",1,1,1,target_office_np,FALSE,FALSE,FALSE,FALSE,FALSE,FALSE,FALSE,FALSE,none,FALSE,,"[{""start"":0,""end"":13,""kind"":""target_office_np"",""text"":""the president""}]",,FALSE,
2024,1,the president will do is appoint her/his cabinet.,"The next US president will be sworn into office in January 2025. After moving into the Oval Office, one of the first things that",1,1,1,target_office_np,FALSE,FALSE,FALSE,TRUE,FALSE,FALSE,FALSE,FALSE,hedged,FALSE,,"[{""start"":0,""end"":13,""kind"":""target_office_np"",""text"":""the president""},{""start"":33,""end"":40,""kind"":""hedged"",""text"":""her/his""}]",,TRUE,coreference judged by hand
2024,1,the president will do is get briefed on all security matters.,"The next US president will be sworn into office in January 2025. After moving into the Oval Office, one of the first things that",1,1,1,target_office_np,FALSE,FALSE,FALSE,FALSE,FALSE,FALSE,FALSE,FALSE,none,FALSE,,"[{""start"":0,""end"":13,""kind"":""target_office_np"",""text"":""the president""}]",,FALSE,
2024,1,the president will do is have a mass deportation operation,"The next US president will be sworn into office in January 2025. After moving into the Oval Office, one of the first things that",1,1,1,target_office_np,FALSE,FALSE,FALSE,FALSE,FALSE,FALSE,FALSE,FALSE,none,FALSE,,"[{""start"":0,""end"":13,""kind"":""target_office_np"",""text"":""the president""}]",,FALSE,
2024,1,the president will do is look at the state of the nation.,"The next US president will be sworn into office in January 2025. After moving into the Oval Office, one of the first things that",1,1,1,target_office_np,FALSE,FALSE,FALSE,FALSE,FALSE,FALSE,FALSE,FALSE,none,FALSE,,"[{""start"":0,""end"":13,""kind"":""target_office_np"",""text"":""the president""}]",,FALSE,
2024,1,the president will do is meet with the House and Senate.,"The next US president will be sworn into office in January 2025. After moving into the Oval Office, one of the first things that",1,1,1,target_office_np,FALSE,FALSE,FALSE,FALSE,FALSE,FALSE,FALSE,FALSE,none,FALSE,,"[{""start"":0,""end"":13,""kind"":""target_office_np"",""text"":""the president""}]",,FALSE,
2024,1,the president will do is sign new policies into place.,"The next US president will be sworn into office in January 2025. After moving into the Oval Office, one of the first things that",1,1,1,target_office_np,FALSE,FALSE,FALSE,FALSE,FALSE,FALSE,FALSE,FALSE,none,FALSE,,"[{""start"":0,""end"":13,""kind"":""target_office_np"",""text"":""the president""}]",,FALSE,
2024,1,the president will do is sit in the office chair.,"The next US president will be sworn into office in January 2025. After moving into the Oval Office, one of the first things that",1,1,1,target_office_np,FALSE,FALSE,FALSE,FALSE,FALSE,FALSE,FALSE,FALSE,none,FALSE,,"[{""start"":0,""end"":13,""kind"":""target_office_np"",""text"":""the president""}]",,FALSE,
2024,1,the president will do is start enacting his agenda.,"The next US president will be sworn into office in January 2025. After moving into the Oval Office, one of the first things that",1,1,1,target_office_np,FALSE,TRUE,FALSE,FALSE,FALSE,FALSE,FALSE,FALSE,he,FALSE,,"[{""start"":0,""end"":13,""kind"":""target_office_np"",""text"":""the president""},{""start"":40,""end"":43,""kind"":""he"",""text"":""his""}]",,FALSE,
2024,1,the president will do is to set up their household.,"The next US president will be sworn into office in January 2025. After moving into the Oval Office, one of the first things that",1,1,1,target_office_np,FALSE,FALSE,TRUE,FALSE,FALSE,FALSE,FALSE,FALSE,they,FALSE,,"[{""start"":0,""end"":13,""kind"":""target_office_np"",""text"":""the president""},{""start"":35,""end"":40,""kind"":""they"",""text"":""their""}]",,FALSE,
2024,1,the president will do will be implementing their policy.,"The next US president will be sworn into office in January 2025. After moving into the Oval Office, one of the first things that",1,1,1,target_office_np,FALSE,FALSE,TRUE,FALSE,FALSE,FALSE,FALSE,FALSE,they,FALSE,,"[{""start"":0,""end"":13,""kind"":""target_office_np"",""text"":""the president""},{""start"":43,""end"":48,""kind"":""they"",""text"":""their""}]",,FALSE,
2024,1,the president will enact is..,"The next US president will be sworn into office in January 2025. After moving into the Oval Office, one of the first things that",1,1,1,target_office_np,FALSE,FALSE,FALSE,FALSE,FALSE,FALSE,FALSE,FALSE,none,FALSE,,"[{""start"":0,""end"":13,""kind"":""target_office_np"",""text"":""the president""}]",,FALSE,
2024,1,they will do is,"The next US president will be sworn into office in January 2025. After moving into the Oval Office, one of the first things that",1,1,1,they,FALSE,FALSE,TRUE,FALSE,FALSE,FALSE,FALSE,FALSE,they,FALSE,,"[{""start"":0,""end"":4,""kind"":""they"",""text"":""they""}]",,FALSE,
2024,1,they will do is assemble a meeting.,"The next US president will be sworn into office in January 2025. After moving into the Oval Office, one of the first things that",1,1,1,they,FALSE,FALSE,TRUE,FALSE,FALSE,FALSE,FALSE,FALSE,they,FALSE,,"[{""start"":0,""end"":4,""kind"":""they"",""text"":""they""}]",,FALSE,
2024,1,they will do is assemble their cabinet.,"The next US president will be sworn into office in January 2025. After moving into the Oval Office, one of the first things that",1,1,1,they,FALSE,FALSE,TRUE,FALSE,FALSE,FALSE,FALSE,FALSE,they,FALSE,,"[{""start"":0,""end"":4,""kind"":""they"",""text"":""they""},{""start"":25,""end"":30,""kind"":""they"",""text"":""their""}]",,FALSE,
2024,1,they will do is get started working in their job.,"The next US president will be sworn into office in January 2025. After moving into the Oval Office, one of the first things that",1,1,1,they,FALSE,FALSE,TRUE,FALSE,FALSE,FALSE,FALSE,FALSE,they,FALSE,,"[{""start"":0,""end"":4,""kind"":""they"",""text"":""they""},{""start"":39,""end"":44,""kind"":""they"",""text"":""their""}]",,FALSE,
2024,1,they will do is make a speech.,"The next US president will be sworn into office in January 2025. After moving into the Oval Office, one of the first things that",1,1,1,they,FALSE,FALSE,TRUE,FALSE,FALSE,FALSE,FALSE,FALSE,they,FALSE,,"[{""start"":0,""end"":4,""kind"":""they"",""text"":""they""}]",,FALSE,
2024,1,they will do is move their stuff.,"The next US president will be sworn into office in January 2025. After moving into the Oval Office, one of the first things that",1,1,1,they,FALSE,FALSE,TRUE,FALSE,FALSE,FALSE,FALSE,FALSE,they,FALSE,,"[{""start"":0,""end"":4,""kind"":""they"",""text"":""they""},{""start"":21,""end"":26,""kind"":""they"",""text"":""their""}]",,FALSE,
2024,1,they will do is overturn all the positive progress made by the democratic polices.,"The next US president will be sworn into office in January 2025. After moving into the Oval Office, one of the first things that",1,1,1,they,FALSE,FALSE,TRUE,FALSE,FALSE,FALSE,FALSE,FALSE,they,FALSE,,"[{""start"":0,""end"":4,""kind"":""they"",""text"":""they""}]",101,FALSE,
2024,1,they will do is pick their cabinet.,"The next US president will be sworn into office in January 2025. After moving into the Oval Office, one of the first things that",1,1,1,they,FALSE,FALSE,TRUE,FALSE,FALSE,FALSE,FALSE,FALSE,they,FALSE,,"[{""start"":0,""end"":4,""kind"":""they"",""text"":""they""},{""start"":21,""end"":26,""kind"":""they"",""text"":""their""}]",,FALSE,
2024,1,they will do is settle in.,"The next US president will be sworn into office in January 2025. After moving into the Oval Office, one of the first things that",1,1,1,they,FALSE,FALSE,TRUE,FALSE,FALSE,FALSE,FALSE,FALSE,they,FALSE,,"[{""start"":0,""end"":4,""kind"":""they"",""text"":""they""}]",,FALSE,
2024,1,they will do is sit on a comfy chair.,"The next US president will be sworn into office in January 2025. After moving into the Oval Office, one of the first things that",1,1,1,they,FALSE,FALSE,TRUE,FALSE,FALSE,FALSE,FALSE,FALSE,they,FALSE,,"[{""start"":0,""end"":4,""kind"":""they"",""text"":""they""}]",,FALSE,
2024,1,they will do is to begin fixing the economy.,"The next US president will be sworn into office in January 2025. After moving into the Oval Office, one of the first things that",1,1,1,they,FALSE,FALSE,TRUE,FALSE,FALSE,FALSE,FALSE,FALSE,they,FALSE,,"[{""start"":0,""end"":4,""kind"":""they"",""text"":""they""}]",,FALSE,
2024,1,they will likely address is setting priorities for key policy areas.,"The next US president will be sworn into office in January 2025. After moving into the Oval Office, one of the first things that",1,1,1,they,FALSE,FALSE,TRUE,FALSE,FALSE,FALSE,FALSE,FALSE,they,FALSE,,"[{""start"":0,""end"":4,""kind"":""they"",""text"":""they""}]",,FALSE,
2024,1,will be done is meeting with cabinet members.,"The next US president will be sworn into office in January 2025. After moving into the Oval Office, one of the first things that",1,1,1,other,FALSE,FALSE,FALSE,FALSE,FALSE,FALSE,FALSE,FALSE,none,FALSE,,[],,FALSE,
2024,1,will be to undo what Biden did.,"The next US president will be sworn into office in January 2025. After moving into the Oval Office, one of the first things that",1,1,1,other,FALSE,FALSE,FALSE,FALSE,FALSE,FALSE,FALSE,FALSE,none,FALSE,,[],,FALSE,
2024,1,will happen is that the president will move into the White House.,"The next US president will be sworn into office in January 2025. After moving into the Oval Office, one of the first things that",1,1,1,target_office_np,FALSE,FALSE,FALSE,FALSE,FALSE,FALSE,FALSE,FALSE,none,FALSE,,"[{""start"":20,""end"":33,""kind"":""target_office_np"",""text"":""the president""}]",,FALSE,
2024,2,"American unity, prosperity and safety.","The next US president will be sworn into office in January 2025. During the inauguration speech, the president will emphasize",1,1,1,other,FALSE,FALSE,FALSE,FALSE,FALSE,FALSE,FALSE,FALSE,none,FALSE,,[],,FALSE,
2024,2,Her plans of action for the next four years of her presidency.,"The next US president will be sworn into office in January 2025. During the inauguration speech, the president will emphasize",1,1,1,she,TRUE,FALSE,FALSE,FALSE,FALSE,FALSE,FALSE,FALSE,she,FALSE,,"[{""start"":0,""end"":3,""kind"":""she"",""text"":""Her""},{""start"":47,""end"":50,""kind"":""she"",""text"":""her""}]",,FALSE,
2024,2,How they will bring down inflation and make the us more affordable.,"The next US president will be sworn into office in January 2025. During the inauguration speech, the president will emphasize",1,1,1,they,FALSE,FALSE,TRUE,FALSE,FALSE,FALSE,FALSE,FALSE,they,FALSE,,"[{""start"":4,""end"":8,""kind"":""they"",""text"":""they""}]",,FALSE,
2024,2,Making america great again,"The next US president will be sworn into office in January 2025. During the inauguration speech, the president will emphasize",1,1,1,other,FALSE,FALSE,FALSE,FALSE,FALSE,FALSE,FALSE,FALSE,none,FALSE,,[],,FALSE,
2024,2,Racism,"The next US president will be sworn into office in January 2025. During the inauguration speech, the president will emphasize",1,1,1,other,FALSE,FALSE,FALSE,FALSE,FALSE,FALSE,FALSE,FALSE,none,FALSE,,[],,TRUE,single-word judgment; single word
2024,2,"Support for the middle class, safeguarding that women will have control of their own bodies, addressing challenges with regard to immigration","The next US president will be sworn into office in January 2025. During the inauguration speech, the president will emphasize",1,1,1,they,FALSE,FALSE,FALSE,FALSE,FALSE,FALSE,FALSE,FALSE,none,FALSE,,"[{""start"":75,""end"":80,""kind"":""they"",""text"":""their""}]",,TRUE,long
2024,2,"That depends on who is elected. If Donald Trump is elected, he will ddiscuss immigration and the economy. If Harris is elected, she will discuss the new taxes that she plans to implement.","The next US president will be sworn into office in January 2025. During the inauguration speech, the president will emphasize",1,1,1,other,TRUE,TRUE,FALSE,FALSE,FALSE,FALSE,FALSE,FALSE,he,FALSE,,"[{""start"":35,""end"":41,""kind"":""male_candidate_name"",""text"":""Donald""},{""start"":42,""end"":47,""kind"":""male_candidate_name"",""text"":""Trump""},{""start"":60,""end"":62,""kind"":""he"",""text"":""he""},{""start"":109,""end"":115,""kind"":""female_candidate_name"",""text"":""Harris""},{""start"":128,""end"":131,""kind"":""she"",""text"":""she""},{""start"":164,""end"":167,""kind"":""she"",""text"":""she""}]",,TRUE,coreference judged by hand; long
2024,2,The future economic state of the United States.,"The next US president will be sworn into office in January 2025. During the inauguration speech, the president will emphasize",1,1,1,other,FALSE,FALSE,FALSE,FALSE,FALSE,FALSE,FALSE,FALSE,none,FALSE,,[],,FALSE,
2024,2,"The next US president will be sworn into office in January 2025. During the inauguration speech, the president will emphasize unity, the importance of addressing climate change, and the need to restore trust in democratic institutions, calling for bipartisan efforts to tackle the nation's most pressing challenges.","The next US president will be sworn into office in January 2025. During the inauguration speech, the president will emphasize",1,1,1,target_office_np,FALSE,FALSE,FALSE,FALSE,FALSE,FALSE,FALSE,FALSE,none,TRUE,pasted_text,"[{""start"":9,""end"":21,""kind"":""target_office_np"",""text"":""US president""},{""start"":97,""end"":110,""kind"":""target_office_np"",""text"":""the president""}]",,TRUE,pasted-text judgment; long
2024,2,The problems of economic and culture of our state,"The next US president will be sworn into office in January 2025. During the inauguration speech, the president will emphasize",1,1,0,other,FALSE,FALSE,FALSE,FALSE,FALSE,FALSE,FALSE,FALSE,none,FALSE,,[],,FALSE,
2024,2,Turning the country around!,"The next US president will be sworn into office in January 2025. During the inauguration speech, the president will emphasize",1,1,1,other,FALSE,FALSE,FALSE,FALSE,FALSE,FALSE,FALSE,FALSE,none,FALSE,,[],,FALSE,
2024,2,What he plans to do when he is in office and announces people for different positions,"The next US president will be sworn into office in January 2025. During the inauguration speech, the president will emphasize",1,1,1,he,FALSE,TRUE,FALSE,FALSE,FALSE,FALSE,FALSE,FALSE,he,FALSE,,"[{""start"":5,""end"":7,""kind"":""he"",""text"":""he""},{""start"":25,""end"":27,""kind"":""he"",""text"":""he""}]",84,FALSE,
2024,2,a sense of unity and a commitment to moving forward.,"The next US president will be sworn into office in January 2025. During the inauguration speech, the president will emphasize",1,1,1,other,FALSE,FALSE,FALSE,FALSE,FALSE,FALSE,FALSE,FALSE,none,FALSE,,[],,FALSE,
2024,2,about the new freedom economy that she is fixing to try to install,"The next US president will be sworn into office in January 2025. During the inauguration speech, the president will emphasize",1,1,1,she,TRUE,FALSE,FALSE,FALSE,FALSE,FALSE,FALSE,FALSE,she,FALSE,,"[{""start"":35,""end"":38,""kind"":""she"",""text"":""she""}]",,FALSE,
2024,2,an improved economy and secure border.,"The next US president will be sworn into office in January 2025. During the inauguration speech, the president will emphasize",1,1,1,other,FALSE,FALSE,FALSE,FALSE,FALSE,FALSE,FALSE,FALSE,none,FALSE,,[],,FALSE,
2024,2,bringing the economy back to prosperity for all Americans.,"The next US president will be sworn into office in January 2025. During the inauguration speech, the president will emphasize",1,1,1,other,FALSE,FALSE,FALSE,FALSE,FALSE,FALSE,FALSE,FALSE,none,FALSE,,[],,FALSE,
2024,2,coming together as a country and moving forward in a united manner.,"The next US president will be sworn into office in January 2025. During the inauguration speech, the president will emphasize",1,1,1,other,FALSE,FALSE,FALSE,FALSE,FALSE,FALSE,FALSE,FALSE,none,FALSE,,[],,FALSE,
2024,2,democracy,"The next US president will be sworn into office in January 2025. During the inauguration speech, the president will emphasize",1,1,1,other,FALSE,FALSE,FALSE,FALSE,FALSE,FALSE,FALSE,FALSE,none,FALSE,,[],,TRUE,single-word judgment; single word
2024,2,deportation of illegal immigrants and strengthening the economy.,"The next US president will be sworn into office in January 2025. During the inauguration speech, the president will emphasize",1,1,1,other,FALSE,FALSE,FALSE,FALSE,FALSE,FALSE,FALSE,FALSE,none,FALSE,,[],,FALSE,
2024,2,grievances and revenge/retribution for perceived wrongs.,"The next US president will be sworn into office in January 2025. During the inauguration speech, the president will emphasize",1,1,1,other,FALSE,FALSE,FALSE,FALSE,FALSE,FALSE,FALSE,FALSE,none,FALSE,,[],,FALSE,
2024,2,hatred and scapegoating minorities as a way of satisfying white grievance.,"The next US president will be sworn into office in January 2025. During the inauguration speech, the president will emphasize",1,1,1,other,FALSE,FALSE,FALSE,FALSE,FALSE,FALSE,FALSE,FALSE,none,FALSE,,[],,FALSE,
2024,2,his own greatness and his mandate to do everything he promised to do.,"The next US president will be sworn into office in January 2025. During the inauguration speech, the president will emphasize",1,1,1,he,FALSE,TRUE,FALSE,FALSE,FALSE,FALSE,FALSE,FALSE,he,FALSE,,"[{""start"":0,""end"":3,""kind"":""he"",""text"":""his""},{""start"":22,""end"":25,""kind"":""he"",""text"":""his""},{""start"":51,""end"":53,""kind"":""he"",""text"":""he""}]",,FALSE,
2024,2,his plan for the nation over the coming  years.,"The next US president will be sworn into office in January 2025. During the inauguration speech, the president will emphasize",1,1,1,he,FALSE,TRUE,FALSE,FALSE,FALSE,FALSE,FALSE,FALSE,he,FALSE,,"[{""start"":0,""end"":3,""kind"":""he"",""text"":""his""}]",,FALSE,
2024,2,his policies of enforcing border patrol and making our economy more affordable.,"The next US president will be sworn into office in January 2025. During the inauguration speech, the president will emphasize",1,1,1,he,FALSE,TRUE,FALSE,FALSE,FALSE,FALSE,FALSE,FALSE,he,FALSE,,"[{""start"":0,""end"":3,""kind"":""he"",""text"":""his""}]",,FALSE,
2024,2,his policy and the need for national unity going forward.,"The next US president will be sworn into office in January 2025. During the inauguration speech, the president will emphasize",1,1,1,he,FALSE,TRUE,FALSE,FALSE,FALSE,FALSE,FALSE,FALSE,he,FALSE,,"[{""start"":0,""end"":3,""kind"":""he"",""text"":""his""}]",,FALSE,
2024,2,his vision for the future of the country and how he intends to make that vision come true.,"The next US president will be sworn into office in January 2025. During the inauguration speech, the president will emphasize",1,1,1,he,FALSE,TRUE,FALSE,FALSE,FALSE,FALSE,FALSE,FALSE,he,FALSE,,"[{""start"":0,""end"":3,""kind"":""he"",""text"":""his""},{""start"":49,""end"":51,""kind"":""he"",""text"":""he""}]",,FALSE,
2024,2,how he is going to build the wall,"The next US president will be sworn into office in January 2025. During the inauguration speech, the president will emphasize",1,1,1,he,FALSE,TRUE,FALSE,FALSE,FALSE,FALSE,FALSE,FALSE,he,FALSE,,"[{""start"":4,""end"":6,""kind"":""he"",""text"":""he""}]",,FALSE,
2024,2,how he will make America great and clear out the swamp.,"The next US president will be sworn into office in January 2025. During the inauguration speech, the president will emphasize",1,1,1,he,FALSE,TRUE,FALSE,FALSE,FALSE,FALSE,FALSE,FALSE,he,FALSE,,"[{""start"":4,""end"":6,""kind"":""he"",""text"":""he""}]",,FALSE,
2024,2,how incredibly important he is,"The next US president will be sworn into office in January 2025. During the inauguration speech, the president will emphasize",1,1,1,he,FALSE,TRUE,FALSE,FALSE,FALSE,FALSE,FALSE,FALSE,he,FALSE,,"[{""start"":25,""end"":27,""kind"":""he"",""text"":""he""}]",,FALSE,
2024,2,how much he/she will do for the country.,"The next US president will be sworn into office in January 2025. During the inauguration speech, the president will emphasize",1,1,1,hedged,FALSE,FALSE,FALSE,TRUE,FALSE,FALSE,FALSE,FALSE,hedged,FALSE,,"[{""start"":9,""end"":15,""kind"":""hedged"",""text"":""he/she""}]",,TRUE,coreference judged by hand
2024,2,how our country will start to heal.,"The next US president will be sworn into office in January 2025. During the inauguration speech, the president will emphasize",1,1,1,other,FALSE,FALSE,FALSE,FALSE,FALSE,FALSE,FALSE,FALSE,none,FALSE,,[],,FALSE,
2024,2,how wonderful he is and how much he deserved to win,"The next US president will be sworn into office in January 2025. During the inauguration speech, the president will emphasize",1,1,1,he,FALSE,TRUE,FALSE,FALSE,FALSE,FALSE,FALSE,FALSE,he,FALSE,,"[{""start"":14,""end"":16,""kind"":""he"",""text"":""he""},{""start"":33,""end"":35,""kind"":""he"",""text"":""he""}]",86,FALSE,
2024,2,how wonderful it is to have a woman president for the first time!!!!,"The next US president will be sworn into office in January 2025. During the inauguration speech, the president will emphasize",1,1,1,other,FALSE,FALSE,FALSE,FALSE,FALSE,FALSE,FALSE,FALSE,none,FALSE,,[],,FALSE,
2024,2,illegal immigration and the economy.,"The next US president will be sworn into office in January 2025. During the inauguration speech, the president will emphasize",1,1,1,other,FALSE,FALSE,FALSE,FALSE,FALSE,FALSE,FALSE,FALSE,none,FALSE,,[],,FALSE,
2024,2,"importance of unity, resilience, and the need to address pressing national and global challenges, including economic stability, climate change, and social justice, urging Americans to come together to build a brighter future.","The next US president will be sworn into office in January 2025. During the inauguration speech, the president will emphasize",1,1,1,other,FALSE,FALSE,FALSE,FALSE,FALSE,FALSE,FALSE,FALSE,none,FALSE,,[],,TRUE,pasted-text judgment; long
2024,2,love and freedom.,"The next US president will be sworn into office in January 2025. During the inauguration speech, the president will emphasize",1,1,1,other,FALSE,FALSE,FALSE,FALSE,FALSE,FALSE,FALSE,FALSE,none,FALSE,,[],,FALSE,
2024,2,lowering the price of groceries and expanding medicare and medicad.,"The next US president will be sworn into office in January 2025. During the inauguration speech, the president will emphasize",1,1,1,other,FALSE,FALSE,FALSE,FALSE,FALSE,FALSE,FALSE,FALSE,none,FALSE,,[],,FALSE,
2024,2,making America great again,"The next US president will be sworn into office in January 2025. During the inauguration speech, the president will emphasize",1,1,1,other,FALSE,FALSE,FALSE,FALSE,FALSE,FALSE,FALSE,FALSE,none,FALSE,,[],87,FALSE,
2024,2,making America great again and making America strong again.,"The next US president will be sworn into office in January 2025. During the inauguration speech, the president will emphasize",1,1,1,other,FALSE,FALSE,FALSE,FALSE,FALSE,FALSE,FALSE,FALSE,none,FALSE,,[],,FALSE,
2024,2,"making America great again by fixing the economy, deporting the tens of millions of illegals, and bringing jobs back to the United States.","The next US president will be sworn into office in January 2025. During the inauguration speech, the president will emphasize",1,1,1,other,FALSE,FALSE,FALSE,FALSE,FALSE,FALSE,FALSE,FALSE,none,FALSE,,[],8,TRUE,long
2024,2,"making America great again while getting the economy back on track by getting us back on the gold standard, get rid of NATO and the Federal Reserve, and getting immigration back under control","The next US president will be sworn into office in January 2025. During the inauguration speech, the president will emphasize",1,0,0,other,FALSE,FALSE,FALSE,FALSE,FALSE,FALSE,FALSE,FALSE,none,FALSE,,[],,FALSE,
2024,2,making America great again.,"The next US president will be sworn into office in January 2025. During the inauguration speech, the president will emphasize",2,2,2,other,FALSE,FALSE,FALSE,FALSE,FALSE,FALSE,FALSE,FALSE,none,FALSE,,[],,FALSE,
2024,2,new policies,"The next US president will be sworn into office in January 2025. During the inauguration speech, the president will emphasize",1,1,1,other,FALSE,FALSE,FALSE,FALSE,FALSE,FALSE,FALSE,FALSE,none,FALSE,,[],,FALSE,
2024,2,on his policies,"The next US president will be sworn into office in January 2025. During the inauguration speech, the president will emphasize",1,1,1,he,FALSE,TRUE,FALSE,FALSE,FALSE,FALSE,FALSE,FALSE,he,FALSE,,"[{""start"":3,""end"":6,""kind"":""he"",""text"":""his""}]",,FALSE,
2024,2,on how he will make America great again,"The next US president will be sworn into office in January 2025. During the inauguration speech, the president will emphasize",1,1,1,he,FALSE,TRUE,FALSE,FALSE,FALSE,FALSE,FALSE,FALSE,he,FALSE,,"[{""start"":7,""end"":9,""kind"":""he"",""text"":""he""}]",,FALSE,
2024,2,on what he is willing  to do for the country,"The next US president will be sworn into office in January 2025. During the inauguration speech, the president will emphasize",1,1,1,he,FALSE,TRUE,FALSE,FALSE,FALSE,FALSE,FALSE,FALSE,he,FALSE,,"[{""start"":8,""end"":10,""kind"":""he"",""text"":""he""}]",,FALSE,
2024,2,on what they intend to do during the next four years.,"The next US president will be sworn into office in January 2025. During the inauguration speech, the president will emphasize",1,1,1,they,FALSE,FALSE,TRUE,FALSE,FALSE,FALSE,FALSE,FALSE,they,FALSE,,"[{""start"":8,""end"":12,""kind"":""they"",""text"":""they""}]",108,FALSE,
2024,2,peace,"The next US president will be sworn into office in January 2025. During the inauguration speech, the president will emphasize",1,1,1,other,FALSE,FALSE,FALSE,FALSE,FALSE,FALSE,FALSE,FALSE,none,FALSE,,[],,TRUE,single-word judgment; single word
2024,2,power,"The next US president will be sworn into office in January 2025. During the inauguration speech, the president will emphasize",1,1,1,other,FALSE,FALSE,FALSE,FALSE,FALSE,FALSE,FALSE,FALSE,none,FALSE,,[],,TRUE,single-word judgment; single word
2024,2,preparing America for an age of AI and abundance,"The next US president will be sworn into office in January 2025. During the inauguration speech, the president will emphasize",1,1,1,other,FALSE,FALSE,FALSE,FALSE,FALSE,FALSE,FALSE,FALSE,none,FALSE,,[],,FALSE,
2024,2,removal of illegal immigrants immediately,"The next US president will be sworn into office in January 2025. During the inauguration speech, the president will emphasize",1,1,1,other,FALSE,FALSE,FALSE,FALSE,FALSE,FALSE,FALSE,FALSE,none,FALSE,,[],,FALSE,
2024,2,that we all must stand together and unite to solve our country's problems.,"The next US president will be sworn into office in January 2025. During the inauguration speech, the president will emphasize",1,1,1,other,FALSE,FALSE,FALSE,FALSE,FALSE,FALSE,FALSE,FALSE,none,FALSE,,[],,FALSE,
2024,2,the economy,"The next US president will be sworn into office in January 2025. During the inauguration speech, the president will emphasize",2,2,2,other,FALSE,FALSE,FALSE,FALSE,FALSE,FALSE,FALSE,FALSE,none,FALSE,,[],,FALSE,
2024,2,the economy and immigration.,"The next US president will be sworn into office in January 2025. During the inauguration speech, the president will emphasize",1,1,1,other,FALSE,FALSE,FALSE,FALSE,FALSE,FALSE,FALSE,FALSE,none,FALSE,,[],,FALSE,
2024,2,the economy.,"The next US president will be sworn into office in January 2025. During the inauguration speech, the president will emphasize",2,2,1,other,FALSE,FALSE,FALSE,FALSE,FALSE,FALSE,FALSE,FALSE,none,FALSE,,[],,FALSE,
2024,2,the imporance of voting.,"The next US president will be sworn into office in January 2025. During the inauguration speech, the president will emphasize",1,1,1,other,FALSE,FALSE,FALSE,FALSE,FALSE,FALSE,FALSE,FALSE,none,FALSE,,[],,FALSE,
2024,2,"the importance of `rebuilding` this nation, especially with regard to illegal immigrants.","The next US president will be sworn into office in January 2025. During the inauguration speech, the president will emphasize",1,1,1,other,FALSE,FALSE,FALSE,FALSE,FALSE,FALSE,FALSE,FALSE,none,FALSE,,[],,FALSE,
2024,2,the importance of lowering the prices of goods and interest rates.,"The next US president will be sworn into office in January 2025. During the inauguration speech, the president will emphasize",1,1,1,other,FALSE,FALSE,FALSE,FALSE,FALSE,FALSE,FALSE,FALSE,none,FALSE,,[],,FALSE,
2024,2,"the importance of moving past election rhetoric and the rights of all countrymen, regardless of partisanship.","The next US president will be sworn into office in January 2025. During the inauguration speech, the president will emphasize",1,1,1,other,FALSE,FALSE,FALSE,FALSE,FALSE,FALSE,FALSE,FALSE,none,FALSE,,[],,FALSE,
2024,2,"the importance of unity and collaboration among the American people, outlining a vision for the future that addresses key challenges facing the nation and inspires hope for progress and positive change.","The next US president will be sworn into office in January 2025. During the inauguration speech, the president will emphasize",1,1,1,other,FALSE,FALSE,FALSE,FALSE,FALSE,FALSE,FALSE,FALSE,none,FALSE,,[],,TRUE,pasted-text judgment; long
2024,2,the need for unity.,"The next US president will be sworn into office in January 2025. During the inauguration speech, the president will emphasize",1,1,1,other,FALSE,FALSE,FALSE,FALSE,FALSE,FALSE,FALSE,FALSE,none,FALSE,,[],,FALSE,
2024,2,the need to reach across the aisle,"The next US president will be sworn into office in January 2025. During the inauguration speech, the president will emphasize",1,1,1,other,FALSE,FALSE,FALSE,FALSE,FALSE,FALSE,FALSE,FALSE,none,FALSE,,[],,FALSE,
2024,2,the state of the union,"The next US president will be sworn into office in January 2025. During the inauguration speech, the president will emphasize",1,1,1,other,FALSE,FALSE,FALSE,FALSE,FALSE,FALSE,FALSE,FALSE,none,FALSE,,[],,FALSE,
2024,2,the things that he will get done for the country.,"The next US president will be sworn into office in January 2025. During the inauguration speech, the president will emphasize",1,1,1,he,FALSE,TRUE,FALSE,FALSE,FALSE,FALSE,FALSE,FALSE,he,FALSE,,"[{""start"":16,""end"":18,""kind"":""he"",""text"":""he""}]",,FALSE,
2024,2,the whole country to come together and forget their political differences and work towards prosperity.,"The next US president will be sworn into office in January 2025. During the inauguration speech, the president will emphasize",1,1,1,they,FALSE,FALSE,FALSE,FALSE,FALSE,FALSE,FALSE,FALSE,none,FALSE,,"[{""start"":46,""end"":51,""kind"":""they"",""text"":""their""}]",,TRUE,coreference judged by hand
2024,2,their plan to improve the country.,"The next US president will be sworn into office in January 2025. During the inauguration speech, the president will emphasize",1,1,1,they,FALSE,FALSE,TRUE,FALSE,FALSE,FALSE,FALSE,FALSE,they,FALSE,,"[{""start"":0,""end"":5,""kind"":""they"",""text"":""their""}]",,TRUE,coreference judged by hand
2024,2,their plan to make the most of their presidency.,"The next US president will be sworn into office in January 2025. During the inauguration speech, the president will emphasize",1,1,1,they,FALSE,FALSE,TRUE,FALSE,FALSE,FALSE,FALSE,FALSE,they,FALSE,,"[{""start"":0,""end"":5,""kind"":""they"",""text"":""their""},{""start"":31,""end"":36,""kind"":""they"",""text"":""their""}]",,FALSE,
2024,2,their plans for their first 90 days in office.,"The next US president will be sworn into office in January 2025. During the inauguration speech, the president will emphasize",1,1,1,they,FALSE,FALSE,TRUE,FALSE,FALSE,FALSE,FALSE,FALSE,they,FALSE,,"[{""start"":0,""end"":5,""kind"":""they"",""text"":""their""},{""start"":16,""end"":21,""kind"":""they"",""text"":""their""}]",,FALSE,
2024,2,their promises made.,"The next US president will be sworn into office in January 2025. During the inauguration speech, the president will emphasize",1,1,1,they,FALSE,FALSE,TRUE,FALSE,FALSE,FALSE,FALSE,FALSE,they,FALSE,,"[{""start"":0,""end"":5,""kind"":""they"",""text"":""their""}]",,FALSE,
2024,2,"their strong economic policy, immigration, and trade wars.","The next US president will be sworn into office in January 2025. During the inauguration speech, the president will emphasize",1,1,1,they,FALSE,FALSE,TRUE,FALSE,FALSE,FALSE,FALSE,FALSE,they,FALSE,,"[{""start"":0,""end"":5,""kind"":""they"",""text"":""their""}]",,FALSE,
2024,2,tradition and taking down his opposition.,"The next US president will be sworn into office in January 2025. During the inauguration speech, the president will emphasize",1,1,1,he,FALSE,TRUE,FALSE,FALSE,FALSE,FALSE,FALSE,FALSE,he,FALSE,,"[{""start"":26,""end"":29,""kind"":""he"",""text"":""his""}]",,FALSE,
2024,2,unity,"The next US president will be sworn into office in January 2025. During the inauguration speech, the president will emphasize",1,1,1,other,FALSE,FALSE,FALSE,FALSE,FALSE,FALSE,FALSE,FALSE,none,FALSE,,[],,TRUE,single-word judgment; single word
2024,2,unity among all Americans and the promise of economic progress through a more stabilized country.,"The next US president will be sworn into office in January 2025. During the inauguration speech, the president will emphasize",1,1,1,other,FALSE,FALSE,FALSE,FALSE,FALSE,FALSE,FALSE,FALSE,none,FALSE,,[],,FALSE,
2024,2,unity amongst Americans.,"The next US president will be sworn into office in January 2025. During the inauguration speech, the president will emphasize",1,1,1,other,FALSE,FALSE,FALSE,FALSE,FALSE,FALSE,FALSE,FALSE,none,FALSE,,[],,FALSE,
2024,2,"unity and a commitment to addressing the challenges facing the nation, calling for bipartisan cooperation to tackle pressing issues such as economic recovery, climate change, and social justice.","The next US president will be sworn into office in January 2025. During the inauguration speech, the president will emphasize",1,1,1,other,FALSE,FALSE,FALSE,FALSE,FALSE,FALSE,FALSE,FALSE,none,FALSE,,[],11,TRUE,pasted-text judgment; long
2024,2,unity i hope and secure the border! also help prevent ww3.,"The next US president will be sworn into office in January 2025. During the inauguration speech, the president will emphasize",1,1,1,other,FALSE,FALSE,FALSE,FALSE,FALSE,FALSE,FALSE,FALSE,none,FALSE,,[],,FALSE,
2024,2,unity in our country.,"The next US president will be sworn into office in January 2025. During the inauguration speech, the president will emphasize",1,1,1,other,FALSE,FALSE,FALSE,FALSE,FALSE,FALSE,FALSE,FALSE,none,FALSE,,[],,FALSE,
2024,2,"unity, inequality, ending corruption, and improving the country.","The next US president will be sworn into office in January 2025. During the inauguration speech, the president will emphasize",1,1,1,other,FALSE,FALSE,FALSE,FALSE,FALSE,FALSE,FALSE,FALSE,none,FALSE,,[],,FALSE,
2024,2,"unity, the economy, and national security.","The next US president will be sworn into office in January 2025. During the inauguration speech, the president will emphasize",1,1,1,other,FALSE,FALSE,FALSE,FALSE,FALSE,FALSE,FALSE,FALSE,none,FALSE,,[],,FALSE,
2024,3,His family.,"The next US president will be sworn into office in January 2025. Even before Inauguration Day, the Secret Service will protect the president and",2,2,2,he,FALSE,TRUE,FALSE,FALSE,FALSE,FALSE,FALSE,FALSE,he,FALSE,,"[{""start"":0,""end"":3,""kind"":""he"",""text"":""His""}]",,FALSE,
2024,3,Their family,"The next US president will be sworn into office in January 2025. Even before Inauguration Day, the Secret Service will protect the president and",1,1,1,they,FALSE,FALSE,TRUE,FALSE,FALSE,FALSE,FALSE,FALSE,they,FALSE,,"[{""start"":0,""end"":5,""kind"":""they"",""text"":""Their""}]",,FALSE,
2024,3,VP.,"The next US president will be sworn into office in January 2025. Even before Inauguration Day, the Secret Service will protect the president and",1,1,1,other_office_np,FALSE,FALSE,FALSE,FALSE,FALSE,FALSE,FALSE,FALSE,none,FALSE,,"[{""start"":0,""end"":2,""kind"":""other_office_np"",""text"":""VP""}]",,TRUE,single-word judgment; all caps; single word
2024,3,Vice President,"The next US president will be sworn into office in January 2025. Even before Inauguration Day, the Secret Service will protect the president and",2,2,2,other_office_np,FALSE,FALSE,FALSE,FALSE,FALSE,FALSE,FALSE,FALSE,none,FALSE,,"[{""start"":0,""end"":14,""kind"":""other_office_np"",""text"":""Vice President""}]",,FALSE,
2024,3,all his selects in office.,"The next US president will be sworn into office in January 2025. Even before Inauguration Day, the Secret Service will protect the president and",1,1,1,he,FALSE,TRUE,FALSE,FALSE,FALSE,FALSE,FALSE,FALSE,he,FALSE,,"[{""start"":4,""end"":7,""kind"":""he"",""text"":""his""}]",,FALSE,
2024,3,all the candidates for president.,"The next US president will be sworn into office in January 2025. Even before Inauguration Day, the Secret Service will protect the president and",1,1,1,other,FALSE,FALSE,FALSE,FALSE,FALSE,FALSE,FALSE,FALSE,none,FALSE,,[],,FALSE,
2024,3,and keep him or her safe,"The next US president will be sworn into office in January 2025. Even before Inauguration Day, the Secret Service will protect the president and",1,1,1,hedged,FALSE,FALSE,FALSE,TRUE,FALSE,FALSE,FALSE,FALSE,hedged,FALSE,,"[{""start"":9,""end"":19,""kind"":""hedged"",""text"":""him or her""}]",,TRUE,coreference judged by hand
2024,3,and make sure everything is carried out smoothly and safely.,"The next US president will be sworn into office in January 2025. Even before Inauguration Day, the Secret Service will protect the president and",1,1,1,other,FALSE,FALSE,FALSE,FALSE,FALSE,FALSE,FALSE,FALSE,none,FALSE,,[],,FALSE,
2024,3,and make sure he stays safe throughout his presidency.,"The next US president will be sworn into office in January 2025. Even before Inauguration Day, the Secret Service will protect the president and",1,1,1,he,FALSE,TRUE,FALSE,FALSE,FALSE,FALSE,FALSE,FALSE,he,FALSE,,"[{""start"":14,""end"":16,""kind"":""he"",""text"":""he""},{""start"":39,""end"":42,""kind"":""he"",""text"":""his""}]",,FALSE,
2024,3,and provide the president with transportation,"The next US president will be sworn into office in January 2025. Even before Inauguration Day, the Secret Service will protect the president and",1,1,1,target_office_np,FALSE,FALSE,FALSE,FALSE,FALSE,FALSE,FALSE,FALSE,none,FALSE,,"[{""start"":12,""end"":25,""kind"":""target_office_np"",""text"":""the president""}]",,FALSE,
2024,3,and the new Vice President as well as the families of each.,"The next US president will be sworn into office in January 2025. Even before Inauguration Day, the Secret Service will protect the president and",1,1,1,other_office_np,FALSE,FALSE,FALSE,FALSE,FALSE,FALSE,FALSE,FALSE,none,FALSE,,"[{""start"":8,""end"":26,""kind"":""other_office_np"",""text"":""new Vice President""}]",,FALSE,
2024,3,and the vice president.,"The next US president will be sworn into office in January 2025. Even before Inauguration Day, the Secret Service will protect the president and",1,1,1,other_office_np,FALSE,FALSE,FALSE,FALSE,FALSE,FALSE,FALSE,FALSE,none,FALSE,,"[{""start"":4,""end"":22,""kind"":""other_office_np"",""text"":""the vice president""}]",,FALSE,
2024,3,celebrate,"The next US president will be sworn into office in January 2025. Even before Inauguration Day, the Secret Service will protect the president and",1,1,1,other,FALSE,FALSE,FALSE,FALSE,FALSE,FALSE,FALSE,FALSE,none,TRUE,single_word,[],,TRUE,single-word judgment; single word
2024,3,commander in chief,"The next US president will be sworn into office in January 2025. Even before Inauguration Day, the Secret Service will protect the president and",1,1,1,other,FALSE,FALSE,FALSE,FALSE,FALSE,FALSE,FALSE,FALSE,none,FALSE,,[],,FALSE,
2024,3,conduct a review of all events related to the Inauguration involving the President's attendance.,"The next US president will be sworn into office in January 2025. Even before Inauguration Day, the Secret Service will protect the president and",1,1,1,target_office_np,FALSE,FALSE,FALSE,FALSE,FALSE,FALSE,FALSE,FALSE,none,FALSE,,"[{""start"":69,""end"":82,""kind"":""target_office_np"",""text"":""the President""}]",,FALSE,
2024,3,defend him from injury.,"The next US president will be sworn into office in January 2025. Even before Inauguration Day, the Secret Service will protect the president and",1,1,1,he,FALSE,TRUE,FALSE,FALSE,FALSE,FALSE,FALSE,FALSE,he,FALSE,,"[{""start"":7,""end"":10,""kind"":""he"",""text"":""him""}]",,FALSE,
2024,3,do the best they possibly can given the difficult nature of securing a person of such high public interest.,"The next US president will be sworn into office in January 2025. Even before Inauguration Day, the Secret Service will protect the president and",1,1,1,they,FALSE,FALSE,FALSE,FALSE,FALSE,FALSE,FALSE,FALSE,none,FALSE,,"[{""start"":12,""end"":16,""kind"":""they"",""text"":""they""}]",,TRUE,long
2024,3,ensure his safety.,"The next US president will be sworn into office in January 2025. Even before Inauguration Day, the Secret Service will protect the president and",1,1,1,he,FALSE,TRUE,FALSE,FALSE,FALSE,FALSE,FALSE,FALSE,he,FALSE,,"[{""start"":7,""end"":10,""kind"":""he"",""text"":""his""}]",,FALSE,
2024,3,ensure that he/she is secured and safe from threats.,"The next US president will be sworn into office in January 2025. Even before Inauguration Day, the Secret Service will protect the president and",1,1,1,hedged,FALSE,FALSE,FALSE,TRUE,FALSE,FALSE,FALSE,FALSE,hedged,FALSE,,"[{""start"":12,""end"":18,""kind"":""hedged"",""text"":""he/she""}]",,TRUE,coreference judged by hand
2024,3,ensure that the perimeter around the Capitol Building is secure.,"The next US president will be sworn into office in January 2025. Even before Inauguration Day, the Secret Service will protect the president and",1,1,1,other,FALSE,FALSE,FALSE,FALSE,FALSE,FALSE,FALSE,FALSE,none,FALSE,,[],,FALSE,
2024,3,ensure that the president's safety is top priority.,"The next US president will be sworn into office in January 2025. Even before Inauguration Day, the Secret Service will protect the president and",1,1,1,target_office_np,FALSE,FALSE,FALSE,FALSE,FALSE,FALSE,FALSE,FALSE,none,FALSE,,"[{""start"":12,""end"":25,""kind"":""target_office_np"",""text"":""the president""}]",,FALSE,
2024,3,ensure their safety.,"The next US president will be sworn into office in January 2025. Even before Inauguration Day, the Secret Service will protect the president and",1,1,1,they,FALSE,FALSE,TRUE,FALSE,FALSE,FALSE,FALSE,FALSE,they,FALSE,,"[{""start"":7,""end"":12,""kind"":""they"",""text"":""their""}]",,FALSE,
2024,3,first gentleman.,"The next US president will be sworn into office in January 2025. Even before Inauguration Day, the Secret Service will protect the president and",1,1,1,other,FALSE,FALSE,FALSE,FALSE,FALSE,FALSE,FALSE,FALSE,none,FALSE,,[],,FALSE,
2024,3,follow him everywhere he goes,"The next US president will be sworn into office in January 2025. Even before Inauguration Day, the Secret Service will protect the president and",1,1,1,he,FALSE,TRUE,FALSE,FALSE,FALSE,FALSE,FALSE,FALSE,he,FALSE,,"[{""start"":7,""end"":10,""kind"":""he"",""text"":""him""},{""start"":22,""end"":24,""kind"":""he"",""text"":""he""}]",73,FALSE,
2024,3,he will begin to impact world governments and conflicts,"The next US president will be sworn into office in January 2025. Even before Inauguration Day, the Secret Service will protect the president and",1,1,1,he,FALSE,TRUE,FALSE,FALSE,FALSE,FALSE,FALSE,FALSE,he,FALSE,,"[{""start"":0,""end"":2,""kind"":""he"",""text"":""he""}]",,FALSE,
2024,3,his family,"The next US president will be sworn into office in January 2025. Even before Inauguration Day, the Secret Service will protect the president and",4,4,4,he,FALSE,TRUE,FALSE,FALSE,FALSE,FALSE,FALSE,FALSE,he,FALSE,,"[{""start"":0,""end"":3,""kind"":""he"",""text"":""his""}]",,FALSE,
2024,3,his family and the vice president and his family.,"The next US president will be sworn into office in January 2025. Even before Inauguration Day, the Secret Service will protect the president and",1,1,1,he,FALSE,TRUE,FALSE,FALSE,FALSE,TRUE,FALSE,FALSE,he,FALSE,,"[{""start"":0,""end"":3,""kind"":""he"",""text"":""his""},{""start"":15,""end"":33,""kind"":""other_office_np"",""text"":""the vice president""},{""start"":38,""end"":41,""kind"":""he"",""text"":""his""}]",,TRUE,coreference judged by hand
2024,3,his family and vice president,"The next US president will be sworn into office in January 2025. Even before Inauguration Day, the Secret Service will protect the president and",1,1,1,he,FALSE,TRUE,FALSE,FALSE,FALSE,FALSE,FALSE,FALSE,he,FALSE,,"[{""start"":0,""end"":3,""kind"":""he"",""text"":""his""}]",,TRUE,coreference judged by hand
2024,3,his family plus staff.,"The next US president will be sworn into office in January 2025. Even before Inauguration Day, the Secret Service will protect the president and",1,1,1,he,FALSE,TRUE,FALSE,FALSE,FALSE,FALSE,FALSE,FALSE,he,FALSE,,"[{""start"":0,""end"":3,""kind"":""he"",""text"":""his""}]",,FALSE,
2024,3,his family with protection,"The next US president will be sworn into office in January 2025. Even before Inauguration Day, the Secret Service will protect the president and",1,1,1,he,FALSE,TRUE,FALSE,FALSE,FALSE,FALSE,FALSE,FALSE,he,FALSE,,"[{""start"":0,""end"":3,""kind"":""he"",""text"":""his""}]",,FALSE,
2024,3,his family.,"The next US president will be sworn into office in January 2025. Even before Inauguration Day, the Secret Service will protect the president and",8,8,8,he,FALSE,TRUE,FALSE,FALSE,FALSE,FALSE,FALSE,FALSE,he,FALSE,,"[{""start"":0,""end"":3,""kind"":""he"",""text"":""his""}]",,FALSE,
2024,3,his immediate family.,"The next US president will be sworn into office in January 2025. Even before Inauguration Day, the Secret Service will protect the president and",1,1,1,he,FALSE,TRUE,FALSE,FALSE,FALSE,FALSE,FALSE,FALSE,he,FALSE,,"[{""start"":0,""end"":3,""kind"":""he"",""text"":""his""}]",,FALSE,
2024,3,"if Trump wins, there will likely be another assassination attempt, but if Kamala wins, the corrupt power structure remains in place, and the Secret Service has nothing to worry about as no one tries to kill a puppet..","The next US president will be sworn into office in January 2025. Even before Inauguration Day, the Secret Service will protect the president and",1,1,1,other,FALSE,FALSE,FALSE,FALSE,FALSE,FALSE,FALSE,FALSE,none,FALSE,,"[{""start"":3,""end"":8,""kind"":""male_candidate_name"",""text"":""Trump""},{""start"":74,""end"":80,""kind"":""female_candidate_name"",""text"":""Kamala""}]",,TRUE,long
2024,3,keep him safe.,"The next US president will be sworn into office in January 2025. Even before Inauguration Day, the Secret Service will protect the president and",1,1,1,he,FALSE,TRUE,FALSE,FALSE,FALSE,FALSE,FALSE,FALSE,he,FALSE,,"[{""start"":5,""end"":8,""kind"":""he"",""text"":""him""}]",,FALSE,
2024,3,keep them safe and secure.,"The next US president will be sworn into office in January 2025. Even before Inauguration Day, the Secret Service will protect the president and",1,1,1,they,FALSE,FALSE,TRUE,FALSE,FALSE,FALSE,FALSE,FALSE,they,FALSE,,"[{""start"":5,""end"":9,""kind"":""they"",""text"":""them""}]",,FALSE,
2024,3,key officials.,"The next US president will be sworn into office in January 2025. Even before Inauguration Day, the Secret Service will protect the president and",1,1,1,other,FALSE,FALSE,FALSE,FALSE,FALSE,FALSE,FALSE,FALSE,none,FALSE,,[],,FALSE,
2024,3,likely no violence will ensue.,"The next US president will be sworn into office in January 2025. Even before Inauguration Day, the Secret Service will protect the president and",1,1,1,other,FALSE,FALSE,FALSE,FALSE,FALSE,FALSE,FALSE,FALSE,none,FALSE,,[],,FALSE,
2024,3,make sure a transfer of power goes flawlessly.,"The next US president will be sworn into office in January 2025. Even before Inauguration Day, the Secret Service will protect the president and",1,1,1,other,FALSE,FALSE,FALSE,FALSE,FALSE,FALSE,FALSE,FALSE,none,FALSE,,[],,FALSE,
2024,3,make sure everything is legit.,"The next US president will be sworn into office in January 2025. Even before Inauguration Day, the Secret Service will protect the president and",1,1,1,other,FALSE,FALSE,FALSE,FALSE,FALSE,FALSE,FALSE,FALSE,none,FALSE,,[],,FALSE,
2024,3,make sure of their safety.,"The next US president will be sworn into office in January 2025. Even before Inauguration Day, the Secret Service will protect the president and",1,1,1,they,FALSE,FALSE,TRUE,FALSE,FALSE,FALSE,FALSE,FALSE,they,FALSE,,"[{""start"":13,""end"":18,""kind"":""they"",""text"":""their""}]",,FALSE,
2024,3,make sure that all safety precautions are maintained.,"The next US president will be sworn into office in January 2025. Even before Inauguration Day, the Secret Service will protect the president and",1,1,1,other,FALSE,FALSE,FALSE,FALSE,FALSE,FALSE,FALSE,FALSE,none,FALSE,,[],,FALSE,
2024,3,make sure that no harm comes to him.,"The next US president will be sworn into office in January 2025. Even before Inauguration Day, the Secret Service will protect the president and",1,1,1,he,FALSE,TRUE,FALSE,FALSE,FALSE,FALSE,FALSE,FALSE,he,FALSE,,"[{""start"":32,""end"":35,""kind"":""he"",""text"":""him""}]",,FALSE,
2024,3,on alert for any possible threats or problems.,"The next US president will be sworn into office in January 2025. Even before Inauguration Day, the Secret Service will protect the president and",1,1,1,other,FALSE,FALSE,FALSE,FALSE,FALSE,FALSE,FALSE,FALSE,none,FALSE,,[],147,FALSE,
2024,3,other multiple government officials and former presidents.,"The next US president will be sworn into office in January 2025. Even before Inauguration Day, the Secret Service will protect the president and",1,1,1,other,FALSE,FALSE,FALSE,FALSE,FALSE,FALSE,FALSE,FALSE,none,FALSE,,[],,FALSE,
2024,3,other newly elected officials during the transition of power.,"The next US president will be sworn into office in January 2025. Even before Inauguration Day, the Secret Service will protect the president and",1,1,1,other,FALSE,FALSE,FALSE,FALSE,FALSE,FALSE,FALSE,FALSE,none,FALSE,,[],,FALSE,
2024,3,plan for the large crowds at the inauguration event.,"The next US president will be sworn into office in January 2025. Even before Inauguration Day, the Secret Service will protect the president and",1,1,1,other,FALSE,FALSE,FALSE,FALSE,FALSE,FALSE,FALSE,FALSE,none,FALSE,,[],,FALSE,
2024,3,president elect,"The next US president will be sworn into office in January 2025. Even before Inauguration Day, the Secret Service will protect the president and",2,2,2,target_office_np,FALSE,FALSE,FALSE,FALSE,FALSE,FALSE,FALSE,FALSE,none,FALSE,,"[{""start"":0,""end"":9,""kind"":""target_office_np"",""text"":""president""}]",,FALSE,
2024,3,provide round-the-clock security to home and family.,"The next US president will be sworn into office in January 2025. Even before Inauguration Day, the Secret Service will protect the president and",1,1,1,other,FALSE,FALSE,FALSE,FALSE,FALSE,FALSE,FALSE,FALSE,none,FALSE,,[],,FALSE,
2024,3,put measures in place to secure the premises.,"The next US president will be sworn into office in January 2025. Even before Inauguration Day, the Secret Service will protect the president and",1,1,1,other,FALSE,FALSE,FALSE,FALSE,FALSE,FALSE,FALSE,FALSE,none,FALSE,,[],,FALSE,
2024,3,secure the area around the inauguration.,"The next US president will be sworn into office in January 2025. Even before Inauguration Day, the Secret Service will protect the president and",1,1,1,other,FALSE,FALSE,FALSE,FALSE,FALSE,FALSE,FALSE,FALSE,none,FALSE,,[],,FALSE,
2024,3,secure the location,"The next US president will be sworn into office in January 2025. Even before Inauguration Day, the Secret Service will protect the president and",1,1,1,other,FALSE,FALSE,FALSE,FALSE,FALSE,FALSE,FALSE,FALSE,none,FALSE,,[],,FALSE,
2024,3,serve their country.,"The next US president will be sworn into office in January 2025. Even before Inauguration Day, the Secret Service will protect the president and",1,1,1,they,FALSE,FALSE,FALSE,FALSE,FALSE,FALSE,FALSE,FALSE,none,FALSE,,"[{""start"":6,""end"":11,""kind"":""they"",""text"":""their""}]",,TRUE,coreference judged by hand
2024,3,"take the necessary precautions to protect the transfer of power, secure the Capitol, and protect the transfer as per the Constitution.","The next US president will be sworn into office in January 2025. Even before Inauguration Day, the Secret Service will protect the president and",1,1,1,other,FALSE,FALSE,FALSE,FALSE,FALSE,FALSE,FALSE,FALSE,none,FALSE,,[],,TRUE,long
2024,3,the Vice President.,"The next US president will be sworn into office in January 2025. Even before Inauguration Day, the Secret Service will protect the president and",2,2,2,other_office_np,FALSE,FALSE,FALSE,FALSE,FALSE,FALSE,FALSE,FALSE,none,FALSE,,"[{""start"":0,""end"":18,""kind"":""other_office_np"",""text"":""the Vice President""}]",,FALSE,
2024,3,the country,"The next US president will be sworn into office in January 2025. Even before Inauguration Day, the Secret Service will protect the president and",1,1,1,other,FALSE,FALSE,FALSE,FALSE,FALSE,FALSE,FALSE,FALSE,none,FALSE,,[],,FALSE,
2024,3,the elected president.,"The next US president will be sworn into office in January 2025. Even before Inauguration Day, the Secret Service will protect the president and",1,1,1,other,FALSE,FALSE,FALSE,FALSE,FALSE,FALSE,FALSE,FALSE,none,FALSE,,[],,FALSE,
2024,3,the incoming president,"The next US president will be sworn into office in January 2025. Even before Inauguration Day, the Secret Service will protect the president and",1,1,1,target_office_np,FALSE,FALSE,FALSE,FALSE,FALSE,FALSE,FALSE,FALSE,none,FALSE,,"[{""start"":4,""end"":22,""kind"":""target_office_np"",""text"":""incoming president""}]",,FALSE,
2024,3,the people he serves.,"The next US president will be sworn into office in January 2025. Even before Inauguration Day, the Secret Service will protect the president and",1,1,1,he,FALSE,TRUE,FALSE,FALSE,FALSE,FALSE,FALSE,FALSE,he,FALSE,,"[{""start"":11,""end"":13,""kind"":""he"",""text"":""he""}]",,FALSE,
2024,3,the president-elect.,"The next US president will be sworn into office in January 2025. Even before Inauguration Day, the Secret Service will protect the president and",1,1,1,target_office_np,FALSE,FALSE,FALSE,FALSE,FALSE,FALSE,FALSE,FALSE,none,FALSE,,"[{""start"":0,""end"":13,""kind"":""target_office_np"",""text"":""the president""}]",,FALSE,
2024,3,the vice president,"The next US president will be sworn into office in January 2025. Even before Inauguration Day, the Secret Service will protect the president and",1,1,1,other_office_np,FALSE,FALSE,FALSE,FALSE,FALSE,FALSE,FALSE,FALSE,none,FALSE,,"[{""start"":0,""end"":18,""kind"":""other_office_np"",""text"":""the vice president""}]",,FALSE,
2024,3,the vice president as well as members of congress.,"The next US president will be sworn into office in January 2025. Even before Inauguration Day, the Secret Service will protect the president and",1,1,1,other_office_np,FALSE,FALSE,FALSE,FALSE,FALSE,FALSE,FALSE,FALSE,none,FALSE,,"[{""start"":0,""end"":18,""kind"":""other_office_np"",""text"":""the vice president""}]",,FALSE,
2024,3,the vice president.,"The next US president will be sworn into office in January 2025. Even before Inauguration Day, the Secret Service will protect the president and",6,6,6,other_office_np,FALSE,FALSE,FALSE,FALSE,FALSE,FALSE,FALSE,FALSE,none,FALSE,,"[{""start"":0,""end"":18,""kind"":""other_office_np"",""text"":""the vice president""}]",,FALSE,
2024,3,their family,"The next US president will be sworn into office in January 2025. Even before Inauguration Day, the Secret Service will protect the president and",2,2,2,they,FALSE,FALSE,TRUE,FALSE,FALSE,FALSE,FALSE,FALSE,they,FALSE,,"[{""start"":0,""end"":5,""kind"":""they"",""text"":""their""}]",109,FALSE,
2024,3,their family from potential threats.,"The next US president will be sworn into office in January 2025. Even before Inauguration Day, the Secret Service will protect the president and",1,1,1,they,FALSE,FALSE,TRUE,FALSE,FALSE,FALSE,FALSE,FALSE,they,FALSE,,"[{""start"":0,""end"":5,""kind"":""they"",""text"":""their""}]",,FALSE,
2024,3,"their family, ensuring their safety and security during the transition period and throughout their time in office.","The next US president will be sworn into office in January 2025. Even before Inauguration Day, the Secret Service will protect the president and",1,1,1,they,FALSE,FALSE,TRUE,FALSE,FALSE,FALSE,FALSE,FALSE,they,FALSE,,"[{""start"":0,""end"":5,""kind"":""they"",""text"":""their""},{""start"":23,""end"":28,""kind"":""they"",""text"":""their""},{""start"":93,""end"":98,""kind"":""they"",""text"":""their""}]",,FALSE,
2024,3,their family.,"The next US president will be sworn into office in January 2025. Even before Inauguration Day, the Secret Service will protect the president and",1,1,1,they,FALSE,FALSE,TRUE,FALSE,FALSE,FALSE,FALSE,FALSE,they,FALSE,,"[{""start"":0,""end"":5,""kind"":""they"",""text"":""their""}]",,FALSE,
2024,3,vice president,"The next US president will be sworn into office in January 2025. Even before Inauguration Day, the Secret Service will protect the president and",9,9,9,other_office_np,FALSE,FALSE,FALSE,FALSE,FALSE,FALSE,FALSE,FALSE,none,FALSE,,"[{""start"":0,""end"":14,""kind"":""other_office_np"",""text"":""vice president""}]",,FALSE,
2024,3,vice president during the inauguration.,"The next US president will be sworn into office in January 2025. Even before Inauguration Day, the Secret Service will protect the president and",1,1,1,other_office_np,FALSE,FALSE,FALSE,FALSE,FALSE,FALSE,FALSE,FALSE,none,FALSE,,"[{""start"":0,""end"":14,""kind"":""other_office_np"",""text"":""vice president""}]",,FALSE,
2024,3,vice president.,"The next US president will be sworn into office in January 2025. Even before Inauguration Day, the Secret Service will protect the president and",8,8,8,other_office_np,FALSE,FALSE,FALSE,FALSE,FALSE,FALSE,FALSE,FALSE,none,FALSE,,"[{""start"":0,""end"":14,""kind"":""other_office_np"",""text"":""vice president""}]",,FALSE,
2024,3,vice-president,"The next US president will be sworn into office in January 2025. Even before Inauguration Day, the Secret Service will protect the president and",1,1,1,other_office_np,FALSE,FALSE,FALSE,FALSE,FALSE,FALSE,FALSE,FALSE,none,FALSE,,"[{""start"":0,""end"":14,""kind"":""other_office_np"",""text"":""vice-president""}]",,TRUE,single-word judgment; single word
2024,3,vice-president elect against Iranian assassination plots.,"The next US president will be sworn into office in January 2025. Even before Inauguration Day, the Secret Service will protect the president and",1,1,1,other_office_np,FALSE,FALSE,FALSE,FALSE,FALSE,FALSE,FALSE,FALSE,none,FALSE,,"[{""start"":0,""end"":14,""kind"":""other_office_np"",""text"":""vice-president""}]",,FALSE,
2024,3,vice-president elect.,"The next US president will be sworn into office in January 2025. Even before Inauguration Day, the Secret Service will protect the president and",1,1,1,other_office_np,FALSE,FALSE,FALSE,FALSE,FALSE,FALSE,FALSE,FALSE,none,FALSE,,"[{""start"":0,""end"":14,""kind"":""other_office_np"",""text"":""vice-president""}]",,FALSE,
2024,3,white house,"The next US president will be sworn into office in January 2025. Even before Inauguration Day, the Secret Service will protect the president and",1,1,1,other,FALSE,FALSE,FALSE,FALSE,FALSE,FALSE,FALSE,FALSE,none,FALSE,,[],,FALSE,
2024,4,...he takes his oath.,The next US president will be sworn into office in January 2025. The entire world will be watching the president when,1,1,1,he,FALSE,TRUE,FALSE,FALSE,FALSE,FALSE,FALSE,FALSE,he,FALSE,,"[{""start"":3,""end"":5,""kind"":""he"",""text"":""he""},{""start"":12,""end"":15,""kind"":""he"",""text"":""his""}]",,FALSE,
2024,4,85,The next US president will be sworn into office in January 2025. The entire world will be watching the president when,1,1,1,other,FALSE,FALSE,FALSE,FALSE,FALSE,FALSE,FALSE,FALSE,none,TRUE,filler_or_number,[],,FALSE,
2024,4,Donald J Trump,The next US president will be sworn into office in January 2025. The entire world will be watching the president when,1,1,1,male_candidate_name,FALSE,FALSE,FALSE,FALSE,FALSE,FALSE,FALSE,FALSE,none,FALSE,,"[{""start"":0,""end"":6,""kind"":""male_candidate_name"",""text"":""Donald""},{""start"":9,""end"":14,""kind"":""male_candidate_name"",""text"":""Trump""}]",,FALSE,
2024,4,Donald J. Trump takes the oath of office.,The next US president will be sworn into office in January 2025. The entire world will be watching the president when,1,1,1,male_candidate_name,FALSE,FALSE,FALSE,FALSE,FALSE,FALSE,FALSE,FALSE,none,FALSE,,"[{""start"":0,""end"":6,""kind"":""male_candidate_name"",""text"":""Donald""},{""start"":10,""end"":15,""kind"":""male_candidate_name"",""text"":""Trump""}]",,FALSE,
2024,4,Donald Trump takes his presidential oath of office.,The next US president will be sworn into office in January 2025. The entire world will be watching the president when,1,1,1,male_candidate_name,FALSE,TRUE,FALSE,FALSE,FALSE,FALSE,FALSE,FALSE,he,FALSE,,"[{""start"":0,""end"":6,""kind"":""male_candidate_name"",""text"":""Donald""},{""start"":7,""end"":12,""kind"":""male_candidate_name"",""text"":""Trump""},{""start"":19,""end"":22,""kind"":""he"",""text"":""his""},{""start"":23,""end"":35,""kind"":""target_office_np"",""text"":""presidential""}]",,FALSE,
2024,4,Donald Trump takes the Oath of Office.,The next US president will be sworn into office in January 2025. The entire world will be watching the president when,1,1,1,male_candidate_name,FALSE,FALSE,FALSE,FALSE,FALSE,FALSE,FALSE,FALSE,none,FALSE,,"[{""start"":0,""end"":6,""kind"":""male_candidate_name"",""text"":""Donald""},{""start"":7,""end"":12,""kind"":""male_candidate_name"",""text"":""Trump""}]",,FALSE,
2024,4,Donald Trump walks the stage.,The next US president will be sworn into office in January 2025. The entire world will be watching the president when,1,1,1,male_candidate_name,FALSE,FALSE,FALSE,FALSE,FALSE,FALSE,FALSE,FALSE,none,FALSE,,"[{""start"":0,""end"":6,""kind"":""male_candidate_name"",""text"":""Donald""},{""start"":7,""end"":12,""kind"":""male_candidate_name"",""text"":""Trump""}]",,FALSE,
2024,4,"Donald Trump will become our nations, President.",The next US president will be sworn into office in January 2025. The entire world will be watching the president when,1,1,1,male_candidate_name,FALSE,FALSE,FALSE,FALSE,FALSE,FALSE,FALSE,FALSE,none,FALSE,,"[{""start"":0,""end"":6,""kind"":""male_candidate_name"",""text"":""Donald""},{""start"":7,""end"":12,""kind"":""male_candidate_name"",""text"":""Trump""}]",,FALSE,
2024,4,Donald trump is being sworn in to office,The next US president will be sworn into office in January 2025. The entire world will be watching the president when,1,1,1,male_candidate_name,FALSE,FALSE,FALSE,FALSE,FALSE,FALSE,FALSE,FALSE,none,FALSE,,"[{""start"":0,""end"":6,""kind"":""male_candidate_name"",""text"":""Donald""},{""start"":7,""end"":12,""kind"":""male_candidate_name"",""text"":""trump""}]",,FALSE,
2024,4,Donaldo Trump being sworn as the president,The next US president will be sworn into office in January 2025. The entire world will be watching the president when,1,1,1,male_candidate_name,FALSE,FALSE,FALSE,FALSE,FALSE,FALSE,FALSE,FALSE,none,FALSE,,"[{""start"":8,""end"":13,""kind"":""male_candidate_name"",""text"":""Trump""},{""start"":29,""end"":42,""kind"":""target_office_np"",""text"":""the president""}]",,FALSE,
2024,4,Harris becomes the first female US President.,The next US president will be sworn into office in January 2025. The entire world will be watching the president when,1,1,1,female_candidate_name,FALSE,FALSE,FALSE,FALSE,FALSE,FALSE,FALSE,FALSE,none,FALSE,,"[{""start"":0,""end"":6,""kind"":""female_candidate_name"",""text"":""Harris""},{""start"":32,""end"":44,""kind"":""target_office_np"",""text"":""US President""}]",133,FALSE,
2024,4,He delivers his inaugural speech,The next US president will be sworn into office in January 2025. The entire world will be watching the president when,1,1,1,he,FALSE,TRUE,FALSE,FALSE,FALSE,FALSE,FALSE,FALSE,he,FALSE,,"[{""start"":0,""end"":2,""kind"":""he"",""text"":""He""},{""start"":12,""end"":15,""kind"":""he"",""text"":""his""}]",,FALSE,
2024,4,He is sworn into office,The next US president will be sworn into office in January 2025. The entire world will be watching the president when,2,2,2,he,FALSE,TRUE,FALSE,FALSE,FALSE,FALSE,FALSE,FALSE,he,FALSE,,"[{""start"":0,""end"":2,""kind"":""he"",""text"":""He""}]",,FALSE,
2024,4,Kamala Harris,The next US president will be sworn into office in January 2025. The entire world will be watching the president when,1,1,1,female_candidate_name,FALSE,FALSE,FALSE,FALSE,FALSE,FALSE,FALSE,FALSE,none,FALSE,,"[{""start"":0,""end"":6,""kind"":""female_candidate_name"",""text"":""Kamala""},{""start"":7,""end"":13,""kind"":""female_candidate_name"",""text"":""Harris""}]",,FALSE,
2024,4,Kamala Harris is the 1st woman elected as president of the Unites States.,The next US president will be sworn into office in January 2025. The entire world will be watching the president when,1,1,1,female_candidate_name,FALSE,FALSE,FALSE,FALSE,FALSE,FALSE,FALSE,FALSE,none,FALSE,,"[{""start"":0,""end"":6,""kind"":""female_candidate_name"",""text"":""Kamala""},{""start"":7,""end"":13,""kind"":""female_candidate_name"",""text"":""Harris""}]",,FALSE,
2024,4,Kamala Harris takes office.,The next US president will be sworn into office in January 2025. The entire world will be watching the president when,1,1,1,female_candidate_name,FALSE,FALSE,FALSE,FALSE,FALSE,FALSE,FALSE,FALSE,none,FALSE,,"[{""start"":0,""end"":6,""kind"":""female_candidate_name"",""text"":""Kamala""},{""start"":7,""end"":13,""kind"":""female_candidate_name"",""text"":""Harris""}]",,FALSE,
2024,4,Kamala Harris wins.,The next US president will be sworn into office in January 2025. The entire world will be watching the president when,1,1,1,female_candidate_name,FALSE,FALSE,FALSE,FALSE,FALSE,FALSE,FALSE,FALSE,none,FALSE,,"[{""start"":0,""end"":6,""kind"":""female_candidate_name"",""text"":""Kamala""},{""start"":7,""end"":13,""kind"":""female_candidate_name"",""text"":""Harris""}]",,FALSE,
2024,4,President Harris is sworn in as the United States' first female president.,The next US president will be sworn into office in January 2025. The entire world will be watching the president when,1,1,1,female_candidate_name,FALSE,FALSE,FALSE,FALSE,FALSE,FALSE,FALSE,FALSE,none,FALSE,,"[{""start"":10,""end"":16,""kind"":""female_candidate_name"",""text"":""Harris""}]",,FALSE,
2024,4,President Trump comes out in a golden chariot waving to a crowd of the American People who finally feel hope for the first time after grueling 4 years of liberal bullshit,The next US president will be sworn into office in January 2025. The entire world will be watching the president when,1,1,1,male_candidate_name,FALSE,FALSE,FALSE,FALSE,FALSE,FALSE,FALSE,FALSE,none,FALSE,,"[{""start"":10,""end"":15,""kind"":""male_candidate_name"",""text"":""Trump""}]",,TRUE,long
2024,4,President Trump is sworn in,The next US president will be sworn into office in January 2025. The entire world will be watching the president when,1,1,1,male_candidate_name,FALSE,FALSE,FALSE,FALSE,FALSE,FALSE,FALSE,FALSE,none,FALSE,,"[{""start"":10,""end"":15,""kind"":""male_candidate_name"",""text"":""Trump""}]",,FALSE,
2024,4,"The next US president will be sworn into office in January 2025. The entire world will be watching the president when they deliver their inaugural speech, outlining their vision for the future and setting the tone for their administration.",The next US president will be sworn into office in January 2025. The entire world will be watching the president when,1,1,1,target_office_np,FALSE,FALSE,TRUE,FALSE,FALSE,FALSE,FALSE,FALSE,they,TRUE,pasted_text,"[{""start"":9,""end"":21,""kind"":""target_office_np"",""text"":""US president""},{""start"":99,""end"":112,""kind"":""target_office_np"",""text"":""the president""},{""start"":118,""end"":122,""kind"":""they"",""text"":""they""},{""start"":131,""end"":136,""kind"":""they"",""text"":""their""},{""start"":165,""end"":170,""kind"":""they"",""text"":""their""},{""start"":218,""end"":223,""kind"":""they"",""text"":""their""}]",,TRUE,coreference judged by hand; pasted-text judgment; long
2024,4,"The next US president will be sworn into office in January 2025. The entire world will be watching the president when they outline their vision for domestic and international policies, addressing key issues such as climate change, economic recovery, and geopolitical tensions, which will significantly impact global stability and cooperation",The next US president will be sworn into office in January 2025. The entire world will be watching the president when,1,1,1,target_office_np,FALSE,FALSE,TRUE,FALSE,FALSE,FALSE,FALSE,FALSE,they,TRUE,pasted_text,"[{""start"":9,""end"":21,""kind"":""target_office_np"",""text"":""US president""},{""start"":99,""end"":112,""kind"":""target_office_np"",""text"":""the president""},{""start"":118,""end"":122,""kind"":""they"",""text"":""they""},{""start"":131,""end"":136,""kind"":""they"",""text"":""their""}]",,TRUE,coreference judged by hand; pasted-text judgment; long
2024,4,They are elected,The next US president will be sworn into office in January 2025. The entire world will be watching the president when,1,1,1,they,FALSE,FALSE,TRUE,FALSE,FALSE,FALSE,FALSE,FALSE,they,FALSE,,"[{""start"":0,""end"":4,""kind"":""they"",""text"":""They""}]",,FALSE,
2024,4,Trump takes office for the second time.,The next US president will be sworn into office in January 2025. The entire world will be watching the president when,1,1,1,male_candidate_name,FALSE,FALSE,FALSE,FALSE,FALSE,FALSE,FALSE,FALSE,none,FALSE,,"[{""start"":0,""end"":5,""kind"":""male_candidate_name"",""text"":""Trump""}]",,FALSE,
2024,4,being sworn in with joy and anticipation for whats in store for our country,The next US president will be sworn into office in January 2025. The entire world will be watching the president when,1,1,1,other,FALSE,FALSE,FALSE,FALSE,FALSE,FALSE,FALSE,FALSE,none,FALSE,,[],,FALSE,
2024,4,he assumes control of the United States executive branch.,The next US president will be sworn into office in January 2025. The entire world will be watching the president when,1,1,1,he,FALSE,TRUE,FALSE,FALSE,FALSE,FALSE,FALSE,FALSE,he,FALSE,,"[{""start"":0,""end"":2,""kind"":""he"",""text"":""he""}]",110,FALSE,
2024,4,he begins what he started 4 years ago.,The next US president will be sworn into office in January 2025. The entire world will be watching the president when,1,1,1,he,FALSE,TRUE,FALSE,FALSE,FALSE,FALSE,FALSE,FALSE,he,FALSE,,"[{""start"":0,""end"":2,""kind"":""he"",""text"":""he""},{""start"":15,""end"":17,""kind"":""he"",""text"":""he""}]",,FALSE,
2024,4,he continues to lie to the american people.,The next US president will be sworn into office in January 2025. The entire world will be watching the president when,1,1,1,he,FALSE,TRUE,FALSE,FALSE,FALSE,FALSE,FALSE,FALSE,he,FALSE,,"[{""start"":0,""end"":2,""kind"":""he"",""text"":""he""}]",,FALSE,
2024,4,he delivers his acceptance speech to the country.,The next US president will be sworn into office in January 2025. The entire world will be watching the president when,1,1,1,he,FALSE,TRUE,FALSE,FALSE,FALSE,FALSE,FALSE,FALSE,he,FALSE,,"[{""start"":0,""end"":2,""kind"":""he"",""text"":""he""},{""start"":12,""end"":15,""kind"":""he"",""text"":""his""}]",,FALSE,
2024,4,he gives his first speech,The next US president will be sworn into office in January 2025. The entire world will be watching the president when,1,1,1,he,FALSE,TRUE,FALSE,FALSE,FALSE,FALSE,FALSE,FALSE,he,FALSE,,"[{""start"":0,""end"":2,""kind"":""he"",""text"":""he""},{""start"":9,""end"":12,""kind"":""he"",""text"":""his""}]",,FALSE,
2024,4,he ill be sworn in,The next US president will be sworn into office in January 2025. The entire world will be watching the president when,1,1,1,he,FALSE,TRUE,FALSE,FALSE,FALSE,FALSE,FALSE,FALSE,he,FALSE,,"[{""start"":0,""end"":2,""kind"":""he"",""text"":""he""}]",,FALSE,
2024,4,he is inaugurated into office and walks into the White House.,The next US president will be sworn into office in January 2025. The entire world will be watching the president when,1,1,1,he,FALSE,TRUE,FALSE,FALSE,FALSE,FALSE,FALSE,FALSE,he,FALSE,,"[{""start"":0,""end"":2,""kind"":""he"",""text"":""he""}]",,FALSE,
2024,4,he is inaugurated into office.,The next US president will be sworn into office in January 2025. The entire world will be watching the president when,1,1,1,he,FALSE,TRUE,FALSE,FALSE,FALSE,FALSE,FALSE,FALSE,he,FALSE,,"[{""start"":0,""end"":2,""kind"":""he"",""text"":""he""}]",,FALSE,
2024,4,he is inaugurated.,The next US president will be sworn into office in January 2025. The entire world will be watching the president when,1,1,1,he,FALSE,TRUE,FALSE,FALSE,FALSE,FALSE,FALSE,FALSE,he,FALSE,,"[{""start"":0,""end"":2,""kind"":""he"",""text"":""he""}]",,FALSE,
2024,4,he is sworn in,The next US president will be sworn into office in January 2025. The entire world will be watching the president when,2,2,2,he,FALSE,TRUE,FALSE,FALSE,FALSE,FALSE,FALSE,FALSE,he,FALSE,,"[{""start"":0,""end"":2,""kind"":""he"",""text"":""he""}]",,FALSE,
2024,4,he is sworn in and takes office.,The next US president will be sworn into office in January 2025. The entire world will be watching the president when,1,1,1,he,FALSE,TRUE,FALSE,FALSE,FALSE,FALSE,FALSE,FALSE,he,FALSE,,"[{""start"":0,""end"":2,""kind"":""he"",""text"":""he""}]",,FALSE,
2024,4,he is sworn in to see if there is a peaceful transition of power,The next US president will be sworn into office in January 2025. The entire world will be watching the president when,1,1,1,he,FALSE,TRUE,FALSE,FALSE,FALSE,FALSE,FALSE,FALSE,he,FALSE,,"[{""start"":0,""end"":2,""kind"":""he"",""text"":""he""}]",,FALSE,
2024,4,he is sworn in.,The next US president will be sworn into office in January 2025. The entire world will be watching the president when,2,2,2,he,FALSE,TRUE,FALSE,FALSE,FALSE,FALSE,FALSE,FALSE,he,FALSE,,"[{""start"":0,""end"":2,""kind"":""he"",""text"":""he""}]",,FALSE,
2024,4,he is sworn into office.,The next US president will be sworn into office in January 2025. The entire world will be watching the president when,6,6,6,he,FALSE,TRUE,FALSE,FALSE,FALSE,FALSE,FALSE,FALSE,he,FALSE,,"[{""start"":0,""end"":2,""kind"":""he"",""text"":""he""}]",,FALSE,
2024,4,he makes his acceptance speech.,The next US president will be sworn into office in January 2025. The entire world will be watching the president when,1,1,1,he,FALSE,TRUE,FALSE,FALSE,FALSE,FALSE,FALSE,FALSE,he,FALSE,,"[{""start"":0,""end"":2,""kind"":""he"",""text"":""he""},{""start"":9,""end"":12,""kind"":""he"",""text"":""his""}]",,FALSE,
2024,4,he or she is sworn in.,The next US president will be sworn into office in January 2025. The entire world will be watching the president when,3,3,3,hedged,FALSE,FALSE,FALSE,TRUE,FALSE,FALSE,FALSE,FALSE,hedged,FALSE,,"[{""start"":0,""end"":9,""kind"":""hedged"",""text"":""he or she""}]",,TRUE,coreference judged by hand
2024,4,he retakes the US presidency.,The next US president will be sworn into office in January 2025. The entire world will be watching the president when,1,1,1,he,FALSE,TRUE,FALSE,FALSE,FALSE,FALSE,FALSE,FALSE,he,FALSE,,"[{""start"":0,""end"":2,""kind"":""he"",""text"":""he""}]",,FALSE,
2024,4,he returns to office.,The next US president will be sworn into office in January 2025. The entire world will be watching the president when,1,1,1,he,FALSE,TRUE,FALSE,FALSE,FALSE,FALSE,FALSE,FALSE,he,FALSE,,"[{""start"":0,""end"":2,""kind"":""he"",""text"":""he""}]",,FALSE,
2024,4,he reverses President Biden's energy and border executive orders.,The next US president will be sworn into office in January 2025. The entire world will be watching the president when,1,1,1,he,FALSE,TRUE,FALSE,FALSE,FALSE,FALSE,FALSE,FALSE,he,FALSE,,"[{""start"":0,""end"":2,""kind"":""he"",""text"":""he""}]",,FALSE,
2024,4,he sits down in the chair at the desk of the oval office.,The next US president will be sworn into office in January 2025. The entire world will be watching the president when,1,1,1,he,FALSE,TRUE,FALSE,FALSE,FALSE,FALSE,FALSE,FALSE,he,FALSE,,"[{""start"":0,""end"":2,""kind"":""he"",""text"":""he""}]",,FALSE,
2024,4,he takes his oath,The next US president will be sworn into office in January 2025. The entire world will be watching the president when,1,1,1,he,FALSE,TRUE,FALSE,FALSE,FALSE,FALSE,FALSE,FALSE,he,FALSE,,"[{""start"":0,""end"":2,""kind"":""he"",""text"":""he""},{""start"":9,""end"":12,""kind"":""he"",""text"":""his""}]",,FALSE,
2024,4,he takes office,The next US president will be sworn into office in January 2025. The entire world will be watching the president when,2,2,2,he,FALSE,TRUE,FALSE,FALSE,FALSE,FALSE,FALSE,FALSE,he,FALSE,,"[{""start"":0,""end"":2,""kind"":""he"",""text"":""he""}]",,FALSE,
2024,4,he takes office and makes his inaugural speech.,The next US president will be sworn into office in January 2025. The entire world will be watching the president when,1,1,1,he,FALSE,TRUE,FALSE,FALSE,FALSE,FALSE,FALSE,FALSE,he,FALSE,,"[{""start"":0,""end"":2,""kind"":""he"",""text"":""he""},{""start"":26,""end"":29,""kind"":""he"",""text"":""his""}]",,FALSE,
2024,4,he takes office.,The next US president will be sworn into office in January 2025. The entire world will be watching the president when,4,4,4,he,FALSE,TRUE,FALSE,FALSE,FALSE,FALSE,FALSE,FALSE,he,FALSE,,"[{""start"":0,""end"":2,""kind"":""he"",""text"":""he""}]",141,FALSE,
2024,4,he takes on his role as the 47th president of the United States.,The next US president will be sworn into office in January 2025. The entire world will be watching the president when,1,1,1,he,FALSE,TRUE,FALSE,FALSE,FALSE,FALSE,FALSE,FALSE,he,FALSE,,"[{""start"":0,""end"":2,""kind"":""he"",""text"":""he""},{""start"":12,""end"":15,""kind"":""he"",""text"":""his""}]",,FALSE,
2024,4,he takes the oath in front of millions of people.,The next US president will be sworn into office in January 2025. The entire world will be watching the president when,1,1,1,he,FALSE,TRUE,FALSE,FALSE,FALSE,FALSE,FALSE,FALSE,he,FALSE,,"[{""start"":0,""end"":2,""kind"":""he"",""text"":""he""}]",,FALSE,
2024,4,he takes the oath of office and outlines the agenda of his administration.,The next US president will be sworn into office in January 2025. The entire world will be watching the president when,1,1,1,he,FALSE,TRUE,FALSE,FALSE,FALSE,FALSE,FALSE,FALSE,he,FALSE,,"[{""start"":0,""end"":2,""kind"":""he"",""text"":""he""},{""start"":55,""end"":58,""kind"":""he"",""text"":""his""}]",,FALSE,
2024,4,he takes the oath of office.,The next US president will be sworn into office in January 2025. The entire world will be watching the president when,1,1,1,he,FALSE,TRUE,FALSE,FALSE,FALSE,FALSE,FALSE,FALSE,he,FALSE,,"[{""start"":0,""end"":2,""kind"":""he"",""text"":""he""}]",,FALSE,
2024,4,he takes the oath.,The next US president will be sworn into office in January 2025. The entire world will be watching the president when,1,1,1,he,FALSE,TRUE,FALSE,FALSE,FALSE,FALSE,FALSE,FALSE,he,FALSE,,"[{""start"":0,""end"":2,""kind"":""he"",""text"":""he""}]",79,FALSE,
2024,4,he takes the stage,The next US president will be sworn into office in January 2025. The entire world will be watching the president when,1,1,1,he,FALSE,TRUE,FALSE,FALSE,FALSE,FALSE,FALSE,FALSE,he,FALSE,,"[{""start"":0,""end"":2,""kind"":""he"",""text"":""he""}]",,FALSE,
2024,4,he will be taking his oath.,The next US president will be sworn into office in January 2025. The entire world will be watching the president when,1,1,1,he,FALSE,TRUE,FALSE,FALSE,FALSE,FALSE,FALSE,FALSE,he,FALSE,,"[{""start"":0,""end"":2,""kind"":""he"",""text"":""he""},{""start"":18,""end"":21,""kind"":""he"",""text"":""his""}]",,FALSE,
2024,4,he/she accepts the honor,The next US president will be sworn into office in January 2025. The entire world will be watching the president when,1,1,1,hedged,FALSE,FALSE,FALSE,TRUE,FALSE,FALSE,FALSE,FALSE,hedged,FALSE,,"[{""start"":0,""end"":6,""kind"":""hedged"",""text"":""he/she""}]",,TRUE,coreference judged by hand
2024,4,is inaugurated.,The next US president will be sworn into office in January 2025. The entire world will be watching the president when,1,1,1,other,FALSE,FALSE,FALSE,FALSE,FALSE,FALSE,FALSE,FALSE,none,FALSE,,[],,FALSE,
2024,4,is sworn in.,The next US president will be sworn into office in January 2025. The entire world will be watching the president when,1,1,1,other,FALSE,FALSE,FALSE,FALSE,FALSE,FALSE,FALSE,FALSE,none,FALSE,,[],,FALSE,
2024,4,it is announced who it is going to be,The next US president will be sworn into office in January 2025. The entire world will be watching the president when,1,1,1,other,FALSE,FALSE,FALSE,FALSE,FALSE,FALSE,FALSE,FALSE,none,FALSE,,[],,FALSE,
2024,4,new policies are to advance.,The next US president will be sworn into office in January 2025. The entire world will be watching the president when,1,1,1,other,FALSE,FALSE,FALSE,FALSE,FALSE,FALSE,FALSE,FALSE,none,FALSE,,[],,FALSE,
2024,4,she is inaugurated,The next US president will be sworn into office in January 2025. The entire world will be watching the president when,1,1,1,she,TRUE,FALSE,FALSE,FALSE,FALSE,FALSE,FALSE,FALSE,she,FALSE,,"[{""start"":0,""end"":3,""kind"":""she"",""text"":""she""}]",,FALSE,
2024,4,she is sworn in and becomes the first female president of the United States.,The next US president will be sworn into office in January 2025. The entire world will be watching the president when,1,1,1,she,TRUE,FALSE,FALSE,FALSE,FALSE,FALSE,FALSE,FALSE,she,FALSE,,"[{""start"":0,""end"":3,""kind"":""she"",""text"":""she""}]",,FALSE,
2024,4,she is sworn into office.,The next US president will be sworn into office in January 2025. The entire world will be watching the president when,2,2,2,she,TRUE,FALSE,FALSE,FALSE,FALSE,FALSE,FALSE,FALSE,she,FALSE,,"[{""start"":0,""end"":3,""kind"":""she"",""text"":""she""}]",,FALSE,
2024,4,she takes the oath,The next US president will be sworn into office in January 2025. The entire world will be watching the president when,1,1,1,she,TRUE,FALSE,FALSE,FALSE,FALSE,FALSE,FALSE,FALSE,she,FALSE,,"[{""start"":0,""end"":3,""kind"":""she"",""text"":""she""}]",,FALSE,
2024,4,takes his oath.,The next US president will be sworn into office in January 2025. The entire world will be watching the president when,1,1,1,he,FALSE,TRUE,FALSE,FALSE,FALSE,FALSE,FALSE,FALSE,he,FALSE,,"[{""start"":6,""end"":9,""kind"":""he"",""text"":""his""}]",,FALSE,
2024,4,that time comes.,The next US president will be sworn into office in January 2025. The entire world will be watching the president when,1,1,1,other,FALSE,FALSE,FALSE,FALSE,FALSE,FALSE,FALSE,FALSE,none,FALSE,,[],,FALSE,
2024,4,the President takes the oath of office.,The next US president will be sworn into office in January 2025. The entire world will be watching the president when,1,1,1,target_office_np,FALSE,FALSE,FALSE,FALSE,FALSE,FALSE,FALSE,FALSE,none,FALSE,,"[{""start"":0,""end"":13,""kind"":""target_office_np"",""text"":""the President""}]",,FALSE,
2024,4,the USA makes the biggest mistake ever.,The next US president will be sworn into office in January 2025. The entire world will be watching the president when,1,1,1,other,FALSE,FALSE,FALSE,FALSE,FALSE,FALSE,FALSE,FALSE,none,FALSE,,[],,FALSE,
2024,4,"the ceremony takes place,",The next US president will be sworn into office in January 2025. The entire world will be watching the president when,1,1,1,other,FALSE,FALSE,FALSE,FALSE,FALSE,FALSE,FALSE,FALSE,none,FALSE,,[],,FALSE,
2024,4,the first Black Woman is president.,The next US president will be sworn into office in January 2025. The entire world will be watching the president when,1,1,1,other,FALSE,FALSE,FALSE,FALSE,FALSE,FALSE,FALSE,FALSE,none,FALSE,,[],,FALSE,
2024,4,the inauguration is held.,The next US president will be sworn into office in January 2025. The entire world will be watching the president when,1,1,1,other,FALSE,FALSE,FALSE,FALSE,FALSE,FALSE,FALSE,FALSE,none,FALSE,,[],,FALSE,
2024,4,the next US President is sworn in.,The next US president will be sworn into office in January 2025. The entire world will be watching the president when,1,1,1,target_office_np,FALSE,FALSE,FALSE,FALSE,FALSE,FALSE,FALSE,FALSE,none,FALSE,,"[{""start"":9,""end"":21,""kind"":""target_office_np"",""text"":""US President""}]",49,FALSE,
2024,4,the oath is recited.,The next US president will be sworn into office in January 2025. The entire world will be watching the president when,1,1,1,other,FALSE,FALSE,FALSE,FALSE,FALSE,FALSE,FALSE,FALSE,none,FALSE,,[],,FALSE,
2024,4,the oath is taken for a second time.,The next US president will be sworn into office in January 2025. The entire world will be watching the president when,1,1,1,other,FALSE,FALSE,FALSE,FALSE,FALSE,FALSE,FALSE,FALSE,none,FALSE,,[],,FALSE,
2024,4,the president is being sworn into office.,The next US president will be sworn into office in January 2025. The entire world will be watching the president when,1,1,1,target_office_np,FALSE,FALSE,FALSE,FALSE,FALSE,FALSE,FALSE,FALSE,none,FALSE,,"[{""start"":0,""end"":13,""kind"":""target_office_np"",""text"":""the president""}]",,FALSE,
2024,4,the president is sworn into office,The next US president will be sworn into office in January 2025. The entire world will be watching the president when,1,1,1,target_office_np,FALSE,FALSE,FALSE,FALSE,FALSE,FALSE,FALSE,FALSE,none,FALSE,,"[{""start"":0,""end"":13,""kind"":""target_office_np"",""text"":""the president""}]",,FALSE,
2024,4,they accept the position.,The next US president will be sworn into office in January 2025. The entire world will be watching the president when,1,1,1,they,FALSE,FALSE,TRUE,FALSE,FALSE,FALSE,FALSE,FALSE,they,FALSE,,"[{""start"":0,""end"":4,""kind"":""they"",""text"":""they""}]",,FALSE,
2024,4,they are at the swearing in ceremony,The next US president will be sworn into office in January 2025. The entire world will be watching the president when,1,1,1,they,FALSE,FALSE,TRUE,FALSE,FALSE,FALSE,FALSE,FALSE,they,FALSE,,"[{""start"":0,""end"":4,""kind"":""they"",""text"":""they""}]",,FALSE,
2024,4,they are elected.,The next US president will be sworn into office in January 2025. The entire world will be watching the president when,1,1,1,they,FALSE,FALSE,TRUE,FALSE,FALSE,FALSE,FALSE,FALSE,they,FALSE,,"[{""start"":0,""end"":4,""kind"":""they"",""text"":""they""}]",,FALSE,
2024,4,they are inaugurated in january,The next US president will be sworn into office in January 2025. The entire world will be watching the president when,1,1,1,they,FALSE,FALSE,TRUE,FALSE,FALSE,FALSE,FALSE,FALSE,they,FALSE,,"[{""start"":0,""end"":4,""kind"":""they"",""text"":""they""}]",,FALSE,
2024,4,they are inaugurated on the steps of the capital.,The next US president will be sworn into office in January 2025. The entire world will be watching the president when,1,1,1,they,FALSE,FALSE,TRUE,FALSE,FALSE,FALSE,FALSE,FALSE,they,FALSE,,"[{""start"":0,""end"":4,""kind"":""they"",""text"":""they""}]",,FALSE,
2024,4,they are inaugurated.,The next US president will be sworn into office in January 2025. The entire world will be watching the president when,3,3,3,they,FALSE,FALSE,TRUE,FALSE,FALSE,FALSE,FALSE,FALSE,they,FALSE,,"[{""start"":0,""end"":4,""kind"":""they"",""text"":""they""}]",,FALSE,
2024,4,they are inducted.,The next US president will be sworn into office in January 2025. The entire world will be watching the president when,1,1,1,they,FALSE,FALSE,TRUE,FALSE,FALSE,FALSE,FALSE,FALSE,they,FALSE,,"[{""start"":0,""end"":4,""kind"":""they"",""text"":""they""}]",,FALSE,
2024,4,they are sworn in,The next US president will be sworn into office in January 2025. The entire world will be watching the president when,1,1,1,they,FALSE,FALSE,TRUE,FALSE,FALSE,FALSE,FALSE,FALSE,they,FALSE,,"[{""start"":0,""end"":4,""kind"":""they"",""text"":""they""}]",,FALSE,
2024,4,they are sworn in.,The next US president will be sworn into office in January 2025. The entire world will be watching the president when,2,2,2,they,FALSE,FALSE,TRUE,FALSE,FALSE,FALSE,FALSE,FALSE,they,FALSE,,"[{""start"":0,""end"":4,""kind"":""they"",""text"":""they""}]",,FALSE,
2024,4,they are sworn into office.,The next US president will be sworn into office in January 2025. The entire world will be watching the president when,5,5,5,they,FALSE,FALSE,TRUE,FALSE,FALSE,FALSE,FALSE,FALSE,they,FALSE,,"[{""start"":0,""end"":4,""kind"":""they"",""text"":""they""}]",,FALSE,
2024,4,they give their speech.,The next US president will be sworn into office in January 2025. The entire world will be watching the president when,2,2,2,they,FALSE,FALSE,TRUE,FALSE,FALSE,FALSE,FALSE,FALSE,they,FALSE,,"[{""start"":0,""end"":4,""kind"":""they"",""text"":""they""},{""start"":10,""end"":15,""kind"":""they"",""text"":""their""}]",,FALSE,
2024,4,"they lift their hand, taking the oath of office for the next four years.",The next US president will be sworn into office in January 2025. The entire world will be watching the president when,1,1,1,they,FALSE,FALSE,TRUE,FALSE,FALSE,FALSE,FALSE,FALSE,they,FALSE,,"[{""start"":0,""end"":4,""kind"":""they"",""text"":""they""},{""start"":10,""end"":15,""kind"":""they"",""text"":""their""}]",,FALSE,
2024,4,they make their first speech as president.,The next US president will be sworn into office in January 2025. The entire world will be watching the president when,1,1,1,they,FALSE,FALSE,TRUE,FALSE,FALSE,FALSE,FALSE,FALSE,they,FALSE,,"[{""start"":0,""end"":4,""kind"":""they"",""text"":""they""},{""start"":10,""end"":15,""kind"":""they"",""text"":""their""}]",,FALSE,
2024,4,they swear in.,The next US president will be sworn into office in January 2025. The entire world will be watching the president when,1,1,1,they,FALSE,FALSE,TRUE,FALSE,FALSE,FALSE,FALSE,FALSE,they,FALSE,,"[{""start"":0,""end"":4,""kind"":""they"",""text"":""they""}]",,FALSE,
2024,4,they sworn into the office.,The next US president will be sworn into office in January 2025. The entire world will be watching the president when,1,1,0,they,FALSE,FALSE,TRUE,FALSE,FALSE,FALSE,FALSE,FALSE,they,FALSE,,"[{""start"":0,""end"":4,""kind"":""they"",""text"":""they""}]",,FALSE,
2024,4,they take office.,The next US president will be sworn into office in January 2025. The entire world will be watching the president when,2,2,2,they,FALSE,FALSE,TRUE,FALSE,FALSE,FALSE,FALSE,FALSE,they,FALSE,,"[{""start"":0,""end"":4,""kind"":""they"",""text"":""they""}]",,FALSE,
2024,4,"they take over the Oval Office, waiting to see what sort of changes the leadership will cause on pressing issues such as immigration and the economy.",The next US president will be sworn into office in January 2025. The entire world will be watching the president when,1,1,1,they,FALSE,FALSE,TRUE,FALSE,FALSE,FALSE,FALSE,FALSE,they,FALSE,,"[{""start"":0,""end"":4,""kind"":""they"",""text"":""they""}]",,TRUE,long
2024,4,they take the Oath of Office.,The next US president will be sworn into office in January 2025. The entire world will be watching the president when,1,1,1,they,FALSE,FALSE,TRUE,FALSE,FALSE,FALSE,FALSE,FALSE,they,FALSE,,"[{""start"":0,""end"":4,""kind"":""they"",""text"":""they""}]",,FALSE,
2024,4,they take the oath and begin their term.,The next US president will be sworn into office in January 2025. The entire world will be watching the president when,1,1,1,they,FALSE,FALSE,TRUE,FALSE,FALSE,FALSE,FALSE,FALSE,they,FALSE,,"[{""start"":0,""end"":4,""kind"":""they"",""text"":""they""},{""start"":29,""end"":34,""kind"":""they"",""text"":""their""}]",,FALSE,
2024,4,they take the oath.,The next US president will be sworn into office in January 2025. The entire world will be watching the president when,1,1,1,they,FALSE,FALSE,TRUE,FALSE,FALSE,FALSE,FALSE,FALSE,they,FALSE,,"[{""start"":0,""end"":4,""kind"":""they"",""text"":""they""}]",,FALSE,
2024,4,they take the stage.,The next US president will be sworn into office in January 2025. The entire world will be watching the president when,1,1,1,they,FALSE,FALSE,TRUE,FALSE,FALSE,FALSE,FALSE,FALSE,they,FALSE,,"[{""start"":0,""end"":4,""kind"":""they"",""text"":""they""}]",,FALSE,
2024,4,they take their first actions.,The next US president will be sworn into office in January 2025. The entire world will be watching the president when,1,1,1,they,FALSE,FALSE,TRUE,FALSE,FALSE,FALSE,FALSE,FALSE,they,FALSE,,"[{""start"":0,""end"":4,""kind"":""they"",""text"":""they""},{""start"":10,""end"":15,""kind"":""they"",""text"":""their""}]",,FALSE,
2024,4,when he takes the outh.,The next US president will be sworn into office in January 2025. The entire world will be watching the president when,1,1,1,he,FALSE,TRUE,FALSE,FALSE,FALSE,FALSE,FALSE,FALSE,he,FALSE,,"[{""start"":5,""end"":7,""kind"":""he"",""text"":""he""}]",,FALSE,
2024,4,when this happens.,The next US president will be sworn into office in January 2025. The entire world will be watching the president when,1,1,1,other,FALSE,FALSE,FALSE,FALSE,FALSE,FALSE,FALSE,FALSE,none,FALSE,,[],,FALSE,
2024,5,Abortion will no longer be legal.,"The next US president will be sworn into office in January 2025. Unfortunately, there is no guarantee that the president will deliver on the promises that",1,1,1,other,FALSE,FALSE,FALSE,FALSE,FALSE,FALSE,FALSE,FALSE,none,FALSE,,[],,FALSE,
2024,5,America will be great,"The next US president will be sworn into office in January 2025. Unfortunately, there is no guarantee that the president will deliver on the promises that",1,1,1,other,FALSE,FALSE,FALSE,FALSE,FALSE,FALSE,FALSE,FALSE,none,FALSE,,[],,FALSE,
2024,5,Donald Trump is now elected for president.,"The next US president will be sworn into office in January 2025. Unfortunately, there is no guarantee that the president will deliver on the promises that",1,1,1,male_candidate_name,FALSE,FALSE,FALSE,FALSE,FALSE,FALSE,FALSE,FALSE,none,FALSE,,"[{""start"":0,""end"":6,""kind"":""male_candidate_name"",""text"":""Donald""},{""start"":7,""end"":12,""kind"":""male_candidate_name"",""text"":""Trump""}]",,FALSE,
2024,5,He made,"The next US president will be sworn into office in January 2025. Unfortunately, there is no guarantee that the president will deliver on the promises that",1,1,1,he,FALSE,TRUE,FALSE,FALSE,FALSE,FALSE,FALSE,FALSE,he,FALSE,,"[{""start"":0,""end"":2,""kind"":""he"",""text"":""He""}]",,FALSE,
2024,5,He made during his campaign,"The next US president will be sworn into office in January 2025. Unfortunately, there is no guarantee that the president will deliver on the promises that",1,1,1,he,FALSE,TRUE,FALSE,FALSE,FALSE,FALSE,FALSE,FALSE,he,FALSE,,"[{""start"":0,""end"":2,""kind"":""he"",""text"":""He""},{""start"":15,""end"":18,""kind"":""he"",""text"":""his""}]",,FALSE,
2024,5,He will appreciate some social and economical patterns in politics which will predict and make some claims for the future.,"The next US president will be sworn into office in January 2025. Unfortunately, there is no guarantee that the president will deliver on the promises that",1,1,1,he,FALSE,TRUE,FALSE,FALSE,FALSE,FALSE,FALSE,FALSE,he,FALSE,,"[{""start"":0,""end"":2,""kind"":""he"",""text"":""He""}]",,TRUE,long
2024,5,Were made during the elections,"The next US president will be sworn into office in January 2025. Unfortunately, there is no guarantee that the president will deliver on the promises that",1,1,1,other,FALSE,FALSE,FALSE,FALSE,FALSE,FALSE,FALSE,FALSE,none,FALSE,,[],,FALSE,
2024,5,are delivered by their administration,"The next US president will be sworn into office in January 2025. Unfortunately, there is no guarantee that the president will deliver on the promises that",1,1,1,they,FALSE,FALSE,TRUE,FALSE,FALSE,FALSE,FALSE,FALSE,they,FALSE,,"[{""start"":17,""end"":22,""kind"":""they"",""text"":""their""}]",,FALSE,
2024,5,as a president is goverened by checks and balances and his agenda must also be approved by the house and senate,"The next US president will be sworn into office in January 2025. Unfortunately, there is no guarantee that the president will deliver on the promises that",1,1,1,he,FALSE,TRUE,FALSE,FALSE,FALSE,FALSE,FALSE,FALSE,he,FALSE,,"[{""start"":55,""end"":58,""kind"":""he"",""text"":""his""}]",,TRUE,long
2024,5,fixing the economy will be an immediate or easy task.,"The next US president will be sworn into office in January 2025. Unfortunately, there is no guarantee that the president will deliver on the promises that",1,1,1,other,FALSE,FALSE,FALSE,FALSE,FALSE,FALSE,FALSE,FALSE,none,FALSE,,[],,FALSE,
2024,5,he campaigned on.,"The next US president will be sworn into office in January 2025. Unfortunately, there is no guarantee that the president will deliver on the promises that",2,1,1,he,FALSE,TRUE,FALSE,FALSE,FALSE,FALSE,FALSE,FALSE,he,FALSE,,"[{""start"":0,""end"":2,""kind"":""he"",""text"":""he""}]",,FALSE,
2024,5,"he has made, but we do have confidence that he will keep them.","The next US president will be sworn into office in January 2025. Unfortunately, there is no guarantee that the president will deliver on the promises that",1,1,0,he,FALSE,TRUE,FALSE,FALSE,FALSE,FALSE,FALSE,FALSE,he,FALSE,,"[{""start"":0,""end"":2,""kind"":""he"",""text"":""he""},{""start"":44,""end"":46,""kind"":""he"",""text"":""he""},{""start"":57,""end"":61,""kind"":""they"",""text"":""them""}]",,TRUE,coreference judged by hand
2024,5,he has made.,"The next US president will be sworn into office in January 2025. Unfortunately, there is no guarantee that the president will deliver on the promises that",1,1,1,he,FALSE,TRUE,FALSE,FALSE,FALSE,FALSE,FALSE,FALSE,he,FALSE,,"[{""start"":0,""end"":2,""kind"":""he"",""text"":""he""}]",,FALSE,
2024,5,he made,"The next US president will be sworn into office in January 2025. Unfortunately, there is no guarantee that the president will deliver on the promises that",4,4,4,he,FALSE,TRUE,FALSE,FALSE,FALSE,FALSE,FALSE,FALSE,he,FALSE,,"[{""start"":0,""end"":2,""kind"":""he"",""text"":""he""}]",,FALSE,
2024,5,he made during his campaign,"The next US president will be sworn into office in January 2025. Unfortunately, there is no guarantee that the president will deliver on the promises that",1,1,1,he,FALSE,TRUE,FALSE,FALSE,FALSE,FALSE,FALSE,FALSE,he,FALSE,,"[{""start"":0,""end"":2,""kind"":""he"",""text"":""he""},{""start"":15,""end"":18,""kind"":""he"",""text"":""his""}]",,FALSE,
2024,5,he made during his campaign speeches.,"The next US president will be sworn into office in January 2025. Unfortunately, there is no guarantee that the president will deliver on the promises that",1,1,1,he,FALSE,TRUE,FALSE,FALSE,FALSE,FALSE,FALSE,FALSE,he,FALSE,,"[{""start"":0,""end"":2,""kind"":""he"",""text"":""he""},{""start"":15,""end"":18,""kind"":""he"",""text"":""his""}]",,FALSE,
2024,5,he made during his campaign.,"The next US president will be sworn into office in January 2025. Unfortunately, there is no guarantee that the president will deliver on the promises that",1,1,1,he,FALSE,TRUE,FALSE,FALSE,FALSE,FALSE,FALSE,FALSE,he,FALSE,,"[{""start"":0,""end"":2,""kind"":""he"",""text"":""he""},{""start"":15,""end"":18,""kind"":""he"",""text"":""his""}]",,FALSE,
2024,5,he made during the campaign,"The next US president will be sworn into office in January 2025. Unfortunately, there is no guarantee that the president will deliver on the promises that",1,1,1,he,FALSE,TRUE,FALSE,FALSE,FALSE,FALSE,FALSE,FALSE,he,FALSE,,"[{""start"":0,""end"":2,""kind"":""he"",""text"":""he""}]",,FALSE,
2024,5,he made during the campaign.,"The next US president will be sworn into office in January 2025. Unfortunately, there is no guarantee that the president will deliver on the promises that",1,1,1,he,FALSE,TRUE,FALSE,FALSE,FALSE,FALSE,FALSE,FALSE,he,FALSE,,"[{""start"":0,""end"":2,""kind"":""he"",""text"":""he""}]",,FALSE,
2024,5,he made to pander to get more votes from easily deceived voters.,"The next US president will be sworn into office in January 2025. Unfortunately, there is no guarantee that the president will deliver on the promises that",1,1,1,he,FALSE,TRUE,FALSE,FALSE,FALSE,FALSE,FALSE,FALSE,he,FALSE,,"[{""start"":0,""end"":2,""kind"":""he"",""text"":""he""}]",,FALSE,
2024,5,he made to the American people.,"The next US president will be sworn into office in January 2025. Unfortunately, there is no guarantee that the president will deliver on the promises that",2,2,2,he,FALSE,TRUE,FALSE,FALSE,FALSE,FALSE,FALSE,FALSE,he,FALSE,,"[{""start"":0,""end"":2,""kind"":""he"",""text"":""he""}]",,FALSE,
2024,5,he made.,"The next US president will be sworn into office in January 2025. Unfortunately, there is no guarantee that the president will deliver on the promises that",2,2,2,he,FALSE,TRUE,FALSE,FALSE,FALSE,FALSE,FALSE,FALSE,he,FALSE,,"[{""start"":0,""end"":2,""kind"":""he"",""text"":""he""}]",,FALSE,
2024,5,he or she spoke about while campaigning.,"The next US president will be sworn into office in January 2025. Unfortunately, there is no guarantee that the president will deliver on the promises that",1,1,1,hedged,FALSE,FALSE,FALSE,TRUE,FALSE,FALSE,FALSE,FALSE,hedged,FALSE,,"[{""start"":0,""end"":9,""kind"":""hedged"",""text"":""he or she""}]",116,TRUE,coreference judged by hand
2024,5,he talked about in his campaign.,"The next US president will be sworn into office in January 2025. Unfortunately, there is no guarantee that the president will deliver on the promises that",1,1,1,he,FALSE,TRUE,FALSE,FALSE,FALSE,FALSE,FALSE,FALSE,he,FALSE,,"[{""start"":0,""end"":2,""kind"":""he"",""text"":""he""},{""start"":19,""end"":22,""kind"":""he"",""text"":""his""}]",,FALSE,
2024,5,he will do,"The next US president will be sworn into office in January 2025. Unfortunately, there is no guarantee that the president will deliver on the promises that",1,1,1,he,FALSE,TRUE,FALSE,FALSE,FALSE,FALSE,FALSE,FALSE,he,FALSE,,"[{""start"":0,""end"":2,""kind"":""he"",""text"":""he""}]",,FALSE,
2024,5,he will fulfill the policies he mentioned,"The next US president will be sworn into office in January 2025. Unfortunately, there is no guarantee that the president will deliver on the promises that",1,1,1,he,FALSE,TRUE,FALSE,FALSE,FALSE,FALSE,FALSE,FALSE,he,FALSE,,"[{""start"":0,""end"":2,""kind"":""he"",""text"":""he""},{""start"":29,""end"":31,""kind"":""he"",""text"":""he""}]",,FALSE,
2024,5,he will not be awful.,"The next US president will be sworn into office in January 2025. Unfortunately, there is no guarantee that the president will deliver on the promises that",1,1,1,he,FALSE,TRUE,FALSE,FALSE,FALSE,FALSE,FALSE,FALSE,he,FALSE,,"[{""start"":0,""end"":2,""kind"":""he"",""text"":""he""}]",59,FALSE,
2024,5,illegal invaders will be deported.,"The next US president will be sworn into office in January 2025. Unfortunately, there is no guarantee that the president will deliver on the promises that",1,1,1,other,FALSE,FALSE,FALSE,FALSE,FALSE,FALSE,FALSE,FALSE,none,FALSE,,[],,FALSE,
2024,5,inflation will be reduced,"The next US president will be sworn into office in January 2025. Unfortunately, there is no guarantee that the president will deliver on the promises that",1,1,1,other,FALSE,FALSE,FALSE,FALSE,FALSE,FALSE,FALSE,FALSE,none,FALSE,,[],,FALSE,
2024,5,no tax on tips.,"The next US president will be sworn into office in January 2025. Unfortunately, there is no guarantee that the president will deliver on the promises that",1,1,1,other,FALSE,FALSE,FALSE,FALSE,FALSE,FALSE,FALSE,FALSE,none,FALSE,,[],,FALSE,
2024,5,she has promised. It is too early to see. Hopefully this country is headed in the right direction.,"The next US president will be sworn into office in January 2025. Unfortunately, there is no guarantee that the president will deliver on the promises that",1,1,1,she,TRUE,FALSE,FALSE,FALSE,FALSE,FALSE,FALSE,FALSE,she,FALSE,,"[{""start"":0,""end"":3,""kind"":""she"",""text"":""she""}]",,FALSE,
2024,5,she made during her campaign.,"The next US president will be sworn into office in January 2025. Unfortunately, there is no guarantee that the president will deliver on the promises that",1,1,1,she,TRUE,FALSE,FALSE,FALSE,FALSE,FALSE,FALSE,FALSE,she,FALSE,,"[{""start"":0,""end"":3,""kind"":""she"",""text"":""she""},{""start"":16,""end"":19,""kind"":""she"",""text"":""her""}]",,FALSE,
2024,5,she made on the campaign trail.,"The next US president will be sworn into office in January 2025. Unfortunately, there is no guarantee that the president will deliver on the promises that",1,1,1,she,TRUE,FALSE,FALSE,FALSE,FALSE,FALSE,FALSE,FALSE,she,FALSE,,"[{""start"":0,""end"":3,""kind"":""she"",""text"":""she""}]",,FALSE,
2024,5,taxes will be permanently reduced.,"The next US president will be sworn into office in January 2025. Unfortunately, there is no guarantee that the president will deliver on the promises that",1,1,1,other,FALSE,FALSE,FALSE,FALSE,FALSE,FALSE,FALSE,FALSE,none,FALSE,,[],,FALSE,
2024,5,that he promised,"The next US president will be sworn into office in January 2025. Unfortunately, there is no guarantee that the president will deliver on the promises that",1,1,1,he,FALSE,TRUE,FALSE,FALSE,FALSE,FALSE,FALSE,FALSE,he,FALSE,,"[{""start"":5,""end"":7,""kind"":""he"",""text"":""he""}]",1,FALSE,
2024,5,that he will make America great again and keep his promises to improve the economy.,"The next US president will be sworn into office in January 2025. Unfortunately, there is no guarantee that the president will deliver on the promises that",1,1,1,he,FALSE,TRUE,FALSE,FALSE,FALSE,FALSE,FALSE,FALSE,he,FALSE,,"[{""start"":5,""end"":7,""kind"":""he"",""text"":""he""},{""start"":47,""end"":50,""kind"":""he"",""text"":""his""}]",,FALSE,
2024,5,the Leftists won't disrupt the day and burn down the country.,"The next US president will be sworn into office in January 2025. Unfortunately, there is no guarantee that the president will deliver on the promises that",1,1,1,other,FALSE,FALSE,FALSE,FALSE,FALSE,FALSE,FALSE,FALSE,none,FALSE,,[],,FALSE,
2024,5,the economy will get better,"The next US president will be sworn into office in January 2025. Unfortunately, there is no guarantee that the president will deliver on the promises that",1,1,1,other,FALSE,FALSE,FALSE,FALSE,FALSE,FALSE,FALSE,FALSE,none,FALSE,,[],,FALSE,
2024,5,the war in Palestine will end,"The next US president will be sworn into office in January 2025. Unfortunately, there is no guarantee that the president will deliver on the promises that",1,1,1,other,FALSE,FALSE,FALSE,FALSE,FALSE,FALSE,FALSE,FALSE,none,FALSE,,[],,FALSE,
2024,5,their campaigns run on.,"The next US president will be sworn into office in January 2025. Unfortunately, there is no guarantee that the president will deliver on the promises that",1,1,1,they,FALSE,FALSE,TRUE,FALSE,FALSE,FALSE,FALSE,FALSE,they,FALSE,,"[{""start"":0,""end"":5,""kind"":""they"",""text"":""their""}]",,FALSE,
2024,5,there will be a peaceful transition of power.,"The next US president will be sworn into office in January 2025. Unfortunately, there is no guarantee that the president will deliver on the promises that",1,1,1,other,FALSE,FALSE,FALSE,FALSE,FALSE,FALSE,FALSE,FALSE,none,FALSE,,[],,FALSE,
2024,5,they bring crypto friendly policies to light.,"The next US president will be sworn into office in January 2025. Unfortunately, there is no guarantee that the president will deliver on the promises that",1,1,1,they,FALSE,FALSE,TRUE,FALSE,FALSE,FALSE,FALSE,FALSE,they,FALSE,,"[{""start"":0,""end"":4,""kind"":""they"",""text"":""they""}]",,FALSE,
2024,5,they campaigned on.,"The next US president will be sworn into office in January 2025. Unfortunately, there is no guarantee that the president will deliver on the promises that",2,1,0,they,FALSE,FALSE,TRUE,FALSE,FALSE,FALSE,FALSE,FALSE,they,FALSE,,"[{""start"":0,""end"":4,""kind"":""they"",""text"":""they""}]",,FALSE,
2024,5,they had announced and addressed.,"The next US president will be sworn into office in January 2025. Unfortunately, there is no guarantee that the president will deliver on the promises that",1,1,1,they,FALSE,FALSE,TRUE,FALSE,FALSE,FALSE,FALSE,FALSE,they,FALSE,,"[{""start"":0,""end"":4,""kind"":""they"",""text"":""they""}]",,FALSE,
2024,5,they have made,"The next US president will be sworn into office in January 2025. Unfortunately, there is no guarantee that the president will deliver on the promises that",1,1,1,they,FALSE,FALSE,TRUE,FALSE,FALSE,FALSE,FALSE,FALSE,they,FALSE,,"[{""start"":0,""end"":4,""kind"":""they"",""text"":""they""}]",,FALSE,
2024,5,they have made during their campaign.,"The next US president will be sworn into office in January 2025. Unfortunately, there is no guarantee that the president will deliver on the promises that",1,1,1,they,FALSE,FALSE,TRUE,FALSE,FALSE,FALSE,FALSE,FALSE,they,FALSE,,"[{""start"":0,""end"":4,""kind"":""they"",""text"":""they""},{""start"":22,""end"":27,""kind"":""they"",""text"":""their""}]",,FALSE,
2024,5,they have made.,"The next US president will be sworn into office in January 2025. Unfortunately, there is no guarantee that the president will deliver on the promises that",1,1,0,they,FALSE,FALSE,TRUE,FALSE,FALSE,FALSE,FALSE,FALSE,they,FALSE,,"[{""start"":0,""end"":4,""kind"":""they"",""text"":""they""}]",,FALSE,
2024,5,they made during the campaign.,"The next US president will be sworn into office in January 2025. Unfortunately, there is no guarantee that the president will deliver on the promises that",2,2,2,they,FALSE,FALSE,TRUE,FALSE,FALSE,FALSE,FALSE,FALSE,they,FALSE,,"[{""start"":0,""end"":4,""kind"":""they"",""text"":""they""}]",,FALSE,
2024,5,they made during the election to the American people.,"The next US president will be sworn into office in January 2025. Unfortunately, there is no guarantee that the president will deliver on the promises that",1,1,1,they,FALSE,FALSE,TRUE,FALSE,FALSE,FALSE,FALSE,FALSE,they,FALSE,,"[{""start"":0,""end"":4,""kind"":""they"",""text"":""they""}]",,TRUE,coreference judged by hand
2024,5,they made during their campaign,"The next US president will be sworn into office in January 2025. Unfortunately, there is no guarantee that the president will deliver on the promises that",2,2,2,they,FALSE,FALSE,TRUE,FALSE,FALSE,FALSE,FALSE,FALSE,they,FALSE,,"[{""start"":0,""end"":4,""kind"":""they"",""text"":""they""},{""start"":17,""end"":22,""kind"":""they"",""text"":""their""}]",,FALSE,
2024,5,"they made during their campaign, one would hope that they keep their promises.","The next US president will be sworn into office in January 2025. Unfortunately, there is no guarantee that the president will deliver on the promises that",1,1,1,they,FALSE,FALSE,TRUE,FALSE,FALSE,FALSE,FALSE,FALSE,they,FALSE,,"[{""start"":0,""end"":4,""kind"":""they"",""text"":""they""},{""start"":17,""end"":22,""kind"":""they"",""text"":""their""},{""start"":53,""end"":57,""kind"":""they"",""text"":""they""},{""start"":63,""end"":68,""kind"":""they"",""text"":""their""}]",,FALSE,
2024,5,they made during their campaign.,"The next US president will be sworn into office in January 2025. Unfortunately, there is no guarantee that the president will deliver on the promises that",4,4,4,they,FALSE,FALSE,TRUE,FALSE,FALSE,FALSE,FALSE,FALSE,they,FALSE,,"[{""start"":0,""end"":4,""kind"":""they"",""text"":""they""},{""start"":17,""end"":22,""kind"":""they"",""text"":""their""}]",,FALSE,
2024,5,they made throughout their campaign,"The next US president will be sworn into office in January 2025. Unfortunately, there is no guarantee that the president will deliver on the promises that",1,1,1,they,FALSE,FALSE,TRUE,FALSE,FALSE,FALSE,FALSE,FALSE,they,FALSE,,"[{""start"":0,""end"":4,""kind"":""they"",""text"":""they""},{""start"":21,""end"":26,""kind"":""they"",""text"":""their""}]",,FALSE,
2024,5,they made while on the campaign trail.,"The next US president will be sworn into office in January 2025. Unfortunately, there is no guarantee that the president will deliver on the promises that",1,1,1,they,FALSE,FALSE,TRUE,FALSE,FALSE,FALSE,FALSE,FALSE,they,FALSE,,"[{""start"":0,""end"":4,""kind"":""they"",""text"":""they""}]",,FALSE,
2024,5,they made.,"The next US president will be sworn into office in January 2025. Unfortunately, there is no guarantee that the president will deliver on the promises that",3,3,3,they,FALSE,FALSE,TRUE,FALSE,FALSE,FALSE,FALSE,FALSE,they,FALSE,,"[{""start"":0,""end"":4,""kind"":""they"",""text"":""they""}]",,FALSE,
2024,5,they make on the campaign trail.,"The next US president will be sworn into office in January 2025. Unfortunately, there is no guarantee that the president will deliver on the promises that",1,1,1,they,FALSE,FALSE,TRUE,FALSE,FALSE,FALSE,FALSE,FALSE,they,FALSE,,"[{""start"":0,""end"":4,""kind"":""they"",""text"":""they""}]",,FALSE,
2024,5,they mentioned during their campaign,"The next US president will be sworn into office in January 2025. Unfortunately, there is no guarantee that the president will deliver on the promises that",1,1,1,they,FALSE,FALSE,TRUE,FALSE,FALSE,FALSE,FALSE,FALSE,they,FALSE,,"[{""start"":0,""end"":4,""kind"":""they"",""text"":""they""},{""start"":22,""end"":27,""kind"":""they"",""text"":""their""}]",,FALSE,
2024,5,they might fix the inflation.,"The next US president will be sworn into office in January 2025. Unfortunately, there is no guarantee that the president will deliver on the promises that",1,1,1,they,FALSE,FALSE,TRUE,FALSE,FALSE,FALSE,FALSE,FALSE,they,FALSE,,"[{""start"":0,""end"":4,""kind"":""they"",""text"":""they""}]",,FALSE,
2024,5,they said during the election.,"The next US president will be sworn into office in January 2025. Unfortunately, there is no guarantee that the president will deliver on the promises that",1,1,1,they,FALSE,FALSE,TRUE,FALSE,FALSE,FALSE,FALSE,FALSE,they,FALSE,,"[{""start"":0,""end"":4,""kind"":""they"",""text"":""they""}]",,FALSE,
2024,5,they will improve the nation's economy.,"The next US president will be sworn into office in January 2025. Unfortunately, there is no guarantee that the president will deliver on the promises that",1,1,1,they,FALSE,FALSE,TRUE,FALSE,FALSE,FALSE,FALSE,FALSE,they,FALSE,,"[{""start"":0,""end"":4,""kind"":""they"",""text"":""they""}]",,TRUE,coreference judged by hand
2024,5,they will stop the influx of illegal immigrants coming over our southern border.,"The next US president will be sworn into office in January 2025. Unfortunately, there is no guarantee that the president will deliver on the promises that",1,1,1,they,FALSE,FALSE,TRUE,FALSE,FALSE,FALSE,FALSE,FALSE,they,FALSE,,"[{""start"":0,""end"":4,""kind"":""they"",""text"":""they""}]",,FALSE,
2024,5,were given during the campaign.,"The next US president will be sworn into office in January 2025. Unfortunately, there is no guarantee that the president will deliver on the promises that",1,1,1,other,FALSE,FALSE,FALSE,FALSE,FALSE,FALSE,FALSE,FALSE,none,FALSE,,[],,FALSE,
2024,5,were made during his campaign.,"The next US president will be sworn into office in January 2025. Unfortunately, there is no guarantee that the president will deliver on the promises that",1,1,1,he,FALSE,TRUE,FALSE,FALSE,FALSE,FALSE,FALSE,FALSE,he,FALSE,,"[{""start"":17,""end"":20,""kind"":""he"",""text"":""his""}]",,FALSE,
2024,5,were made during that Party's TV commercials because campaigning is just a strategy to win an election and actually has no correlation to what the candidate will actually do when once in office.,"The next US president will be sworn into office in January 2025. Unfortunately, there is no guarantee that the president will deliver on the promises that",1,1,1,generic_np,FALSE,FALSE,FALSE,FALSE,FALSE,FALSE,FALSE,FALSE,none,FALSE,,"[{""start"":143,""end"":156,""kind"":""generic_np"",""text"":""the candidate""}]",,TRUE,long
2024,5,were made during the campaign.,"The next US president will be sworn into office in January 2025. Unfortunately, there is no guarantee that the president will deliver on the promises that",4,4,4,other,FALSE,FALSE,FALSE,FALSE,FALSE,FALSE,FALSE,FALSE,none,FALSE,,[],,FALSE,
2024,8,And president..,"The next US president will be sworn into office in January 2025. As commander in chief,",1,0,0,other,FALSE,FALSE,FALSE,FALSE,FALSE,FALSE,FALSE,FALSE,none,FALSE,,[],,FALSE,
2024,8,Donald J Trump,"The next US president will be sworn into office in January 2025. As commander in chief,",1,1,1,male_candidate_name,FALSE,FALSE,FALSE,FALSE,FALSE,FALSE,FALSE,FALSE,none,TRUE,single_word,"[{""start"":0,""end"":6,""kind"":""male_candidate_name"",""text"":""Donald""},{""start"":9,""end"":14,""kind"":""male_candidate_name"",""text"":""Trump""}]",130,FALSE,
2024,8,Donald J Trump will completely destroy American democracy.,"The next US president will be sworn into office in January 2025. As commander in chief,",1,1,1,male_candidate_name,FALSE,FALSE,FALSE,FALSE,FALSE,FALSE,FALSE,FALSE,none,FALSE,,"[{""start"":0,""end"":6,""kind"":""male_candidate_name"",""text"":""Donald""},{""start"":9,""end"":14,""kind"":""male_candidate_name"",""text"":""Trump""}]",,FALSE,
2024,8,Donald J. Trump,"The next US president will be sworn into office in January 2025. As commander in chief,",1,1,1,male_candidate_name,FALSE,FALSE,FALSE,FALSE,FALSE,FALSE,FALSE,FALSE,none,FALSE,,"[{""start"":0,""end"":6,""kind"":""male_candidate_name"",""text"":""Donald""},{""start"":10,""end"":15,""kind"":""male_candidate_name"",""text"":""Trump""}]",,FALSE,
2024,8,Donald J. Trump will become the 47th president of the United States for the next 4 years.,"The next US president will be sworn into office in January 2025. As commander in chief,",1,1,1,male_candidate_name,FALSE,FALSE,FALSE,FALSE,FALSE,FALSE,FALSE,FALSE,none,FALSE,,"[{""start"":0,""end"":6,""kind"":""male_candidate_name"",""text"":""Donald""},{""start"":10,""end"":15,""kind"":""male_candidate_name"",""text"":""Trump""}]",,FALSE,
2024,8,Donald J. Trump will pledge to uphold the Constitution.,"The next US president will be sworn into office in January 2025. As commander in chief,",1,1,1,male_candidate_name,FALSE,FALSE,FALSE,FALSE,FALSE,FALSE,FALSE,FALSE,none,FALSE,,"[{""start"":0,""end"":6,""kind"":""male_candidate_name"",""text"":""Donald""},{""start"":10,""end"":15,""kind"":""male_candidate_name"",""text"":""Trump""}]",,FALSE,
2024,8,Donald J. Trump will serve as our 47th president.,"The next US president will be sworn into office in January 2025. As commander in chief,",1,1,1,male_candidate_name,FALSE,FALSE,FALSE,FALSE,FALSE,FALSE,FALSE,FALSE,none,FALSE,,"[{""start"":0,""end"":6,""kind"":""male_candidate_name"",""text"":""Donald""},{""start"":10,""end"":15,""kind"":""male_candidate_name"",""text"":""Trump""}]",,FALSE,
2024,8,Donald J. Trump.,"The next US president will be sworn into office in January 2025. As commander in chief,",1,1,1,male_candidate_name,FALSE,FALSE,FALSE,FALSE,FALSE,FALSE,FALSE,FALSE,none,FALSE,,"[{""start"":0,""end"":6,""kind"":""male_candidate_name"",""text"":""Donald""},{""start"":10,""end"":15,""kind"":""male_candidate_name"",""text"":""Trump""}]",,FALSE,
2024,8,Donald Trump,"The next US president will be sworn into office in January 2025. As commander in chief,",2,2,2,male_candidate_name,FALSE,FALSE,FALSE,FALSE,FALSE,FALSE,FALSE,FALSE,none,FALSE,,"[{""start"":0,""end"":6,""kind"":""male_candidate_name"",""text"":""Donald""},{""start"":7,""end"":12,""kind"":""male_candidate_name"",""text"":""Trump""}]",,FALSE,
2024,8,Donald Trump has succeeded,"The next US president will be sworn into office in January 2025. As commander in chief,",1,1,1,male_candidate_name,FALSE,FALSE,FALSE,FALSE,FALSE,FALSE,FALSE,FALSE,none,FALSE,,"[{""start"":0,""end"":6,""kind"":""male_candidate_name"",""text"":""Donald""},{""start"":7,""end"":12,""kind"":""male_candidate_name"",""text"":""Trump""}]",,FALSE,
2024,8,Donald Trump will assume his duties.,"The next US president will be sworn into office in January 2025. As commander in chief,",1,1,1,male_candidate_name,FALSE,TRUE,FALSE,FALSE,FALSE,FALSE,FALSE,FALSE,he,FALSE,,"[{""start"":0,""end"":6,""kind"":""male_candidate_name"",""text"":""Donald""},{""start"":7,""end"":12,""kind"":""male_candidate_name"",""text"":""Trump""},{""start"":25,""end"":28,""kind"":""he"",""text"":""his""}]",,FALSE,
2024,8,Donald Trump will be facing several international conflicts.,"The next US president will be sworn into office in January 2025. As commander in chief,",1,1,1,male_candidate_name,FALSE,FALSE,FALSE,FALSE,FALSE,FALSE,FALSE,FALSE,none,FALSE,,"[{""start"":0,""end"":6,""kind"":""male_candidate_name"",""text"":""Donald""},{""start"":7,""end"":12,""kind"":""male_candidate_name"",""text"":""Trump""}]",,FALSE,
2024,8,Donald Trump will be sworn in.,"The next US president will be sworn into office in January 2025. As commander in chief,",1,1,1,male_candidate_name,FALSE,FALSE,FALSE,FALSE,FALSE,FALSE,FALSE,FALSE,none,FALSE,,"[{""start"":0,""end"":6,""kind"":""male_candidate_name"",""text"":""Donald""},{""start"":7,""end"":12,""kind"":""male_candidate_name"",""text"":""Trump""}]",,FALSE,
2024,8,Donald Trump will be the 47th president.,"The next US president will be sworn into office in January 2025. As commander in chief,",1,1,1,male_candidate_name,FALSE,FALSE,FALSE,FALSE,FALSE,FALSE,FALSE,FALSE,none,FALSE,,"[{""start"":0,""end"":6,""kind"":""male_candidate_name"",""text"":""Donald""},{""start"":7,""end"":12,""kind"":""male_candidate_name"",""text"":""Trump""}]",,FALSE,
2024,8,Donald Trump will be the next president sworn in.,"The next US president will be sworn into office in January 2025. As commander in chief,",1,1,1,male_candidate_name,FALSE,FALSE,FALSE,FALSE,FALSE,FALSE,FALSE,FALSE,none,FALSE,,"[{""start"":0,""end"":6,""kind"":""male_candidate_name"",""text"":""Donald""},{""start"":7,""end"":12,""kind"":""male_candidate_name"",""text"":""Trump""},{""start"":25,""end"":39,""kind"":""target_office_np"",""text"":""next president""}]",,FALSE,
2024,8,Donald Trump will begin dismantling everything the Biden administration put in place.,"The next US president will be sworn into office in January 2025. As commander in chief,",1,1,1,male_candidate_name,FALSE,FALSE,FALSE,FALSE,FALSE,FALSE,FALSE,FALSE,none,FALSE,,"[{""start"":0,""end"":6,""kind"":""male_candidate_name"",""text"":""Donald""},{""start"":7,""end"":12,""kind"":""male_candidate_name"",""text"":""Trump""}]",,FALSE,
2024,8,Donald Trump will begin his `reign` with a strong mandate to achieve his agenda.,"The next US president will be sworn into office in January 2025. As commander in chief,",1,1,1,male_candidate_name,FALSE,TRUE,FALSE,FALSE,FALSE,FALSE,FALSE,FALSE,he,FALSE,,"[{""start"":0,""end"":6,""kind"":""male_candidate_name"",""text"":""Donald""},{""start"":7,""end"":12,""kind"":""male_candidate_name"",""text"":""Trump""},{""start"":24,""end"":27,""kind"":""he"",""text"":""his""},{""start"":69,""end"":72,""kind"":""he"",""text"":""his""}]",,FALSE,
2024,8,Donald Trump will carry out the will directed by God.,"The next US president will be sworn into office in January 2025. As commander in chief,",1,1,1,male_candidate_name,FALSE,FALSE,FALSE,FALSE,FALSE,FALSE,FALSE,FALSE,none,FALSE,,"[{""start"":0,""end"":6,""kind"":""male_candidate_name"",""text"":""Donald""},{""start"":7,""end"":12,""kind"":""male_candidate_name"",""text"":""Trump""}]",,FALSE,
2024,8,Donald Trump will change government as we know it.,"The next US president will be sworn into office in January 2025. As commander in chief,",1,1,1,male_candidate_name,FALSE,FALSE,FALSE,FALSE,FALSE,FALSE,FALSE,FALSE,none,FALSE,,"[{""start"":0,""end"":6,""kind"":""male_candidate_name"",""text"":""Donald""},{""start"":7,""end"":12,""kind"":""male_candidate_name"",""text"":""Trump""}]",,FALSE,
2024,8,Donald Trump will continue in the role he last held 4 years ago in 2021.,"The next US president will be sworn into office in January 2025. As commander in chief,",1,1,1,male_candidate_name,FALSE,TRUE,FALSE,FALSE,FALSE,FALSE,FALSE,FALSE,he,FALSE,,"[{""start"":0,""end"":6,""kind"":""male_candidate_name"",""text"":""Donald""},{""start"":7,""end"":12,""kind"":""male_candidate_name"",""text"":""Trump""},{""start"":39,""end"":41,""kind"":""he"",""text"":""he""}]",26,FALSE,
2024,8,Donald Trump will destroy the world as we know it,"The next US president will be sworn into office in January 2025. As commander in chief,",1,1,1,male_candidate_name,FALSE,FALSE,FALSE,FALSE,FALSE,FALSE,FALSE,FALSE,none,FALSE,,"[{""start"":0,""end"":6,""kind"":""male_candidate_name"",""text"":""Donald""},{""start"":7,""end"":12,""kind"":""male_candidate_name"",""text"":""Trump""}]",,FALSE,
2024,8,Donald Trump will help our nation's economy begin to heal over and put an end to multiple wars around the world.,"The next US president will be sworn into office in January 2025. As commander in chief,",1,1,1,male_candidate_name,FALSE,FALSE,FALSE,FALSE,FALSE,FALSE,FALSE,FALSE,none,FALSE,,"[{""start"":0,""end"":6,""kind"":""male_candidate_name"",""text"":""Donald""},{""start"":7,""end"":12,""kind"":""male_candidate_name"",""text"":""Trump""}]",,TRUE,long
2024,8,Donald Trump will make America great again!,"The next US president will be sworn into office in January 2025. As commander in chief,",1,0,0,male_candidate_name,FALSE,FALSE,FALSE,FALSE,FALSE,FALSE,FALSE,FALSE,none,FALSE,,"[{""start"":0,""end"":6,""kind"":""male_candidate_name"",""text"":""Donald""},{""start"":7,""end"":12,""kind"":""male_candidate_name"",""text"":""Trump""}]",,FALSE,
2024,8,Donald Trump will promise to do whatever it takes to make the United States of America great again.,"The next US president will be sworn into office in January 2025. As commander in chief,",1,1,1,male_candidate_name,FALSE,FALSE,FALSE,FALSE,FALSE,FALSE,FALSE,FALSE,none,FALSE,,"[{""start"":0,""end"":6,""kind"":""male_candidate_name"",""text"":""Donald""},{""start"":7,""end"":12,""kind"":""male_candidate_name"",""text"":""Trump""}]",,FALSE,
2024,8,Donald Trump will save this nation.,"The next US president will be sworn into office in January 2025. As commander in chief,",1,1,1,male_candidate_name,FALSE,FALSE,FALSE,FALSE,FALSE,FALSE,FALSE,FALSE,none,FALSE,,"[{""start"":0,""end"":6,""kind"":""male_candidate_name"",""text"":""Donald""},{""start"":7,""end"":12,""kind"":""male_candidate_name"",""text"":""Trump""}]",,FALSE,
2024,8,Donald Trump will serve an important role for our country.,"The next US president will be sworn into office in January 2025. As commander in chief,",1,1,1,male_candidate_name,FALSE,FALSE,FALSE,FALSE,FALSE,FALSE,FALSE,FALSE,none,FALSE,,"[{""start"":0,""end"":6,""kind"":""male_candidate_name"",""text"":""Donald""},{""start"":7,""end"":12,""kind"":""male_candidate_name"",""text"":""Trump""}]",,FALSE,
2024,8,Donald Trump will start his second tenure.,"The next US president will be sworn into office in January 2025. As commander in chief,",1,1,1,male_candidate_name,FALSE,TRUE,FALSE,FALSE,FALSE,FALSE,FALSE,FALSE,he,FALSE,,"[{""start"":0,""end"":6,""kind"":""male_candidate_name"",""text"":""Donald""},{""start"":7,""end"":12,""kind"":""male_candidate_name"",""text"":""Trump""},{""start"":24,""end"":27,""kind"":""he"",""text"":""his""}]",,FALSE,
2024,8,Donald Trump.,"The next US president will be sworn into office in January 2025. As commander in chief,",1,1,1,male_candidate_name,FALSE,FALSE,FALSE,FALSE,FALSE,FALSE,FALSE,FALSE,none,FALSE,,"[{""start"":0,""end"":6,""kind"":""male_candidate_name"",""text"":""Donald""},{""start"":7,""end"":12,""kind"":""male_candidate_name"",""text"":""Trump""}]",,FALSE,
2024,8,I will ensure that this process is carried out rightfully and efficiently.,"The next US president will be sworn into office in January 2025. As commander in chief,",1,1,1,other,FALSE,FALSE,FALSE,FALSE,FALSE,FALSE,FALSE,FALSE,none,FALSE,,[],,FALSE,
2024,8,I will support and uphold the constitution of the united states.,"The next US president will be sworn into office in January 2025. As commander in chief,",1,1,1,other,FALSE,FALSE,FALSE,FALSE,FALSE,FALSE,FALSE,FALSE,none,FALSE,,[],,FALSE,
2024,8,Kamala Harris,"The next US president will be sworn into office in January 2025. As commander in chief,",3,3,3,female_candidate_name,FALSE,FALSE,FALSE,FALSE,FALSE,FALSE,FALSE,FALSE,none,FALSE,,"[{""start"":0,""end"":6,""kind"":""female_candidate_name"",""text"":""Kamala""},{""start"":7,""end"":13,""kind"":""female_candidate_name"",""text"":""Harris""}]",,FALSE,
2024,8,Kamala Harris will see that Trump is sent to jail.,"The next US president will be sworn into office in January 2025. As commander in chief,",1,1,1,female_candidate_name,FALSE,FALSE,FALSE,FALSE,FALSE,FALSE,FALSE,FALSE,none,FALSE,,"[{""start"":0,""end"":6,""kind"":""female_candidate_name"",""text"":""Kamala""},{""start"":7,""end"":13,""kind"":""female_candidate_name"",""text"":""Harris""},{""start"":28,""end"":33,""kind"":""male_candidate_name"",""text"":""Trump""}]",,FALSE,
2024,8,President Donald J Trump,"The next US president will be sworn into office in January 2025. As commander in chief,",1,1,1,male_candidate_name,FALSE,FALSE,FALSE,FALSE,FALSE,FALSE,FALSE,FALSE,none,FALSE,,"[{""start"":10,""end"":16,""kind"":""male_candidate_name"",""text"":""Donald""},{""start"":19,""end"":24,""kind"":""male_candidate_name"",""text"":""Trump""}]",,FALSE,
2024,8,President Donald J Trump is the 47 US president.,"The next US president will be sworn into office in January 2025. As commander in chief,",1,1,1,male_candidate_name,FALSE,FALSE,FALSE,FALSE,FALSE,FALSE,FALSE,FALSE,none,FALSE,,"[{""start"":10,""end"":16,""kind"":""male_candidate_name"",""text"":""Donald""},{""start"":19,""end"":24,""kind"":""male_candidate_name"",""text"":""Trump""},{""start"":35,""end"":47,""kind"":""target_office_np"",""text"":""US president""}]",,FALSE,
2024,8,President Donald Trump,"The next US president will be sworn into office in January 2025. As commander in chief,",1,1,1,male_candidate_name,FALSE,FALSE,FALSE,FALSE,FALSE,FALSE,FALSE,FALSE,none,FALSE,,"[{""start"":10,""end"":16,""kind"":""male_candidate_name"",""text"":""Donald""},{""start"":17,""end"":22,""kind"":""male_candidate_name"",""text"":""Trump""}]",,FALSE,
2024,8,President Donald Trump will protect America.,"The next US president will be sworn into office in January 2025. As commander in chief,",1,1,1,male_candidate_name,FALSE,FALSE,FALSE,FALSE,FALSE,FALSE,FALSE,FALSE,none,FALSE,,"[{""start"":10,""end"":16,""kind"":""male_candidate_name"",""text"":""Donald""},{""start"":17,""end"":22,""kind"":""male_candidate_name"",""text"":""Trump""}]",,FALSE,
2024,8,President Trump vows to put an immediate end to hostilities in Ukraine and the Middle East.,"The next US president will be sworn into office in January 2025. As commander in chief,",1,1,1,male_candidate_name,FALSE,FALSE,FALSE,FALSE,FALSE,FALSE,FALSE,FALSE,none,FALSE,,"[{""start"":10,""end"":15,""kind"":""male_candidate_name"",""text"":""Trump""}]",,FALSE,
2024,8,President Trump will follow President Biden in that role.,"The next US president will be sworn into office in January 2025. As commander in chief,",1,1,1,male_candidate_name,FALSE,FALSE,FALSE,FALSE,FALSE,FALSE,FALSE,FALSE,none,FALSE,,"[{""start"":10,""end"":15,""kind"":""male_candidate_name"",""text"":""Trump""}]",143,FALSE,
2024,8,President Trump will try to exit us from the conflict in Ukraine.,"The next US president will be sworn into office in January 2025. As commander in chief,",1,1,1,male_candidate_name,FALSE,FALSE,FALSE,FALSE,FALSE,FALSE,FALSE,FALSE,none,FALSE,,"[{""start"":10,""end"":15,""kind"":""male_candidate_name"",""text"":""Trump""}]",,FALSE,
2024,8,The next US president Donald Trump will be sworn into office on January 2025. As commander in Chief.,"The next US president will be sworn into office in January 2025. As commander in chief,",1,1,1,male_candidate_name,FALSE,FALSE,FALSE,FALSE,FALSE,FALSE,FALSE,FALSE,none,TRUE,pasted_text,"[{""start"":22,""end"":28,""kind"":""male_candidate_name"",""text"":""Donald""},{""start"":29,""end"":34,""kind"":""male_candidate_name"",""text"":""Trump""}]",,TRUE,pasted-text judgment
2024,8,"The next US president will be sworn into office in January 2025. As commander in chief, they will oversee the armed forces, make critical decisions regarding national security, and work to protect the interests of the United States both domestically and abroad.","The next US president will be sworn into office in January 2025. As commander in chief,",1,1,1,target_office_np,FALSE,FALSE,TRUE,FALSE,FALSE,FALSE,FALSE,FALSE,they,TRUE,pasted_text,"[{""start"":9,""end"":21,""kind"":""target_office_np"",""text"":""US president""},{""start"":88,""end"":92,""kind"":""they"",""text"":""they""}]",,TRUE,pasted-text judgment; long
2024,8,The president will have the awesome responsibility of being the ultimate authority in control of the worldś foremost military,"The next US president will be sworn into office in January 2025. As commander in chief,",1,1,0,target_office_np,FALSE,FALSE,FALSE,FALSE,FALSE,FALSE,FALSE,FALSE,none,FALSE,,"[{""start"":0,""end"":13,""kind"":""target_office_np"",""text"":""The president""}]",,TRUE,long
2024,8,Trump will be awful again.,"The next US president will be sworn into office in January 2025. As commander in chief,",1,1,1,male_candidate_name,FALSE,FALSE,FALSE,FALSE,FALSE,FALSE,FALSE,FALSE,none,FALSE,,"[{""start"":0,""end"":5,""kind"":""male_candidate_name"",""text"":""Trump""}]",,FALSE,
2024,8,Trump will strengthen our military.,"The next US president will be sworn into office in January 2025. As commander in chief,",1,1,1,male_candidate_name,FALSE,FALSE,FALSE,FALSE,FALSE,FALSE,FALSE,FALSE,none,FALSE,,"[{""start"":0,""end"":5,""kind"":""male_candidate_name"",""text"":""Trump""}]",,FALSE,
2024,8,and President of the United States of America,"The next US president will be sworn into office in January 2025. As commander in chief,",1,1,1,other,FALSE,FALSE,FALSE,FALSE,FALSE,FALSE,FALSE,FALSE,none,FALSE,,[],,FALSE,
2024,8,and leader of the free world,"The next US president will be sworn into office in January 2025. As commander in chief,",1,1,1,other,FALSE,FALSE,FALSE,FALSE,FALSE,FALSE,FALSE,FALSE,none,FALSE,,[],,FALSE,
2024,8,he has a duty to the American people.,"The next US president will be sworn into office in January 2025. As commander in chief,",1,1,1,he,FALSE,TRUE,FALSE,FALSE,FALSE,FALSE,FALSE,FALSE,he,FALSE,,"[{""start"":0,""end"":2,""kind"":""he"",""text"":""he""}]",,FALSE,
2024,8,he only has four years and can't run again.,"The next US president will be sworn into office in January 2025. As commander in chief,",1,1,1,he,FALSE,TRUE,FALSE,FALSE,FALSE,FALSE,FALSE,FALSE,he,FALSE,,"[{""start"":0,""end"":2,""kind"":""he"",""text"":""he""}]",,FALSE,
2024,8,he will be in charge of the country.,"The next US president will be sworn into office in January 2025. As commander in chief,",1,1,1,he,FALSE,TRUE,FALSE,FALSE,FALSE,FALSE,FALSE,FALSE,he,FALSE,,"[{""start"":0,""end"":2,""kind"":""he"",""text"":""he""}]",,FALSE,
2024,8,he will be responsible for making important decisions for our country.,"The next US president will be sworn into office in January 2025. As commander in chief,",1,1,1,he,FALSE,TRUE,FALSE,FALSE,FALSE,FALSE,FALSE,FALSE,he,FALSE,,"[{""start"":0,""end"":2,""kind"":""he"",""text"":""he""}]",,FALSE,
2024,8,he will be responsible for many important decisions in the United States.,"The next US president will be sworn into office in January 2025. As commander in chief,",1,1,1,he,FALSE,TRUE,FALSE,FALSE,FALSE,FALSE,FALSE,FALSE,he,FALSE,,"[{""start"":0,""end"":2,""kind"":""he"",""text"":""he""}]",,FALSE,
2024,8,he will bring us down.,"The next US president will be sworn into office in January 2025. As commander in chief,",1,1,1,he,FALSE,TRUE,FALSE,FALSE,FALSE,FALSE,FALSE,FALSE,he,FALSE,,"[{""start"":0,""end"":2,""kind"":""he"",""text"":""he""}]",,FALSE,
2024,8,he will destroy American democracy as we know it.,"The next US president will be sworn into office in January 2025. As commander in chief,",1,1,0,he,FALSE,TRUE,FALSE,FALSE,FALSE,FALSE,FALSE,FALSE,he,FALSE,,"[{""start"":0,""end"":2,""kind"":""he"",""text"":""he""}]",,FALSE,
2024,8,he will do what is needed for a smooth transition into office.,"The next US president will be sworn into office in January 2025. As commander in chief,",1,1,1,he,FALSE,TRUE,FALSE,FALSE,FALSE,FALSE,FALSE,FALSE,he,FALSE,,"[{""start"":0,""end"":2,""kind"":""he"",""text"":""he""}]",,FALSE,
2024,8,he will have control over our nation's military forces and resources.,"The next US president will be sworn into office in January 2025. As commander in chief,",1,1,1,he,FALSE,TRUE,FALSE,FALSE,FALSE,FALSE,FALSE,FALSE,he,FALSE,,"[{""start"":0,""end"":2,""kind"":""he"",""text"":""he""}]",,FALSE,
2024,8,he will oversee national security and make critical decisions,"The next US president will be sworn into office in January 2025. As commander in chief,",1,1,1,he,FALSE,TRUE,FALSE,FALSE,FALSE,FALSE,FALSE,FALSE,he,FALSE,,"[{""start"":0,""end"":2,""kind"":""he"",""text"":""he""}]",,FALSE,
2024,8,he will run the country for the next 4 years.,"The next US president will be sworn into office in January 2025. As commander in chief,",1,1,1,he,FALSE,TRUE,FALSE,FALSE,FALSE,FALSE,FALSE,FALSE,he,FALSE,,"[{""start"":0,""end"":2,""kind"":""he"",""text"":""he""}]",,FALSE,
2024,8,he will run the country into the ground.,"The next US president will be sworn into office in January 2025. As commander in chief,",1,1,1,he,FALSE,TRUE,FALSE,FALSE,FALSE,FALSE,FALSE,FALSE,he,FALSE,,"[{""start"":0,""end"":2,""kind"":""he"",""text"":""he""}]",,FALSE,
2024,8,he will swear the president into office,"The next US president will be sworn into office in January 2025. As commander in chief,",1,1,1,he,FALSE,TRUE,FALSE,FALSE,FALSE,FALSE,FALSE,FALSE,he,FALSE,,"[{""start"":0,""end"":2,""kind"":""he"",""text"":""he""},{""start"":14,""end"":27,""kind"":""target_office_np"",""text"":""the president""}]",,FALSE,
2024,8,he will take the oath of office.,"The next US president will be sworn into office in January 2025. As commander in chief,",1,1,1,he,FALSE,TRUE,FALSE,FALSE,FALSE,FALSE,FALSE,FALSE,he,FALSE,,"[{""start"":0,""end"":2,""kind"":""he"",""text"":""he""}]",62,FALSE,
2024,8,"he/she is a part of the Executive branch that is separate from the legislative, and judicial branches.","The next US president will be sworn into office in January 2025. As commander in chief,",1,1,1,hedged,FALSE,FALSE,FALSE,TRUE,FALSE,FALSE,FALSE,FALSE,hedged,FALSE,,"[{""start"":0,""end"":6,""kind"":""hedged"",""text"":""he/she""}]",,TRUE,coreference judged by hand
2024,8,he/she will be the leader of the United States of America.,"The next US president will be sworn into office in January 2025. As commander in chief,",1,1,1,hedged,FALSE,FALSE,FALSE,TRUE,FALSE,FALSE,FALSE,FALSE,hedged,FALSE,,"[{""start"":0,""end"":6,""kind"":""hedged"",""text"":""he/she""}]",,TRUE,coreference judged by hand
2024,8,he/she will uphold all virtues that will reflect on our nation.,"The next US president will be sworn into office in January 2025. As commander in chief,",1,1,0,hedged,FALSE,FALSE,FALSE,TRUE,FALSE,FALSE,FALSE,FALSE,hedged,FALSE,,"[{""start"":0,""end"":6,""kind"":""hedged"",""text"":""he/she""}]",,TRUE,coreference judged by hand
2024,8,of the United States of America,"The next US president will be sworn into office in January 2025. As commander in chief,",1,1,1,other,FALSE,FALSE,FALSE,FALSE,FALSE,FALSE,FALSE,FALSE,none,FALSE,,[],,FALSE,
2024,8,our nation is praying that we will have new leadership.,"The next US president will be sworn into office in January 2025. As commander in chief,",1,1,1,other,FALSE,FALSE,FALSE,FALSE,FALSE,FALSE,FALSE,FALSE,none,FALSE,,[],,FALSE,
2024,8,please welcome back President Donald J. Trump,"The next US president will be sworn into office in January 2025. As commander in chief,",1,1,1,male_candidate_name,FALSE,FALSE,FALSE,FALSE,FALSE,FALSE,FALSE,FALSE,none,FALSE,,"[{""start"":30,""end"":36,""kind"":""male_candidate_name"",""text"":""Donald""},{""start"":40,""end"":45,""kind"":""male_candidate_name"",""text"":""Trump""}]",,FALSE,
2024,8,president will be responsible for leading this country.,"The next US president will be sworn into office in January 2025. As commander in chief,",1,1,1,target_office_np,FALSE,FALSE,FALSE,FALSE,FALSE,FALSE,FALSE,FALSE,none,FALSE,,"[{""start"":0,""end"":9,""kind"":""target_office_np"",""text"":""president""}]",,FALSE,
2024,8,she will be responsible for leading the US's ongoing support of Ukraine.,"The next US president will be sworn into office in January 2025. As commander in chief,",1,1,1,she,TRUE,FALSE,FALSE,FALSE,FALSE,FALSE,FALSE,FALSE,she,FALSE,,"[{""start"":0,""end"":3,""kind"":""she"",""text"":""she""}]",,FALSE,
2024,8,she will hold Donald Trump accountable for his crimes.,"The next US president will be sworn into office in January 2025. As commander in chief,",1,1,1,she,TRUE,FALSE,FALSE,FALSE,FALSE,FALSE,FALSE,FALSE,she,FALSE,,"[{""start"":0,""end"":3,""kind"":""she"",""text"":""she""},{""start"":14,""end"":20,""kind"":""male_candidate_name"",""text"":""Donald""},{""start"":21,""end"":26,""kind"":""male_candidate_name"",""text"":""Trump""},{""start"":43,""end"":46,""kind"":""he"",""text"":""his""}]",,TRUE,coreference judged by hand
2024,8,the President has control over the military.,"The next US president will be sworn into office in January 2025. As commander in chief,",1,1,1,target_office_np,FALSE,FALSE,FALSE,FALSE,FALSE,FALSE,FALSE,FALSE,none,FALSE,,"[{""start"":0,""end"":13,""kind"":""target_office_np"",""text"":""the President""}]",,FALSE,
2024,8,the President is in change of the armed forces of the United States.,"The next US president will be sworn into office in January 2025. As commander in chief,",1,1,1,target_office_np,FALSE,FALSE,FALSE,FALSE,FALSE,FALSE,FALSE,FALSE,none,FALSE,,"[{""start"":0,""end"":13,""kind"":""target_office_np"",""text"":""the President""}]",,FALSE,
2024,8,the new president is Donald Trump.,"The next US president will be sworn into office in January 2025. As commander in chief,",1,1,1,target_office_np,FALSE,FALSE,FALSE,FALSE,FALSE,FALSE,FALSE,FALSE,none,FALSE,,"[{""start"":4,""end"":17,""kind"":""target_office_np"",""text"":""new president""},{""start"":21,""end"":27,""kind"":""male_candidate_name"",""text"":""Donald""},{""start"":28,""end"":33,""kind"":""male_candidate_name"",""text"":""Trump""}]",,FALSE,
2024,8,the new president will command our military.,"The next US president will be sworn into office in January 2025. As commander in chief,",1,1,1,target_office_np,FALSE,FALSE,FALSE,FALSE,FALSE,FALSE,FALSE,FALSE,none,FALSE,,"[{""start"":4,""end"":17,""kind"":""target_office_np"",""text"":""new president""}]",,FALSE,
2024,8,"the next US president will be responsible for leading the armed forces, making key national security decisions, and representing the country in diplomatic matters.","The next US president will be sworn into office in January 2025. As commander in chief,",1,1,1,target_office_np,FALSE,FALSE,FALSE,FALSE,FALSE,FALSE,FALSE,FALSE,none,FALSE,,"[{""start"":9,""end"":21,""kind"":""target_office_np"",""text"":""US president""}]",102,TRUE,pasted-text judgment; long
2024,8,the president is responsible for the safety of all Americans.,"The next US president will be sworn into office in January 2025. As commander in chief,",1,1,1,target_office_np,FALSE,FALSE,FALSE,FALSE,FALSE,FALSE,FALSE,FALSE,none,FALSE,,"[{""start"":0,""end"":13,""kind"":""target_office_np"",""text"":""the president""}]",,FALSE,
2024,8,the president is the leader of the country.,"The next US president will be sworn into office in January 2025. As commander in chief,",1,1,1,target_office_np,FALSE,FALSE,FALSE,FALSE,FALSE,FALSE,FALSE,FALSE,none,FALSE,,"[{""start"":0,""end"":13,""kind"":""target_office_np"",""text"":""the president""}]",7,FALSE,
2024,8,the president is the top authority in the US military.,"The next US president will be sworn into office in January 2025. As commander in chief,",1,1,1,target_office_np,FALSE,FALSE,FALSE,FALSE,FALSE,FALSE,FALSE,FALSE,none,FALSE,,"[{""start"":0,""end"":13,""kind"":""target_office_np"",""text"":""the president""}]",,FALSE,
2024,8,the president needs to bring the country together and move forward.,"The next US president will be sworn into office in January 2025. As commander in chief,",1,1,1,target_office_np,FALSE,FALSE,FALSE,FALSE,FALSE,FALSE,FALSE,FALSE,none,FALSE,,"[{""start"":0,""end"":13,""kind"":""target_office_np"",""text"":""the president""}]",,FALSE,
2024,8,the president will be in charge of the country's armed forces.,"The next US president will be sworn into office in January 2025. As commander in chief,",1,1,1,target_office_np,FALSE,FALSE,FALSE,FALSE,FALSE,FALSE,FALSE,FALSE,none,FALSE,,"[{""start"":0,""end"":13,""kind"":""target_office_np"",""text"":""the president""}]",,FALSE,
2024,8,"the president will lead the U.S. armed forces, setting military policy, directing defense strategies, and responding to security threats at home and abroad. This role ensures civilian oversight of the military and shapes U.S. global security efforts.","The next US president will be sworn into office in January 2025. As commander in chief,",1,1,1,target_office_np,FALSE,FALSE,FALSE,FALSE,FALSE,FALSE,FALSE,FALSE,none,TRUE,pasted_text,"[{""start"":0,""end"":13,""kind"":""target_office_np"",""text"":""the president""}]",,TRUE,pasted-text judgment; long
2024,8,the president will lead the country.,"The next US president will be sworn into office in January 2025. As commander in chief,",1,1,1,target_office_np,FALSE,FALSE,FALSE,FALSE,FALSE,FALSE,FALSE,FALSE,none,FALSE,,"[{""start"":0,""end"":13,""kind"":""target_office_np"",""text"":""the president""}]",,FALSE,
2024,8,"the president will oversee the United States Armed Forces, making critical decisions regarding national defense and military operations","The next US president will be sworn into office in January 2025. As commander in chief,",1,1,1,target_office_np,FALSE,FALSE,FALSE,FALSE,FALSE,FALSE,FALSE,FALSE,none,FALSE,,"[{""start"":0,""end"":13,""kind"":""target_office_np"",""text"":""the president""}]",,FALSE,
2024,8,they are obligated to attend the swearing in.,"The next US president will be sworn into office in January 2025. As commander in chief,",1,1,1,they,FALSE,FALSE,TRUE,FALSE,FALSE,FALSE,FALSE,FALSE,they,FALSE,,"[{""start"":0,""end"":4,""kind"":""they"",""text"":""they""}]",,FALSE,
2024,8,they are responsible for the well-being of the United States.,"The next US president will be sworn into office in January 2025. As commander in chief,",1,1,1,they,FALSE,FALSE,TRUE,FALSE,FALSE,FALSE,FALSE,FALSE,they,FALSE,,"[{""start"":0,""end"":4,""kind"":""they"",""text"":""they""}]",,FALSE,
2024,8,they will be in charge of the nation.,"The next US president will be sworn into office in January 2025. As commander in chief,",1,1,1,they,FALSE,FALSE,TRUE,FALSE,FALSE,FALSE,FALSE,FALSE,they,FALSE,,"[{""start"":0,""end"":4,""kind"":""they"",""text"":""they""}]",,TRUE,coreference judged by hand
2024,8,they will be responsible for,"The next US president will be sworn into office in January 2025. As commander in chief,",1,1,1,they,FALSE,FALSE,TRUE,FALSE,FALSE,FALSE,FALSE,FALSE,they,FALSE,,"[{""start"":0,""end"":4,""kind"":""they"",""text"":""they""}]",82,FALSE,
2024,8,"they will be responsible for the nation, making important decisions and executing policies they believe will make the country a better place.","The next US president will be sworn into office in January 2025. As commander in chief,",1,1,1,they,FALSE,FALSE,TRUE,FALSE,FALSE,FALSE,FALSE,FALSE,they,FALSE,,"[{""start"":0,""end"":4,""kind"":""they"",""text"":""they""},{""start"":91,""end"":95,""kind"":""they"",""text"":""they""}]",,TRUE,coreference judged by hand; long
2024,8,they will have to make certain decisions which will shape the regional and international relations with foreign countries,"The next US president will be sworn into office in January 2025. As commander in chief,",1,1,1,they,FALSE,FALSE,TRUE,FALSE,FALSE,FALSE,FALSE,FALSE,they,FALSE,,"[{""start"":0,""end"":4,""kind"":""they"",""text"":""they""}]",,FALSE,
2024,8,they will hold office for the next 4 years.,"The next US president will be sworn into office in January 2025. As commander in chief,",1,1,1,they,FALSE,FALSE,TRUE,FALSE,FALSE,FALSE,FALSE,FALSE,they,FALSE,,"[{""start"":0,""end"":4,""kind"":""they"",""text"":""they""}]",56,FALSE,
2024,8,they will lead the country and respresent the citizens for the next 4 years.,"The next US president will be sworn into office in January 2025. As commander in chief,",1,1,1,they,FALSE,FALSE,TRUE,FALSE,FALSE,FALSE,FALSE,FALSE,they,FALSE,,"[{""start"":0,""end"":4,""kind"":""they"",""text"":""they""}]",,TRUE,coreference judged by hand
2024,8,they will lead the united states of america for at least 4 years.,"The next US president will be sworn into office in January 2025. As commander in chief,",1,1,1,they,FALSE,FALSE,TRUE,FALSE,FALSE,FALSE,FALSE,FALSE,they,FALSE,,"[{""start"":0,""end"":4,""kind"":""they"",""text"":""they""}]",90,FALSE,
2024,8,they will serve the country for the next four years.,"The next US president will be sworn into office in January 2025. As commander in chief,",1,1,1,they,FALSE,FALSE,TRUE,FALSE,FALSE,FALSE,FALSE,FALSE,they,FALSE,,"[{""start"":0,""end"":4,""kind"":""they"",""text"":""they""}]",,TRUE,coreference judged by hand
2024,8,they will take on the necessary roles to lead our country.,"The next US president will be sworn into office in January 2025. As commander in chief,",1,1,1,they,FALSE,FALSE,TRUE,FALSE,FALSE,FALSE,FALSE,FALSE,they,FALSE,,"[{""start"":0,""end"":4,""kind"":""they"",""text"":""they""}]",,TRUE,coreference judged by hand
2024,8,this individual will have a significant amount of control over the future of our country.,"The next US president will be sworn into office in January 2025. As commander in chief,",1,1,1,other,FALSE,FALSE,FALSE,FALSE,FALSE,FALSE,FALSE,FALSE,none,FALSE,,[],,FALSE,
2024,8,we expect that he will immediately begin abusing his power and pardoning those who committed crimes in his name.,"The next US president will be sworn into office in January 2025. As commander in chief,",1,1,1,he,FALSE,TRUE,FALSE,FALSE,FALSE,FALSE,FALSE,FALSE,he,FALSE,,"[{""start"":15,""end"":17,""kind"":""he"",""text"":""he""},{""start"":49,""end"":52,""kind"":""he"",""text"":""his""},{""start"":103,""end"":106,""kind"":""he"",""text"":""his""}]",,TRUE,long
2024,8,will take on the role and responsibility of leading the nation.,"The next US president will be sworn into office in January 2025. As commander in chief,",1,1,1,other,FALSE,FALSE,FALSE,FALSE,FALSE,FALSE,FALSE,FALSE,none,FALSE,,[],,FALSE,
2024,9,Donald Trump's first agenda item is executive orders to close the border.,"The next US president will be sworn into office in January 2025. The newly elected president will face many challenges, and one of",1,1,1,male_candidate_name,FALSE,FALSE,FALSE,FALSE,FALSE,FALSE,FALSE,FALSE,none,FALSE,,"[{""start"":0,""end"":6,""kind"":""male_candidate_name"",""text"":""Donald""},{""start"":7,""end"":12,""kind"":""male_candidate_name"",""text"":""Trump""}]",,FALSE,
2024,9,"One of the challenges faced by a newly elected president is addressing the economic situation, including managing inflation, unemployment, and federal spending. These issues often require swift, effective policy decisions to stabilize and grow the economy while balancing political and public support.","The next US president will be sworn into office in January 2025. The newly elected president will face many challenges, and one of",1,1,1,target_office_np,FALSE,FALSE,FALSE,FALSE,FALSE,FALSE,FALSE,FALSE,none,TRUE,pasted_text,"[{""start"":33,""end"":56,""kind"":""target_office_np"",""text"":""newly elected president""}]",,TRUE,pasted-text judgment; long
2024,9,REDACTED_PROLIFIC_ID,"The next US president will be sworn into office in January 2025. The newly elected president will face many challenges, and one of",2,2,2,other,FALSE,FALSE,FALSE,FALSE,FALSE,FALSE,FALSE,FALSE,none,TRUE,pasted_id,[],,TRUE,all caps; single word
2024,9,THE DEEP STATE,"The next US president will be sworn into office in January 2025. The newly elected president will face many challenges, and one of",1,1,1,other,FALSE,FALSE,FALSE,FALSE,FALSE,FALSE,FALSE,FALSE,none,TRUE,doesnt_make_sense,[],,TRUE,all caps
2024,9,The challenges He will face will be the border crisis.,"The next US president will be sworn into office in January 2025. The newly elected president will face many challenges, and one of",1,1,1,he,FALSE,TRUE,FALSE,FALSE,FALSE,FALSE,FALSE,FALSE,he,FALSE,,"[{""start"":15,""end"":17,""kind"":""he"",""text"":""He""}]",,FALSE,
2024,9,The most divisive politcal climates in recent history,"The next US president will be sworn into office in January 2025. The newly elected president will face many challenges, and one of",1,1,1,other,FALSE,FALSE,FALSE,FALSE,FALSE,FALSE,FALSE,FALSE,none,FALSE,,[],,FALSE,
2024,9,crime,"The next US president will be sworn into office in January 2025. The newly elected president will face many challenges, and one of",1,1,1,other,FALSE,FALSE,FALSE,FALSE,FALSE,FALSE,FALSE,FALSE,none,FALSE,,[],,TRUE,single-word judgment; single word
2024,9,economy,"The next US president will be sworn into office in January 2025. The newly elected president will face many challenges, and one of",1,1,1,other,FALSE,FALSE,FALSE,FALSE,FALSE,FALSE,FALSE,FALSE,none,FALSE,,[],,TRUE,single-word judgment; single word
2024,9,especially getting rid of the Biden administration's FUCK UPS!,"The next US president will be sworn into office in January 2025. The newly elected president will face many challenges, and one of",1,1,1,other,FALSE,FALSE,FALSE,FALSE,FALSE,FALSE,FALSE,FALSE,none,FALSE,,[],,FALSE,
2024,9,extreme impotance the economy.,"The next US president will be sworn into office in January 2025. The newly elected president will face many challenges, and one of",1,1,1,other,FALSE,FALSE,FALSE,FALSE,FALSE,FALSE,FALSE,FALSE,none,FALSE,,[],,FALSE,
2024,9,his biggest is illegal immigration.,"The next US president will be sworn into office in January 2025. The newly elected president will face many challenges, and one of",1,1,1,he,FALSE,TRUE,FALSE,FALSE,FALSE,FALSE,FALSE,FALSE,he,FALSE,,"[{""start"":0,""end"":3,""kind"":""he"",""text"":""his""}]",,FALSE,
2024,9,how badly divisive America is right now.,"The next US president will be sworn into office in January 2025. The newly elected president will face many challenges, and one of",1,1,1,other,FALSE,FALSE,FALSE,FALSE,FALSE,FALSE,FALSE,FALSE,none,FALSE,,[],,FALSE,
2024,9,how to make america great again,"The next US president will be sworn into office in January 2025. The newly elected president will face many challenges, and one of",1,1,1,other,FALSE,FALSE,FALSE,FALSE,FALSE,FALSE,FALSE,FALSE,none,FALSE,,[],,FALSE,
2024,9,immigration,"The next US president will be sworn into office in January 2025. The newly elected president will face many challenges, and one of",1,1,1,other,FALSE,FALSE,FALSE,FALSE,FALSE,FALSE,FALSE,FALSE,none,FALSE,,[],,TRUE,single-word judgment; single word
2024,9,many,"The next US president will be sworn into office in January 2025. The newly elected president will face many challenges, and one of",2,2,2,other,FALSE,FALSE,FALSE,FALSE,FALSE,FALSE,FALSE,FALSE,none,FALSE,,[],,TRUE,single-word judgment; single word
2024,9,many obstacles,"The next US president will be sworn into office in January 2025. The newly elected president will face many challenges, and one of",1,1,1,other,FALSE,FALSE,FALSE,FALSE,FALSE,FALSE,FALSE,FALSE,none,FALSE,,[],,FALSE,
2024,9,most contentious eras.,"The next US president will be sworn into office in January 2025. The newly elected president will face many challenges, and one of",1,1,1,other,FALSE,FALSE,FALSE,FALSE,FALSE,FALSE,FALSE,FALSE,none,FALSE,,[],,FALSE,
2024,9,most divided electorate in decades.,"The next US president will be sworn into office in January 2025. The newly elected president will face many challenges, and one of",1,1,1,other,FALSE,FALSE,FALSE,FALSE,FALSE,FALSE,FALSE,FALSE,none,FALSE,,[],,FALSE,
2024,9,most important terms.,"The next US president will be sworn into office in January 2025. The newly elected president will face many challenges, and one of",1,1,1,other,FALSE,FALSE,FALSE,FALSE,FALSE,FALSE,FALSE,FALSE,none,FALSE,,[],,FALSE,
2024,9,"several mounting national security issues, which being deteriorating relationship with China.","The next US president will be sworn into office in January 2025. The newly elected president will face many challenges, and one of",1,1,1,other,FALSE,FALSE,FALSE,FALSE,FALSE,FALSE,FALSE,FALSE,none,FALSE,,[],,FALSE,
2024,9,staying alive,"The next US president will be sworn into office in January 2025. The newly elected president will face many challenges, and one of",1,1,1,other,FALSE,FALSE,FALSE,FALSE,FALSE,FALSE,FALSE,FALSE,none,FALSE,,[],,FALSE,
2024,9,the bad policies by the past administration,"The next US president will be sworn into office in January 2025. The newly elected president will face many challenges, and one of",1,1,1,other,FALSE,FALSE,FALSE,FALSE,FALSE,FALSE,FALSE,FALSE,none,FALSE,,[],,FALSE,
2024,9,the biggest challenges is immigration.,"The next US president will be sworn into office in January 2025. The newly elected president will face many challenges, and one of",1,1,1,other,FALSE,FALSE,FALSE,FALSE,FALSE,FALSE,FALSE,FALSE,none,FALSE,,[],,FALSE,
2024,9,the biggest issues being the economy,"The next US president will be sworn into office in January 2025. The newly elected president will face many challenges, and one of",1,1,1,other,FALSE,FALSE,FALSE,FALSE,FALSE,FALSE,FALSE,FALSE,none,FALSE,,[],83,FALSE,
2024,9,"the biggest, is immigration.","The next US president will be sworn into office in January 2025. The newly elected president will face many challenges, and one of",1,1,1,other,FALSE,FALSE,FALSE,FALSE,FALSE,FALSE,FALSE,FALSE,none,FALSE,,[],18,FALSE,
2024,9,the challenges include immigration laws.,"The next US president will be sworn into office in January 2025. The newly elected president will face many challenges, and one of",1,1,1,other,FALSE,FALSE,FALSE,FALSE,FALSE,FALSE,FALSE,FALSE,none,FALSE,,[],,FALSE,
2024,9,the challenges is going to involve jobs and the economy.,"The next US president will be sworn into office in January 2025. The newly elected president will face many challenges, and one of",1,1,1,other,FALSE,FALSE,FALSE,FALSE,FALSE,FALSE,FALSE,FALSE,none,FALSE,,[],,FALSE,
2024,9,the challenges will be economics.,"The next US president will be sworn into office in January 2025. The newly elected president will face many challenges, and one of",1,1,1,other,FALSE,FALSE,FALSE,FALSE,FALSE,FALSE,FALSE,FALSE,none,FALSE,,[],,FALSE,
2024,9,the challenges will be trying to unite a divided country.,"The next US president will be sworn into office in January 2025. The newly elected president will face many challenges, and one of",1,1,1,other,FALSE,FALSE,FALSE,FALSE,FALSE,FALSE,FALSE,FALSE,none,FALSE,,[],,FALSE,
2024,9,the darkest chapters in American history.,"The next US president will be sworn into office in January 2025. The newly elected president will face many challenges, and one of",1,1,1,other,FALSE,FALSE,FALSE,FALSE,FALSE,FALSE,FALSE,FALSE,none,FALSE,,[],,FALSE,
2024,9,the divided times in US history.,"The next US president will be sworn into office in January 2025. The newly elected president will face many challenges, and one of",1,1,1,other,FALSE,FALSE,FALSE,FALSE,FALSE,FALSE,FALSE,FALSE,none,FALSE,,[],,FALSE,
2024,9,the greatest crises this country has ever faced.,"The next US president will be sworn into office in January 2025. The newly elected president will face many challenges, and one of",1,1,1,other,FALSE,FALSE,FALSE,FALSE,FALSE,FALSE,FALSE,FALSE,none,FALSE,,[],,FALSE,
2024,9,the hardest jobs in America,"The next US president will be sworn into office in January 2025. The newly elected president will face many challenges, and one of",1,1,1,other,FALSE,FALSE,FALSE,FALSE,FALSE,FALSE,FALSE,FALSE,none,FALSE,,[],,FALSE,
2024,9,the hardest years to create unity in america,"The next US president will be sworn into office in January 2025. The newly elected president will face many challenges, and one of",1,1,1,other,FALSE,FALSE,FALSE,FALSE,FALSE,FALSE,FALSE,FALSE,none,FALSE,,[],,FALSE,
2024,9,the issues is illegal immigration.,"The next US president will be sworn into office in January 2025. The newly elected president will face many challenges, and one of",1,1,1,other,FALSE,FALSE,FALSE,FALSE,FALSE,FALSE,FALSE,FALSE,none,FALSE,,[],,FALSE,
2024,9,the main challenges will be the price of groceries for everyday citizens.,"The next US president will be sworn into office in January 2025. The newly elected president will face many challenges, and one of",1,1,0,other,FALSE,FALSE,FALSE,FALSE,FALSE,FALSE,FALSE,FALSE,none,FALSE,,[],,FALSE,
2024,9,the most challenging issues facing this country.,"The next US president will be sworn into office in January 2025. The newly elected president will face many challenges, and one of",1,1,1,other,FALSE,FALSE,FALSE,FALSE,FALSE,FALSE,FALSE,FALSE,none,FALSE,,[],,FALSE,
2024,9,the most challenging years ahead,"The next US president will be sworn into office in January 2025. The newly elected president will face many challenges, and one of",1,1,1,other,FALSE,FALSE,FALSE,FALSE,FALSE,FALSE,FALSE,FALSE,none,FALSE,,[],,FALSE,
2024,9,the most controversial wins in a century.,"The next US president will be sworn into office in January 2025. The newly elected president will face many challenges, and one of",1,1,1,other,FALSE,FALSE,FALSE,FALSE,FALSE,FALSE,FALSE,FALSE,none,FALSE,,[],,FALSE,
2024,9,the most critical issues is getting the economy back on track.,"The next US president will be sworn into office in January 2025. The newly elected president will face many challenges, and one of",1,1,1,other,FALSE,FALSE,FALSE,FALSE,FALSE,FALSE,FALSE,FALSE,none,FALSE,,[],115,FALSE,
2024,9,the most crucial will be dealing with conspiracy theory lunatics who contest the legitimacy of the election.,"The next US president will be sworn into office in January 2025. The newly elected president will face many challenges, and one of",1,1,1,other,FALSE,FALSE,FALSE,FALSE,FALSE,FALSE,FALSE,FALSE,none,FALSE,,[],,FALSE,
2024,9,the most daunting is to unify Americans in support of their government.,"The next US president will be sworn into office in January 2025. The newly elected president will face many challenges, and one of",1,1,1,they,FALSE,FALSE,FALSE,FALSE,FALSE,FALSE,FALSE,FALSE,none,FALSE,,"[{""start"":54,""end"":59,""kind"":""they"",""text"":""their""}]",,TRUE,coreference judged by hand
2024,9,the most demanding jobs in the U.S..,"The next US president will be sworn into office in January 2025. The newly elected president will face many challenges, and one of",1,1,1,other,FALSE,FALSE,FALSE,FALSE,FALSE,FALSE,FALSE,FALSE,none,FALSE,,[],,FALSE,
2024,9,the most difficult political climates in recent history.,"The next US president will be sworn into office in January 2025. The newly elected president will face many challenges, and one of",1,1,1,other,FALSE,FALSE,FALSE,FALSE,FALSE,FALSE,FALSE,FALSE,none,FALSE,,[],,FALSE,
2024,9,the most divided congresses in history.,"The next US president will be sworn into office in January 2025. The newly elected president will face many challenges, and one of",1,1,1,other,FALSE,FALSE,FALSE,FALSE,FALSE,FALSE,FALSE,FALSE,none,FALSE,,[],,FALSE,
2024,9,the most divisive periods of American history.,"The next US president will be sworn into office in January 2025. The newly elected president will face many challenges, and one of",1,1,1,other,FALSE,FALSE,FALSE,FALSE,FALSE,FALSE,FALSE,FALSE,none,FALSE,,[],,FALSE,
2024,9,the most divisive political climates in US history.,"The next US president will be sworn into office in January 2025. The newly elected president will face many challenges, and one of",1,1,1,other,FALSE,FALSE,FALSE,FALSE,FALSE,FALSE,FALSE,FALSE,none,FALSE,,[],,FALSE,
2024,9,the most polarized elections in recent history.,"The next US president will be sworn into office in January 2025. The newly elected president will face many challenges, and one of",1,1,1,other,FALSE,FALSE,FALSE,FALSE,FALSE,FALSE,FALSE,FALSE,none,FALSE,,[],,FALSE,
2024,9,the most politically divided US populations ever seen.,"The next US president will be sworn into office in January 2025. The newly elected president will face many challenges, and one of",1,1,1,other,FALSE,FALSE,FALSE,FALSE,FALSE,FALSE,FALSE,FALSE,none,FALSE,,[],,FALSE,
2024,9,the most pressing will be addressing the growing economic inequality and its impact on social stability.,"The next US president will be sworn into office in January 2025. The newly elected president will face many challenges, and one of",1,1,1,other,FALSE,FALSE,FALSE,FALSE,FALSE,FALSE,FALSE,FALSE,none,FALSE,,[],,FALSE,
2024,9,the most pressing will be to unite the divided nation after the previous election.,"The next US president will be sworn into office in January 2025. The newly elected president will face many challenges, and one of",1,1,1,other,FALSE,FALSE,FALSE,FALSE,FALSE,FALSE,FALSE,FALSE,none,FALSE,,[],,FALSE,
2024,9,the most robust economy in the world,"The next US president will be sworn into office in January 2025. The newly elected president will face many challenges, and one of",1,1,1,other,FALSE,FALSE,FALSE,FALSE,FALSE,FALSE,FALSE,FALSE,none,FALSE,,[],,FALSE,
2024,9,the most severely divided country's in our history.,"The next US president will be sworn into office in January 2025. The newly elected president will face many challenges, and one of",1,1,1,other,FALSE,FALSE,FALSE,FALSE,FALSE,FALSE,FALSE,FALSE,none,FALSE,,[],,FALSE,
2024,9,the most significant will be addressing the ongoing COVID-19 pandemic and its economic fallout.,"The next US president will be sworn into office in January 2025. The newly elected president will face many challenges, and one of",1,1,1,other,FALSE,FALSE,FALSE,FALSE,FALSE,FALSE,FALSE,FALSE,none,FALSE,,[],,FALSE,
2024,9,the most urgent will be tackling the climate crisis while balancing economic growth and energy demands.,"The next US president will be sworn into office in January 2025. The newly elected president will face many challenges, and one of",1,1,1,other,FALSE,FALSE,FALSE,FALSE,FALSE,FALSE,FALSE,FALSE,none,FALSE,,[],,FALSE,
2024,9,the most volatile times in US history.,"The next US president will be sworn into office in January 2025. The newly elected president will face many challenges, and one of",1,1,1,other,FALSE,FALSE,FALSE,FALSE,FALSE,FALSE,FALSE,FALSE,none,FALSE,,[],,FALSE,
2024,9,the nation's hardest times,"The next US president will be sworn into office in January 2025. The newly elected president will face many challenges, and one of",1,1,1,other,FALSE,FALSE,FALSE,FALSE,FALSE,FALSE,FALSE,FALSE,none,FALSE,,[],,FALSE,
2024,9,"the next US president will be sworn into office in January 2025. The newly elected president will face many challenges, and one of the most pressing will be addressing the country's economic stability, healthcare reform, and environmental sustainability in a rapidly changing global landscape.","The next US president will be sworn into office in January 2025. The newly elected president will face many challenges, and one of",1,1,1,target_office_np,FALSE,FALSE,FALSE,FALSE,FALSE,FALSE,FALSE,FALSE,none,TRUE,pasted_text,"[{""start"":9,""end"":21,""kind"":""target_office_np"",""text"":""US president""},{""start"":69,""end"":92,""kind"":""target_office_np"",""text"":""newly elected president""}]",,TRUE,pasted-text judgment; long
2024,9,the parties will be upset.,"The next US president will be sworn into office in January 2025. The newly elected president will face many challenges, and one of",1,1,1,other,FALSE,FALSE,FALSE,FALSE,FALSE,FALSE,FALSE,FALSE,none,FALSE,,[],,FALSE,
2024,9,the problems is the Maga crowd trying to over turn the election like they did for the last election,"The next US president will be sworn into office in January 2025. The newly elected president will face many challenges, and one of",1,1,1,they,FALSE,FALSE,FALSE,FALSE,FALSE,FALSE,FALSE,FALSE,none,FALSE,,"[{""start"":69,""end"":73,""kind"":""they"",""text"":""they""}]",,TRUE,long
2024,9,the toughest economies in decades.,"The next US president will be sworn into office in January 2025. The newly elected president will face many challenges, and one of",1,1,1,other,FALSE,FALSE,FALSE,FALSE,FALSE,FALSE,FALSE,FALSE,none,FALSE,,[],,FALSE,
2024,9,the worst republicans in the world.,"The next US president will be sworn into office in January 2025. The newly elected president will face many challenges, and one of",1,1,1,other,FALSE,FALSE,FALSE,FALSE,FALSE,FALSE,FALSE,FALSE,none,FALSE,,[],,FALSE,
2024,9,them,"The next US president will be sworn into office in January 2025. The newly elected president will face many challenges, and one of",1,1,1,other,FALSE,FALSE,FALSE,FALSE,FALSE,FALSE,FALSE,FALSE,none,TRUE,doesnt_make_sense,"[{""start"":0,""end"":4,""kind"":""they"",""text"":""them""}]",,TRUE,single-word judgment; single word
2024,9,them being backlash from women,"The next US president will be sworn into office in January 2025. The newly elected president will face many challenges, and one of",1,1,1,other,FALSE,FALSE,FALSE,FALSE,FALSE,FALSE,FALSE,FALSE,none,FALSE,,"[{""start"":0,""end"":4,""kind"":""they"",""text"":""them""}]",,FALSE,
2024,9,them being the issues with illegal immigrants.,"The next US president will be sworn into office in January 2025. The newly elected president will face many challenges, and one of",1,1,1,other,FALSE,FALSE,FALSE,FALSE,FALSE,FALSE,FALSE,FALSE,none,FALSE,,"[{""start"":0,""end"":4,""kind"":""they"",""text"":""them""}]",,FALSE,
2024,9,them includes dealing with the border crisis.,"The next US president will be sworn into office in January 2025. The newly elected president will face many challenges, and one of",1,1,1,other,FALSE,FALSE,FALSE,FALSE,FALSE,FALSE,FALSE,FALSE,none,FALSE,,"[{""start"":0,""end"":4,""kind"":""they"",""text"":""them""}]",,FALSE,
2024,9,"them involves lowering the costs of living for citizens (groceries, gas, insurance, residential).","The next US president will be sworn into office in January 2025. The newly elected president will face many challenges, and one of",1,1,1,other,FALSE,FALSE,FALSE,FALSE,FALSE,FALSE,FALSE,FALSE,none,FALSE,,"[{""start"":0,""end"":4,""kind"":""they"",""text"":""them""}]",,FALSE,
2024,9,them is Donald J Trump.,"The next US president will be sworn into office in January 2025. The newly elected president will face many challenges, and one of",1,1,1,male_candidate_name,FALSE,FALSE,FALSE,FALSE,FALSE,FALSE,FALSE,FALSE,none,FALSE,,"[{""start"":0,""end"":4,""kind"":""they"",""text"":""them""},{""start"":8,""end"":14,""kind"":""male_candidate_name"",""text"":""Donald""},{""start"":17,""end"":22,""kind"":""male_candidate_name"",""text"":""Trump""}]",,FALSE,
2024,9,them is abortion,"The next US president will be sworn into office in January 2025. The newly elected president will face many challenges, and one of",1,1,1,other,FALSE,FALSE,FALSE,FALSE,FALSE,FALSE,FALSE,FALSE,none,FALSE,,"[{""start"":0,""end"":4,""kind"":""they"",""text"":""them""}]",,FALSE,
2024,9,them is getting cooperation from Congress.,"The next US president will be sworn into office in January 2025. The newly elected president will face many challenges, and one of",1,1,1,other,FALSE,FALSE,FALSE,FALSE,FALSE,FALSE,FALSE,FALSE,none,FALSE,,"[{""start"":0,""end"":4,""kind"":""they"",""text"":""them""}]",,FALSE,
2024,9,them is getting illegal immigrants out of the country.,"The next US president will be sworn into office in January 2025. The newly elected president will face many challenges, and one of",1,1,1,other,FALSE,FALSE,FALSE,FALSE,FALSE,FALSE,FALSE,FALSE,none,FALSE,,"[{""start"":0,""end"":4,""kind"":""they"",""text"":""them""}]",,FALSE,
2024,9,them is getting the economy back into shape,"The next US president will be sworn into office in January 2025. The newly elected president will face many challenges, and one of",1,1,1,other,FALSE,FALSE,FALSE,FALSE,FALSE,FALSE,FALSE,FALSE,none,FALSE,,"[{""start"":0,""end"":4,""kind"":""they"",""text"":""them""}]",,FALSE,
2024,9,them is how to deal with the economy.,"The next US president will be sworn into office in January 2025. The newly elected president will face many challenges, and one of",1,1,1,other,FALSE,FALSE,FALSE,FALSE,FALSE,FALSE,FALSE,FALSE,none,FALSE,,"[{""start"":0,""end"":4,""kind"":""they"",""text"":""them""}]",,FALSE,
2024,9,them is how to handle possible riots.,"The next US president will be sworn into office in January 2025. The newly elected president will face many challenges, and one of",1,1,0,other,FALSE,FALSE,FALSE,FALSE,FALSE,FALSE,FALSE,FALSE,none,FALSE,,"[{""start"":0,""end"":4,""kind"":""they"",""text"":""them""}]",,FALSE,
2024,9,them is illegal immigration,"The next US president will be sworn into office in January 2025. The newly elected president will face many challenges, and one of",1,1,1,other,FALSE,FALSE,FALSE,FALSE,FALSE,FALSE,FALSE,FALSE,none,FALSE,,"[{""start"":0,""end"":4,""kind"":""they"",""text"":""them""}]",,FALSE,
2024,9,them is leading the American people.,"The next US president will be sworn into office in January 2025. The newly elected president will face many challenges, and one of",1,1,1,other,FALSE,FALSE,FALSE,FALSE,FALSE,FALSE,FALSE,FALSE,none,FALSE,,"[{""start"":0,""end"":4,""kind"":""they"",""text"":""them""}]",,FALSE,
2024,9,them is mass deportation of illegal aliens.,"The next US president will be sworn into office in January 2025. The newly elected president will face many challenges, and one of",1,1,1,other,FALSE,FALSE,FALSE,FALSE,FALSE,FALSE,FALSE,FALSE,none,FALSE,,"[{""start"":0,""end"":4,""kind"":""they"",""text"":""them""}]",,FALSE,
2024,9,them is people who do not like him and work against him,"The next US president will be sworn into office in January 2025. The newly elected president will face many challenges, and one of",1,1,1,he,FALSE,TRUE,FALSE,FALSE,FALSE,FALSE,FALSE,FALSE,he,FALSE,,"[{""start"":0,""end"":4,""kind"":""they"",""text"":""them""},{""start"":31,""end"":34,""kind"":""he"",""text"":""him""},{""start"":52,""end"":55,""kind"":""he"",""text"":""him""}]",,FALSE,
2024,9,them is policy on deportation of illegal migrants.,"The next US president will be sworn into office in January 2025. The newly elected president will face many challenges, and one of",1,1,1,other,FALSE,FALSE,FALSE,FALSE,FALSE,FALSE,FALSE,FALSE,none,FALSE,,"[{""start"":0,""end"":4,""kind"":""they"",""text"":""them""}]",,FALSE,
2024,9,them is the economy.,"The next US president will be sworn into office in January 2025. The newly elected president will face many challenges, and one of",1,1,1,other,FALSE,FALSE,FALSE,FALSE,FALSE,FALSE,FALSE,FALSE,none,FALSE,,"[{""start"":0,""end"":4,""kind"":""they"",""text"":""them""}]",,FALSE,
2024,9,them is the ongoing conflict between Israel and the greater middle east.,"The next US president will be sworn into office in January 2025. The newly elected president will face many challenges, and one of",1,1,1,other,FALSE,FALSE,FALSE,FALSE,FALSE,FALSE,FALSE,FALSE,none,FALSE,,"[{""start"":0,""end"":4,""kind"":""they"",""text"":""them""}]",,FALSE,
2024,9,them is to fix the mess that Biden created.,"The next US president will be sworn into office in January 2025. The newly elected president will face many challenges, and one of",1,1,1,other,FALSE,FALSE,FALSE,FALSE,FALSE,FALSE,FALSE,FALSE,none,FALSE,,"[{""start"":0,""end"":4,""kind"":""they"",""text"":""them""}]",,FALSE,
2024,9,them is to unify this country.,"The next US president will be sworn into office in January 2025. The newly elected president will face many challenges, and one of",1,1,1,other,FALSE,FALSE,FALSE,FALSE,FALSE,FALSE,FALSE,FALSE,none,FALSE,,"[{""start"":0,""end"":4,""kind"":""they"",""text"":""them""}]",,FALSE,
2024,9,them is uniting this fractured country.,"The next US president will be sworn into office in January 2025. The newly elected president will face many challenges, and one of",1,1,1,other,FALSE,FALSE,FALSE,FALSE,FALSE,FALSE,FALSE,FALSE,none,FALSE,,"[{""start"":0,""end"":4,""kind"":""they"",""text"":""them""}]",,FALSE,
2024,9,them will be easy.,"The next US president will be sworn into office in January 2025. The newly elected president will face many challenges, and one of",1,1,1,other,FALSE,FALSE,FALSE,FALSE,FALSE,FALSE,FALSE,FALSE,none,FALSE,,"[{""start"":0,""end"":4,""kind"":""they"",""text"":""them""}]",9,FALSE,
2024,9,them will be high inflation.,"The next US president will be sworn into office in January 2025. The newly elected president will face many challenges, and one of",1,1,1,other,FALSE,FALSE,FALSE,FALSE,FALSE,FALSE,FALSE,FALSE,none,FALSE,,"[{""start"":0,""end"":4,""kind"":""they"",""text"":""them""}]",,FALSE,
2024,9,them will be how to handle Russia's invasion of Ukraine.,"The next US president will be sworn into office in January 2025. The newly elected president will face many challenges, and one of",1,1,1,other,FALSE,FALSE,FALSE,FALSE,FALSE,FALSE,FALSE,FALSE,none,FALSE,,"[{""start"":0,""end"":4,""kind"":""they"",""text"":""them""}]",70,FALSE,
2024,9,them will be how to legally stay out of jail.,"The next US president will be sworn into office in January 2025. The newly elected president will face many challenges, and one of",1,1,1,other,FALSE,FALSE,FALSE,FALSE,FALSE,FALSE,FALSE,FALSE,none,FALSE,,"[{""start"":0,""end"":4,""kind"":""they"",""text"":""them""}]",,FALSE,
2024,9,them will be inflation.,"The next US president will be sworn into office in January 2025. The newly elected president will face many challenges, and one of",1,1,1,other,FALSE,FALSE,FALSE,FALSE,FALSE,FALSE,FALSE,FALSE,none,FALSE,,"[{""start"":0,""end"":4,""kind"":""they"",""text"":""them""}]",,FALSE,
2024,9,them will be lowering grocery prices.,"The next US president will be sworn into office in January 2025. The newly elected president will face many challenges, and one of",1,1,1,other,FALSE,FALSE,FALSE,FALSE,FALSE,FALSE,FALSE,FALSE,none,FALSE,,"[{""start"":0,""end"":4,""kind"":""they"",""text"":""them""}]",,FALSE,
2024,9,them will be the balance of the job market in relation to immigration.,"The next US president will be sworn into office in January 2025. The newly elected president will face many challenges, and one of",1,1,1,other,FALSE,FALSE,FALSE,FALSE,FALSE,FALSE,FALSE,FALSE,none,FALSE,,"[{""start"":0,""end"":4,""kind"":""they"",""text"":""them""}]",,FALSE,
2024,9,them will be the border wall.,"The next US president will be sworn into office in January 2025. The newly elected president will face many challenges, and one of",1,1,1,other,FALSE,FALSE,FALSE,FALSE,FALSE,FALSE,FALSE,FALSE,none,FALSE,,"[{""start"":0,""end"":4,""kind"":""they"",""text"":""them""}]",,FALSE,
2024,9,them will be the extremely divided nature of the two political parties.,"The next US president will be sworn into office in January 2025. The newly elected president will face many challenges, and one of",1,1,1,other,FALSE,FALSE,FALSE,FALSE,FALSE,FALSE,FALSE,FALSE,none,FALSE,,"[{""start"":0,""end"":4,""kind"":""they"",""text"":""them""}]",,FALSE,
2024,9,them will be to lower prices at the gas station and grocery stores.,"The next US president will be sworn into office in January 2025. The newly elected president will face many challenges, and one of",1,1,1,other,FALSE,FALSE,FALSE,FALSE,FALSE,FALSE,FALSE,FALSE,none,FALSE,,"[{""start"":0,""end"":4,""kind"":""they"",""text"":""them""}]",,FALSE,
2024,9,them will be to set up his government.  I dread that piece of the puzzle.,"The next US president will be sworn into office in January 2025. The newly elected president will face many challenges, and one of",1,1,1,he,FALSE,TRUE,FALSE,FALSE,FALSE,FALSE,FALSE,FALSE,he,FALSE,,"[{""start"":0,""end"":4,""kind"":""they"",""text"":""them""},{""start"":23,""end"":26,""kind"":""he"",""text"":""his""}]",,FALSE,
2024,9,them will be trump falsely trying to claim the election was stolen from him.,"The next US president will be sworn into office in January 2025. The newly elected president will face many challenges, and one of",1,1,1,male_candidate_name,FALSE,TRUE,FALSE,FALSE,FALSE,FALSE,FALSE,FALSE,he,FALSE,,"[{""start"":0,""end"":4,""kind"":""they"",""text"":""them""},{""start"":13,""end"":18,""kind"":""male_candidate_name"",""text"":""trump""},{""start"":72,""end"":75,""kind"":""he"",""text"":""him""}]",,FALSE,
2024,9,them will be trying to heal the nation's growing political divides.,"The next US president will be sworn into office in January 2025. The newly elected president will face many challenges, and one of",1,1,1,other,FALSE,FALSE,FALSE,FALSE,FALSE,FALSE,FALSE,FALSE,none,FALSE,,"[{""start"":0,""end"":4,""kind"":""they"",""text"":""them""}]",,FALSE,
2024,9,them will be winning the approval of the people who didn't vote for him and don't support him.,"The next US president will be sworn into office in January 2025. The newly elected president will face many challenges, and one of",1,1,1,he,FALSE,TRUE,FALSE,FALSE,FALSE,FALSE,FALSE,FALSE,he,FALSE,,"[{""start"":0,""end"":4,""kind"":""they"",""text"":""them""},{""start"":68,""end"":71,""kind"":""he"",""text"":""him""},{""start"":90,""end"":93,""kind"":""he"",""text"":""him""}]",,FALSE,
2024,9,these challenges is how to deal with the national debt.,"The next US president will be sworn into office in January 2025. The newly elected president will face many challenges, and one of",1,1,1,other,FALSE,FALSE,FALSE,FALSE,FALSE,FALSE,FALSE,FALSE,none,FALSE,,[],,FALSE,
2024,9,these challenges will be improving the economy.,"The next US president will be sworn into office in January 2025. The newly elected president will face many challenges, and one of",1,1,1,other,FALSE,FALSE,FALSE,FALSE,FALSE,FALSE,FALSE,FALSE,none,FALSE,,[],,FALSE,
2024,9,these challenges will be reuniting a divided country.,"The next US president will be sworn into office in January 2025. The newly elected president will face many challenges, and one of",1,1,1,other,FALSE,FALSE,FALSE,FALSE,FALSE,FALSE,FALSE,FALSE,none,FALSE,,[],,FALSE,
2024,9,these challenges will be unifying the country after a contentious election.,"The next US president will be sworn into office in January 2025. The newly elected president will face many challenges, and one of",1,1,1,other,FALSE,FALSE,FALSE,FALSE,FALSE,FALSE,FALSE,FALSE,none,FALSE,,[],,FALSE,
2024,9,those challenges is climate change,"The next US president will be sworn into office in January 2025. The newly elected president will face many challenges, and one of",1,1,1,other,FALSE,FALSE,FALSE,FALSE,FALSE,FALSE,FALSE,FALSE,none,FALSE,,[],91,FALSE,
2024,9,those challenges is not grabbing women by the vagina.,"The next US president will be sworn into office in January 2025. The newly elected president will face many challenges, and one of",1,1,1,other,FALSE,FALSE,FALSE,FALSE,FALSE,FALSE,FALSE,FALSE,none,FALSE,,[],,FALSE,
2024,9,those challenges is to get control of the immigration situation.,"The next US president will be sworn into office in January 2025. The newly elected president will face many challenges, and one of",1,1,1,other,FALSE,FALSE,FALSE,FALSE,FALSE,FALSE,FALSE,FALSE,none,FALSE,,[],144,FALSE,
2024,9,those challenges will be to die as soon as possible because he's the most despicable person on the planet.,"The next US president will be sworn into office in January 2025. The newly elected president will face many challenges, and one of",1,1,1,he,FALSE,TRUE,FALSE,FALSE,FALSE,FALSE,FALSE,FALSE,he,FALSE,,"[{""start"":60,""end"":62,""kind"":""he"",""text"":""he""}]",,TRUE,long
2024,9,those challenges will be wading through the swamp.,"The next US president will be sworn into office in January 2025. The newly elected president will face many challenges, and one of",1,1,1,other,FALSE,FALSE,FALSE,FALSE,FALSE,FALSE,FALSE,FALSE,none,FALSE,,[],,FALSE,
2024,9,thosee many challenges will be to unite our nation.,"The next US president will be sworn into office in January 2025. The newly elected president will face many challenges, and one of",1,1,1,other,FALSE,FALSE,FALSE,FALSE,FALSE,FALSE,FALSE,FALSE,none,FALSE,,[],,FALSE,
2024,9,working on the harms that has already been caused,"The next US president will be sworn into office in January 2025. The newly elected president will face many challenges, and one of",1,1,1,other,FALSE,FALSE,FALSE,FALSE,FALSE,FALSE,FALSE,FALSE,none,FALSE,,[],,FALSE,
2024,10,A symbol of American power and democracy,The next US president will be sworn into office in January 2025. The president’s motorcade will be,1,1,1,other,FALSE,FALSE,FALSE,FALSE,FALSE,FALSE,FALSE,FALSE,none,FALSE,,[],,FALSE,
2024,10,Heavily guarded by secret service.,The next US president will be sworn into office in January 2025. The president’s motorcade will be,1,1,1,other,FALSE,FALSE,FALSE,FALSE,FALSE,FALSE,FALSE,FALSE,none,FALSE,,[],,FALSE,
2024,10,Kamala with Donald running after it crying says the election was stolen from him again,The next US president will be sworn into office in January 2025. The president’s motorcade will be,1,1,1,female_candidate_name,FALSE,FALSE,FALSE,FALSE,FALSE,FALSE,FALSE,FALSE,none,FALSE,,"[{""start"":0,""end"":6,""kind"":""female_candidate_name"",""text"":""Kamala""},{""start"":12,""end"":18,""kind"":""male_candidate_name"",""text"":""Donald""},{""start"":77,""end"":80,""kind"":""he"",""text"":""him""}]",,TRUE,coreference judged by hand
2024,10,Land Rover,The next US president will be sworn into office in January 2025. The president’s motorcade will be,1,1,1,other,FALSE,FALSE,FALSE,FALSE,FALSE,FALSE,FALSE,FALSE,none,FALSE,,[],,FALSE,
2024,10,Protected heavily by security,The next US president will be sworn into office in January 2025. The president’s motorcade will be,1,1,1,other,FALSE,FALSE,FALSE,FALSE,FALSE,FALSE,FALSE,FALSE,none,FALSE,,[],,FALSE,
2024,10,The president’s motorcade will be accompanied by a fleet of security vehicles and police escorts to ensure a safe passage amidst the crowd of supporters and onlookers.,The next US president will be sworn into office in January 2025. The president’s motorcade will be,1,1,1,target_office_np,FALSE,FALSE,FALSE,FALSE,FALSE,FALSE,FALSE,FALSE,none,TRUE,copied_context,"[{""start"":0,""end"":13,""kind"":""target_office_np"",""text"":""The president""}]",,TRUE,pasted-text judgment; long
2024,10,a long line.,The next US president will be sworn into office in January 2025. The president’s motorcade will be,1,1,1,other,FALSE,FALSE,FALSE,FALSE,FALSE,FALSE,FALSE,FALSE,none,FALSE,,[],,FALSE,
2024,10,a surprise.,The next US president will be sworn into office in January 2025. The president’s motorcade will be,1,1,1,other,FALSE,FALSE,FALSE,FALSE,FALSE,FALSE,FALSE,FALSE,none,FALSE,,[],,FALSE,
2024,10,a very long one,The next US president will be sworn into office in January 2025. The president’s motorcade will be,1,1,1,other,FALSE,FALSE,FALSE,FALSE,FALSE,FALSE,FALSE,FALSE,none,FALSE,,[],,FALSE,
2024,10,all armored vehicles with highly trained staff guarding the President.,The next US president will be sworn into office in January 2025. The president’s motorcade will be,1,1,1,target_office_np,FALSE,FALSE,FALSE,FALSE,FALSE,FALSE,FALSE,FALSE,none,FALSE,,"[{""start"":56,""end"":69,""kind"":""target_office_np"",""text"":""the President""}]",,FALSE,
2024,10,armored.,The next US president will be sworn into office in January 2025. The president’s motorcade will be,1,1,1,other,FALSE,FALSE,FALSE,FALSE,FALSE,FALSE,FALSE,FALSE,none,FALSE,,[],,TRUE,single-word judgment; single word
2024,10,arriving at his inauguration.,The next US president will be sworn into office in January 2025. The president’s motorcade will be,1,1,1,he,FALSE,TRUE,FALSE,FALSE,FALSE,FALSE,FALSE,FALSE,he,FALSE,,"[{""start"":12,""end"":15,""kind"":""he"",""text"":""his""}]",,FALSE,
2024,10,arriving at the inaguration site early that morning to begin preparation for the days activities.,The next US president will be sworn into office in January 2025. The president’s motorcade will be,1,1,1,other,FALSE,FALSE,FALSE,FALSE,FALSE,FALSE,FALSE,FALSE,none,FALSE,,[],,FALSE,
2024,10,"at least 50 Vehicles, The Motorcade includes the presidents official vehicle, armored vehicles, and support vehicles. The Secret Service organizes and manages the motorcade.",The next US president will be sworn into office in January 2025. The president’s motorcade will be,1,1,1,other,FALSE,FALSE,FALSE,FALSE,FALSE,FALSE,FALSE,FALSE,none,TRUE,pasted_text,[],131,TRUE,pasted-text judgment; long
2024,10,be ready to go for inauguration day.,The next US president will be sworn into office in January 2025. The president’s motorcade will be,1,1,1,other,FALSE,FALSE,FALSE,FALSE,FALSE,FALSE,FALSE,FALSE,none,FALSE,,[],,FALSE,
2024,10,black,The next US president will be sworn into office in January 2025. The president’s motorcade will be,1,1,0,other,FALSE,FALSE,FALSE,FALSE,FALSE,FALSE,FALSE,FALSE,none,FALSE,,[],,TRUE,single-word judgment; single word
2024,10,black SUVs and police and military escorts.,The next US president will be sworn into office in January 2025. The president’s motorcade will be,1,1,1,other,FALSE,FALSE,FALSE,FALSE,FALSE,FALSE,FALSE,FALSE,none,FALSE,,[],,FALSE,
2024,10,black.,The next US president will be sworn into office in January 2025. The president’s motorcade will be,1,1,1,other,FALSE,FALSE,FALSE,FALSE,FALSE,FALSE,FALSE,FALSE,none,FALSE,,[],,TRUE,single-word judgment; single word
2024,10,bringing him to his inaugeration.,The next US president will be sworn into office in January 2025. The president’s motorcade will be,1,1,1,he,FALSE,TRUE,FALSE,FALSE,FALSE,FALSE,FALSE,FALSE,he,FALSE,,"[{""start"":9,""end"":12,""kind"":""he"",""text"":""him""},{""start"":16,""end"":19,""kind"":""he"",""text"":""his""}]",,FALSE,
2024,10,closely guarded.,The next US president will be sworn into office in January 2025. The president’s motorcade will be,1,1,1,other,FALSE,FALSE,FALSE,FALSE,FALSE,FALSE,FALSE,FALSE,none,FALSE,,[],,FALSE,
2024,10,comprised of himself as well as his team. Himself being Donald Trump,The next US president will be sworn into office in January 2025. The president’s motorcade will be,1,1,1,he,FALSE,TRUE,FALSE,FALSE,FALSE,FALSE,FALSE,FALSE,he,FALSE,,"[{""start"":13,""end"":20,""kind"":""he"",""text"":""himself""},{""start"":32,""end"":35,""kind"":""he"",""text"":""his""},{""start"":42,""end"":49,""kind"":""he"",""text"":""Himself""},{""start"":56,""end"":62,""kind"":""male_candidate_name"",""text"":""Donald""},{""start"":63,""end"":68,""kind"":""male_candidate_name"",""text"":""Trump""}]",,FALSE,
2024,10,driven around Washington DC to celebrate the ceremony.,The next US president will be sworn into office in January 2025. The president’s motorcade will be,1,1,1,other,FALSE,FALSE,FALSE,FALSE,FALSE,FALSE,FALSE,FALSE,none,FALSE,,[],,FALSE,
2024,10,driven through Washington DC and accompanied by secret service.,The next US president will be sworn into office in January 2025. The president’s motorcade will be,1,1,1,other,FALSE,FALSE,FALSE,FALSE,FALSE,FALSE,FALSE,FALSE,none,FALSE,,[],,FALSE,
2024,10,driven through the streets to the White House with cheering citizens beside the road.,The next US president will be sworn into office in January 2025. The president’s motorcade will be,1,1,1,other,FALSE,FALSE,FALSE,FALSE,FALSE,FALSE,FALSE,FALSE,none,FALSE,,[],,FALSE,
2024,10,driving down Pennsylvania to sidelines of supporters,The next US president will be sworn into office in January 2025. The president’s motorcade will be,1,1,1,other,FALSE,FALSE,FALSE,FALSE,FALSE,FALSE,FALSE,FALSE,none,FALSE,,[],,FALSE,
2024,10,driving the president to the white house.,The next US president will be sworn into office in January 2025. The president’s motorcade will be,1,1,1,target_office_np,FALSE,FALSE,FALSE,FALSE,FALSE,FALSE,FALSE,FALSE,none,FALSE,,"[{""start"":8,""end"":21,""kind"":""target_office_np"",""text"":""the president""}]",,FALSE,
2024,10,escorted by secret service agents along with a high level security detail.,The next US president will be sworn into office in January 2025. The president’s motorcade will be,1,1,1,other,FALSE,FALSE,FALSE,FALSE,FALSE,FALSE,FALSE,FALSE,none,FALSE,,[],,FALSE,
2024,10,escorted by the Secret Service.,The next US president will be sworn into office in January 2025. The president’s motorcade will be,1,1,1,other,FALSE,FALSE,FALSE,FALSE,FALSE,FALSE,FALSE,FALSE,none,FALSE,,[],,FALSE,
2024,10,"escorted with security detail, as crowds gather to witness the historic event.",The next US president will be sworn into office in January 2025. The president’s motorcade will be,1,1,1,other,FALSE,FALSE,FALSE,FALSE,FALSE,FALSE,FALSE,FALSE,none,FALSE,,[],,FALSE,
2024,10,escorting him to the ceremony.,The next US president will be sworn into office in January 2025. The president’s motorcade will be,1,1,1,he,FALSE,TRUE,FALSE,FALSE,FALSE,FALSE,FALSE,FALSE,he,FALSE,,"[{""start"":10,""end"":13,""kind"":""he"",""text"":""him""}]",,FALSE,
2024,10,"fiercely protected, and will proceed along a pre-determined route",The next US president will be sworn into office in January 2025. The president’s motorcade will be,1,1,1,other,FALSE,FALSE,FALSE,FALSE,FALSE,FALSE,FALSE,FALSE,none,FALSE,,[],,FALSE,
2024,10,filled with hope and excitement.,The next US president will be sworn into office in January 2025. The president’s motorcade will be,1,1,1,other,FALSE,FALSE,FALSE,FALSE,FALSE,FALSE,FALSE,FALSE,none,FALSE,,[],107,FALSE,
2024,10,for Donald Trump to be sworn in as the 47th President of the United States.,The next US president will be sworn into office in January 2025. The president’s motorcade will be,1,1,1,male_candidate_name,FALSE,FALSE,FALSE,FALSE,FALSE,FALSE,FALSE,FALSE,none,FALSE,,"[{""start"":4,""end"":10,""kind"":""male_candidate_name"",""text"":""Donald""},{""start"":11,""end"":16,""kind"":""male_candidate_name"",""text"":""Trump""}]",,FALSE,
2024,10,full of joy.,The next US president will be sworn into office in January 2025. The president’s motorcade will be,1,1,1,other,FALSE,FALSE,FALSE,FALSE,FALSE,FALSE,FALSE,FALSE,none,FALSE,,[],,FALSE,
2024,10,given the highest security possible.,The next US president will be sworn into office in January 2025. The president’s motorcade will be,1,1,1,other,FALSE,FALSE,FALSE,FALSE,FALSE,FALSE,FALSE,FALSE,none,FALSE,,[],,FALSE,
2024,10,going along the streets of the city before arriving at the Capitol.,The next US president will be sworn into office in January 2025. The president’s motorcade will be,1,1,1,other,FALSE,FALSE,FALSE,FALSE,FALSE,FALSE,FALSE,FALSE,none,FALSE,,[],,FALSE,
2024,10,going down Pennsylvania neighborhood,The next US president will be sworn into office in January 2025. The president’s motorcade will be,1,1,1,other,FALSE,FALSE,FALSE,FALSE,FALSE,FALSE,FALSE,FALSE,none,FALSE,,[],,FALSE,
2024,10,guarded and escorted by the secret service.,The next US president will be sworn into office in January 2025. The president’s motorcade will be,1,1,1,other,FALSE,FALSE,FALSE,FALSE,FALSE,FALSE,FALSE,FALSE,none,FALSE,,[],123,FALSE,
2024,10,happy,The next US president will be sworn into office in January 2025. The president’s motorcade will be,1,1,1,other,FALSE,FALSE,FALSE,FALSE,FALSE,FALSE,FALSE,FALSE,none,FALSE,,[],,TRUE,single-word judgment; single word
2024,10,heavily guarded,The next US president will be sworn into office in January 2025. The president’s motorcade will be,2,2,2,other,FALSE,FALSE,FALSE,FALSE,FALSE,FALSE,FALSE,FALSE,none,FALSE,,[],6,FALSE,
2024,10,heavily guarded as it transports the president to their new home to ensure peaceful transfer of power.,The next US president will be sworn into office in January 2025. The president’s motorcade will be,1,1,1,target_office_np,FALSE,FALSE,TRUE,FALSE,FALSE,FALSE,FALSE,FALSE,they,FALSE,,"[{""start"":33,""end"":46,""kind"":""target_office_np"",""text"":""the president""},{""start"":50,""end"":55,""kind"":""they"",""text"":""their""}]",,FALSE,
2024,10,heavily guarded by Secret Service.,The next US president will be sworn into office in January 2025. The president’s motorcade will be,1,1,1,other,FALSE,FALSE,FALSE,FALSE,FALSE,FALSE,FALSE,FALSE,none,FALSE,,[],,FALSE,
2024,10,heavily guarded going down the road.,The next US president will be sworn into office in January 2025. The president’s motorcade will be,1,1,1,other,FALSE,FALSE,FALSE,FALSE,FALSE,FALSE,FALSE,FALSE,none,FALSE,,[],,FALSE,
2024,10,heavily guarded.,The next US president will be sworn into office in January 2025. The president’s motorcade will be,5,5,5,other,FALSE,FALSE,FALSE,FALSE,FALSE,FALSE,FALSE,FALSE,none,FALSE,,[],,FALSE,
2024,10,heavily secured.,The next US president will be sworn into office in January 2025. The president’s motorcade will be,1,1,1,other,FALSE,FALSE,FALSE,FALSE,FALSE,FALSE,FALSE,FALSE,none,FALSE,,[],,FALSE,
2024,10,highly guarded.,The next US president will be sworn into office in January 2025. The president’s motorcade will be,1,1,1,other,FALSE,FALSE,FALSE,FALSE,FALSE,FALSE,FALSE,FALSE,none,FALSE,,[],,FALSE,
2024,10,highly secure and well coordinated.,The next US president will be sworn into office in January 2025. The president’s motorcade will be,1,1,1,other,FALSE,FALSE,FALSE,FALSE,FALSE,FALSE,FALSE,FALSE,none,FALSE,,[],105,FALSE,
2024,10,highly secure.,The next US president will be sworn into office in January 2025. The president’s motorcade will be,1,1,1,other,FALSE,FALSE,FALSE,FALSE,FALSE,FALSE,FALSE,FALSE,none,FALSE,,[],,FALSE,
2024,10,i dont know,The next US president will be sworn into office in January 2025. The president’s motorcade will be,1,1,1,other,FALSE,FALSE,FALSE,FALSE,FALSE,FALSE,FALSE,FALSE,none,FALSE,,[],,FALSE,
2024,10,large,The next US president will be sworn into office in January 2025. The president’s motorcade will be,2,2,2,other,FALSE,FALSE,FALSE,FALSE,FALSE,FALSE,FALSE,FALSE,none,FALSE,,[],,TRUE,single-word judgment; single word
2024,10,large and impressive.,The next US president will be sworn into office in January 2025. The president’s motorcade will be,1,1,1,other,FALSE,FALSE,FALSE,FALSE,FALSE,FALSE,FALSE,FALSE,none,FALSE,,[],,FALSE,
2024,10,large.,The next US president will be sworn into office in January 2025. The president’s motorcade will be,1,1,1,other,FALSE,FALSE,FALSE,FALSE,FALSE,FALSE,FALSE,FALSE,none,FALSE,,[],,TRUE,single-word judgment; single word
2024,10,leading the way when the celebration begins,The next US president will be sworn into office in January 2025. The president’s motorcade will be,1,1,1,other,FALSE,FALSE,FALSE,FALSE,FALSE,FALSE,FALSE,FALSE,none,FALSE,,[],,FALSE,
2024,10,leaving the White House and proceed down Pennsylvania Avenue to the Capitol.,The next US president will be sworn into office in January 2025. The president’s motorcade will be,1,1,1,other,FALSE,FALSE,FALSE,FALSE,FALSE,FALSE,FALSE,FALSE,none,FALSE,,[],,FALSE,
2024,10,long,The next US president will be sworn into office in January 2025. The president’s motorcade will be,1,1,1,other,FALSE,FALSE,FALSE,FALSE,FALSE,FALSE,FALSE,FALSE,none,FALSE,,[],,TRUE,single-word judgment; single word
2024,10,long.,The next US president will be sworn into office in January 2025. The president’s motorcade will be,2,2,2,other,FALSE,FALSE,FALSE,FALSE,FALSE,FALSE,FALSE,FALSE,none,FALSE,,[],30,TRUE,single-word judgment; single word
2024,10,lubricated. (??? idk what a motorcade is),The next US president will be sworn into office in January 2025. The president’s motorcade will be,1,1,1,other,FALSE,FALSE,FALSE,FALSE,FALSE,FALSE,FALSE,FALSE,none,FALSE,,[],,FALSE,
2024,10,made up of vehicles equipped with advanced technology to protect the president,The next US president will be sworn into office in January 2025. The president’s motorcade will be,1,1,1,target_office_np,FALSE,FALSE,FALSE,FALSE,FALSE,FALSE,FALSE,FALSE,none,FALSE,,"[{""start"":65,""end"":78,""kind"":""target_office_np"",""text"":""the president""}]",,FALSE,
2024,10,more secure than previous years,The next US president will be sworn into office in January 2025. The president’s motorcade will be,1,1,1,other,FALSE,FALSE,FALSE,FALSE,FALSE,FALSE,FALSE,FALSE,none,FALSE,,[],,FALSE,
2024,10,on high alert as they make their way through the streets.,The next US president will be sworn into office in January 2025. The president’s motorcade will be,1,1,1,they,FALSE,FALSE,TRUE,FALSE,FALSE,FALSE,FALSE,FALSE,they,FALSE,,"[{""start"":17,""end"":21,""kind"":""they"",""text"":""they""},{""start"":27,""end"":32,""kind"":""they"",""text"":""their""}]",,FALSE,
2024,10,"part of a long standing tradition, marking the journal from the Capitol to the White House.",The next US president will be sworn into office in January 2025. The president’s motorcade will be,1,1,1,other,FALSE,FALSE,FALSE,FALSE,FALSE,FALSE,FALSE,FALSE,none,FALSE,,[],,FALSE,
2024,10,prepared for parade,The next US president will be sworn into office in January 2025. The president’s motorcade will be,1,1,1,other,FALSE,FALSE,FALSE,FALSE,FALSE,FALSE,FALSE,FALSE,none,FALSE,,[],,FALSE,
2024,10,present and therefore driven during the ceremony.,The next US president will be sworn into office in January 2025. The president’s motorcade will be,1,1,1,other,FALSE,FALSE,FALSE,FALSE,FALSE,FALSE,FALSE,FALSE,none,FALSE,,[],,FALSE,
2024,10,present at the event.,The next US president will be sworn into office in January 2025. The president’s motorcade will be,1,1,1,other,FALSE,FALSE,FALSE,FALSE,FALSE,FALSE,FALSE,FALSE,none,FALSE,,[],,FALSE,
2024,10,presidental.,The next US president will be sworn into office in January 2025. The president’s motorcade will be,1,1,1,target_office_np,FALSE,FALSE,FALSE,FALSE,FALSE,FALSE,FALSE,FALSE,none,FALSE,,"[{""start"":0,""end"":11,""kind"":""target_office_np"",""text"":""presidental""}]",,TRUE,single-word judgment; single word
2024,10,presidential escort,The next US president will be sworn into office in January 2025. The president’s motorcade will be,1,1,1,target_office_np,FALSE,FALSE,FALSE,FALSE,FALSE,FALSE,FALSE,FALSE,none,FALSE,,"[{""start"":0,""end"":12,""kind"":""target_office_np"",""text"":""presidential""}]",117,FALSE,
2024,10,protected by a lot of security.,The next US president will be sworn into office in January 2025. The president’s motorcade will be,1,1,1,other,FALSE,FALSE,FALSE,FALSE,FALSE,FALSE,FALSE,FALSE,none,FALSE,,[],,FALSE,
2024,10,protected by the secret service.,The next US president will be sworn into office in January 2025. The president’s motorcade will be,2,2,2,other,FALSE,FALSE,FALSE,FALSE,FALSE,FALSE,FALSE,FALSE,none,FALSE,,[],,FALSE,
2024,10,"quite large, following multiple assassination attempts.",The next US president will be sworn into office in January 2025. The president’s motorcade will be,1,1,1,other,FALSE,FALSE,FALSE,FALSE,FALSE,FALSE,FALSE,FALSE,none,FALSE,,[],,FALSE,
2024,10,quite long.,The next US president will be sworn into office in January 2025. The president’s motorcade will be,1,1,1,other,FALSE,FALSE,FALSE,FALSE,FALSE,FALSE,FALSE,FALSE,none,FALSE,,[],,FALSE,
2024,10,ready to go,The next US president will be sworn into office in January 2025. The president’s motorcade will be,1,1,1,other,FALSE,FALSE,FALSE,FALSE,FALSE,FALSE,FALSE,FALSE,none,FALSE,,[],,FALSE,
2024,10,responsible for driving the president to the correct location.,The next US president will be sworn into office in January 2025. The president’s motorcade will be,1,1,1,target_office_np,FALSE,FALSE,FALSE,FALSE,FALSE,FALSE,FALSE,FALSE,none,FALSE,,"[{""start"":24,""end"":37,""kind"":""target_office_np"",""text"":""the president""}]",38,FALSE,
2024,10,surrounded by extremely heightened security especially if its Trump since everyone wants to take a shot at him.,The next US president will be sworn into office in January 2025. The president’s motorcade will be,1,1,1,male_candidate_name,FALSE,TRUE,FALSE,FALSE,FALSE,FALSE,FALSE,FALSE,he,FALSE,,"[{""start"":62,""end"":67,""kind"":""male_candidate_name"",""text"":""Trump""},{""start"":107,""end"":110,""kind"":""he"",""text"":""him""}]",,FALSE,
2024,10,the 46th president.,The next US president will be sworn into office in January 2025. The president’s motorcade will be,1,1,1,other,FALSE,FALSE,FALSE,FALSE,FALSE,FALSE,FALSE,FALSE,none,FALSE,,[],,FALSE,
2024,10,then taking the president to the White House to hold a press conference.,The next US president will be sworn into office in January 2025. The president’s motorcade will be,1,1,1,target_office_np,FALSE,FALSE,FALSE,FALSE,FALSE,FALSE,FALSE,FALSE,none,FALSE,,"[{""start"":12,""end"":25,""kind"":""target_office_np"",""text"":""the president""}]",,FALSE,
2024,10,very large.,The next US president will be sworn into office in January 2025. The president’s motorcade will be,1,1,1,other,FALSE,FALSE,FALSE,FALSE,FALSE,FALSE,FALSE,FALSE,none,FALSE,,[],50,FALSE,
2024,10,very long and protected by the secret service.,The next US president will be sworn into office in January 2025. The president’s motorcade will be,1,1,1,other,FALSE,FALSE,FALSE,FALSE,FALSE,FALSE,FALSE,FALSE,none,FALSE,,[],,FALSE,
2024,10,"viewed by millions of people , there will be extra security to ensure the entire procedure runs very smoothly",The next US president will be sworn into office in January 2025. The president’s motorcade will be,1,1,1,other,FALSE,FALSE,FALSE,FALSE,FALSE,FALSE,FALSE,FALSE,none,FALSE,,[],,TRUE,long
2024,10,waiting to drive him or her to the White House after the swearing in ceremony.,The next US president will be sworn into office in January 2025. The president’s motorcade will be,1,1,1,hedged,FALSE,FALSE,FALSE,TRUE,FALSE,FALSE,FALSE,FALSE,hedged,FALSE,,"[{""start"":17,""end"":27,""kind"":""hedged"",""text"":""him or her""}]",,TRUE,coreference judged by hand
2024,10,waving Republican banners,The next US president will be sworn into office in January 2025. The president’s motorcade will be,1,1,1,other,FALSE,FALSE,FALSE,FALSE,FALSE,FALSE,FALSE,FALSE,none,FALSE,,[],,FALSE,
2024,10,"well-guarded and protected by the Secret Service in a wide perimeter, making  her quite safe.",The next US president will be sworn into office in January 2025. The president’s motorcade will be,1,1,1,she,TRUE,FALSE,FALSE,FALSE,FALSE,FALSE,FALSE,FALSE,she,FALSE,,"[{""start"":78,""end"":81,""kind"":""she"",""text"":""her""}]",,FALSE,
2024,10,will be escorted by the secret service,The next US president will be sworn into office in January 2025. The president’s motorcade will be,1,1,1,other,FALSE,FALSE,FALSE,FALSE,FALSE,FALSE,FALSE,FALSE,none,FALSE,,[],,FALSE,
2024,10,will be well protected.,The next US president will be sworn into office in January 2025. The president’s motorcade will be,1,1,1,other,FALSE,FALSE,FALSE,FALSE,FALSE,FALSE,FALSE,FALSE,none,FALSE,,[],,FALSE,
2024,10,will long and distinguished.,The next US president will be sworn into office in January 2025. The president’s motorcade will be,1,1,1,other,FALSE,FALSE,FALSE,FALSE,FALSE,FALSE,FALSE,FALSE,none,FALSE,,[],,FALSE,
2024,11,FOLLOWED BY THE PRESS WHEREVER THEY GO,"The next US president will be sworn into office in January 2025. Once the general election is over, the president will be followed by the press wherever",1,1,1,they,FALSE,FALSE,TRUE,FALSE,FALSE,FALSE,FALSE,FALSE,they,TRUE,copied_context,"[{""start"":31,""end"":35,""kind"":""they"",""text"":""THEY""}]",,TRUE,all caps
2024,11,He goes,"The next US president will be sworn into office in January 2025. Once the general election is over, the president will be followed by the press wherever",1,1,1,he,FALSE,TRUE,FALSE,FALSE,FALSE,FALSE,FALSE,FALSE,he,FALSE,,"[{""start"":0,""end"":2,""kind"":""he"",""text"":""He""}]",,FALSE,
2024,11,He goes and constantly.,"The next US president will be sworn into office in January 2025. Once the general election is over, the president will be followed by the press wherever",1,1,1,he,FALSE,TRUE,FALSE,FALSE,FALSE,FALSE,FALSE,FALSE,he,FALSE,,"[{""start"":0,""end"":2,""kind"":""he"",""text"":""He""}]",,FALSE,
2024,11,"He goes, and lied about whenever he is on tv to divide the American people even futher.","The next US president will be sworn into office in January 2025. Once the general election is over, the president will be followed by the press wherever",1,1,1,he,FALSE,TRUE,FALSE,FALSE,FALSE,FALSE,FALSE,FALSE,he,FALSE,,"[{""start"":0,""end"":2,""kind"":""he"",""text"":""He""},{""start"":33,""end"":35,""kind"":""he"",""text"":""he""}]",,FALSE,
2024,11,They go to.,"The next US president will be sworn into office in January 2025. Once the general election is over, the president will be followed by the press wherever",1,1,1,they,FALSE,FALSE,TRUE,FALSE,FALSE,FALSE,FALSE,FALSE,they,FALSE,,"[{""start"":0,""end"":4,""kind"":""they"",""text"":""They""}]",,FALSE,
2024,11,"a renewed focus on restoring trust in government, promising transparency and accountability while working to rebuild relationships both domestically and internationally.","The next US president will be sworn into office in January 2025. Once the general election is over, the president will be followed by the press wherever",1,1,1,other,FALSE,FALSE,FALSE,FALSE,FALSE,FALSE,FALSE,FALSE,none,TRUE,doesnt_make_sense,[],,TRUE,pasted-text judgment; long
2024,11,he decides to allow them to.,"The next US president will be sworn into office in January 2025. Once the general election is over, the president will be followed by the press wherever",1,1,1,he,FALSE,TRUE,FALSE,FALSE,FALSE,FALSE,FALSE,FALSE,he,FALSE,,"[{""start"":0,""end"":2,""kind"":""he"",""text"":""he""},{""start"":20,""end"":24,""kind"":""they"",""text"":""them""}]",,TRUE,coreference judged by hand
2024,11,he decides to go and do,"The next US president will be sworn into office in January 2025. Once the general election is over, the president will be followed by the press wherever",1,1,0,he,FALSE,TRUE,FALSE,FALSE,FALSE,FALSE,FALSE,FALSE,he,FALSE,,"[{""start"":0,""end"":2,""kind"":""he"",""text"":""he""}]",,FALSE,
2024,11,he go.,"The next US president will be sworn into office in January 2025. Once the general election is over, the president will be followed by the press wherever",1,1,1,he,FALSE,TRUE,FALSE,FALSE,FALSE,FALSE,FALSE,FALSE,he,FALSE,,"[{""start"":0,""end"":2,""kind"":""he"",""text"":""he""}]",149,FALSE,
2024,11,he goes,"The next US president will be sworn into office in January 2025. Once the general election is over, the president will be followed by the press wherever",5,5,5,he,FALSE,TRUE,FALSE,FALSE,FALSE,FALSE,FALSE,FALSE,he,FALSE,,"[{""start"":0,""end"":2,""kind"":""he"",""text"":""he""}]",61,FALSE,
2024,11,he goes and speaks,"The next US president will be sworn into office in January 2025. Once the general election is over, the president will be followed by the press wherever",1,1,1,he,FALSE,TRUE,FALSE,FALSE,FALSE,FALSE,FALSE,FALSE,he,FALSE,,"[{""start"":0,""end"":2,""kind"":""he"",""text"":""he""}]",,FALSE,
2024,11,he goes and they will report on everything he does.,"The next US president will be sworn into office in January 2025. Once the general election is over, the president will be followed by the press wherever",1,1,1,he,FALSE,TRUE,FALSE,FALSE,FALSE,FALSE,FALSE,FALSE,he,FALSE,,"[{""start"":0,""end"":2,""kind"":""he"",""text"":""he""},{""start"":12,""end"":16,""kind"":""they"",""text"":""they""},{""start"":43,""end"":45,""kind"":""he"",""text"":""he""}]",,TRUE,coreference judged by hand
2024,11,he goes in the United States.,"The next US president will be sworn into office in January 2025. Once the general election is over, the president will be followed by the press wherever",1,1,1,he,FALSE,TRUE,FALSE,FALSE,FALSE,FALSE,FALSE,FALSE,he,FALSE,,"[{""start"":0,""end"":2,""kind"":""he"",""text"":""he""}]",,FALSE,
2024,11,he goes or does.,"The next US president will be sworn into office in January 2025. Once the general election is over, the president will be followed by the press wherever",1,1,1,he,FALSE,TRUE,FALSE,FALSE,FALSE,FALSE,FALSE,FALSE,he,FALSE,,"[{""start"":0,""end"":2,""kind"":""he"",""text"":""he""}]",,FALSE,
2024,11,he goes or travels.,"The next US president will be sworn into office in January 2025. Once the general election is over, the president will be followed by the press wherever",1,1,1,he,FALSE,TRUE,FALSE,FALSE,FALSE,FALSE,FALSE,FALSE,he,FALSE,,"[{""start"":0,""end"":2,""kind"":""he"",""text"":""he""}]",,FALSE,
2024,11,he goes to speak to the public or meet with dignitaries.,"The next US president will be sworn into office in January 2025. Once the general election is over, the president will be followed by the press wherever",1,1,1,he,FALSE,TRUE,FALSE,FALSE,FALSE,FALSE,FALSE,FALSE,he,FALSE,,"[{""start"":0,""end"":2,""kind"":""he"",""text"":""he""}]",,FALSE,
2024,11,he goes.,"The next US president will be sworn into office in January 2025. Once the general election is over, the president will be followed by the press wherever",28,28,28,he,FALSE,TRUE,FALSE,FALSE,FALSE,FALSE,FALSE,FALSE,he,FALSE,,"[{""start"":0,""end"":2,""kind"":""he"",""text"":""he""}]",,FALSE,
2024,11,he goes. Even if it's to the golf course every day.,"The next US president will be sworn into office in January 2025. Once the general election is over, the president will be followed by the press wherever",1,1,1,he,FALSE,TRUE,FALSE,FALSE,FALSE,FALSE,FALSE,FALSE,he,FALSE,,"[{""start"":0,""end"":2,""kind"":""he"",""text"":""he""}]",,FALSE,
2024,11,he or she goes.,"The next US president will be sworn into office in January 2025. Once the general election is over, the president will be followed by the press wherever",3,3,3,hedged,FALSE,FALSE,FALSE,TRUE,FALSE,FALSE,FALSE,FALSE,hedged,FALSE,,"[{""start"":0,""end"":9,""kind"":""hedged"",""text"":""he or she""}]",,TRUE,coreference judged by hand
2024,11,he or she lives.,"The next US president will be sworn into office in January 2025. Once the general election is over, the president will be followed by the press wherever",1,1,1,hedged,FALSE,FALSE,FALSE,TRUE,FALSE,FALSE,FALSE,FALSE,hedged,FALSE,,"[{""start"":0,""end"":9,""kind"":""hedged"",""text"":""he or she""}]",,TRUE,coreference judged by hand
2024,11,he/she goes and whatever they do leading up to their time at inaugoration,"The next US president will be sworn into office in January 2025. Once the general election is over, the president will be followed by the press wherever",1,1,1,hedged,FALSE,FALSE,TRUE,TRUE,FALSE,FALSE,FALSE,FALSE,hedged,FALSE,,"[{""start"":0,""end"":6,""kind"":""hedged"",""text"":""he/she""},{""start"":25,""end"":29,""kind"":""they"",""text"":""they""},{""start"":47,""end"":52,""kind"":""they"",""text"":""their""}]",,TRUE,coreference judged by hand
2024,11,he/she goes under a microscope in order to see how this person helps the country after this important election.,"The next US president will be sworn into office in January 2025. Once the general election is over, the president will be followed by the press wherever",1,1,1,hedged,FALSE,FALSE,FALSE,TRUE,FALSE,FALSE,FALSE,FALSE,hedged,FALSE,,"[{""start"":0,""end"":6,""kind"":""hedged"",""text"":""he/she""}]",,TRUE,coreference judged by hand; long
2024,11,his appointments or obligations may lead him.,"The next US president will be sworn into office in January 2025. Once the general election is over, the president will be followed by the press wherever",1,1,1,he,FALSE,TRUE,FALSE,FALSE,FALSE,FALSE,FALSE,FALSE,he,FALSE,,"[{""start"":0,""end"":3,""kind"":""he"",""text"":""his""},{""start"":41,""end"":44,""kind"":""he"",""text"":""him""}]",,FALSE,
2024,11,she goes,"The next US president will be sworn into office in January 2025. Once the general election is over, the president will be followed by the press wherever",1,1,1,she,TRUE,FALSE,FALSE,FALSE,FALSE,FALSE,FALSE,FALSE,she,FALSE,,"[{""start"":0,""end"":3,""kind"":""she"",""text"":""she""}]",80,FALSE,
2024,11,she goes.,"The next US president will be sworn into office in January 2025. Once the general election is over, the president will be followed by the press wherever",7,7,7,she,TRUE,FALSE,FALSE,FALSE,FALSE,FALSE,FALSE,FALSE,she,FALSE,,"[{""start"":0,""end"":3,""kind"":""she"",""text"":""she""}]",,FALSE,
2024,11,they are in public.,"The next US president will be sworn into office in January 2025. Once the general election is over, the president will be followed by the press wherever",1,1,1,they,FALSE,FALSE,TRUE,FALSE,FALSE,FALSE,FALSE,FALSE,they,FALSE,,"[{""start"":0,""end"":4,""kind"":""they"",""text"":""they""}]",,FALSE,
2024,11,they do anything,"The next US president will be sworn into office in January 2025. Once the general election is over, the president will be followed by the press wherever",1,1,1,they,FALSE,FALSE,TRUE,FALSE,FALSE,FALSE,FALSE,FALSE,they,FALSE,,"[{""start"":0,""end"":4,""kind"":""they"",""text"":""they""}]",,FALSE,
2024,11,they go,"The next US president will be sworn into office in January 2025. Once the general election is over, the president will be followed by the press wherever",6,6,6,they,FALSE,FALSE,TRUE,FALSE,FALSE,FALSE,FALSE,FALSE,they,FALSE,,"[{""start"":0,""end"":4,""kind"":""they"",""text"":""they""}]",,FALSE,
2024,11,they go across the United states an abroad.,"The next US president will be sworn into office in January 2025. Once the general election is over, the president will be followed by the press wherever",1,1,1,they,FALSE,FALSE,TRUE,FALSE,FALSE,FALSE,FALSE,FALSE,they,FALSE,,"[{""start"":0,""end"":4,""kind"":""they"",""text"":""they""}]",,FALSE,
2024,11,they go and whatever they do.,"The next US president will be sworn into office in January 2025. Once the general election is over, the president will be followed by the press wherever",2,2,2,they,FALSE,FALSE,TRUE,FALSE,FALSE,FALSE,FALSE,FALSE,they,FALSE,,"[{""start"":0,""end"":4,""kind"":""they"",""text"":""they""},{""start"":21,""end"":25,""kind"":""they"",""text"":""they""}]",,FALSE,
2024,11,they go for precaution and general security concerns.,"The next US president will be sworn into office in January 2025. Once the general election is over, the president will be followed by the press wherever",1,1,1,they,FALSE,FALSE,TRUE,FALSE,FALSE,FALSE,FALSE,FALSE,they,FALSE,,"[{""start"":0,""end"":4,""kind"":""they"",""text"":""they""}]",,FALSE,
2024,11,they go to prepare for the necessary presidential transitions and training needed.,"The next US president will be sworn into office in January 2025. Once the general election is over, the president will be followed by the press wherever",1,1,1,they,FALSE,FALSE,TRUE,FALSE,FALSE,FALSE,FALSE,FALSE,they,FALSE,,"[{""start"":0,""end"":4,""kind"":""they"",""text"":""they""},{""start"":37,""end"":49,""kind"":""target_office_np"",""text"":""presidential""}]",,FALSE,
2024,11,"they go, asking repeatedly if the election was completed fairly.","The next US president will be sworn into office in January 2025. Once the general election is over, the president will be followed by the press wherever",1,1,1,they,FALSE,FALSE,TRUE,FALSE,FALSE,FALSE,FALSE,FALSE,they,FALSE,,"[{""start"":0,""end"":4,""kind"":""they"",""text"":""they""}]",,FALSE,
2024,11,"they go, covering every major decision, public appearance, and policy announcement to keep the nation informed.","The next US president will be sworn into office in January 2025. Once the general election is over, the president will be followed by the press wherever",1,1,1,they,FALSE,FALSE,TRUE,FALSE,FALSE,FALSE,FALSE,FALSE,they,FALSE,,"[{""start"":0,""end"":4,""kind"":""they"",""text"":""they""}]",,TRUE,coreference judged by hand
2024,11,"they go, covering their every move and decision.","The next US president will be sworn into office in January 2025. Once the general election is over, the president will be followed by the press wherever",1,1,1,they,FALSE,FALSE,TRUE,FALSE,FALSE,FALSE,FALSE,FALSE,they,FALSE,,"[{""start"":0,""end"":4,""kind"":""they"",""text"":""they""},{""start"":18,""end"":23,""kind"":""they"",""text"":""their""}]",,FALSE,
2024,11,they go.,"The next US president will be sworn into office in January 2025. Once the general election is over, the president will be followed by the press wherever",29,29,27,they,FALSE,FALSE,TRUE,FALSE,FALSE,FALSE,FALSE,FALSE,they,FALSE,,"[{""start"":0,""end"":4,""kind"":""they"",""text"":""they""}]",,FALSE,
2024,11,they have a responsibility to report.,"The next US president will be sworn into office in January 2025. Once the general election is over, the president will be followed by the press wherever",1,1,1,they,FALSE,FALSE,TRUE,FALSE,FALSE,FALSE,FALSE,FALSE,they,FALSE,,"[{""start"":0,""end"":4,""kind"":""they"",""text"":""they""}]",,FALSE,
2024,11,they travel and speak,"The next US president will be sworn into office in January 2025. Once the general election is over, the president will be followed by the press wherever",1,1,1,they,FALSE,FALSE,TRUE,FALSE,FALSE,FALSE,FALSE,FALSE,they,FALSE,,"[{""start"":0,""end"":4,""kind"":""they"",""text"":""they""}]",,FALSE,
2024,12,...the safety and security of the president during their travels.,"The next US president will be sworn into office in January 2025. Air Force One, the aircraft that will transport the president, is well-equipped to guarantee",1,1,1,target_office_np,FALSE,FALSE,TRUE,FALSE,FALSE,FALSE,FALSE,FALSE,they,FALSE,,"[{""start"":30,""end"":43,""kind"":""target_office_np"",""text"":""the president""},{""start"":51,""end"":56,""kind"":""they"",""text"":""their""}]",21,FALSE,
2024,12,A safe pick up and delivery,"The next US president will be sworn into office in January 2025. Air Force One, the aircraft that will transport the president, is well-equipped to guarantee",1,1,1,other,FALSE,FALSE,FALSE,FALSE,FALSE,FALSE,FALSE,FALSE,none,FALSE,,[],,FALSE,
2024,12,A safer and more prosperous United States of America,"The next US president will be sworn into office in January 2025. Air Force One, the aircraft that will transport the president, is well-equipped to guarantee",1,1,1,other,FALSE,FALSE,FALSE,FALSE,FALSE,FALSE,FALSE,FALSE,none,FALSE,,[],,FALSE,
2024,12,Donald Trump will win.,"The next US president will be sworn into office in January 2025. Air Force One, the aircraft that will transport the president, is well-equipped to guarantee",1,1,1,male_candidate_name,FALSE,FALSE,FALSE,FALSE,FALSE,FALSE,FALSE,FALSE,none,FALSE,,"[{""start"":0,""end"":6,""kind"":""male_candidate_name"",""text"":""Donald""},{""start"":7,""end"":12,""kind"":""male_candidate_name"",""text"":""Trump""}]",,FALSE,
2024,12,His delivery.,"The next US president will be sworn into office in January 2025. Air Force One, the aircraft that will transport the president, is well-equipped to guarantee",1,1,1,he,FALSE,TRUE,FALSE,FALSE,FALSE,FALSE,FALSE,FALSE,he,FALSE,,"[{""start"":0,""end"":3,""kind"":""he"",""text"":""His""}]",,FALSE,
2024,12,REDACTED_PROLIFIC_ID,"The next US president will be sworn into office in January 2025. Air Force One, the aircraft that will transport the president, is well-equipped to guarantee",1,1,1,other,FALSE,FALSE,FALSE,FALSE,FALSE,FALSE,FALSE,FALSE,none,TRUE,pasted_id,[],,TRUE,all caps; single word
2024,12,Safe flying,"The next US president will be sworn into office in January 2025. Air Force One, the aircraft that will transport the president, is well-equipped to guarantee",1,1,1,other,FALSE,FALSE,FALSE,FALSE,FALSE,FALSE,FALSE,FALSE,none,FALSE,,[],,FALSE,
2024,12,That the person elected gets to their destinations safely.,"The next US president will be sworn into office in January 2025. Air Force One, the aircraft that will transport the president, is well-equipped to guarantee",1,1,1,they,FALSE,FALSE,TRUE,FALSE,FALSE,FALSE,FALSE,FALSE,they,FALSE,,"[{""start"":32,""end"":37,""kind"":""they"",""text"":""their""}]",,FALSE,
2024,12,"The president's safety, comfort, and ability to conduct important communications and decision-making while traveling.","The next US president will be sworn into office in January 2025. Air Force One, the aircraft that will transport the president, is well-equipped to guarantee",1,1,1,target_office_np,FALSE,FALSE,FALSE,FALSE,FALSE,FALSE,FALSE,FALSE,none,FALSE,,"[{""start"":0,""end"":13,""kind"":""target_office_np"",""text"":""The president""}]",,FALSE,
2024,12,Trump's safe arrival.,"The next US president will be sworn into office in January 2025. Air Force One, the aircraft that will transport the president, is well-equipped to guarantee",1,1,1,male_candidate_name,FALSE,FALSE,FALSE,FALSE,FALSE,FALSE,FALSE,FALSE,none,FALSE,,"[{""start"":0,""end"":5,""kind"":""male_candidate_name"",""text"":""Trump""}]",,FALSE,
2024,12,a safe flight.,"The next US president will be sworn into office in January 2025. Air Force One, the aircraft that will transport the president, is well-equipped to guarantee",1,1,1,other,FALSE,FALSE,FALSE,FALSE,FALSE,FALSE,FALSE,FALSE,none,FALSE,,[],,FALSE,
2024,12,a safe transport and arrival of the president.,"The next US president will be sworn into office in January 2025. Air Force One, the aircraft that will transport the president, is well-equipped to guarantee",1,1,1,target_office_np,FALSE,FALSE,FALSE,FALSE,FALSE,FALSE,FALSE,FALSE,none,FALSE,,"[{""start"":32,""end"":45,""kind"":""target_office_np"",""text"":""the president""}]",,FALSE,
2024,12,a smooth transition.,"The next US president will be sworn into office in January 2025. Air Force One, the aircraft that will transport the president, is well-equipped to guarantee",1,1,1,other,FALSE,FALSE,FALSE,FALSE,FALSE,FALSE,FALSE,FALSE,none,FALSE,,[],,FALSE,
2024,12,adequate security for the president,"The next US president will be sworn into office in January 2025. Air Force One, the aircraft that will transport the president, is well-equipped to guarantee",1,1,1,target_office_np,FALSE,FALSE,FALSE,FALSE,FALSE,FALSE,FALSE,FALSE,none,FALSE,,"[{""start"":22,""end"":35,""kind"":""target_office_np"",""text"":""the president""}]",,FALSE,
2024,12,for the President's safety,"The next US president will be sworn into office in January 2025. Air Force One, the aircraft that will transport the president, is well-equipped to guarantee",1,1,0,target_office_np,FALSE,FALSE,FALSE,FALSE,FALSE,FALSE,FALSE,FALSE,none,FALSE,,"[{""start"":4,""end"":17,""kind"":""target_office_np"",""text"":""the President""}]",,FALSE,
2024,12,he gets there on time.,"The next US president will be sworn into office in January 2025. Air Force One, the aircraft that will transport the president, is well-equipped to guarantee",1,1,1,he,FALSE,TRUE,FALSE,FALSE,FALSE,FALSE,FALSE,FALSE,he,FALSE,,"[{""start"":0,""end"":2,""kind"":""he"",""text"":""he""}]",,FALSE,
2024,12,her safety.,"The next US president will be sworn into office in January 2025. Air Force One, the aircraft that will transport the president, is well-equipped to guarantee",1,1,1,she,TRUE,FALSE,FALSE,FALSE,FALSE,FALSE,FALSE,FALSE,she,FALSE,,"[{""start"":0,""end"":3,""kind"":""she"",""text"":""her""}]",,FALSE,
2024,12,his arrival to the ceremony.,"The next US president will be sworn into office in January 2025. Air Force One, the aircraft that will transport the president, is well-equipped to guarantee",1,1,1,he,FALSE,TRUE,FALSE,FALSE,FALSE,FALSE,FALSE,FALSE,he,FALSE,,"[{""start"":0,""end"":3,""kind"":""he"",""text"":""his""}]",,FALSE,
2024,12,"his safe arrival in Washington, D.C.","The next US president will be sworn into office in January 2025. Air Force One, the aircraft that will transport the president, is well-equipped to guarantee",1,1,1,he,FALSE,TRUE,FALSE,FALSE,FALSE,FALSE,FALSE,FALSE,he,FALSE,,"[{""start"":0,""end"":3,""kind"":""he"",""text"":""his""}]",,FALSE,
2024,12,his safe arrival.,"The next US president will be sworn into office in January 2025. Air Force One, the aircraft that will transport the president, is well-equipped to guarantee",1,1,1,he,FALSE,TRUE,FALSE,FALSE,FALSE,FALSE,FALSE,FALSE,he,FALSE,,"[{""start"":0,""end"":3,""kind"":""he"",""text"":""his""}]",,FALSE,
2024,12,his safe deivery to his destination.,"The next US president will be sworn into office in January 2025. Air Force One, the aircraft that will transport the president, is well-equipped to guarantee",1,1,1,he,FALSE,TRUE,FALSE,FALSE,FALSE,FALSE,FALSE,FALSE,he,FALSE,,"[{""start"":0,""end"":3,""kind"":""he"",""text"":""his""},{""start"":20,""end"":23,""kind"":""he"",""text"":""his""}]",,FALSE,
2024,12,his safe trasport.,"The next US president will be sworn into office in January 2025. Air Force One, the aircraft that will transport the president, is well-equipped to guarantee",1,1,1,he,FALSE,TRUE,FALSE,FALSE,FALSE,FALSE,FALSE,FALSE,he,FALSE,,"[{""start"":0,""end"":3,""kind"":""he"",""text"":""his""}]",,FALSE,
2024,12,his safety,"The next US president will be sworn into office in January 2025. Air Force One, the aircraft that will transport the president, is well-equipped to guarantee",1,1,1,he,FALSE,TRUE,FALSE,FALSE,FALSE,FALSE,FALSE,FALSE,he,FALSE,,"[{""start"":0,""end"":3,""kind"":""he"",""text"":""his""}]",,FALSE,
2024,12,his safety.,"The next US president will be sworn into office in January 2025. Air Force One, the aircraft that will transport the president, is well-equipped to guarantee",1,1,1,he,FALSE,TRUE,FALSE,FALSE,FALSE,FALSE,FALSE,FALSE,he,FALSE,,"[{""start"":0,""end"":3,""kind"":""he"",""text"":""his""}]",,FALSE,
2024,12,maximum safety and security as well as extra amenities for the most comfortable ride.,"The next US president will be sworn into office in January 2025. Air Force One, the aircraft that will transport the president, is well-equipped to guarantee",1,1,1,other,FALSE,FALSE,FALSE,FALSE,FALSE,FALSE,FALSE,FALSE,none,FALSE,,[],,FALSE,
2024,12,proper security to ensure safety,"The next US president will be sworn into office in January 2025. Air Force One, the aircraft that will transport the president, is well-equipped to guarantee",1,1,1,other,FALSE,FALSE,FALSE,FALSE,FALSE,FALSE,FALSE,FALSE,none,FALSE,,[],,FALSE,
2024,12,safe and protected passage,"The next US president will be sworn into office in January 2025. Air Force One, the aircraft that will transport the president, is well-equipped to guarantee",1,1,1,other,FALSE,FALSE,FALSE,FALSE,FALSE,FALSE,FALSE,FALSE,none,FALSE,,[],,FALSE,
2024,12,safe and quick travel to where the next US president needs to be.,"The next US president will be sworn into office in January 2025. Air Force One, the aircraft that will transport the president, is well-equipped to guarantee",1,1,1,target_office_np,FALSE,FALSE,FALSE,FALSE,FALSE,FALSE,FALSE,FALSE,none,FALSE,,"[{""start"":40,""end"":52,""kind"":""target_office_np"",""text"":""US president""}]",126,FALSE,
2024,12,safe and timely transport in the course of their duties.,"The next US president will be sworn into office in January 2025. Air Force One, the aircraft that will transport the president, is well-equipped to guarantee",1,1,1,they,FALSE,FALSE,TRUE,FALSE,FALSE,FALSE,FALSE,FALSE,they,FALSE,,"[{""start"":43,""end"":48,""kind"":""they"",""text"":""their""}]",,FALSE,
2024,12,safe arrival and departure of the president that day.,"The next US president will be sworn into office in January 2025. Air Force One, the aircraft that will transport the president, is well-equipped to guarantee",1,1,1,target_office_np,FALSE,FALSE,FALSE,FALSE,FALSE,FALSE,FALSE,FALSE,none,FALSE,,"[{""start"":30,""end"":43,""kind"":""target_office_np"",""text"":""the president""}]",,FALSE,
2024,12,safe arrival.,"The next US president will be sworn into office in January 2025. Air Force One, the aircraft that will transport the president, is well-equipped to guarantee",1,1,1,other,FALSE,FALSE,FALSE,FALSE,FALSE,FALSE,FALSE,FALSE,none,FALSE,,[],17,FALSE,
2024,12,safe flights for the president while in office.,"The next US president will be sworn into office in January 2025. Air Force One, the aircraft that will transport the president, is well-equipped to guarantee",1,1,1,target_office_np,FALSE,FALSE,FALSE,FALSE,FALSE,FALSE,FALSE,FALSE,none,FALSE,,"[{""start"":17,""end"":30,""kind"":""target_office_np"",""text"":""the president""}]",,FALSE,
2024,12,safe transport.,"The next US president will be sworn into office in January 2025. Air Force One, the aircraft that will transport the president, is well-equipped to guarantee",1,1,1,other,FALSE,FALSE,FALSE,FALSE,FALSE,FALSE,FALSE,FALSE,none,FALSE,,[],135,FALSE,
2024,12,safe travel,"The next US president will be sworn into office in January 2025. Air Force One, the aircraft that will transport the president, is well-equipped to guarantee",1,1,1,other,FALSE,FALSE,FALSE,FALSE,FALSE,FALSE,FALSE,FALSE,none,FALSE,,[],,FALSE,
2024,12,safe travels around the World.,"The next US president will be sworn into office in January 2025. Air Force One, the aircraft that will transport the president, is well-equipped to guarantee",1,1,1,other,FALSE,FALSE,FALSE,FALSE,FALSE,FALSE,FALSE,FALSE,none,FALSE,,[],,FALSE,
2024,12,safety,"The next US president will be sworn into office in January 2025. Air Force One, the aircraft that will transport the president, is well-equipped to guarantee",7,7,7,other,FALSE,FALSE,FALSE,FALSE,FALSE,FALSE,FALSE,FALSE,none,FALSE,,[],,TRUE,single-word judgment; single word
2024,12,safety and security while the president travels.,"The next US president will be sworn into office in January 2025. Air Force One, the aircraft that will transport the president, is well-equipped to guarantee",1,1,1,target_office_np,FALSE,FALSE,FALSE,FALSE,FALSE,FALSE,FALSE,FALSE,none,FALSE,,"[{""start"":26,""end"":39,""kind"":""target_office_np"",""text"":""the president""}]",,FALSE,
2024,12,safety of others.,"The next US president will be sworn into office in January 2025. Air Force One, the aircraft that will transport the president, is well-equipped to guarantee",1,1,0,other,FALSE,FALSE,FALSE,FALSE,FALSE,FALSE,FALSE,FALSE,none,FALSE,,[],,FALSE,
2024,12,safety of the president during the flight.,"The next US president will be sworn into office in January 2025. Air Force One, the aircraft that will transport the president, is well-equipped to guarantee",1,1,1,target_office_np,FALSE,FALSE,FALSE,FALSE,FALSE,FALSE,FALSE,FALSE,none,FALSE,,"[{""start"":10,""end"":23,""kind"":""target_office_np"",""text"":""the president""}]",,FALSE,
2024,12,safety.,"The next US president will be sworn into office in January 2025. Air Force One, the aircraft that will transport the president, is well-equipped to guarantee",3,3,3,other,FALSE,FALSE,FALSE,FALSE,FALSE,FALSE,FALSE,FALSE,none,FALSE,,[],,TRUE,single-word judgment; single word
2024,12,security and defense systems,"The next US president will be sworn into office in January 2025. Air Force One, the aircraft that will transport the president, is well-equipped to guarantee",1,1,1,other,FALSE,FALSE,FALSE,FALSE,FALSE,FALSE,FALSE,FALSE,none,FALSE,,[],,FALSE,
2024,12,she will arrive safely.,"The next US president will be sworn into office in January 2025. Air Force One, the aircraft that will transport the president, is well-equipped to guarantee",1,1,1,she,TRUE,FALSE,FALSE,FALSE,FALSE,FALSE,FALSE,FALSE,she,FALSE,,"[{""start"":0,""end"":3,""kind"":""she"",""text"":""she""}]",,FALSE,
2024,12,that the government functions can still be carried out while in the air.,"The next US president will be sworn into office in January 2025. Air Force One, the aircraft that will transport the president, is well-equipped to guarantee",1,1,1,other,FALSE,FALSE,FALSE,FALSE,FALSE,FALSE,FALSE,FALSE,none,FALSE,,[],,FALSE,
2024,12,that the new president will arrive safely and on time.,"The next US president will be sworn into office in January 2025. Air Force One, the aircraft that will transport the president, is well-equipped to guarantee",1,1,1,target_office_np,FALSE,FALSE,FALSE,FALSE,FALSE,FALSE,FALSE,FALSE,none,FALSE,,"[{""start"":9,""end"":22,""kind"":""target_office_np"",""text"":""new president""}]",,FALSE,
2024,12,that the newly sworn in President will be able to travel safely.,"The next US president will be sworn into office in January 2025. Air Force One, the aircraft that will transport the president, is well-equipped to guarantee",1,1,1,other,FALSE,FALSE,FALSE,FALSE,FALSE,FALSE,FALSE,FALSE,none,FALSE,,[],,FALSE,
2024,12,that the president arrives at their destination safely.,"The next US president will be sworn into office in January 2025. Air Force One, the aircraft that will transport the president, is well-equipped to guarantee",1,1,1,target_office_np,FALSE,FALSE,TRUE,FALSE,FALSE,FALSE,FALSE,FALSE,they,FALSE,,"[{""start"":5,""end"":18,""kind"":""target_office_np"",""text"":""the president""},{""start"":30,""end"":35,""kind"":""they"",""text"":""their""}]",,FALSE,
2024,12,that the president is safe to travel to the White House without any distractions from other planes or nations.,"The next US president will be sworn into office in January 2025. Air Force One, the aircraft that will transport the president, is well-equipped to guarantee",1,1,1,target_office_np,FALSE,FALSE,FALSE,FALSE,FALSE,FALSE,FALSE,FALSE,none,FALSE,,"[{""start"":5,""end"":18,""kind"":""target_office_np"",""text"":""the president""}]",54,TRUE,long
2024,12,that they will arrive safely at the White House.,"The next US president will be sworn into office in January 2025. Air Force One, the aircraft that will transport the president, is well-equipped to guarantee",1,1,1,they,FALSE,FALSE,TRUE,FALSE,FALSE,FALSE,FALSE,FALSE,they,FALSE,,"[{""start"":5,""end"":9,""kind"":""they"",""text"":""they""}]",,TRUE,coreference judged by hand
2024,12,the President's safety,"The next US president will be sworn into office in January 2025. Air Force One, the aircraft that will transport the president, is well-equipped to guarantee",1,1,1,target_office_np,FALSE,FALSE,FALSE,FALSE,FALSE,FALSE,FALSE,FALSE,none,FALSE,,"[{""start"":0,""end"":13,""kind"":""target_office_np"",""text"":""the President""}]",,FALSE,
2024,12,the President's safety.,"The next US president will be sworn into office in January 2025. Air Force One, the aircraft that will transport the president, is well-equipped to guarantee",4,4,2,target_office_np,FALSE,FALSE,FALSE,FALSE,FALSE,FALSE,FALSE,FALSE,none,FALSE,,"[{""start"":0,""end"":13,""kind"":""target_office_np"",""text"":""the President""}]",,FALSE,
2024,12,the comfort and safety of all the passengers.,"The next US president will be sworn into office in January 2025. Air Force One, the aircraft that will transport the president, is well-equipped to guarantee",1,1,0,other,FALSE,FALSE,FALSE,FALSE,FALSE,FALSE,FALSE,FALSE,none,FALSE,,[],,FALSE,
2024,12,the new president's safety.,"The next US president will be sworn into office in January 2025. Air Force One, the aircraft that will transport the president, is well-equipped to guarantee",1,1,1,target_office_np,FALSE,FALSE,FALSE,FALSE,FALSE,FALSE,FALSE,FALSE,none,FALSE,,"[{""start"":4,""end"":17,""kind"":""target_office_np"",""text"":""new president""}]",,FALSE,
2024,12,the president elect's safety.,"The next US president will be sworn into office in January 2025. Air Force One, the aircraft that will transport the president, is well-equipped to guarantee",1,1,1,target_office_np,FALSE,FALSE,FALSE,FALSE,FALSE,FALSE,FALSE,FALSE,none,FALSE,,"[{""start"":0,""end"":13,""kind"":""target_office_np"",""text"":""the president""}]",,FALSE,
2024,12,the president's safety throughout their time in office.,"The next US president will be sworn into office in January 2025. Air Force One, the aircraft that will transport the president, is well-equipped to guarantee",1,1,1,target_office_np,FALSE,FALSE,TRUE,FALSE,FALSE,FALSE,FALSE,FALSE,they,FALSE,,"[{""start"":0,""end"":13,""kind"":""target_office_np"",""text"":""the president""},{""start"":34,""end"":39,""kind"":""they"",""text"":""their""}]",,FALSE,
2024,12,the president's safety.,"The next US president will be sworn into office in January 2025. Air Force One, the aircraft that will transport the president, is well-equipped to guarantee",6,6,6,target_office_np,FALSE,FALSE,FALSE,FALSE,FALSE,FALSE,FALSE,FALSE,none,FALSE,,"[{""start"":0,""end"":13,""kind"":""target_office_np"",""text"":""the president""}]",,FALSE,
2024,12,the president's security,"The next US president will be sworn into office in January 2025. Air Force One, the aircraft that will transport the president, is well-equipped to guarantee",1,1,1,target_office_np,FALSE,FALSE,FALSE,FALSE,FALSE,FALSE,FALSE,FALSE,none,FALSE,,"[{""start"":0,""end"":13,""kind"":""target_office_np"",""text"":""the president""}]",,FALSE,
2024,12,the president-elect doesn't miss the inauguration.,"The next US president will be sworn into office in January 2025. Air Force One, the aircraft that will transport the president, is well-equipped to guarantee",1,1,1,target_office_np,FALSE,FALSE,FALSE,FALSE,FALSE,FALSE,FALSE,FALSE,none,FALSE,,"[{""start"":0,""end"":13,""kind"":""target_office_np"",""text"":""the president""}]",,FALSE,
2024,12,the safe and fast travel of the next US president.,"The next US president will be sworn into office in January 2025. Air Force One, the aircraft that will transport the president, is well-equipped to guarantee",1,1,1,target_office_np,FALSE,FALSE,FALSE,FALSE,FALSE,FALSE,FALSE,FALSE,none,FALSE,,"[{""start"":37,""end"":49,""kind"":""target_office_np"",""text"":""US president""}]",,FALSE,
2024,12,the safe arrival of the president.,"The next US president will be sworn into office in January 2025. Air Force One, the aircraft that will transport the president, is well-equipped to guarantee",1,1,1,target_office_np,FALSE,FALSE,FALSE,FALSE,FALSE,FALSE,FALSE,FALSE,none,FALSE,,"[{""start"":20,""end"":33,""kind"":""target_office_np"",""text"":""the president""}]",,FALSE,
2024,12,the safe transfer to and from the US Capitol building on this day.,"The next US president will be sworn into office in January 2025. Air Force One, the aircraft that will transport the president, is well-equipped to guarantee",1,1,1,other,FALSE,FALSE,FALSE,FALSE,FALSE,FALSE,FALSE,FALSE,none,FALSE,,[],,FALSE,
2024,12,the safety and arrival of the president,"The next US president will be sworn into office in January 2025. Air Force One, the aircraft that will transport the president, is well-equipped to guarantee",1,1,1,target_office_np,FALSE,FALSE,FALSE,FALSE,FALSE,FALSE,FALSE,FALSE,none,FALSE,,"[{""start"":26,""end"":39,""kind"":""target_office_np"",""text"":""the president""}]",,FALSE,
2024,12,"the safety and comfort of the commander-in-chief during air travel. It is designed with advanced communication systems, defensive measures, and medical facilities, ensuring that the president can perform their duties even while in the sky.","The next US president will be sworn into office in January 2025. Air Force One, the aircraft that will transport the president, is well-equipped to guarantee",1,1,1,target_office_np,FALSE,FALSE,TRUE,FALSE,FALSE,FALSE,FALSE,FALSE,they,TRUE,pasted_text,"[{""start"":178,""end"":191,""kind"":""target_office_np"",""text"":""the president""},{""start"":204,""end"":209,""kind"":""they"",""text"":""their""}]",,TRUE,pasted-text judgment; long
2024,12,the safety and effective transport of the next U.S president.,"The next US president will be sworn into office in January 2025. Air Force One, the aircraft that will transport the president, is well-equipped to guarantee",1,1,1,other,FALSE,FALSE,FALSE,FALSE,FALSE,FALSE,FALSE,FALSE,none,FALSE,,[],,FALSE,
2024,12,the safety and protection of the new President.,"The next US president will be sworn into office in January 2025. Air Force One, the aircraft that will transport the president, is well-equipped to guarantee",1,1,1,target_office_np,FALSE,FALSE,FALSE,FALSE,FALSE,FALSE,FALSE,FALSE,none,FALSE,,"[{""start"":33,""end"":46,""kind"":""target_office_np"",""text"":""new President""}]",,FALSE,
2024,12,"the safety and security of the President, crew, and any other individuals on board.","The next US president will be sworn into office in January 2025. Air Force One, the aircraft that will transport the president, is well-equipped to guarantee",1,1,1,target_office_np,FALSE,FALSE,FALSE,FALSE,FALSE,FALSE,FALSE,FALSE,none,FALSE,,"[{""start"":27,""end"":40,""kind"":""target_office_np"",""text"":""the President""}]",,FALSE,
2024,12,the safety and security of the newly elected president.,"The next US president will be sworn into office in January 2025. Air Force One, the aircraft that will transport the president, is well-equipped to guarantee",1,1,1,target_office_np,FALSE,FALSE,FALSE,FALSE,FALSE,FALSE,FALSE,FALSE,none,FALSE,,"[{""start"":31,""end"":54,""kind"":""target_office_np"",""text"":""newly elected president""}]",,FALSE,
2024,12,the safety and security of the president,"The next US president will be sworn into office in January 2025. Air Force One, the aircraft that will transport the president, is well-equipped to guarantee",1,1,1,target_office_np,FALSE,FALSE,FALSE,FALSE,FALSE,FALSE,FALSE,FALSE,none,FALSE,,"[{""start"":27,""end"":40,""kind"":""target_office_np"",""text"":""the president""}]",,FALSE,
2024,12,the safety of all those on board,"The next US president will be sworn into office in January 2025. Air Force One, the aircraft that will transport the president, is well-equipped to guarantee",1,1,1,other,FALSE,FALSE,FALSE,FALSE,FALSE,FALSE,FALSE,FALSE,none,FALSE,,[],,FALSE,
2024,12,the safety of our country,"The next US president will be sworn into office in January 2025. Air Force One, the aircraft that will transport the president, is well-equipped to guarantee",1,1,1,other,FALSE,FALSE,FALSE,FALSE,FALSE,FALSE,FALSE,FALSE,none,FALSE,,[],,FALSE,
2024,12,the safety of the POTUS.,"The next US president will be sworn into office in January 2025. Air Force One, the aircraft that will transport the president, is well-equipped to guarantee",1,1,1,target_office_np,FALSE,FALSE,FALSE,FALSE,FALSE,FALSE,FALSE,FALSE,none,FALSE,,"[{""start"":14,""end"":23,""kind"":""target_office_np"",""text"":""the POTUS""}]",,FALSE,
2024,12,the safety of the President,"The next US president will be sworn into office in January 2025. Air Force One, the aircraft that will transport the president, is well-equipped to guarantee",1,1,1,target_office_np,FALSE,FALSE,FALSE,FALSE,FALSE,FALSE,FALSE,FALSE,none,FALSE,,"[{""start"":14,""end"":27,""kind"":""target_office_np"",""text"":""the President""}]",,FALSE,
2024,12,the safety of the President and staff.,"The next US president will be sworn into office in January 2025. Air Force One, the aircraft that will transport the president, is well-equipped to guarantee",1,1,1,target_office_np,FALSE,FALSE,FALSE,FALSE,FALSE,FALSE,FALSE,FALSE,none,FALSE,,"[{""start"":14,""end"":27,""kind"":""target_office_np"",""text"":""the President""}]",,FALSE,
2024,12,the safety of the President wherever they go.,"The next US president will be sworn into office in January 2025. Air Force One, the aircraft that will transport the president, is well-equipped to guarantee",1,1,1,target_office_np,FALSE,FALSE,TRUE,FALSE,FALSE,FALSE,FALSE,FALSE,they,FALSE,,"[{""start"":14,""end"":27,""kind"":""target_office_np"",""text"":""the President""},{""start"":37,""end"":41,""kind"":""they"",""text"":""they""}]",,FALSE,
2024,12,the safety of the President.,"The next US president will be sworn into office in January 2025. Air Force One, the aircraft that will transport the president, is well-equipped to guarantee",1,1,1,target_office_np,FALSE,FALSE,FALSE,FALSE,FALSE,FALSE,FALSE,FALSE,none,FALSE,,"[{""start"":14,""end"":27,""kind"":""target_office_np"",""text"":""the President""}]",,FALSE,
2024,12,the safety of the US president.,"The next US president will be sworn into office in January 2025. Air Force One, the aircraft that will transport the president, is well-equipped to guarantee",1,1,1,target_office_np,FALSE,FALSE,FALSE,FALSE,FALSE,FALSE,FALSE,FALSE,none,FALSE,,"[{""start"":18,""end"":30,""kind"":""target_office_np"",""text"":""US president""}]",,FALSE,
2024,12,the safety of the candidate.,"The next US president will be sworn into office in January 2025. Air Force One, the aircraft that will transport the president, is well-equipped to guarantee",1,1,1,generic_np,FALSE,FALSE,FALSE,FALSE,FALSE,FALSE,FALSE,FALSE,none,FALSE,,"[{""start"":14,""end"":27,""kind"":""generic_np"",""text"":""the candidate""}]",,FALSE,
2024,12,the safety of the next US president.,"The next US president will be sworn into office in January 2025. Air Force One, the aircraft that will transport the president, is well-equipped to guarantee",1,1,1,target_office_np,FALSE,FALSE,FALSE,FALSE,FALSE,FALSE,FALSE,FALSE,none,FALSE,,"[{""start"":23,""end"":35,""kind"":""target_office_np"",""text"":""US president""}]",,FALSE,
2024,12,the safety of the president,"The next US president will be sworn into office in January 2025. Air Force One, the aircraft that will transport the president, is well-equipped to guarantee",1,1,1,target_office_np,FALSE,FALSE,FALSE,FALSE,FALSE,FALSE,FALSE,FALSE,none,FALSE,,"[{""start"":14,""end"":27,""kind"":""target_office_np"",""text"":""the president""}]",,FALSE,
2024,12,the safety of the president while traveling domestic and internationally.,"The next US president will be sworn into office in January 2025. Air Force One, the aircraft that will transport the president, is well-equipped to guarantee",1,1,1,target_office_np,FALSE,FALSE,FALSE,FALSE,FALSE,FALSE,FALSE,FALSE,none,FALSE,,"[{""start"":14,""end"":27,""kind"":""target_office_np"",""text"":""the president""}]",,FALSE,
2024,12,the safety of the president.,"The next US president will be sworn into office in January 2025. Air Force One, the aircraft that will transport the president, is well-equipped to guarantee",4,4,4,target_office_np,FALSE,FALSE,FALSE,FALSE,FALSE,FALSE,FALSE,FALSE,none,FALSE,,"[{""start"":14,""end"":27,""kind"":""target_office_np"",""text"":""the president""}]",,FALSE,
2024,12,the safety of their arrival.,"The next US president will be sworn into office in January 2025. Air Force One, the aircraft that will transport the president, is well-equipped to guarantee",1,1,1,they,FALSE,FALSE,TRUE,FALSE,FALSE,FALSE,FALSE,FALSE,they,FALSE,,"[{""start"":14,""end"":19,""kind"":""they"",""text"":""their""}]",,FALSE,
2024,12,the saftey of the president.,"The next US president will be sworn into office in January 2025. Air Force One, the aircraft that will transport the president, is well-equipped to guarantee",1,1,1,target_office_np,FALSE,FALSE,FALSE,FALSE,FALSE,FALSE,FALSE,FALSE,none,FALSE,,"[{""start"":14,""end"":27,""kind"":""target_office_np"",""text"":""the president""}]",,FALSE,
2024,12,their safe travel upon assuming office.,"The next US president will be sworn into office in January 2025. Air Force One, the aircraft that will transport the president, is well-equipped to guarantee",1,1,1,they,FALSE,FALSE,TRUE,FALSE,FALSE,FALSE,FALSE,FALSE,they,FALSE,,"[{""start"":0,""end"":5,""kind"":""they"",""text"":""their""}]",,FALSE,
2024,12,their safety.,"The next US president will be sworn into office in January 2025. Air Force One, the aircraft that will transport the president, is well-equipped to guarantee",3,3,3,they,FALSE,FALSE,TRUE,FALSE,FALSE,FALSE,FALSE,FALSE,they,FALSE,,"[{""start"":0,""end"":5,""kind"":""they"",""text"":""their""}]",,FALSE,
2024,12,they will arrive in DC safely and swiftly in preparation for the inauguration.,"The next US president will be sworn into office in January 2025. Air Force One, the aircraft that will transport the president, is well-equipped to guarantee",1,1,1,they,FALSE,FALSE,TRUE,FALSE,FALSE,FALSE,FALSE,FALSE,they,FALSE,,"[{""start"":0,""end"":4,""kind"":""they"",""text"":""they""}]",,FALSE,
