workerid,condition,candidate,response,probability,batch
3597,event-spr,harris,8,0.06611570247933884,post
3597,event-spr,trump,100,0.8264462809917356,post
3597,event-spr,other,13,0.10743801652892562,post
4885,cloze-event,trump,100,0.9345794392523364,post
4885,cloze-event,harris,3,0.028037383177570093,post
4885,cloze-event,other,4,0.037383177570093455,post
3504,cloze-event,trump,98,0.98989898989899,post
3504,cloze-event,harris,1,0.010101010101010102,post
3504,cloze-event,other,0,0,post
4906,event-maze,harris,26,0.26,post
4906,event-maze,trump,74,0.74,post
4906,event-maze,other,0,0,post
4418,cloze-event,trump,100,1,post
4418,cloze-event,harris,0,0,post
4418,cloze-event,other,0,0,post
4725,event-spr,harris,0,0,post
4725,event-spr,trump,100,1,post
4725,event-spr,other,0,0,post
4218,maze-event,harris,0,0,post
4218,maze-event,trump,100,1,post
4218,maze-event,other,0,0,post
3965,event-cloze,trump,100,1,post
3965,event-cloze,harris,0,0,post
3965,event-cloze,other,0,0,post
3391,spr-event,trump,100,1,post
3391,spr-event,harris,0,0,post
3391,spr-event,other,0,0,post
3522,event-maze,harris,0,0,post
3522,event-maze,trump,100,1,post
3522,event-maze,other,0,0,post
4721,cloze-event,harris,0,0,post
4721,cloze-event,trump,100,1,post
4721,cloze-event,other,0,0,post
3555,event-cloze,harris,0,0,post
3555,event-cloze,trump,100,1,post
3555,event-cloze,other,0,0,post
3621,spr-event,harris,75,0.6097560975609756,post
3621,spr-event,trump,38,0.3089430894308943,post
3621,spr-event,other,10,0.08130081300813008,post
3432,event-spr,harris,2,0.019417475728155338,post
3432,event-spr,trump,100,0.970873786407767,post
3432,event-spr,other,1,0.009708737864077669,post
4494,spr-event,harris,0,0,post
4494,spr-event,trump,100,1,post
4494,spr-event,other,0,0,post
3668,cloze-event,trump,100,1,post
3668,cloze-event,harris,0,0,post
3668,cloze-event,other,0,0,post
4355,maze-event,harris,12,0.11764705882352941,post
4355,maze-event,trump,90,0.8823529411764706,post
4355,maze-event,other,0,0,post
3751,cloze-event,harris,0,0,post
3751,cloze-event,trump,100,1,post
3751,cloze-event,other,0,0,post
4267,spr-event,harris,0,0,post
4267,spr-event,trump,100,1,post
4267,spr-event,other,0,0,post
3327,event-maze,harris,0,0,post
3327,event-maze,trump,100,1,post
3327,event-maze,other,0,0,post
3811,cloze-event,trump,100,1,post
3811,cloze-event,harris,0,0,post
3811,cloze-event,other,0,0,post
4764,spr-event,trump,100,1,post
4764,spr-event,harris,0,0,post
4764,spr-event,other,0,0,post
3816,event-cloze,trump,100,1,post
3816,event-cloze,harris,0,0,post
3816,event-cloze,other,0,0,post
3837,spr-event,harris,9,0.08737864077669903,post
3837,spr-event,trump,94,0.912621359223301,post
3837,spr-event,other,0,0,post
3729,event-maze,harris,0,0,post
3729,event-maze,trump,100,1,post
3729,event-maze,other,0,0,post
3426,maze-event,harris,0,0,post
3426,maze-event,trump,100,1,post
3426,maze-event,other,0,0,post
4763,event-maze,harris,2,0.0196078431372549,post
4763,event-maze,trump,100,0.9803921568627451,post
4763,event-maze,other,0,0,post
4493,spr-event,trump,97,0.97,post
4493,spr-event,harris,3,0.03,post
4493,spr-event,other,0,0,post
3836,spr-event,trump,98,1,post
3836,spr-event,harris,0,0,post
3836,spr-event,other,0,0,post
4824,cloze-event,harris,0,0,post
4824,cloze-event,trump,99,1,post
4824,cloze-event,other,0,0,post
3674,maze-event,harris,24,0.16216216216216217,post
3674,maze-event,trump,100,0.6756756756756757,post
3674,maze-event,other,24,0.16216216216216217,post
3683,event-cloze,trump,100,1,post
3683,event-cloze,harris,0,0,post
3683,event-cloze,other,0,0,post
4188,cloze-event,harris,0,0,post
4188,cloze-event,trump,100,1,post
4188,cloze-event,other,0,0,post
4671,event-maze,trump,100,0.9803921568627451,post
4671,event-maze,harris,1,0.00980392156862745,post
4671,event-maze,other,1,0.00980392156862745,post
4484,event-maze,trump,100,1,post
4484,event-maze,harris,0,0,post
4484,event-maze,other,0,0,post
4548,maze-event,harris,95,0.8260869565217391,post
4548,maze-event,trump,2,0.017391304347826087,post
4548,maze-event,other,18,0.1565217391304348,post
3490,spr-event,trump,100,1,post
3490,spr-event,harris,0,0,post
3490,spr-event,other,0,0,post
4408,event-spr,trump,100,1,post
4408,event-spr,harris,0,0,post
4408,event-spr,other,0,0,post
4094,maze-event,harris,0,0,post
4094,maze-event,trump,100,1,post
4094,maze-event,other,0,0,post
4512,cloze-event,harris,0,0,post
4512,cloze-event,trump,100,1,post
4512,cloze-event,other,0,0,post
4223,maze-event,harris,0,0,post
4223,maze-event,trump,93,1,post
4223,maze-event,other,0,0,post
4207,cloze-event,trump,100,1,post
4207,cloze-event,harris,0,0,post
4207,cloze-event,other,0,0,post
3461,spr-event,trump,99,0.9428571428571428,post
3461,spr-event,harris,3,0.02857142857142857,post
3461,spr-event,other,3,0.02857142857142857,post
4306,spr-event,trump,100,1,post
4306,spr-event,harris,0,0,post
4306,spr-event,other,0,0,post
3594,event-cloze,harris,0,0,post
3594,event-cloze,trump,100,1,post
3594,event-cloze,other,0,0,post
3692,cloze-event,harris,0,0,post
3692,cloze-event,trump,100,1,post
3692,cloze-event,other,0,0,post
4581,spr-event,trump,98,0.98,post
4581,spr-event,harris,2,0.02,post
4581,spr-event,other,0,0,post
4403,event-cloze,trump,100,1,post
4403,event-cloze,harris,0,0,post
4403,event-cloze,other,0,0,post
3875,event-cloze,trump,95,0.9405940594059405,post
3875,event-cloze,harris,0,0,post
3875,event-cloze,other,6,0.0594059405940594,post
4840,spr-event,harris,0,0,post
4840,spr-event,trump,100,1,post
4840,spr-event,other,0,0,post
4631,spr-event,harris,0,0,post
4631,spr-event,trump,100,1,post
4631,spr-event,other,0,0,post
4108,spr-event,trump,94,0.9690721649484536,post
4108,spr-event,harris,0,0,post
4108,spr-event,other,3,0.030927835051546393,post
4029,maze-event,trump,100,0.9259259259259259,post
4029,maze-event,harris,4,0.037037037037037035,post
4029,maze-event,other,4,0.037037037037037035,post
4266,event-spr,trump,100,0.7936507936507936,post
4266,event-spr,harris,22,0.1746031746031746,post
4266,event-spr,other,4,0.031746031746031744,post
3463,spr-event,harris,0,0,post
3463,spr-event,trump,100,1,post
3463,spr-event,other,0,0,post
3556,event-spr,trump,26,0.25,post
3556,event-spr,harris,78,0.75,post
3556,event-spr,other,0,0,post
3986,event-spr,trump,100,1,post
3986,event-spr,harris,0,0,post
3986,event-spr,other,0,0,post
4247,spr-event,harris,0,0,post
4247,spr-event,trump,100,1,post
4247,spr-event,other,0,0,post
3500,cloze-event,trump,100,1,post
3500,cloze-event,harris,0,0,post
3500,cloze-event,other,0,0,post
4868,spr-event,harris,0,0,post
4868,spr-event,trump,100,1,post
4868,spr-event,other,0,0,post
4237,event-maze,harris,0,0,post
4237,event-maze,trump,100,1,post
4237,event-maze,other,0,0,post
3280,maze-event,trump,0,0,post
3280,maze-event,harris,0,0,post
3280,maze-event,other,100,1,post
4062,cloze-event,harris,1,0.00980392156862745,post
4062,cloze-event,trump,100,0.9803921568627451,post
4062,cloze-event,other,1,0.00980392156862745,post
3323,event-cloze,harris,0,0,post
3323,event-cloze,trump,100,1,post
3323,event-cloze,other,0,0,post
4265,spr-event,harris,0,0,post
4265,spr-event,trump,100,1,post
4265,spr-event,other,0,0,post
3721,event-spr,harris,32,0.48484848484848486,post
3721,event-spr,trump,34,0.5151515151515151,post
3721,event-spr,other,0,0,post
3906,cloze-event,trump,77,0.5,post
3906,cloze-event,harris,52,0.33766233766233766,post
3906,cloze-event,other,25,0.16233766233766234,post
3877,spr-event,harris,0,0,post
3877,spr-event,trump,100,1,post
3877,spr-event,other,0,0,post
4246,event-maze,trump,100,1,post
4246,event-maze,harris,0,0,post
4246,event-maze,other,0,0,post
4106,spr-event,trump,100,1,post
4106,spr-event,harris,0,0,post
4106,spr-event,other,0,0,post
4636,spr-event,harris,49,0.32666666666666666,post
4636,spr-event,trump,51,0.34,post
4636,spr-event,other,50,0.3333333333333333,post
3307,event-spr,trump,93,0.93,post
3307,event-spr,harris,0,0,post
3307,event-spr,other,7,0.07,post
4424,cloze-event,harris,10,0.08130081300813008,post
4424,cloze-event,trump,100,0.8130081300813008,post
4424,cloze-event,other,13,0.10569105691056911,post
4757,maze-event,trump,100,1,post
4757,maze-event,harris,0,0,post
4757,maze-event,other,0,0,post
3932,event-cloze,trump,100,1,post
3932,event-cloze,harris,0,0,post
3932,event-cloze,other,0,0,post
4849,spr-event,trump,100,1,post
4849,spr-event,harris,0,0,post
4849,spr-event,other,0,0,post
3352,spr-event,trump,100,0.9433962264150944,post
3352,spr-event,harris,6,0.05660377358490566,post
3352,spr-event,other,0,0,post
3623,event-cloze,harris,0,0,post
3623,event-cloze,trump,100,1,post
3623,event-cloze,other,0,0,post
4897,event-maze,trump,100,1,post
4897,event-maze,harris,0,0,post
4897,event-maze,other,0,0,post
3612,cloze-event,trump,64,0.6336633663366337,post
3612,cloze-event,harris,37,0.36633663366336633,post
3612,cloze-event,other,0,0,post
4206,cloze-event,trump,100,0.9090909090909091,post
4206,cloze-event,harris,7,0.06363636363636363,post
4206,cloze-event,other,3,0.02727272727272727,post
3609,maze-event,harris,0,0,post
3609,maze-event,trump,100,1,post
3609,maze-event,other,0,0,post
4487,spr-event,harris,0,0,post
4487,spr-event,trump,100,1,post
4487,spr-event,other,0,0,post
3997,maze-event,harris,1,0.009900990099009901,post
3997,maze-event,trump,100,0.9900990099009901,post
3997,maze-event,other,0,0,post
4370,spr-event,harris,1,0.01,post
4370,spr-event,trump,99,0.99,post
4370,spr-event,other,0,0,post
4431,spr-event,trump,100,1,post
4431,spr-event,harris,0,0,post
4431,spr-event,other,0,0,post
3899,maze-event,trump,100,0.8620689655172413,post
3899,maze-event,harris,16,0.13793103448275862,post
3899,maze-event,other,0,0,post
3492,spr-event,harris,0,0,post
3492,spr-event,trump,74,0.7628865979381443,post
3492,spr-event,other,23,0.23711340206185566,post
3651,spr-event,harris,0,0,post
3651,spr-event,trump,100,1,post
3651,spr-event,other,0,0,post
4560,maze-event,trump,100,1,post
4560,maze-event,harris,0,0,post
4560,maze-event,other,0,0,post
3817,event-cloze,harris,0,0,post
3817,event-cloze,trump,100,1,post
3817,event-cloze,other,0,0,post
4718,spr-event,trump,100,1,post
4718,spr-event,harris,0,0,post
4718,spr-event,other,0,0,post
4551,spr-event,harris,0,0,post
4551,spr-event,trump,100,1,post
4551,spr-event,other,0,0,post
3415,event-cloze,trump,100,1,post
3415,event-cloze,harris,0,0,post
3415,event-cloze,other,0,0,post
3337,cloze-event,trump,94,0.94,post
3337,cloze-event,harris,0,0,post
3337,cloze-event,other,6,0.06,post
4382,event-spr,harris,0,0,post
4382,event-spr,trump,100,1,post
4382,event-spr,other,0,0,post
3896,event-cloze,trump,74,0.7708333333333334,post
3896,event-cloze,harris,17,0.17708333333333334,post
3896,event-cloze,other,5,0.052083333333333336,post
3779,event-cloze,trump,100,1,post
3779,event-cloze,harris,0,0,post
3779,event-cloze,other,0,0,post
4146,spr-event,trump,98,0.9702970297029703,post
4146,spr-event,harris,0,0,post
4146,spr-event,other,3,0.0297029702970297,post
4609,maze-event,harris,13,0.14130434782608695,post
4609,maze-event,trump,79,0.8586956521739131,post
4609,maze-event,other,0,0,post
4254,event-maze,trump,100,1,post
4254,event-maze,harris,0,0,post
4254,event-maze,other,0,0,post
3569,cloze-event,trump,74,0.7254901960784313,post
3569,cloze-event,harris,24,0.23529411764705882,post
3569,cloze-event,other,4,0.0392156862745098,post
3321,maze-event,harris,0,0,post
3321,maze-event,trump,100,1,post
3321,maze-event,other,0,0,post
3797,event-cloze,trump,100,1,post
3797,event-cloze,harris,0,0,post
3797,event-cloze,other,0,0,post
4469,spr-event,harris,0,0,post
4469,spr-event,trump,75,0.7575757575757576,post
4469,spr-event,other,24,0.24242424242424243,post
4550,spr-event,trump,100,1,post
4550,spr-event,harris,0,0,post
4550,spr-event,other,0,0,post
4232,spr-event,harris,0,0,post
4232,spr-event,trump,100,1,post
4232,spr-event,other,0,0,post
3450,cloze-event,harris,1,0.009708737864077669,post
3450,cloze-event,trump,100,0.970873786407767,post
3450,cloze-event,other,2,0.019417475728155338,post
3617,spr-event,trump,100,1,post
3617,spr-event,harris,0,0,post
3617,spr-event,other,0,0,post
3449,event-maze,trump,100,1,post
3449,event-maze,harris,0,0,post
3449,event-maze,other,0,0,post
3294,cloze-event,harris,28,0.2916666666666667,post
3294,cloze-event,trump,67,0.6979166666666666,post
3294,cloze-event,other,1,0.010416666666666666,post
4826,spr-event,trump,93,0.93,post
4826,spr-event,harris,0,0,post
4826,spr-event,other,7,0.07,post
3591,spr-event,trump,100,1,post
3591,spr-event,harris,0,0,post
3591,spr-event,other,0,0,post
4170,cloze-event,trump,74,0.7551020408163265,post
4170,cloze-event,harris,0,0,post
4170,cloze-event,other,24,0.24489795918367346,post
4274,maze-event,trump,76,0.6031746031746031,post
4274,maze-event,harris,50,0.3968253968253968,post
4274,maze-event,other,0,0,post
4663,cloze-event,harris,0,0,post
4663,cloze-event,trump,100,1,post
4663,cloze-event,other,0,0,post
4884,event-spr,trump,76,0.7524752475247525,post
4884,event-spr,harris,25,0.24752475247524752,post
4884,event-spr,other,0,0,post
4850,event-cloze,trump,100,0.8403361344537815,post
4850,event-cloze,harris,15,0.12605042016806722,post
4850,event-cloze,other,4,0.03361344537815126,post
4795,event-spr,harris,0,0,post
4795,event-spr,trump,100,1,post
4795,event-spr,other,0,0,post
4276,spr-event,trump,100,1,post
4276,spr-event,harris,0,0,post
4276,spr-event,other,0,0,post
3787,spr-event,trump,100,1,post
3787,spr-event,harris,0,0,post
3787,spr-event,other,0,0,post
3659,cloze-event,trump,98,1,post
3659,cloze-event,harris,0,0,post
3659,cloze-event,other,0,0,post
3290,cloze-event,harris,2,0.019230769230769232,post
3290,cloze-event,trump,100,0.9615384615384616,post
3290,cloze-event,other,2,0.019230769230769232,post
4506,event-cloze,harris,0,0,post
4506,event-cloze,trump,100,1,post
4506,event-cloze,other,0,0,post
4715,cloze-event,harris,0,0,post
4715,cloze-event,trump,100,1,post
4715,cloze-event,other,0,0,post
4387,event-spr,trump,95,0.95,post
4387,event-spr,harris,0,0,post
4387,event-spr,other,5,0.05,post
4185,cloze-event,harris,0,0,post
4185,cloze-event,trump,100,1,post
4185,cloze-event,other,0,0,post
4244,cloze-event,trump,25,0.24509803921568626,post
4244,cloze-event,harris,71,0.696078431372549,post
4244,cloze-event,other,6,0.058823529411764705,post
3287,spr-event,trump,100,0.9174311926605505,post
3287,spr-event,harris,0,0,post
3287,spr-event,other,9,0.08256880733944955,post
4756,cloze-event,harris,0,0,post
4756,cloze-event,trump,100,1,post
4756,cloze-event,other,0,0,post
4065,event-spr,harris,0,0,post
4065,event-spr,trump,100,1,post
4065,event-spr,other,0,0,post
4888,cloze-event,trump,100,0.8695652173913043,post
4888,cloze-event,harris,7,0.06086956521739131,post
4888,cloze-event,other,8,0.06956521739130435,post
3305,spr-event,harris,0,0,post
3305,spr-event,trump,100,1,post
3305,spr-event,other,0,0,post
4437,cloze-event,harris,0,0,post
4437,cloze-event,trump,100,0.9900990099009901,post
4437,cloze-event,other,1,0.009900990099009901,post
4365,spr-event,trump,50,0.49504950495049505,post
4365,spr-event,harris,50,0.49504950495049505,post
4365,spr-event,other,1,0.009900990099009901,post
3486,cloze-event,trump,24,0.23529411764705882,post
3486,cloze-event,harris,78,0.7647058823529411,post
3486,cloze-event,other,0,0,post
3783,maze-event,harris,0,0,post
3783,maze-event,trump,100,1,post
3783,maze-event,other,0,0,post
4483,spr-event,harris,0,0,post
4483,spr-event,trump,100,1,post
4483,spr-event,other,0,0,post
4130,maze-event,trump,100,1,post
4130,maze-event,harris,0,0,post
4130,maze-event,other,0,0,post
3855,event-spr,trump,100,1,post
3855,event-spr,harris,0,0,post
3855,event-spr,other,0,0,post
4285,cloze-event,trump,100,1,post
4285,cloze-event,harris,0,0,post
4285,cloze-event,other,0,0,post
3497,event-cloze,trump,95,0.9313725490196079,post
3497,event-cloze,harris,3,0.029411764705882353,post
3497,event-cloze,other,4,0.0392156862745098,post
4299,cloze-event,harris,27,0.21951219512195122,post
4299,cloze-event,trump,88,0.7154471544715447,post
4299,cloze-event,other,8,0.06504065040650407,post
4451,event-spr,trump,84,0.8316831683168316,post
4451,event-spr,harris,17,0.16831683168316833,post
4451,event-spr,other,0,0,post
4524,spr-event,harris,0,0,post
4524,spr-event,trump,100,1,post
4524,spr-event,other,0,0,post
3715,maze-event,harris,0,0,post
3715,maze-event,trump,100,1,post
3715,maze-event,other,0,0,post
3667,event-maze,harris,0,0,post
3667,event-maze,trump,100,1,post
3667,event-maze,other,0,0,post
3734,spr-event,harris,24,0.24,post
3734,spr-event,trump,75,0.75,post
3734,spr-event,other,1,0.01,post
4001,maze-event,trump,90,0.9090909090909091,post
4001,maze-event,harris,4,0.04040404040404041,post
4001,maze-event,other,5,0.050505050505050504,post
3958,spr-event,trump,100,1,post
3958,spr-event,harris,0,0,post
3958,spr-event,other,0,0,post
4085,spr-event,trump,100,1,post
4085,spr-event,harris,0,0,post
4085,spr-event,other,0,0,post
4353,event-cloze,trump,96,0.96,post
4353,event-cloze,harris,0,0,post
4353,event-cloze,other,4,0.04,post
3868,cloze-event,harris,49,0.494949494949495,post
3868,cloze-event,trump,50,0.5050505050505051,post
3868,cloze-event,other,0,0,post
4419,event-cloze,harris,0,0,post
4419,event-cloze,trump,100,1,post
4419,event-cloze,other,0,0,post
3924,spr-event,trump,100,1,post
3924,spr-event,harris,0,0,post
3924,spr-event,other,0,0,post
4252,event-spr,trump,93,0.93,post
4252,event-spr,harris,0,0,post
4252,event-spr,other,7,0.07,post
4625,event-cloze,harris,0,0,post
4625,event-cloze,trump,99,0.99,post
4625,event-cloze,other,1,0.01,post
3599,spr-event,trump,100,1,post
3599,spr-event,harris,0,0,post
3599,spr-event,other,0,0,post
4100,cloze-event,trump,100,1,post
4100,cloze-event,harris,0,0,post
4100,cloze-event,other,0,0,post
4689,maze-event,trump,97,0.97,post
4689,maze-event,harris,1,0.01,post
4689,maze-event,other,2,0.02,post
4070,event-spr,trump,50,0.5050505050505051,post
4070,event-spr,harris,49,0.494949494949495,post
4070,event-spr,other,0,0,post
3640,event-cloze,trump,97,0.97,post
3640,event-cloze,harris,3,0.03,post
3640,event-cloze,other,0,0,post
3666,cloze-event,trump,100,1,post
3666,cloze-event,harris,0,0,post
3666,cloze-event,other,0,0,post
4136,spr-event,harris,0,0,post
4136,spr-event,trump,100,1,post
4136,spr-event,other,0,0,post
4797,spr-event,trump,100,1,post
4797,spr-event,harris,0,0,post
4797,spr-event,other,0,0,post
4893,cloze-event,harris,0,0,post
4893,cloze-event,trump,100,1,post
4893,cloze-event,other,0,0,post
4280,maze-event,harris,0,0,post
4280,maze-event,trump,100,1,post
4280,maze-event,other,0,0,post
3694,event-spr,harris,1,0.008403361344537815,post
3694,event-spr,trump,100,0.8403361344537815,post
3694,event-spr,other,18,0.15126050420168066,post
4781,cloze-event,trump,95,0.95,post
4781,cloze-event,harris,0,0,post
4781,cloze-event,other,5,0.05,post
3725,event-cloze,trump,100,1,post
3725,event-cloze,harris,0,0,post
3725,event-cloze,other,0,0,post
3763,spr-event,trump,100,1,post
3763,spr-event,harris,0,0,post
3763,spr-event,other,0,0,post
4278,cloze-event,harris,0,0,post
4278,cloze-event,trump,100,1,post
4278,cloze-event,other,0,0,post
4540,spr-event,harris,0,0,post
4540,spr-event,trump,100,1,post
4540,spr-event,other,0,0,post
4341,cloze-event,trump,100,0.5,post
4341,cloze-event,harris,0,0,post
4341,cloze-event,other,100,0.5,post
3353,spr-event,trump,100,1,post
3353,spr-event,harris,0,0,post
3353,spr-event,other,0,0,post
3884,cloze-event,trump,93,0.9029126213592233,post
3884,cloze-event,harris,10,0.0970873786407767,post
3884,cloze-event,other,0,0,post
3416,cloze-event,harris,1,0.009615384615384616,post
3416,cloze-event,trump,100,0.9615384615384616,post
3416,cloze-event,other,3,0.028846153846153848,post
3273,cloze-event,harris,0,0,post
3273,cloze-event,trump,100,1,post
3273,cloze-event,other,0,0,post
3576,maze-event,trump,100,1,post
3576,maze-event,harris,0,0,post
3576,maze-event,other,0,0,post
3785,cloze-event,harris,0,0,post
3785,cloze-event,trump,100,0.9803921568627451,post
3785,cloze-event,other,2,0.0196078431372549,post
3781,event-maze,harris,0,0,post
3781,event-maze,trump,87,0.8787878787878788,post
3781,event-maze,other,12,0.12121212121212122,post
3328,event-cloze,harris,0,0,post
3328,event-cloze,trump,100,1,post
3328,event-cloze,other,0,0,post
4030,cloze-event,trump,100,1,post
4030,cloze-event,harris,0,0,post
4030,cloze-event,other,0,0,post
3916,event-spr,harris,50,0.29069767441860467,post
3916,event-spr,trump,100,0.5813953488372093,post
3916,event-spr,other,22,0.12790697674418605,post
4871,event-cloze,trump,100,1,post
4871,event-cloze,harris,0,0,post
4871,event-cloze,other,0,0,post
3359,maze-event,harris,0,0,post
3359,maze-event,trump,100,1,post
3359,maze-event,other,0,0,post
4657,event-spr,harris,0,0,post
4657,event-spr,trump,96,0.9696969696969697,post
4657,event-spr,other,3,0.030303030303030304,post
3578,maze-event,harris,0,0,post
3578,maze-event,trump,100,1,post
3578,maze-event,other,0,0,post
4515,cloze-event,harris,0,0,post
4515,cloze-event,trump,100,1,post
4515,cloze-event,other,0,0,post
3590,spr-event,harris,1,0.010101010101010102,post
3590,spr-event,trump,98,0.98989898989899,post
3590,spr-event,other,0,0,post
4176,spr-event,trump,100,1,post
4176,spr-event,harris,0,0,post
4176,spr-event,other,0,0,post
4322,event-cloze,trump,100,1,post
4322,event-cloze,harris,0,0,post
4322,event-cloze,other,0,0,post
3656,spr-event,trump,100,1,post
3656,spr-event,harris,0,0,post
3656,spr-event,other,0,0,post
4092,cloze-event,trump,75,0.6578947368421053,post
4092,cloze-event,harris,39,0.34210526315789475,post
4092,cloze-event,other,0,0,post
4222,maze-event,harris,0,0,post
4222,maze-event,trump,100,1,post
4222,maze-event,other,0,0,post
3782,cloze-event,harris,0,0,post
3782,cloze-event,trump,100,1,post
3782,cloze-event,other,0,0,post
3727,spr-event,trump,100,1,post
3727,spr-event,harris,0,0,post
3727,spr-event,other,0,0,post
3963,cloze-event,trump,85,0.53125,post
3963,cloze-event,harris,10,0.0625,post
3963,cloze-event,other,65,0.40625,post
4714,cloze-event,harris,0,0,post
4714,cloze-event,trump,100,1,post
4714,cloze-event,other,0,0,post
3299,event-cloze,harris,0,0,post
3299,event-cloze,trump,84,0.8155339805825242,post
3299,event-cloze,other,19,0.18446601941747573,post
3864,maze-event,harris,0,0,post
3864,maze-event,trump,100,1,post
3864,maze-event,other,0,0,post
3829,spr-event,harris,0,0,post
3829,spr-event,trump,100,0.9803921568627451,post
3829,spr-event,other,2,0.0196078431372549,post
4835,spr-event,harris,0,0,post
4835,spr-event,trump,100,1,post
4835,spr-event,other,0,0,post
4358,maze-event,trump,78,0.5611510791366906,post
4358,maze-event,harris,52,0.37410071942446044,post
4358,maze-event,other,9,0.06474820143884892,post
4860,cloze-event,trump,100,1,post
4860,cloze-event,harris,0,0,post
4860,cloze-event,other,0,0,post
4883,spr-event,trump,100,1,post
4883,spr-event,harris,0,0,post
4883,spr-event,other,0,0,post
4059,event-spr,trump,100,1,post
4059,event-spr,harris,0,0,post
4059,event-spr,other,0,0,post
4192,cloze-event,trump,100,0.970873786407767,post
4192,cloze-event,harris,1,0.009708737864077669,post
4192,cloze-event,other,2,0.019417475728155338,post
4179,event-spr,harris,0,0,post
4179,event-spr,trump,100,1,post
4179,event-spr,other,0,0,post
3805,cloze-event,trump,100,1,post
3805,cloze-event,harris,0,0,post
3805,cloze-event,other,0,0,post
3768,spr-event,trump,100,0.8064516129032258,post
3768,spr-event,harris,24,0.1935483870967742,post
3768,spr-event,other,0,0,post
3798,spr-event,harris,0,0,post
3798,spr-event,trump,100,1,post
3798,spr-event,other,0,0,post
4526,spr-event,harris,0,0,post
4526,spr-event,trump,100,1,post
4526,spr-event,other,0,0,post
4728,cloze-event,trump,100,1,post
4728,cloze-event,harris,0,0,post
4728,cloze-event,other,0,0,post
4646,spr-event,trump,100,0.9615384615384616,post
4646,spr-event,harris,4,0.038461538461538464,post
4646,spr-event,other,0,0,post
4116,cloze-event,trump,100,1,post
4116,cloze-event,harris,0,0,post
4116,cloze-event,other,0,0,post
4807,spr-event,trump,100,1,post
4807,spr-event,harris,0,0,post
4807,spr-event,other,0,0,post
3531,spr-event,trump,100,1,post
3531,spr-event,harris,0,0,post
3531,spr-event,other,0,0,post
4456,cloze-event,trump,100,1,post
4456,cloze-event,harris,0,0,post
4456,cloze-event,other,0,0,post
4472,maze-event,trump,100,1,post
4472,maze-event,harris,0,0,post
4472,maze-event,other,0,0,post
3789,cloze-event,trump,100,1,post
3789,cloze-event,harris,0,0,post
3789,cloze-event,other,0,0,post
3558,spr-event,trump,100,1,post
3558,spr-event,harris,0,0,post
3558,spr-event,other,0,0,post
3676,cloze-event,trump,100,1,post
3676,cloze-event,harris,0,0,post
3676,cloze-event,other,0,0,post
3700,event-cloze,trump,100,1,post
3700,event-cloze,harris,0,0,post
3700,event-cloze,other,0,0,post
4093,cloze-event,trump,100,1,post
4093,cloze-event,harris,0,0,post
4093,cloze-event,other,0,0,post
4898,event-spr,harris,0,0,post
4898,event-spr,trump,100,1,post
4898,event-spr,other,0,0,post
3304,event-spr,harris,0,NA,post
3304,event-spr,trump,0,NA,post
3304,event-spr,other,0,NA,post
4661,spr-event,harris,0,0,post
4661,spr-event,trump,100,1,post
4661,spr-event,other,0,0,post
3820,cloze-event,harris,0,0,post
3820,cloze-event,trump,100,1,post
3820,cloze-event,other,0,0,post
4420,event-cloze,trump,99,0.825,post
4420,event-cloze,harris,19,0.15833333333333333,post
4420,event-cloze,other,2,0.016666666666666666,post
4464,maze-event,trump,100,1,post
4464,maze-event,harris,0,0,post
4464,maze-event,other,0,0,post
3802,spr-event,harris,3,0.029411764705882353,post
3802,spr-event,trump,99,0.9705882352941176,post
3802,spr-event,other,0,0,post
3832,spr-event,trump,100,1,post
3832,spr-event,harris,0,0,post
3832,spr-event,other,0,0,post
4479,cloze-event,harris,0,0,post
4479,cloze-event,trump,100,1,post
4479,cloze-event,other,0,0,post
4905,cloze-event,harris,0,0,post
4905,cloze-event,trump,100,1,post
4905,cloze-event,other,0,0,post
4327,maze-event,trump,100,1,post
4327,maze-event,harris,0,0,post
4327,maze-event,other,0,0,post
4600,spr-event,trump,100,1,post
4600,spr-event,harris,0,0,post
4600,spr-event,other,0,0,post
3922,spr-event,harris,0,0,post
3922,spr-event,trump,100,1,post
3922,spr-event,other,0,0,post
3417,spr-event,harris,3,0.025423728813559324,post
3417,spr-event,trump,97,0.8220338983050848,post
3417,spr-event,other,18,0.15254237288135594,post
4368,maze-event,harris,6,0.05504587155963303,post
4368,maze-event,trump,100,0.9174311926605505,post
4368,maze-event,other,3,0.027522935779816515,post
3278,cloze-event,trump,49,0.5,post
3278,cloze-event,harris,49,0.5,post
3278,cloze-event,other,0,0,post
3563,spr-event,harris,0,0,post
3563,spr-event,trump,100,1,post
3563,spr-event,other,0,0,post
4125,maze-event,trump,100,0.9615384615384616,post
4125,maze-event,harris,2,0.019230769230769232,post
4125,maze-event,other,2,0.019230769230769232,post
4623,maze-event,trump,98,0.98,post
4623,maze-event,harris,0,0,post
4623,maze-event,other,2,0.02,post
4166,cloze-event,harris,0,0,post
4166,cloze-event,trump,100,1,post
4166,cloze-event,other,0,0,post
3938,cloze-event,trump,75,0.7575757575757576,post
3938,cloze-event,harris,24,0.24242424242424243,post
3938,cloze-event,other,0,0,post
4002,cloze-event,harris,0,0,post
4002,cloze-event,trump,100,1,post
4002,cloze-event,other,0,0,post
3615,spr-event,trump,100,1,post
3615,spr-event,harris,0,0,post
3615,spr-event,other,0,0,post
4019,maze-event,trump,100,1,post
4019,maze-event,harris,0,0,post
4019,maze-event,other,0,0,post
3398,spr-event,harris,0,0,post
3398,spr-event,trump,100,1,post
3398,spr-event,other,0,0,post
4556,cloze-event,trump,100,1,post
4556,cloze-event,harris,0,0,post
4556,cloze-event,other,0,0,post
4452,cloze-event,trump,100,1,post
4452,cloze-event,harris,0,0,post
4452,cloze-event,other,0,0,post
4675,cloze-event,harris,0,0,post
4675,cloze-event,trump,100,1,post
4675,cloze-event,other,0,0,post
4344,cloze-event,harris,0,0,post
4344,cloze-event,trump,100,1,post
4344,cloze-event,other,0,0,post
3457,spr-event,harris,27,0.28125,post
3457,spr-event,trump,69,0.71875,post
3457,spr-event,other,0,0,post
4072,spr-event,trump,100,1,post
4072,spr-event,harris,0,0,post
4072,spr-event,other,0,0,post
3846,spr-event,harris,0,0,post
3846,spr-event,trump,100,1,post
3846,spr-event,other,0,0,post
3516,event-maze,harris,0,0,post
3516,event-maze,trump,100,1,post
3516,event-maze,other,0,0,post
3434,event-cloze,trump,62,0.62,post
3434,event-cloze,harris,38,0.38,post
3434,event-cloze,other,0,0,post
4695,spr-event,trump,100,1,post
4695,spr-event,harris,0,0,post
4695,spr-event,other,0,0,post
4474,spr-event,harris,0,0,post
4474,spr-event,trump,100,1,post
4474,spr-event,other,0,0,post
4347,spr-event,trump,100,1,post
4347,spr-event,harris,0,0,post
4347,spr-event,other,0,0,post
4144,spr-event,harris,0,0,post
4144,spr-event,trump,100,1,post
4144,spr-event,other,0,0,post
3587,spr-event,harris,2,0.0196078431372549,post
3587,spr-event,trump,100,0.9803921568627451,post
3587,spr-event,other,0,0,post
4800,spr-event,trump,100,1,post
4800,spr-event,harris,0,0,post
4800,spr-event,other,0,0,post
4345,maze-event,harris,0,0,post
4345,maze-event,trump,100,1,post
4345,maze-event,other,0,0,post
3330,cloze-event,trump,100,1,post
3330,cloze-event,harris,0,0,post
3330,cloze-event,other,0,0,post
4740,cloze-event,harris,0,0,post
4740,cloze-event,trump,100,1,post
4740,cloze-event,other,0,0,post
3833,spr-event,harris,0,0,post
3833,spr-event,trump,100,1,post
3833,spr-event,other,0,0,post
3545,cloze-event,harris,43,0.3161764705882353,post
3545,cloze-event,trump,93,0.6838235294117647,post
3545,cloze-event,other,0,0,post
4174,maze-event,harris,0,0,post
4174,maze-event,trump,100,1,post
4174,maze-event,other,0,0,post
3480,event-cloze,trump,87,0.9456521739130435,post
3480,event-cloze,harris,5,0.05434782608695652,post
3480,event-cloze,other,0,0,post
4009,cloze-event,trump,0,0,post
4009,cloze-event,harris,100,0.9900990099009901,post
4009,cloze-event,other,1,0.009900990099009901,post
3872,spr-event,harris,0,0,post
3872,spr-event,trump,100,1,post
3872,spr-event,other,0,0,post
3755,cloze-event,harris,0,0,post
3755,cloze-event,trump,100,0.9900990099009901,post
3755,cloze-event,other,1,0.009900990099009901,post
4730,cloze-event,trump,100,1,post
4730,cloze-event,harris,0,0,post
4730,cloze-event,other,0,0,post
4704,event-cloze,trump,100,1,post
4704,event-cloze,harris,0,0,post
4704,event-cloze,other,0,0,post
3292,event-cloze,trump,50,0.5,post
3292,event-cloze,harris,50,0.5,post
3292,event-cloze,other,0,0,post
4386,maze-event,harris,100,0.9345794392523364,post
4386,maze-event,trump,3,0.028037383177570093,post
4386,maze-event,other,4,0.037383177570093455,post
3851,spr-event,trump,100,1,post
3851,spr-event,harris,0,0,post
3851,spr-event,other,0,0,post
3601,cloze-event,trump,100,1,post
3601,cloze-event,harris,0,0,post
3601,cloze-event,other,0,0,post
3423,spr-event,trump,100,1,post
3423,spr-event,harris,0,0,post
3423,spr-event,other,0,0,post
4288,maze-event,harris,0,0,post
4288,maze-event,trump,100,1,post
4288,maze-event,other,0,0,post
4056,spr-event,trump,91,0.7459016393442623,post
4056,spr-event,harris,22,0.18032786885245902,post
4056,spr-event,other,9,0.07377049180327869,post
3739,event-maze,harris,0,0,post
3739,event-maze,trump,100,1,post
3739,event-maze,other,0,0,post
4713,maze-event,trump,100,1,post
4713,maze-event,harris,0,0,post
4713,maze-event,other,0,0,post
3560,cloze-event,trump,100,1,post
3560,cloze-event,harris,0,0,post
3560,cloze-event,other,0,0,post
4629,cloze-event,harris,0,0,post
4629,cloze-event,trump,100,1,post
4629,cloze-event,other,0,0,post
3850,cloze-event,trump,100,1,post
3850,cloze-event,harris,0,0,post
3850,cloze-event,other,0,0,post
3360,maze-event,harris,0,0,post
3360,maze-event,trump,100,1,post
3360,maze-event,other,0,0,post
3325,cloze-event,harris,2,0.0196078431372549,post
3325,cloze-event,trump,100,0.9803921568627451,post
3325,cloze-event,other,0,0,post
4458,spr-event,harris,0,0,post
4458,spr-event,trump,100,1,post
4458,spr-event,other,0,0,post
4719,maze-event,trump,73,0.7604166666666666,post
4719,maze-event,harris,23,0.23958333333333334,post
4719,maze-event,other,0,0,post
4723,spr-event,trump,100,1,post
4723,spr-event,harris,0,0,post
4723,spr-event,other,0,0,post
3606,cloze-event,trump,100,1,post
3606,cloze-event,harris,0,0,post
3606,cloze-event,other,0,0,post
3809,event-cloze,trump,100,1,post
3809,event-cloze,harris,0,0,post
3809,event-cloze,other,0,0,post
4395,cloze-event,trump,100,0.9615384615384616,post
4395,cloze-event,harris,3,0.028846153846153848,post
4395,cloze-event,other,1,0.009615384615384616,post
4273,event-spr,harris,0,0,post
4273,event-spr,trump,100,1,post
4273,event-spr,other,0,0,post
4012,spr-event,trump,100,1,post
4012,spr-event,harris,0,0,post
4012,spr-event,other,0,0,post
4445,spr-event,trump,97,0.97,post
4445,spr-event,harris,1,0.01,post
4445,spr-event,other,2,0.02,post
3942,cloze-event,trump,100,1,post
3942,cloze-event,harris,0,0,post
3942,cloze-event,other,0,0,post
4928,cloze-event,trump,100,1,post
4928,cloze-event,harris,0,0,post
4928,cloze-event,other,0,0,post
4307,event-spr,harris,4,0.037037037037037035,post
4307,event-spr,trump,100,0.9259259259259259,post
4307,event-spr,other,4,0.037037037037037035,post
3498,spr-event,trump,86,0.4056603773584906,post
3498,spr-event,harris,75,0.35377358490566035,post
3498,spr-event,other,51,0.24056603773584906,post
4275,cloze-event,trump,100,1,post
4275,cloze-event,harris,0,0,post
4275,cloze-event,other,0,0,post
4791,spr-event,harris,0,0,post
4791,spr-event,trump,99,1,post
4791,spr-event,other,0,0,post
4544,cloze-event,harris,3,0.03,post
4544,cloze-event,trump,97,0.97,post
4544,cloze-event,other,0,0,post
4008,maze-event,harris,2,0.019230769230769232,post
4008,maze-event,trump,100,0.9615384615384616,post
4008,maze-event,other,2,0.019230769230769232,post
4360,spr-event,harris,3,0.029411764705882353,post
4360,spr-event,trump,96,0.9411764705882353,post
4360,spr-event,other,3,0.029411764705882353,post
3527,cloze-event,harris,0,0,post
3527,cloze-event,trump,100,1,post
3527,cloze-event,other,0,0,post
4202,event-maze,harris,0,0,post
4202,event-maze,trump,100,1,post
4202,event-maze,other,0,0,post
3582,event-cloze,trump,99,0.99,post
3582,event-cloze,harris,0,0,post
3582,event-cloze,other,1,0.01,post
4694,cloze-event,harris,0,0,post
4694,cloze-event,trump,100,0.9900990099009901,post
4694,cloze-event,other,1,0.009900990099009901,post
3403,event-cloze,trump,98,0.9607843137254902,post
3403,event-cloze,harris,3,0.029411764705882353,post
3403,event-cloze,other,1,0.00980392156862745,post
4843,event-spr,harris,0,0,post
4843,event-spr,trump,100,1,post
4843,event-spr,other,0,0,post
3494,cloze-event,harris,3,0.0297029702970297,post
3494,cloze-event,trump,98,0.9702970297029703,post
3494,cloze-event,other,0,0,post
3758,maze-event,harris,0,0,post
3758,maze-event,trump,100,1,post
3758,maze-event,other,0,0,post
4297,spr-event,harris,0,0,post
4297,spr-event,trump,100,1,post
4297,spr-event,other,0,0,post
3649,event-spr,harris,25,0.2032520325203252,post
3649,event-spr,trump,73,0.5934959349593496,post
3649,event-spr,other,25,0.2032520325203252,post
4405,cloze-event,trump,100,1,post
4405,cloze-event,harris,0,0,post
4405,cloze-event,other,0,0,post
4622,maze-event,harris,49,0.2512820512820513,post
4622,maze-event,trump,100,0.5128205128205128,post
4622,maze-event,other,46,0.2358974358974359,post
3959,maze-event,trump,100,1,post
3959,maze-event,harris,0,0,post
3959,maze-event,other,0,0,post
3746,cloze-event,harris,0,0,post
3746,cloze-event,trump,100,1,post
3746,cloze-event,other,0,0,post
3703,cloze-event,trump,100,1,post
3703,cloze-event,harris,0,0,post
3703,cloze-event,other,0,0,post
3482,maze-event,trump,100,0.9900990099009901,post
3482,maze-event,harris,1,0.009900990099009901,post
3482,maze-event,other,0,0,post
4806,cloze-event,trump,97,0.9603960396039604,post
4806,cloze-event,harris,2,0.019801980198019802,post
4806,cloze-event,other,2,0.019801980198019802,post
4194,event-cloze,trump,100,0.6024096385542169,post
4194,event-cloze,harris,46,0.27710843373493976,post
4194,event-cloze,other,20,0.12048192771084337,post
4178,event-spr,trump,100,1,post
4178,event-spr,harris,0,0,post
4178,event-spr,other,0,0,post
3794,event-spr,trump,100,0.9900990099009901,post
3794,event-spr,harris,0,0,post
3794,event-spr,other,1,0.009900990099009901,post
4082,spr-event,harris,0,0,post
4082,spr-event,trump,99,0.99,post
4082,spr-event,other,1,0.01,post
4693,cloze-event,harris,1,0.009708737864077669,post
4693,cloze-event,trump,100,0.970873786407767,post
4693,cloze-event,other,2,0.019417475728155338,post
4151,cloze-event,harris,0,0,post
4151,cloze-event,trump,100,1,post
4151,cloze-event,other,0,0,post
4320,event-cloze,harris,0,0,post
4320,event-cloze,trump,100,1,post
4320,event-cloze,other,0,0,post
4597,spr-event,trump,100,1,post
4597,spr-event,harris,0,0,post
4597,spr-event,other,0,0,post
3761,spr-event,trump,8,0.08602150537634409,post
3761,spr-event,harris,85,0.9139784946236559,post
3761,spr-event,other,0,0,post
4864,maze-event,trump,100,1,post
4864,maze-event,harris,0,0,post
4864,maze-event,other,0,0,post
3743,event-spr,trump,100,1,post
3743,event-spr,harris,0,0,post
3743,event-spr,other,0,0,post
4828,maze-event,harris,0,0,post
4828,maze-event,trump,100,1,post
4828,maze-event,other,0,0,post
4773,maze-event,trump,100,0.9345794392523364,post
4773,maze-event,harris,0,0,post
4773,maze-event,other,7,0.06542056074766354,post
3355,event-spr,trump,100,1,post
3355,event-spr,harris,0,0,post
3355,event-spr,other,0,0,post
4161,cloze-event,trump,43,0.46236559139784944,post
4161,cloze-event,harris,50,0.5376344086021505,post
4161,cloze-event,other,0,0,post
3696,spr-event,trump,100,1,post
3696,spr-event,harris,0,0,post
3696,spr-event,other,0,0,post
3931,cloze-event,trump,100,0.9523809523809523,post
3931,cloze-event,harris,3,0.02857142857142857,post
3931,cloze-event,other,2,0.01904761904761905,post
4634,cloze-event,harris,0,0,post
4634,cloze-event,trump,100,1,post
4634,cloze-event,other,0,0,post
3914,event-cloze,harris,0,0,post
3914,event-cloze,trump,100,1,post
3914,event-cloze,other,0,0,post
4425,spr-event,harris,0,0,post
4425,spr-event,trump,100,1,post
4425,spr-event,other,0,0,post
3363,event-cloze,trump,100,1,post
3363,event-cloze,harris,0,0,post
3363,event-cloze,other,0,0,post
4467,event-spr,harris,0,0,post
4467,event-spr,trump,100,1,post
4467,event-spr,other,0,0,post
3947,event-maze,harris,0,0,post
3947,event-maze,trump,99,0.99,post
3947,event-maze,other,1,0.01,post
4620,cloze-event,harris,1,0.009900990099009901,post
4620,cloze-event,trump,100,0.9900990099009901,post
4620,cloze-event,other,0,0,post
3277,event-maze,harris,31,0.31313131313131315,post
3277,event-maze,trump,68,0.6868686868686869,post
3277,event-maze,other,0,0,post
3776,cloze-event,trump,100,0.9900990099009901,post
3776,cloze-event,harris,1,0.009900990099009901,post
3776,cloze-event,other,0,0,post
4633,cloze-event,trump,100,1,post
4633,cloze-event,harris,0,0,post
4633,cloze-event,other,0,0,post
4057,event-spr,harris,38,0.2360248447204969,post
4057,event-spr,trump,74,0.45962732919254656,post
4057,event-spr,other,49,0.30434782608695654,post
4454,spr-event,harris,0,0,post
4454,spr-event,trump,100,1,post
4454,spr-event,other,0,0,post
3275,spr-event,trump,49,0.5,post
3275,spr-event,harris,49,0.5,post
3275,spr-event,other,0,0,post
4744,event-cloze,trump,100,0.970873786407767,post
4744,event-cloze,harris,1,0.009708737864077669,post
4744,event-cloze,other,2,0.019417475728155338,post
4755,event-cloze,harris,0,0,post
4755,event-cloze,trump,100,1,post
4755,event-cloze,other,0,0,post
4020,cloze-event,trump,92,0.92,post
4020,cloze-event,harris,8,0.08,post
4020,cloze-event,other,0,0,post
4312,cloze-event,harris,0,0,post
4312,cloze-event,trump,100,0.9259259259259259,post
4312,cloze-event,other,8,0.07407407407407407,post
3660,spr-event,trump,100,1,post
3660,spr-event,harris,0,0,post
3660,spr-event,other,0,0,post
4238,spr-event,trump,100,0.9803921568627451,post
4238,spr-event,harris,1,0.00980392156862745,post
4238,spr-event,other,1,0.00980392156862745,post
4909,spr-event,harris,1,0.00980392156862745,post
4909,spr-event,trump,100,0.9803921568627451,post
4909,spr-event,other,1,0.00980392156862745,post
3898,event-cloze,harris,0,0,post
3898,event-cloze,trump,100,1,post
3898,event-cloze,other,0,0,post
4366,event-cloze,harris,1,0.00980392156862745,post
4366,event-cloze,trump,100,0.9803921568627451,post
4366,event-cloze,other,1,0.00980392156862745,post
4037,maze-event,harris,0,0,post
4037,maze-event,trump,100,1,post
4037,maze-event,other,0,0,post
3913,event-spr,trump,100,1,post
3913,event-spr,harris,0,0,post
3913,event-spr,other,0,0,post
4651,cloze-event,harris,0,0,post
4651,cloze-event,trump,100,1,post
4651,cloze-event,other,0,0,post
4313,event-maze,trump,99,0.99,post
4313,event-maze,harris,0,0,post
4313,event-maze,other,1,0.01,post
3420,event-spr,harris,7,0.08641975308641975,post
3420,event-spr,trump,74,0.9135802469135802,post
3420,event-spr,other,0,0,post
4221,event-spr,harris,4,0.038461538461538464,post
4221,event-spr,trump,100,0.9615384615384616,post
4221,event-spr,other,0,0,post
3471,cloze-event,trump,100,1,post
3471,cloze-event,harris,0,0,post
3471,cloze-event,other,0,0,post
4852,spr-event,harris,1,0.00980392156862745,post
4852,spr-event,trump,100,0.9803921568627451,post
4852,spr-event,other,1,0.00980392156862745,post
3861,spr-event,trump,96,0.9504950495049505,post
3861,spr-event,harris,5,0.04950495049504951,post
3861,spr-event,other,0,0,post
4914,event-cloze,harris,0,0,post
4914,event-cloze,trump,100,1,post
4914,event-cloze,other,0,0,post
4121,maze-event,trump,77,0.6875,post
4121,maze-event,harris,26,0.23214285714285715,post
4121,maze-event,other,9,0.08035714285714286,post
3665,maze-event,harris,46,0.3150684931506849,post
3665,maze-event,trump,100,0.684931506849315,post
3665,maze-event,other,0,0,post
3371,event-maze,trump,53,0.5463917525773195,post
3371,event-maze,harris,44,0.4536082474226804,post
3371,event-maze,other,0,0,post
3691,event-cloze,trump,100,0.8928571428571429,post
3691,event-cloze,harris,5,0.044642857142857144,post
3691,event-cloze,other,7,0.0625,post
4555,event-spr,harris,0,0,post
4555,event-spr,trump,100,1,post
4555,event-spr,other,0,0,post
4003,event-cloze,trump,97,0.9797979797979798,post
4003,event-cloze,harris,0,0,post
4003,event-cloze,other,2,0.020202020202020204,post
3828,maze-event,trump,78,0.7722772277227723,post
3828,maze-event,harris,23,0.22772277227722773,post
3828,maze-event,other,0,0,post
3424,spr-event,harris,0,0,post
3424,spr-event,trump,100,1,post
3424,spr-event,other,0,0,post
3566,spr-event,trump,100,1,post
3566,spr-event,harris,0,0,post
3566,spr-event,other,0,0,post
4881,cloze-event,harris,0,0,post
4881,cloze-event,trump,100,1,post
4881,cloze-event,other,0,0,post
3440,event-spr,trump,0,0,post
3440,event-spr,harris,100,1,post
3440,event-spr,other,0,0,post
3905,spr-event,trump,100,1,post
3905,spr-event,harris,0,0,post
3905,spr-event,other,0,0,post
3970,cloze-event,trump,100,1,post
3970,cloze-event,harris,0,0,post
3970,cloze-event,other,0,0,post
3464,cloze-event,harris,0,0,post
3464,cloze-event,trump,100,1,post
3464,cloze-event,other,0,0,post
3852,spr-event,trump,100,1,post
3852,spr-event,harris,0,0,post
3852,spr-event,other,0,0,post
3491,cloze-event,trump,100,0.5681818181818182,post
3491,cloze-event,harris,74,0.42045454545454547,post
3491,cloze-event,other,2,0.011363636363636364,post
4461,cloze-event,harris,0,0,post
4461,cloze-event,trump,100,1,post
4461,cloze-event,other,0,0,post
4407,cloze-event,trump,100,1,post
4407,cloze-event,harris,0,0,post
4407,cloze-event,other,0,0,post
4829,cloze-event,trump,74,0.5873015873015873,post
4829,cloze-event,harris,26,0.20634920634920634,post
4829,cloze-event,other,26,0.20634920634920634,post
4792,event-cloze,trump,100,1,post
4792,event-cloze,harris,0,0,post
4792,event-cloze,other,0,0,post
4799,cloze-event,trump,100,1,post
4799,cloze-event,harris,0,0,post
4799,cloze-event,other,0,0,post
4384,event-spr,trump,100,0.9803921568627451,post
4384,event-spr,harris,1,0.00980392156862745,post
4384,event-spr,other,1,0.00980392156862745,post
4153,event-maze,trump,100,1,post
4153,event-maze,harris,0,0,post
4153,event-maze,other,0,0,post
4789,event-cloze,harris,3,0.029411764705882353,post
4789,event-cloze,trump,97,0.9509803921568627,post
4789,event-cloze,other,2,0.0196078431372549,post
4331,spr-event,trump,100,1,post
4331,spr-event,harris,0,0,post
4331,spr-event,other,0,0,post
3800,spr-event,harris,4,0.0392156862745098,post
3800,spr-event,trump,98,0.9607843137254902,post
3800,spr-event,other,0,0,post
4513,spr-event,harris,0,0,post
4513,spr-event,trump,100,1,post
4513,spr-event,other,0,0,post
4430,event-maze,trump,100,1,post
4430,event-maze,harris,0,0,post
4430,event-maze,other,0,0,post
3892,cloze-event,harris,0,0,post
3892,cloze-event,trump,100,1,post
3892,cloze-event,other,0,0,post
3303,cloze-event,harris,0,0,post
3303,cloze-event,trump,100,1,post
3303,cloze-event,other,0,0,post
4587,event-cloze,harris,9,0.08035714285714286,post
4587,event-cloze,trump,94,0.8392857142857143,post
4587,event-cloze,other,9,0.08035714285714286,post
3444,cloze-event,harris,0,0,post
3444,cloze-event,trump,100,1,post
3444,cloze-event,other,0,0,post
3664,event-maze,harris,0,0,post
3664,event-maze,trump,97,0.9797979797979798,post
3664,event-maze,other,2,0.020202020202020204,post
3992,spr-event,trump,86,0.9148936170212766,post
3992,spr-event,harris,3,0.031914893617021274,post
3992,spr-event,other,5,0.05319148936170213,post
3517,event-spr,trump,100,0.970873786407767,post
3517,event-spr,harris,0,0,post
3517,event-spr,other,3,0.02912621359223301,post
4444,event-maze,trump,100,1,post
4444,event-maze,harris,0,0,post
4444,event-maze,other,0,0,post
4286,event-cloze,trump,100,0.9900990099009901,post
4286,event-cloze,harris,1,0.009900990099009901,post
4286,event-cloze,other,0,0,post
4476,event-cloze,harris,0,0,post
4476,event-cloze,trump,100,1,post
4476,event-cloze,other,0,0,post
4248,maze-event,trump,100,1,post
4248,maze-event,harris,0,0,post
4248,maze-event,other,0,0,post
3652,maze-event,trump,100,1,post
3652,maze-event,harris,0,0,post
3652,maze-event,other,0,0,post
4892,spr-event,harris,0,0,post
4892,spr-event,trump,100,1,post
4892,spr-event,other,0,0,post
4120,cloze-event,harris,0,0,post
4120,cloze-event,trump,100,1,post
4120,cloze-event,other,0,0,post
3857,cloze-event,harris,0,0,post
3857,cloze-event,trump,100,1,post
3857,cloze-event,other,0,0,post
4913,event-maze,harris,0,0,post
4913,event-maze,trump,100,1,post
4913,event-maze,other,0,0,post
4520,cloze-event,trump,100,1,post
4520,cloze-event,harris,0,0,post
4520,cloze-event,other,0,0,post
4397,event-cloze,trump,100,1,post
4397,event-cloze,harris,0,0,post
4397,event-cloze,other,0,0,post
3792,spr-event,trump,73,0.4591194968553459,post
3792,spr-event,harris,36,0.22641509433962265,post
3792,spr-event,other,50,0.31446540880503143,post
4027,cloze-event,harris,5,0.05263157894736842,post
4027,cloze-event,trump,90,0.9473684210526315,post
4027,cloze-event,other,0,0,post
4374,event-cloze,harris,15,0.13636363636363635,post
4374,event-cloze,trump,94,0.8545454545454545,post
4374,event-cloze,other,1,0.00909090909090909,post
3310,spr-event,trump,100,1,post
3310,spr-event,harris,0,0,post
3310,spr-event,other,0,0,post
3345,spr-event,trump,100,1,post
3345,spr-event,harris,0,0,post
3345,spr-event,other,0,0,post
3276,event-cloze,trump,51,0.6986301369863014,post
3276,event-cloze,harris,22,0.3013698630136986,post
3276,event-cloze,other,0,0,post
4381,event-spr,trump,99,0.9801980198019802,post
4381,event-spr,harris,1,0.009900990099009901,post
4381,event-spr,other,1,0.009900990099009901,post
4561,spr-event,harris,0,0,post
4561,spr-event,trump,100,1,post
4561,spr-event,other,0,0,post
4168,spr-event,trump,100,1,post
4168,spr-event,harris,0,0,post
4168,spr-event,other,0,0,post
4028,event-spr,trump,99,0.99,post
4028,event-spr,harris,0,0,post
4028,event-spr,other,1,0.01,post
3586,spr-event,trump,100,1,post
3586,spr-event,harris,0,0,post
3586,spr-event,other,0,0,post
4676,spr-event,trump,100,1,post
4676,spr-event,harris,0,0,post
4676,spr-event,other,0,0,post
4542,cloze-event,trump,100,1,post
4542,cloze-event,harris,0,0,post
4542,cloze-event,other,0,0,post
3723,event-cloze,trump,95,0.9223300970873787,post
3723,event-cloze,harris,8,0.07766990291262135,post
3723,event-cloze,other,0,0,post
4471,spr-event,harris,0,0,post
4471,spr-event,trump,100,1,post
4471,spr-event,other,0,0,post
3309,event-spr,harris,0,0,post
3309,event-spr,trump,100,1,post
3309,event-spr,other,0,0,post
4688,spr-event,trump,100,1,post
4688,spr-event,harris,0,0,post
4688,spr-event,other,0,0,post
4753,event-cloze,trump,100,1,post
4753,event-cloze,harris,0,0,post
4753,event-cloze,other,0,0,post
3419,event-cloze,harris,0,0,post
3419,event-cloze,trump,100,1,post
3419,event-cloze,other,0,0,post
3767,event-cloze,trump,100,1,post
3767,event-cloze,harris,0,0,post
3767,event-cloze,other,0,0,post
4598,spr-event,harris,3,0.0297029702970297,post
4598,spr-event,trump,95,0.9405940594059405,post
4598,spr-event,other,3,0.0297029702970297,post
4571,event-cloze,harris,7,0.06862745098039216,post
4571,event-cloze,trump,95,0.9313725490196079,post
4571,event-cloze,other,0,0,post
4038,maze-event,harris,0,0,post
4038,maze-event,trump,100,1,post
4038,maze-event,other,0,0,post
3909,cloze-event,harris,25,0.24271844660194175,post
3909,cloze-event,trump,77,0.7475728155339806,post
3909,cloze-event,other,1,0.009708737864077669,post
4818,maze-event,trump,100,1,post
4818,maze-event,harris,0,0,post
4818,maze-event,other,0,0,post
4291,event-cloze,harris,0,0,post
4291,event-cloze,trump,99,0.99,post
4291,event-cloze,other,1,0.01,post
3912,cloze-event,harris,0,0,post
3912,cloze-event,trump,100,1,post
3912,cloze-event,other,0,0,post
3479,spr-event,harris,9,0.07758620689655173,post
3479,spr-event,trump,100,0.8620689655172413,post
3479,spr-event,other,7,0.0603448275862069,post
4309,maze-event,trump,94,0.8034188034188035,post
4309,maze-event,harris,23,0.19658119658119658,post
4309,maze-event,other,0,0,post
3394,cloze-event,trump,75,0.7575757575757576,post
3394,cloze-event,harris,24,0.24242424242424243,post
3394,cloze-event,other,0,0,post
4427,cloze-event,trump,100,1,post
4427,cloze-event,harris,0,0,post
4427,cloze-event,other,0,0,post
3288,maze-event,harris,0,0,post
3288,maze-event,trump,100,1,post
3288,maze-event,other,0,0,post
4640,spr-event,harris,13,0.10833333333333334,post
4640,spr-event,trump,100,0.8333333333333334,post
4640,spr-event,other,7,0.058333333333333334,post
4319,cloze-event,harris,0,0,post
4319,cloze-event,trump,100,1,post
4319,cloze-event,other,0,0,post
4335,spr-event,trump,100,1,post
4335,spr-event,harris,0,0,post
4335,spr-event,other,0,0,post
3267,event-cloze,trump,75,0.7575757575757576,post
3267,event-cloze,harris,24,0.24242424242424243,post
3267,event-cloze,other,0,0,post
4896,cloze-event,trump,100,1,post
4896,cloze-event,harris,0,0,post
4896,cloze-event,other,0,0,post
3699,maze-event,harris,0,0,post
3699,maze-event,trump,100,1,post
3699,maze-event,other,0,0,post
4375,spr-event,harris,91,0.9680851063829787,post
4375,spr-event,trump,2,0.02127659574468085,post
4375,spr-event,other,1,0.010638297872340425,post
4924,cloze-event,trump,100,1,post
4924,cloze-event,harris,0,0,post
4924,cloze-event,other,0,0,post
4511,spr-event,harris,0,0,post
4511,spr-event,trump,100,1,post
4511,spr-event,other,0,0,post
4016,cloze-event,trump,100,1,post
4016,cloze-event,harris,0,0,post
4016,cloze-event,other,0,0,post
4614,event-cloze,trump,100,1,post
4614,event-cloze,harris,0,0,post
4614,event-cloze,other,0,0,post
3765,event-spr,harris,0,0,post
3765,event-spr,trump,99,1,post
3765,event-spr,other,0,0,post
3704,cloze-event,trump,100,1,post
3704,cloze-event,harris,0,0,post
3704,cloze-event,other,0,0,post
4124,event-maze,trump,100,1,post
4124,event-maze,harris,0,0,post
4124,event-maze,other,0,0,post
3476,spr-event,harris,0,0,post
3476,spr-event,trump,100,0.9345794392523364,post
3476,spr-event,other,7,0.06542056074766354,post
4647,maze-event,trump,78,0.5492957746478874,post
4647,maze-event,harris,49,0.34507042253521125,post
4647,maze-event,other,15,0.1056338028169014,post
3848,maze-event,trump,100,1,post
3848,maze-event,harris,0,0,post
3848,maze-event,other,0,0,post
3316,cloze-event,harris,0,0,post
3316,cloze-event,trump,100,1,post
3316,cloze-event,other,0,0,post
3603,cloze-event,harris,35,0.23972602739726026,post
3603,cloze-event,trump,97,0.6643835616438356,post
3603,cloze-event,other,14,0.0958904109589041,post
4685,maze-event,trump,100,1,post
4685,maze-event,harris,0,0,post
4685,maze-event,other,0,0,post
4308,cloze-event,harris,34,0.24113475177304963,post
4308,cloze-event,trump,84,0.5957446808510638,post
4308,cloze-event,other,23,0.16312056737588654,post
4201,event-maze,harris,0,0,post
4201,event-maze,trump,100,1,post
4201,event-maze,other,0,0,post
3742,event-spr,trump,49,0.5051546391752577,post
3742,event-spr,harris,24,0.24742268041237114,post
3742,event-spr,other,24,0.24742268041237114,post
4330,spr-event,trump,100,1,post
4330,spr-event,harris,0,0,post
4330,spr-event,other,0,0,post
4150,spr-event,trump,100,1,post
4150,spr-event,harris,0,0,post
4150,spr-event,other,0,0,post
4838,event-maze,trump,100,0.819672131147541,post
4838,event-maze,harris,22,0.18032786885245902,post
4838,event-maze,other,0,0,post
3821,event-spr,harris,0,0,post
3821,event-spr,trump,97,0.97,post
3821,event-spr,other,3,0.03,post
3507,maze-event,trump,100,0.970873786407767,post
3507,maze-event,harris,1,0.009708737864077669,post
3507,maze-event,other,2,0.019417475728155338,post
3741,spr-event,trump,50,0.5,post
3741,spr-event,harris,50,0.5,post
3741,spr-event,other,0,0,post
4348,spr-event,trump,100,1,post
4348,spr-event,harris,0,0,post
4348,spr-event,other,0,0,post
4726,maze-event,trump,12,0.0967741935483871,post
4726,maze-event,harris,12,0.0967741935483871,post
4726,maze-event,other,100,0.8064516129032258,post
4593,spr-event,trump,100,1,post
4593,spr-event,harris,0,0,post
4593,spr-event,other,0,0,post
3395,cloze-event,harris,0,0,post
3395,cloze-event,trump,100,1,post
3395,cloze-event,other,0,0,post
4164,maze-event,harris,0,0,post
4164,maze-event,trump,100,1,post
4164,maze-event,other,0,0,post
3685,spr-event,harris,100,0.9803921568627451,post
3685,spr-event,trump,1,0.00980392156862745,post
3685,spr-event,other,1,0.00980392156862745,post
3350,event-spr,harris,0,0,post
3350,event-spr,trump,100,1,post
3350,event-spr,other,0,0,post
4857,event-cloze,harris,0,0,post
4857,event-cloze,trump,100,1,post
4857,event-cloze,other,0,0,post
3445,maze-event,trump,100,1,post
3445,maze-event,harris,0,0,post
3445,maze-event,other,0,0,post
4045,maze-event,harris,0,0,post
4045,maze-event,trump,100,1,post
4045,maze-event,other,0,0,post
3503,cloze-event,harris,0,0,post
3503,cloze-event,trump,100,1,post
3503,cloze-event,other,0,0,post
4639,maze-event,trump,100,1,post
4639,maze-event,harris,0,0,post
4639,maze-event,other,0,0,post
4832,event-cloze,harris,26,0.19696969696969696,post
4832,event-cloze,trump,100,0.7575757575757576,post
4832,event-cloze,other,6,0.045454545454545456,post
3390,event-spr,harris,0,0,post
3390,event-spr,trump,100,1,post
3390,event-spr,other,0,0,post
4352,cloze-event,harris,0,0,post
4352,cloze-event,trump,100,1,post
4352,cloze-event,other,0,0,post
4011,event-maze,trump,100,1,post
4011,event-maze,harris,0,0,post
4011,event-maze,other,0,0,post
3939,event-cloze,harris,0,0,post
3939,event-cloze,trump,100,1,post
3939,event-cloze,other,0,0,post
3334,event-spr,harris,0,0,post
3334,event-spr,trump,100,1,post
3334,event-spr,other,0,0,post
4333,spr-event,harris,6,0.05660377358490566,post
4333,spr-event,trump,97,0.9150943396226415,post
4333,spr-event,other,3,0.02830188679245283,post
3918,event-spr,trump,100,1,post
3918,event-spr,harris,0,0,post
3918,event-spr,other,0,0,post
3839,cloze-event,harris,0,0,post
3839,cloze-event,trump,100,1,post
3839,cloze-event,other,0,0,post
3478,maze-event,harris,0,0,post
3478,maze-event,trump,100,1,post
3478,maze-event,other,0,0,post
3380,spr-event,trump,99,0.9801980198019802,post
3380,spr-event,harris,1,0.009900990099009901,post
3380,spr-event,other,1,0.009900990099009901,post
3818,cloze-event,trump,99,0.99,post
3818,cloze-event,harris,0,0,post
3818,cloze-event,other,1,0.01,post
4822,spr-event,trump,100,1,post
4822,spr-event,harris,0,0,post
4822,spr-event,other,0,0,post
3605,spr-event,harris,0,0,post
3605,spr-event,trump,100,1,post
3605,spr-event,other,0,0,post
4044,spr-event,harris,0,0,post
4044,spr-event,trump,100,1,post
4044,spr-event,other,0,0,post
3808,event-spr,harris,0,0,post
3808,event-spr,trump,100,1,post
3808,event-spr,other,0,0,post
3559,event-cloze,trump,100,1,post
3559,event-cloze,harris,0,0,post
3559,event-cloze,other,0,0,post
3510,event-spr,harris,48,0.32432432432432434,post
3510,event-spr,trump,90,0.6081081081081081,post
3510,event-spr,other,10,0.06756756756756757,post
3964,event-spr,harris,0,0,post
3964,event-spr,trump,100,1,post
3964,event-spr,other,0,0,post
4357,event-cloze,trump,87,0.7909090909090909,post
4357,event-cloze,harris,18,0.16363636363636364,post
4357,event-cloze,other,5,0.045454545454545456,post
3762,spr-event,trump,100,1,post
3762,spr-event,harris,0,0,post
3762,spr-event,other,0,0,post
4220,maze-event,harris,0,0,post
4220,maze-event,trump,100,1,post
4220,maze-event,other,0,0,post
4173,event-spr,trump,100,1,post
4173,event-spr,harris,0,0,post
4173,event-spr,other,0,0,post
3443,cloze-event,harris,24,0.18604651162790697,post
3443,cloze-event,trump,98,0.7596899224806202,post
3443,cloze-event,other,7,0.05426356589147287,post
3679,event-spr,trump,100,1,post
3679,event-spr,harris,0,0,post
3679,event-spr,other,0,0,post
4167,spr-event,trump,72,0.6923076923076923,post
4167,spr-event,harris,32,0.3076923076923077,post
4167,spr-event,other,0,0,post
3806,spr-event,harris,4,0.03773584905660377,post
3806,spr-event,trump,100,0.9433962264150944,post
3806,spr-event,other,2,0.018867924528301886,post
3453,spr-event,trump,100,0.9174311926605505,post
3453,spr-event,harris,4,0.03669724770642202,post
3453,spr-event,other,5,0.045871559633027525,post
4934,event-spr,harris,17,0.1559633027522936,post
4934,event-spr,trump,87,0.7981651376146789,post
4934,event-spr,other,5,0.045871559633027525,post
4692,event-cloze,harris,0,0,post
4692,event-cloze,trump,100,1,post
4692,event-cloze,other,0,0,post
3988,event-spr,harris,0,0,post
3988,event-spr,trump,96,0.9504950495049505,post
3988,event-spr,other,5,0.04950495049504951,post
4078,event-spr,trump,100,1,post
4078,event-spr,harris,0,0,post
4078,event-spr,other,0,0,post
4438,cloze-event,harris,0,0,post
4438,cloze-event,trump,100,1,post
4438,cloze-event,other,0,0,post
3638,maze-event,harris,0,0,post
3638,maze-event,trump,100,1,post
3638,maze-event,other,0,0,post
3730,cloze-event,harris,0,0,post
3730,cloze-event,trump,100,1,post
3730,cloze-event,other,0,0,post
3542,spr-event,harris,50,0.5,post
3542,spr-event,trump,50,0.5,post
3542,spr-event,other,0,0,post
4572,event-cloze,harris,0,0,post
4572,event-cloze,trump,100,1,post
4572,event-cloze,other,0,0,post
4378,spr-event,harris,4,0.05,post
4378,spr-event,trump,74,0.925,post
4378,spr-event,other,2,0.025,post
4617,spr-event,trump,100,1,post
4617,spr-event,harris,0,0,post
4617,spr-event,other,0,0,post
4463,event-maze,harris,100,0.5,post
4463,event-maze,trump,100,0.5,post
4463,event-maze,other,0,0,post
3728,event-spr,harris,0,0,post
3728,event-spr,trump,100,1,post
3728,event-spr,other,0,0,post
3526,event-maze,trump,87,0.9666666666666667,post
3526,event-maze,harris,3,0.03333333333333333,post
3526,event-maze,other,0,0,post
4326,cloze-event,trump,100,1,post
4326,cloze-event,harris,0,0,post
4326,cloze-event,other,0,0,post
4748,event-spr,trump,80,0.6060606060606061,post
4748,event-spr,harris,48,0.36363636363636365,post
4748,event-spr,other,4,0.030303030303030304,post
4409,cloze-event,trump,0,0,post
4409,cloze-event,harris,100,1,post
4409,cloze-event,other,0,0,post
4901,cloze-event,trump,100,1,post
4901,cloze-event,harris,0,0,post
4901,cloze-event,other,0,0,post
4855,cloze-event,harris,0,0,post
4855,cloze-event,trump,100,1,post
4855,cloze-event,other,0,0,post
3980,spr-event,harris,3,0.02912621359223301,post
3980,spr-event,trump,100,0.970873786407767,post
3980,spr-event,other,0,0,post
3966,event-cloze,trump,100,0.9803921568627451,post
3966,event-cloze,harris,1,0.00980392156862745,post
3966,event-cloze,other,1,0.00980392156862745,post
4226,event-cloze,harris,0,0,post
4226,event-cloze,trump,100,1,post
4226,event-cloze,other,0,0,post
4643,cloze-event,harris,85,0.4696132596685083,post
4643,cloze-event,trump,96,0.5303867403314917,post
4643,cloze-event,other,0,0,post
4516,maze-event,harris,0,0,post
4516,maze-event,trump,96,0.96,post
4516,maze-event,other,4,0.04,post
3900,spr-event,harris,0,0,post
3900,spr-event,trump,100,1,post
3900,spr-event,other,0,0,post
3462,event-maze,trump,100,0.9433962264150944,post
3462,event-maze,harris,6,0.05660377358490566,post
3462,event-maze,other,0,0,post
4064,spr-event,trump,100,1,post
4064,spr-event,harris,0,0,post
4064,spr-event,other,0,0,post
4184,spr-event,trump,100,0.8064516129032258,post
4184,spr-event,harris,0,0,post
4184,spr-event,other,24,0.1935483870967742,post
4590,event-cloze,harris,1,0.009708737864077669,post
4590,event-cloze,trump,100,0.970873786407767,post
4590,event-cloze,other,2,0.019417475728155338,post
3370,spr-event,trump,100,1,post
3370,spr-event,harris,0,0,post
3370,spr-event,other,0,0,post
3538,spr-event,trump,100,1,post
3538,spr-event,harris,0,0,post
3538,spr-event,other,0,0,post
4453,cloze-event,harris,0,0,post
4453,cloze-event,trump,97,0.97,post
4453,cloze-event,other,3,0.03,post
3709,cloze-event,harris,0,0,post
3709,cloze-event,trump,100,1,post
3709,cloze-event,other,0,0,post
4281,cloze-event,harris,0,0,post
4281,cloze-event,trump,100,1,post
4281,cloze-event,other,0,0,post
4562,event-spr,harris,0,0,post
4562,event-spr,trump,100,1,post
4562,event-spr,other,0,0,post
4305,cloze-event,harris,0,0,post
4305,cloze-event,trump,100,1,post
4305,cloze-event,other,0,0,post
3662,spr-event,harris,0,0,post
3662,spr-event,trump,100,1,post
3662,spr-event,other,0,0,post
4046,event-spr,harris,0,0,post
4046,event-spr,trump,100,1,post
4046,event-spr,other,0,0,post
3447,event-maze,harris,0,0,post
3447,event-maze,trump,100,1,post
3447,event-maze,other,0,0,post
4235,cloze-event,trump,100,1,post
4235,cloze-event,harris,0,0,post
4235,cloze-event,other,0,0,post
3455,spr-event,trump,75,0.7653061224489796,post
3455,spr-event,harris,0,0,post
3455,spr-event,other,23,0.23469387755102042,post
3635,cloze-event,trump,93,0.9393939393939394,post
3635,cloze-event,harris,0,0,post
3635,cloze-event,other,6,0.06060606060606061,post
3881,spr-event,harris,5,0.07042253521126761,post
3881,spr-event,trump,66,0.9295774647887324,post
3881,spr-event,other,0,0,post
4710,maze-event,trump,99,0.99,post
4710,maze-event,harris,0,0,post
4710,maze-event,other,1,0.01,post
4024,cloze-event,trump,100,1,post
4024,cloze-event,harris,0,0,post
4024,cloze-event,other,0,0,post
4480,event-spr,harris,0,0,post
4480,event-spr,trump,100,1,post
4480,event-spr,other,0,0,post
4260,event-spr,trump,100,1,post
4260,event-spr,harris,0,0,post
4260,event-spr,other,0,0,post
3512,cloze-event,harris,27,0.2288135593220339,post
3512,cloze-event,trump,91,0.7711864406779662,post
3512,cloze-event,other,0,0,post
4328,cloze-event,trump,100,1,post
4328,cloze-event,harris,0,0,post
4328,cloze-event,other,0,0,post
4048,event-maze,trump,74,0.7551020408163265,post
4048,event-maze,harris,0,0,post
4048,event-maze,other,24,0.24489795918367346,post
3778,cloze-event,trump,100,1,post
3778,cloze-event,harris,0,0,post
3778,cloze-event,other,0,0,post
4659,cloze-event,trump,100,0.970873786407767,post
4659,cloze-event,harris,1,0.009708737864077669,post
4659,cloze-event,other,2,0.019417475728155338,post
4900,event-spr,harris,0,0,post
4900,event-spr,trump,100,0.9803921568627451,post
4900,event-spr,other,2,0.0196078431372549,post
3937,event-cloze,harris,0,0,post
3937,event-cloze,trump,100,1,post
3937,event-cloze,other,0,0,post
3619,event-cloze,harris,0,0,post
3619,event-cloze,trump,100,1,post
3619,event-cloze,other,0,0,post
3571,cloze-event,harris,19,0.15702479338842976,post
3571,cloze-event,trump,100,0.8264462809917356,post
3571,cloze-event,other,2,0.01652892561983471,post
3557,maze-event,harris,0,0,post
3557,maze-event,trump,100,1,post
3557,maze-event,other,0,0,post
3425,event-spr,harris,0,0,post
3425,event-spr,trump,100,1,post
3425,event-spr,other,0,0,post
3954,maze-event,harris,0,0,post
3954,maze-event,trump,100,1,post
3954,maze-event,other,0,0,post
3799,event-maze,harris,0,0,post
3799,event-maze,trump,100,1,post
3799,event-maze,other,0,0,post
3532,spr-event,harris,0,0,post
3532,spr-event,trump,100,1,post
3532,spr-event,other,0,0,post
4509,event-spr,harris,49,0.47572815533980584,post
4509,event-spr,trump,48,0.46601941747572817,post
4509,event-spr,other,6,0.05825242718446602,post
4549,event-cloze,harris,0,0,post
4549,event-cloze,trump,100,1,post
4549,event-cloze,other,0,0,post
4880,spr-event,harris,0,0,post
4880,spr-event,trump,100,1,post
4880,spr-event,other,0,0,post
3843,cloze-event,trump,100,1,post
3843,cloze-event,harris,0,0,post
3843,cloze-event,other,0,0,post
3672,cloze-event,trump,100,1,post
3672,cloze-event,harris,0,0,post
3672,cloze-event,other,0,0,post
4558,maze-event,trump,100,1,post
4558,maze-event,harris,0,0,post
4558,maze-event,other,0,0,post
4895,event-cloze,trump,100,0.9900990099009901,post
4895,event-cloze,harris,1,0.009900990099009901,post
4895,event-cloze,other,0,0,post
4080,event-cloze,harris,0,0,post
4080,event-cloze,trump,100,1,post
4080,event-cloze,other,0,0,post
4882,spr-event,harris,0,0,post
4882,spr-event,trump,100,1,post
4882,spr-event,other,0,0,post
4866,event-cloze,harris,0,0,post
4866,event-cloze,trump,100,1,post
4866,event-cloze,other,0,0,post
4261,event-spr,harris,0,0,post
4261,event-spr,trump,100,1,post
4261,event-spr,other,0,0,post
3521,spr-event,trump,100,1,post
3521,spr-event,harris,0,0,post
3521,spr-event,other,0,0,post
4615,cloze-event,harris,1,0.011235955056179775,post
4615,cloze-event,trump,88,0.9887640449438202,post
4615,cloze-event,other,0,0,post
3770,cloze-event,trump,100,1,post
3770,cloze-event,harris,0,0,post
3770,cloze-event,other,0,0,post
3826,event-cloze,trump,99,0.99,post
3826,event-cloze,harris,1,0.01,post
3826,event-cloze,other,0,0,post
4752,event-maze,harris,0,NA,post
4752,event-maze,trump,0,NA,post
4752,event-maze,other,0,NA,post
3962,event-maze,harris,0,0,post
3962,event-maze,trump,100,1,post
3962,event-maze,other,0,0,post
4351,cloze-event,trump,100,1,post
4351,cloze-event,harris,0,0,post
4351,cloze-event,other,0,0,post
4533,event-maze,harris,0,0,post
4533,event-maze,trump,100,1,post
4533,event-maze,other,0,0,post
4878,event-maze,trump,100,1,post
4878,event-maze,harris,0,0,post
4878,event-maze,other,0,0,post
4536,cloze-event,harris,0,0,post
4536,cloze-event,trump,100,1,post
4536,cloze-event,other,0,0,post
4114,cloze-event,trump,100,1,post
4114,cloze-event,harris,0,0,post
4114,cloze-event,other,0,0,post
3322,cloze-event,trump,100,1,post
3322,cloze-event,harris,0,0,post
3322,cloze-event,other,0,0,post
3650,event-maze,trump,100,1,post
3650,event-maze,harris,0,0,post
3650,event-maze,other,0,0,post
3801,spr-event,trump,100,1,post
3801,spr-event,harris,0,0,post
3801,spr-event,other,0,0,post
3657,cloze-event,harris,0,0,post
3657,cloze-event,trump,100,1,post
3657,cloze-event,other,0,0,post
3724,maze-event,harris,100,1,post
3724,maze-event,trump,0,0,post
3724,maze-event,other,0,0,post
4908,event-maze,trump,100,1,post
4908,event-maze,harris,0,0,post
4908,event-maze,other,0,0,post
4169,cloze-event,harris,0,0,post
4169,cloze-event,trump,100,1,post
4169,cloze-event,other,0,0,post
4911,maze-event,harris,0,0,post
4911,maze-event,trump,100,1,post
4911,maze-event,other,0,0,post
4300,event-spr,trump,100,1,post
4300,event-spr,harris,0,0,post
4300,event-spr,other,0,0,post
3784,maze-event,harris,0,0,post
3784,maze-event,trump,100,1,post
3784,maze-event,other,0,0,post
4061,cloze-event,trump,86,0.6417910447761194,post
4061,cloze-event,harris,48,0.3582089552238806,post
4061,cloze-event,other,0,0,post
3475,maze-event,harris,100,0.9433962264150944,post
3475,maze-event,trump,3,0.02830188679245283,post
3475,maze-event,other,3,0.02830188679245283,post
4679,event-maze,harris,0,0,post
4679,event-maze,trump,100,1,post
4679,event-maze,other,0,0,post
4589,cloze-event,trump,100,1,post
4589,cloze-event,harris,0,0,post
4589,cloze-event,other,0,0,post
3756,spr-event,trump,100,1,post
3756,spr-event,harris,0,0,post
3756,spr-event,other,0,0,post
4074,spr-event,harris,0,0,post
4074,spr-event,trump,100,1,post
4074,spr-event,other,0,0,post
3907,event-cloze,trump,100,1,post
3907,event-cloze,harris,0,0,post
3907,event-cloze,other,0,0,post
4377,cloze-event,trump,100,1,post
4377,cloze-event,harris,0,0,post
4377,cloze-event,other,0,0,post
3460,spr-event,trump,100,1,post
3460,spr-event,harris,0,0,post
3460,spr-event,other,0,0,post
3487,maze-event,trump,100,1,post
3487,maze-event,harris,0,0,post
3487,maze-event,other,0,0,post
3629,cloze-event,harris,0,0,post
3629,cloze-event,trump,52,0.37410071942446044,post
3629,cloze-event,other,87,0.6258992805755396,post
4181,event-cloze,harris,0,0,post
4181,event-cloze,trump,100,1,post
4181,event-cloze,other,0,0,post
3994,event-cloze,trump,100,0.9900990099009901,post
3994,event-cloze,harris,0,0,post
3994,event-cloze,other,1,0.009900990099009901,post
4667,cloze-event,trump,100,1,post
4667,cloze-event,harris,0,0,post
4667,cloze-event,other,0,0,post
4628,event-maze,harris,0,0,post
4628,event-maze,trump,100,0.8064516129032258,post
4628,event-maze,other,24,0.1935483870967742,post
4635,event-cloze,harris,0,0,post
4635,event-cloze,trump,100,1,post
4635,event-cloze,other,0,0,post
4209,cloze-event,trump,96,0.8807339449541285,post
4209,cloze-event,harris,6,0.05504587155963303,post
4209,cloze-event,other,7,0.06422018348623854,post
4380,cloze-event,harris,0,0,post
4380,cloze-event,trump,100,1,post
4380,cloze-event,other,0,0,post
4216,event-cloze,trump,75,0.7575757575757576,post
4216,event-cloze,harris,24,0.24242424242424243,post
4216,event-cloze,other,0,0,post
4879,cloze-event,harris,0,0,post
4879,cloze-event,trump,100,1,post
4879,cloze-event,other,0,0,post
3362,cloze-event,harris,0,0,post
3362,cloze-event,trump,100,1,post
3362,cloze-event,other,0,0,post
3968,cloze-event,trump,100,1,post
3968,cloze-event,harris,0,0,post
3968,cloze-event,other,0,0,post
4459,event-cloze,trump,100,1,post
4459,event-cloze,harris,0,0,post
4459,event-cloze,other,0,0,post
4068,event-spr,harris,0,0,post
4068,event-spr,trump,96,0.9696969696969697,post
4068,event-spr,other,3,0.030303030303030304,post
3780,cloze-event,harris,0,0,post
3780,cloze-event,trump,100,1,post
3780,cloze-event,other,0,0,post
4546,cloze-event,harris,23,0.23469387755102042,post
4546,cloze-event,trump,75,0.7653061224489796,post
4546,cloze-event,other,0,0,post
4069,maze-event,harris,0,0,post
4069,maze-event,trump,100,1,post
4069,maze-event,other,0,0,post
3272,event-cloze,harris,74,0.4774193548387097,post
3272,event-cloze,trump,71,0.45806451612903226,post
3272,event-cloze,other,10,0.06451612903225806,post
4383,event-spr,harris,3,0.017341040462427744,post
4383,event-spr,trump,93,0.5375722543352601,post
4383,event-spr,other,77,0.44508670520231214,post
3295,cloze-event,harris,0,0,post
3295,cloze-event,trump,100,1,post
3295,cloze-event,other,0,0,post
4090,cloze-event,trump,100,1,post
4090,cloze-event,harris,0,0,post
4090,cloze-event,other,0,0,post
4816,maze-event,harris,26,0.20634920634920634,post
4816,maze-event,trump,100,0.7936507936507936,post
4816,maze-event,other,0,0,post
4782,event-maze,harris,0,NA,post
4782,event-maze,trump,0,NA,post
4782,event-maze,other,0,NA,post
3459,spr-event,trump,100,1,post
3459,spr-event,harris,0,0,post
3459,spr-event,other,0,0,post
4823,maze-event,trump,100,1,post
4823,maze-event,harris,0,0,post
4823,maze-event,other,0,0,post
3708,cloze-event,harris,0,0,post
3708,cloze-event,trump,100,1,post
3708,cloze-event,other,0,0,post
4175,event-maze,trump,100,1,post
4175,event-maze,harris,0,0,post
4175,event-maze,other,0,0,post
4891,maze-event,harris,2,0.0196078431372549,post
4891,maze-event,trump,100,0.9803921568627451,post
4891,maze-event,other,0,0,post
3840,cloze-event,trump,100,1,post
3840,cloze-event,harris,0,0,post
3840,cloze-event,other,0,0,post
4006,maze-event,trump,100,1,post
4006,maze-event,harris,0,0,post
4006,maze-event,other,0,0,post
4796,spr-event,trump,100,1,post
4796,spr-event,harris,0,0,post
4796,spr-event,other,0,0,post
4369,spr-event,trump,100,1,post
4369,spr-event,harris,0,0,post
4369,spr-event,other,0,0,post
3376,event-cloze,harris,0,0,post
3376,event-cloze,trump,100,1,post
3376,event-cloze,other,0,0,post
3338,cloze-event,trump,100,1,post
3338,cloze-event,harris,0,0,post
3338,cloze-event,other,0,0,post
4706,cloze-event,harris,1,0.009345794392523364,post
4706,cloze-event,trump,100,0.9345794392523364,post
4706,cloze-event,other,6,0.056074766355140186,post
3883,spr-event,harris,0,0,post
3883,spr-event,trump,100,1,post
3883,spr-event,other,0,0,post
3858,event-maze,trump,100,1,post
3858,event-maze,harris,0,0,post
3858,event-maze,other,0,0,post
4271,spr-event,harris,0,0,post
4271,spr-event,trump,100,1,post
4271,spr-event,other,0,0,post
3368,maze-event,trump,100,1,post
3368,maze-event,harris,0,0,post
3368,maze-event,other,0,0,post
3648,maze-event,harris,0,0,post
3648,maze-event,trump,100,1,post
3648,maze-event,other,0,0,post
3702,cloze-event,trump,100,1,post
3702,cloze-event,harris,0,0,post
3702,cloze-event,other,0,0,post
4810,cloze-event,harris,1,0.009900990099009901,post
4810,cloze-event,trump,100,0.9900990099009901,post
4810,cloze-event,other,0,0,post
4936,cloze-event,trump,100,1,post
4936,cloze-event,harris,0,0,post
4936,cloze-event,other,0,0,post
3348,spr-event,harris,6,0.05555555555555555,post
3348,spr-event,trump,100,0.9259259259259259,post
3348,spr-event,other,2,0.018518518518518517,post
4043,maze-event,trump,98,0.98,post
4043,maze-event,harris,0,0,post
4043,maze-event,other,2,0.02,post
4135,event-spr,trump,100,1,post
4135,event-spr,harris,0,0,post
4135,event-spr,other,0,0,post
4145,spr-event,trump,100,1,post
4145,spr-event,harris,0,0,post
4145,spr-event,other,0,0,post
3985,event-spr,trump,96,0.9320388349514563,post
3985,event-spr,harris,5,0.04854368932038835,post
3985,event-spr,other,2,0.019417475728155338,post
3293,event-cloze,harris,0,0,post
3293,event-cloze,trump,100,1,post
3293,event-cloze,other,0,0,post
4379,spr-event,harris,0,0,post
4379,spr-event,trump,100,1,post
4379,spr-event,other,0,0,post
4250,spr-event,trump,100,1,post
4250,spr-event,harris,0,0,post
4250,spr-event,other,0,0,post
3452,maze-event,harris,0,0,post
3452,maze-event,trump,100,1,post
3452,maze-event,other,0,0,post
3972,event-cloze,trump,100,1,post
3972,event-cloze,harris,0,0,post
3972,event-cloze,other,0,0,post
4735,cloze-event,trump,100,0.9615384615384616,post
4735,cloze-event,harris,2,0.019230769230769232,post
4735,cloze-event,other,2,0.019230769230769232,post
3618,cloze-event,harris,0,0,post
3618,cloze-event,trump,98,0.9702970297029703,post
3618,cloze-event,other,3,0.0297029702970297,post
3860,spr-event,trump,100,1,post
3860,spr-event,harris,0,0,post
3860,spr-event,other,0,0,post
4390,event-maze,trump,100,1,post
4390,event-maze,harris,0,0,post
4390,event-maze,other,0,0,post
4337,maze-event,harris,0,0,post
4337,maze-event,trump,100,1,post
4337,maze-event,other,0,0,post
4604,cloze-event,harris,0,0,post
4604,cloze-event,trump,100,1,post
4604,cloze-event,other,0,0,post
3830,spr-event,trump,100,1,post
3830,spr-event,harris,0,0,post
3830,spr-event,other,0,0,post
3410,event-spr,trump,100,0.9615384615384616,post
3410,event-spr,harris,2,0.019230769230769232,post
3410,event-spr,other,2,0.019230769230769232,post
3926,event-spr,trump,94,0.94,post
3926,event-spr,harris,0,0,post
3926,event-spr,other,6,0.06,post
3991,event-maze,harris,42,0.30434782608695654,post
3991,event-maze,trump,88,0.6376811594202898,post
3991,event-maze,other,8,0.057971014492753624,post
4058,event-cloze,trump,100,1,post
4058,event-cloze,harris,0,0,post
4058,event-cloze,other,0,0,post
3813,maze-event,trump,99,0.7333333333333333,post
3813,maze-event,harris,27,0.2,post
3813,maze-event,other,9,0.06666666666666667,post
3824,maze-event,harris,0,0,post
3824,maze-event,trump,100,1,post
3824,maze-event,other,0,0,post
4482,maze-event,trump,52,0.4094488188976378,post
4482,maze-event,harris,75,0.5905511811023622,post
4482,maze-event,other,0,0,post
4570,cloze-event,harris,0,0,post
4570,cloze-event,trump,100,1,post
4570,cloze-event,other,0,0,post
4678,cloze-event,harris,0,0,post
4678,cloze-event,trump,100,1,post
4678,cloze-event,other,0,0,post
3774,cloze-event,trump,100,1,post
3774,cloze-event,harris,0,0,post
3774,cloze-event,other,0,0,post
3418,event-maze,harris,1,0.009708737864077669,post
3418,event-maze,trump,100,0.970873786407767,post
3418,event-maze,other,2,0.019417475728155338,post
4853,event-maze,harris,0,0,post
4853,event-maze,trump,100,1,post
4853,event-maze,other,0,0,post
4758,cloze-event,trump,100,1,post
4758,cloze-event,harris,0,0,post
4758,cloze-event,other,0,0,post
3625,cloze-event,harris,0,0,post
3625,cloze-event,trump,100,1,post
3625,cloze-event,other,0,0,post
3550,event-spr,harris,51,0.5151515151515151,post
3550,event-spr,trump,48,0.48484848484848486,post
3550,event-spr,other,0,0,post
4697,cloze-event,harris,48,0.3037974683544304,post
4697,cloze-event,trump,100,0.6329113924050633,post
4697,cloze-event,other,10,0.06329113924050633,post
3514,event-maze,trump,87,0.8446601941747572,post
3514,event-maze,harris,0,0,post
3514,event-maze,other,16,0.1553398058252427,post
4519,cloze-event,trump,74,0.7551020408163265,post
4519,cloze-event,harris,0,0,post
4519,cloze-event,other,24,0.24489795918367346,post
4391,event-cloze,harris,0,0,post
4391,event-cloze,trump,100,1,post
4391,event-cloze,other,0,0,post
4115,cloze-event,harris,3,0.028846153846153848,post
4115,cloze-event,trump,100,0.9615384615384616,post
4115,cloze-event,other,1,0.009615384615384616,post
3536,spr-event,trump,100,0.9803921568627451,post
3536,spr-event,harris,1,0.00980392156862745,post
3536,spr-event,other,1,0.00980392156862745,post
3477,event-cloze,trump,100,0.6711409395973155,post
3477,event-cloze,harris,0,0,post
3477,event-cloze,other,49,0.3288590604026846,post
4210,event-spr,trump,100,1,post
4210,event-spr,harris,0,0,post
4210,event-spr,other,0,0,post
4349,cloze-event,harris,1,0.010309278350515464,post
4349,cloze-event,trump,94,0.9690721649484536,post
4349,cloze-event,other,2,0.020618556701030927,post
4496,spr-event,harris,0,0,post
4496,spr-event,trump,100,1,post
4496,spr-event,other,0,0,post
3957,spr-event,trump,100,1,post
3957,spr-event,harris,0,0,post
3957,spr-event,other,0,0,post
4240,spr-event,harris,21,0.1875,post
4240,spr-event,trump,79,0.7053571428571429,post
4240,spr-event,other,12,0.10714285714285714,post
3663,maze-event,harris,0,0,post
3663,maze-event,trump,100,1,post
3663,maze-event,other,0,0,post
4103,cloze-event,trump,100,1,post
4103,cloze-event,harris,0,0,post
4103,cloze-event,other,0,0,post
4566,event-spr,trump,100,0.970873786407767,post
4566,event-spr,harris,3,0.02912621359223301,post
4566,event-spr,other,0,0,post
4450,event-cloze,harris,0,0,post
4450,event-cloze,trump,100,1,post
4450,event-cloze,other,0,0,post
4447,spr-event,trump,100,1,post
4447,spr-event,harris,0,0,post
4447,spr-event,other,0,0,post
4054,event-cloze,harris,0,0,post
4054,event-cloze,trump,100,1,post
4054,event-cloze,other,0,0,post
3713,cloze-event,harris,0,0,post
3713,cloze-event,trump,100,1,post
3713,cloze-event,other,0,0,post
4293,cloze-event,trump,89,0.7063492063492064,post
4293,cloze-event,harris,36,0.2857142857142857,post
4293,cloze-event,other,1,0.007936507936507936,post
4389,cloze-event,trump,25,0.14124293785310735,post
4389,cloze-event,harris,100,0.5649717514124294,post
4389,cloze-event,other,52,0.2937853107344633,post
4605,cloze-event,harris,0,0,post
4605,cloze-event,trump,100,1,post
4605,cloze-event,other,0,0,post
4152,event-cloze,trump,100,1,post
4152,event-cloze,harris,0,0,post
4152,event-cloze,other,0,0,post
4318,cloze-event,trump,100,1,post
4318,cloze-event,harris,0,0,post
4318,cloze-event,other,0,0,post
3764,cloze-event,harris,3,0.02912621359223301,post
3764,cloze-event,trump,98,0.9514563106796117,post
3764,cloze-event,other,2,0.019417475728155338,post
4543,cloze-event,harris,27,0.23478260869565218,post
4543,cloze-event,trump,76,0.6608695652173913,post
4543,cloze-event,other,12,0.10434782608695652,post
4256,spr-event,trump,100,1,post
4256,spr-event,harris,0,0,post
4256,spr-event,other,0,0,post
4442,event-maze,trump,100,1,post
4442,event-maze,harris,0,0,post
4442,event-maze,other,0,0,post
3388,spr-event,trump,100,1,post
3388,spr-event,harris,0,0,post
3388,spr-event,other,0,0,post
4400,event-spr,harris,0,0,post
4400,event-spr,trump,100,1,post
4400,event-spr,other,0,0,post
3607,maze-event,trump,100,1,post
3607,maze-event,harris,0,0,post
3607,maze-event,other,0,0,post
4872,spr-event,trump,100,0.9615384615384616,post
4872,spr-event,harris,0,0,post
4872,spr-event,other,4,0.038461538461538464,post
3810,cloze-event,trump,100,0.9523809523809523,post
3810,cloze-event,harris,2,0.01904761904761905,post
3810,cloze-event,other,3,0.02857142857142857,post
4385,event-cloze,trump,100,0.5291005291005291,post
4385,event-cloze,harris,65,0.3439153439153439,post
4385,event-cloze,other,24,0.12698412698412698,post
3297,spr-event,harris,0,0,post
3297,spr-event,trump,100,1,post
3297,spr-event,other,0,0,post
4687,maze-event,harris,0,0,post
4687,maze-event,trump,100,1,post
4687,maze-event,other,0,0,post
3967,maze-event,harris,0,0,post
3967,maze-event,trump,100,1,post
3967,maze-event,other,0,0,post
3332,spr-event,trump,49,0.3951612903225806,post
3332,spr-event,harris,75,0.6048387096774194,post
3332,spr-event,other,0,0,post
4577,spr-event,harris,0,0,post
4577,spr-event,trump,100,1,post
4577,spr-event,other,0,0,post
3593,event-cloze,trump,63,0.6494845360824743,post
3593,event-cloze,harris,34,0.35051546391752575,post
3593,event-cloze,other,0,0,post
3740,cloze-event,trump,100,0.9803921568627451,post
3740,cloze-event,harris,2,0.0196078431372549,post
3740,cloze-event,other,0,0,post
3581,cloze-event,harris,0,0,post
3581,cloze-event,trump,100,1,post
3581,cloze-event,other,0,0,post
4553,cloze-event,harris,0,0,post
4553,cloze-event,trump,100,1,post
4553,cloze-event,other,0,0,post
3511,event-maze,harris,0,0,post
3511,event-maze,trump,100,1,post
3511,event-maze,other,0,0,post
4808,spr-event,harris,0,0,post
4808,spr-event,trump,100,1,post
4808,spr-event,other,0,0,post
3386,spr-event,trump,100,1,post
3386,spr-event,harris,0,0,post
3386,spr-event,other,0,0,post
3735,event-cloze,harris,1,0.009900990099009901,post
3735,event-cloze,trump,100,0.9900990099009901,post
3735,event-cloze,other,0,0,post
4034,spr-event,harris,0,0,post
4034,spr-event,trump,100,1,post
4034,spr-event,other,0,0,post
3465,event-spr,trump,100,1,post
3465,event-spr,harris,0,0,post
3465,event-spr,other,0,0,post
4205,event-spr,trump,100,1,post
4205,event-spr,harris,0,0,post
4205,event-spr,other,0,0,post
4393,event-spr,harris,89,0.898989898989899,post
4393,event-spr,trump,10,0.10101010101010101,post
4393,event-spr,other,0,0,post
3726,cloze-event,trump,100,1,post
3726,cloze-event,harris,0,0,post
3726,cloze-event,other,0,0,post
4907,maze-event,harris,0,0,post
4907,maze-event,trump,100,1,post
4907,maze-event,other,0,0,post
3381,spr-event,harris,0,0,post
3381,spr-event,trump,100,1,post
3381,spr-event,other,0,0,post
3495,event-maze,trump,64,0.4129032258064516,post
3495,event-maze,harris,91,0.5870967741935483,post
3495,event-maze,other,0,0,post
4658,maze-event,trump,100,1,post
4658,maze-event,harris,0,0,post
4658,maze-event,other,0,0,post
3392,maze-event,harris,0,0,post
3392,maze-event,trump,100,1,post
3392,maze-event,other,0,0,post
3547,spr-event,harris,0,0,post
3547,spr-event,trump,76,1,post
3547,spr-event,other,0,0,post
4346,event-cloze,harris,0,0,post
4346,event-cloze,trump,95,0.979381443298969,post
4346,event-cloze,other,2,0.020618556701030927,post
3317,spr-event,trump,100,1,post
3317,spr-event,harris,0,0,post
3317,spr-event,other,0,0,post
4338,event-spr,harris,1,0.009900990099009901,post
4338,event-spr,trump,100,0.9900990099009901,post
4338,event-spr,other,0,0,post
4249,maze-event,harris,0,0,post
4249,maze-event,trump,100,1,post
4249,maze-event,other,0,0,post
4159,maze-event,harris,0,0,post
4159,maze-event,trump,100,1,post
4159,maze-event,other,0,0,post
4143,maze-event,harris,0,0,post
4143,maze-event,trump,100,1,post
4143,maze-event,other,0,0,post
4234,event-cloze,trump,72,0.5714285714285714,post
4234,event-cloze,harris,52,0.4126984126984127,post
4234,event-cloze,other,2,0.015873015873015872,post
4691,maze-event,trump,100,0.9523809523809523,post
4691,maze-event,harris,3,0.02857142857142857,post
4691,maze-event,other,2,0.01904761904761905,post
4217,spr-event,trump,100,1,post
4217,spr-event,harris,0,0,post
4217,spr-event,other,0,0,post
4727,spr-event,harris,1,0.009900990099009901,post
4727,spr-event,trump,100,0.9900990099009901,post
4727,spr-event,other,0,0,post
4875,maze-event,harris,0,0,post
4875,maze-event,trump,100,1,post
4875,maze-event,other,0,0,post
3882,spr-event,harris,43,0.4479166666666667,post
3882,spr-event,trump,53,0.5520833333333334,post
3882,spr-event,other,0,0,post
3596,cloze-event,harris,38,0.2900763358778626,post
3596,cloze-event,trump,79,0.6030534351145038,post
3596,cloze-event,other,14,0.10687022900763359,post
3642,maze-event,harris,0,0,post
3642,maze-event,trump,100,1,post
3642,maze-event,other,0,0,post
3595,cloze-event,trump,100,0.9900990099009901,post
3595,cloze-event,harris,0,0,post
3595,cloze-event,other,1,0.009900990099009901,post
4813,spr-event,trump,100,0.970873786407767,post
4813,spr-event,harris,1,0.009708737864077669,post
4813,spr-event,other,2,0.019417475728155338,post
4268,event-spr,harris,0,0,post
4268,event-spr,trump,100,1,post
4268,event-spr,other,0,0,post
4938,cloze-event,harris,0,0,post
4938,cloze-event,trump,100,1,post
4938,cloze-event,other,0,0,post
4361,event-cloze,harris,0,0,post
4361,event-cloze,trump,100,1,post
4361,event-cloze,other,0,0,post
3266,spr-event,harris,0,0,post
3266,spr-event,trump,100,1,post
3266,spr-event,other,0,0,post
3374,spr-event,trump,100,1,post
3374,spr-event,harris,0,0,post
3374,spr-event,other,0,0,post
3408,event-cloze,trump,100,0.9523809523809523,post
3408,event-cloze,harris,2,0.01904761904761905,post
3408,event-cloze,other,3,0.02857142857142857,post
3616,event-maze,harris,0,0,post
3616,event-maze,trump,100,1,post
3616,event-maze,other,0,0,post
4021,cloze-event,trump,100,1,post
4021,cloze-event,harris,0,0,post
4021,cloze-event,other,0,0,post
4428,maze-event,harris,0,0,post
4428,maze-event,trump,100,1,post
4428,maze-event,other,0,0,post
3684,event-spr,harris,0,0,post
3684,event-spr,trump,94,0.9494949494949495,post
3684,event-spr,other,5,0.050505050505050504,post
3733,spr-event,harris,1,0.00980392156862745,post
3733,spr-event,trump,100,0.9803921568627451,post
3733,spr-event,other,1,0.00980392156862745,post
3950,cloze-event,trump,100,1,post
3950,cloze-event,harris,0,0,post
3950,cloze-event,other,0,0,post
4535,event-cloze,harris,3,0.027522935779816515,post
4535,event-cloze,trump,93,0.8532110091743119,post
4535,event-cloze,other,13,0.11926605504587157,post
4457,event-spr,harris,0,0,post
4457,event-spr,trump,100,1,post
4457,event-spr,other,0,0,post
4793,cloze-event,trump,100,1,post
4793,cloze-event,harris,0,0,post
4793,cloze-event,other,0,0,post
3961,spr-event,trump,100,1,post
3961,spr-event,harris,0,0,post
3961,spr-event,other,0,0,post
4841,cloze-event,trump,99,0.99,post
4841,cloze-event,harris,0,0,post
4841,cloze-event,other,1,0.01,post
4435,event-spr,trump,100,1,post
4435,event-spr,harris,0,0,post
4435,event-spr,other,0,0,post
3639,event-spr,harris,0,0,post
3639,event-spr,trump,100,1,post
3639,event-spr,other,0,0,post
4257,event-maze,harris,0,0,post
4257,event-maze,trump,100,1,post
4257,event-maze,other,0,0,post
3413,event-spr,trump,100,1,post
3413,event-spr,harris,0,0,post
3413,event-spr,other,0,0,post
4779,event-cloze,trump,98,0.9702970297029703,post
4779,event-cloze,harris,0,0,post
4779,event-cloze,other,3,0.0297029702970297,post
4413,spr-event,harris,0,0,post
4413,spr-event,trump,100,1,post
4413,spr-event,other,0,0,post
3923,event-spr,trump,99,0.9801980198019802,post
3923,event-spr,harris,2,0.019801980198019802,post
3923,event-spr,other,0,0,post
3530,spr-event,harris,0,0,post
3530,spr-event,trump,100,1,post
3530,spr-event,other,0,0,post
4160,event-spr,trump,100,1,post
4160,event-spr,harris,0,0,post
4160,event-spr,other,0,0,post
3940,cloze-event,trump,100,0.9900990099009901,post
3940,cloze-event,harris,1,0.009900990099009901,post
3940,cloze-event,other,0,0,post
4559,event-cloze,trump,99,0.99,post
4559,event-cloze,harris,1,0.01,post
4559,event-cloze,other,0,0,post
4213,maze-event,trump,90,0.5625,post
4213,maze-event,harris,41,0.25625,post
4213,maze-event,other,29,0.18125,post
4672,spr-event,trump,100,1,post
4672,spr-event,harris,0,0,post
4672,spr-event,other,0,0,post
4475,event-maze,trump,100,1,post
4475,event-maze,harris,0,0,post
4475,event-maze,other,0,0,post
3402,event-spr,trump,96,0.96,post
3402,event-spr,harris,0,0,post
3402,event-spr,other,4,0.04,post
4005,spr-event,harris,0,0,post
4005,spr-event,trump,100,1,post
4005,spr-event,other,0,0,post
4398,event-maze,trump,100,1,post
4398,event-maze,harris,0,0,post
4398,event-maze,other,0,0,post
4392,event-spr,trump,100,1,post
4392,event-spr,harris,0,0,post
4392,event-spr,other,0,0,post
4933,cloze-event,trump,100,1,post
4933,cloze-event,harris,0,0,post
4933,cloze-event,other,0,0,post
3911,cloze-event,trump,100,1,post
3911,cloze-event,harris,0,0,post
3911,cloze-event,other,0,0,post
3788,event-cloze,trump,100,1,post
3788,event-cloze,harris,0,0,post
3788,event-cloze,other,0,0,post
3377,cloze-event,trump,100,1,post
3377,cloze-event,harris,0,0,post
3377,cloze-event,other,0,0,post
4228,cloze-event,harris,0,0,post
4228,cloze-event,trump,100,1,post
4228,cloze-event,other,0,0,post
4762,spr-event,trump,100,0.9615384615384616,post
4762,spr-event,harris,3,0.028846153846153848,post
4762,spr-event,other,1,0.009615384615384616,post
3383,event-cloze,harris,0,0,post
3383,event-cloze,trump,100,1,post
3383,event-cloze,other,0,0,post
4460,cloze-event,trump,100,1,post
4460,cloze-event,harris,0,0,post
4460,cloze-event,other,0,0,post
4865,event-maze,trump,100,1,post
4865,event-maze,harris,0,0,post
4865,event-maze,other,0,0,post
4098,event-spr,trump,49,0.2620320855614973,post
4098,event-spr,harris,50,0.26737967914438504,post
4098,event-spr,other,88,0.47058823529411764,post
4664,event-maze,trump,100,1,post
4664,event-maze,harris,0,0,post
4664,event-maze,other,0,0,post
3529,maze-event,harris,49,0.44954128440366975,post
3529,maze-event,trump,51,0.46788990825688076,post
3529,maze-event,other,9,0.08256880733944955,post
3466,spr-event,harris,36,0.2589928057553957,post
3466,spr-event,trump,100,0.7194244604316546,post
3466,spr-event,other,3,0.02158273381294964,post
3422,cloze-event,harris,0,0,post
3422,cloze-event,trump,100,1,post
3422,cloze-event,other,0,0,post
3401,maze-event,harris,3,0.028037383177570093,post
3401,maze-event,trump,100,0.9345794392523364,post
3401,maze-event,other,4,0.037383177570093455,post
4656,event-maze,harris,3,0.017857142857142856,post
4656,event-maze,trump,100,0.5952380952380952,post
4656,event-maze,other,65,0.3869047619047619,post
4585,maze-event,harris,0,0,post
4585,maze-event,trump,100,1,post
4585,maze-event,other,0,0,post
3999,maze-event,harris,0,0,post
3999,maze-event,trump,100,1,post
3999,maze-event,other,0,0,post
4920,spr-event,harris,0,0,post
4920,spr-event,trump,100,1,post
4920,spr-event,other,0,0,post
4200,cloze-event,harris,0,0,post
4200,cloze-event,trump,100,1,post
4200,cloze-event,other,0,0,post
4660,maze-event,harris,2,0.020202020202020204,post
4660,maze-event,trump,91,0.9191919191919192,post
4660,maze-event,other,6,0.06060606060606061,post
4429,event-cloze,harris,0,0,post
4429,event-cloze,trump,100,1,post
4429,event-cloze,other,0,0,post
3397,cloze-event,harris,0,0,post
3397,cloze-event,trump,100,1,post
3397,cloze-event,other,0,0,post
4158,event-spr,trump,100,0.9900990099009901,post
4158,event-spr,harris,0,0,post
4158,event-spr,other,1,0.009900990099009901,post
3483,spr-event,trump,100,1,post
3483,spr-event,harris,0,0,post
3483,spr-event,other,0,0,post
4732,cloze-event,harris,1,0.00980392156862745,post
4732,cloze-event,trump,100,0.9803921568627451,post
4732,cloze-event,other,1,0.00980392156862745,post
3838,cloze-event,harris,0,0,post
3838,cloze-event,trump,100,1,post
3838,cloze-event,other,0,0,post
4258,spr-event,harris,0,0,post
4258,spr-event,trump,100,1,post
4258,spr-event,other,0,0,post
3654,spr-event,trump,100,1,post
3654,spr-event,harris,0,0,post
3654,spr-event,other,0,0,post
4126,cloze-event,harris,0,0,post
4126,cloze-event,trump,100,1,post
4126,cloze-event,other,0,0,post
4915,cloze-event,harris,24,0.24242424242424243,post
4915,cloze-event,trump,75,0.7575757575757576,post
4915,cloze-event,other,0,0,post
3438,cloze-event,trump,100,0.9803921568627451,post
3438,cloze-event,harris,1,0.00980392156862745,post
3438,cloze-event,other,1,0.00980392156862745,post
3680,spr-event,harris,0,0,post
3680,spr-event,trump,100,1,post
3680,spr-event,other,0,0,post
4203,cloze-event,harris,1,0.009900990099009901,post
4203,cloze-event,trump,100,0.9900990099009901,post
4203,cloze-event,other,0,0,post
4851,event-maze,harris,2,0.019801980198019802,post
4851,event-maze,trump,97,0.9603960396039604,post
4851,event-maze,other,2,0.019801980198019802,post
4373,cloze-event,harris,6,0.057692307692307696,post
4373,cloze-event,trump,98,0.9423076923076923,post
4373,cloze-event,other,0,0,post
4359,event-maze,harris,38,0.4,post
4359,event-maze,trump,54,0.5684210526315789,post
4359,event-maze,other,3,0.031578947368421054,post
4253,event-cloze,harris,0,0,post
4253,event-cloze,trump,100,1,post
4253,event-cloze,other,0,0,post
4426,spr-event,trump,100,1,post
4426,spr-event,harris,0,0,post
4426,spr-event,other,0,0,post
4508,spr-event,harris,0,0,post
4508,spr-event,trump,100,1,post
4508,spr-event,other,0,0,post
3474,spr-event,harris,53,0.9464285714285714,post
3474,spr-event,trump,3,0.05357142857142857,post
3474,spr-event,other,0,0,post
4673,spr-event,harris,1,0.009708737864077669,post
4673,spr-event,trump,100,0.970873786407767,post
4673,spr-event,other,2,0.019417475728155338,post
4522,spr-event,harris,0,0,post
4522,spr-event,trump,100,1,post
4522,spr-event,other,0,0,post
3561,event-spr,trump,100,1,post
3561,event-spr,harris,0,0,post
3561,event-spr,other,0,0,post
3902,cloze-event,trump,100,1,post
3902,cloze-event,harris,0,0,post
3902,cloze-event,other,0,0,post
3624,spr-event,trump,100,1,post
3624,spr-event,harris,0,0,post
3624,spr-event,other,0,0,post
4603,cloze-event,trump,100,1,post
4603,cloze-event,harris,0,0,post
4603,cloze-event,other,0,0,post
3502,event-maze,harris,0,0,post
3502,event-maze,trump,100,1,post
3502,event-maze,other,0,0,post
3572,spr-event,harris,0,0,post
3572,spr-event,trump,100,1,post
3572,spr-event,other,0,0,post
4703,spr-event,harris,0,0,post
4703,spr-event,trump,100,1,post
4703,spr-event,other,0,0,post
3456,event-cloze,harris,0,0,post
3456,event-cloze,trump,100,1,post
3456,event-cloze,other,0,0,post
3389,event-cloze,trump,100,0.9523809523809523,post
3389,event-cloze,harris,2,0.01904761904761905,post
3389,event-cloze,other,3,0.02857142857142857,post
3552,maze-event,trump,100,1,post
3552,maze-event,harris,0,0,post
3552,maze-event,other,0,0,post
3996,spr-event,trump,100,1,post
3996,spr-event,harris,0,0,post
3996,spr-event,other,0,0,post
3752,spr-event,trump,96,0.9795918367346939,post
3752,spr-event,harris,0,0,post
3752,spr-event,other,2,0.02040816326530612,post
3379,spr-event,harris,43,0.3467741935483871,post
3379,spr-event,trump,56,0.45161290322580644,post
3379,spr-event,other,25,0.20161290322580644,post
4683,maze-event,harris,4,0.03773584905660377,post
4683,maze-event,trump,100,0.9433962264150944,post
4683,maze-event,other,2,0.018867924528301886,post
4776,maze-event,trump,100,1,post
4776,maze-event,harris,0,0,post
4776,maze-event,other,0,0,post
3874,cloze-event,harris,0,0,post
3874,cloze-event,trump,96,1,post
3874,cloze-event,other,0,0,post
3928,spr-event,trump,100,1,post
3928,spr-event,harris,0,0,post
3928,spr-event,other,0,0,post
4269,event-cloze,harris,0,0,post
4269,event-cloze,trump,100,1,post
4269,event-cloze,other,0,0,post
4284,spr-event,harris,0,0,post
4284,spr-event,trump,100,0.9523809523809523,post
4284,spr-event,other,5,0.047619047619047616,post
4077,spr-event,trump,100,1,post
4077,spr-event,harris,0,0,post
4077,spr-event,other,0,0,post
4768,spr-event,trump,100,1,post
4768,spr-event,harris,0,0,post
4768,spr-event,other,0,0,post
3731,spr-event,trump,100,1,post
3731,spr-event,harris,0,0,post
3731,spr-event,other,0,0,post
3331,event-cloze,trump,100,1,post
3331,event-cloze,harris,0,0,post
3331,event-cloze,other,0,0,post
3385,event-cloze,harris,0,0,post
3385,event-cloze,trump,100,1,post
3385,event-cloze,other,0,0,post
3941,event-maze,harris,0,0,post
3941,event-maze,trump,100,1,post
3941,event-maze,other,0,0,post
3865,cloze-event,trump,100,1,post
3865,cloze-event,harris,0,0,post
3865,cloze-event,other,0,0,post
4433,cloze-event,harris,13,0.16883116883116883,post
4433,cloze-event,trump,64,0.8311688311688312,post
4433,cloze-event,other,0,0,post
4638,spr-event,trump,100,1,post
4638,spr-event,harris,0,0,post
4638,spr-event,other,0,0,post
4784,spr-event,trump,100,1,post
4784,spr-event,harris,0,0,post
4784,spr-event,other,0,0,post
3812,event-maze,harris,0,0,post
3812,event-maze,trump,100,1,post
3812,event-maze,other,0,0,post
4394,event-cloze,trump,86,1,post
4394,event-cloze,harris,0,0,post
4394,event-cloze,other,0,0,post
4812,spr-event,trump,100,1,post
4812,spr-event,harris,0,0,post
4812,spr-event,other,0,0,post
3698,event-cloze,harris,19,0.1743119266055046,post
3698,event-cloze,trump,90,0.8256880733944955,post
3698,event-cloze,other,0,0,post
4552,spr-event,trump,100,0.9433962264150944,post
4552,spr-event,harris,0,0,post
4552,spr-event,other,6,0.05660377358490566,post
4421,maze-event,harris,11,0.11458333333333333,post
4421,maze-event,trump,85,0.8854166666666666,post
4421,maze-event,other,0,0,post
3637,cloze-event,trump,95,0.95,post
3637,cloze-event,harris,0,0,post
3637,cloze-event,other,5,0.05,post
3286,cloze-event,harris,26,0.2524271844660194,post
3286,cloze-event,trump,77,0.7475728155339806,post
3286,cloze-event,other,0,0,post
3412,maze-event,trump,100,1,post
3412,maze-event,harris,0,0,post
3412,maze-event,other,0,0,post
4241,event-spr,harris,0,0,post
4241,event-spr,trump,100,1,post
4241,event-spr,other,0,0,post
4785,event-cloze,harris,25,0.25,post
4785,event-cloze,trump,75,0.75,post
4785,event-cloze,other,0,0,post
4123,spr-event,harris,0,0,post
4123,spr-event,trump,97,1,post
4123,spr-event,other,0,0,post
3430,event-spr,trump,100,1,post
3430,event-spr,harris,0,0,post
3430,event-spr,other,0,0,post
4534,event-maze,trump,100,1,post
4534,event-maze,harris,0,0,post
4534,event-maze,other,0,0,post
4096,event-spr,trump,100,0.9900990099009901,post
4096,event-spr,harris,1,0.009900990099009901,post
4096,event-spr,other,0,0,post
4236,cloze-event,trump,100,1,post
4236,cloze-event,harris,0,0,post
4236,cloze-event,other,0,0,post
4873,cloze-event,trump,100,1,post
4873,cloze-event,harris,0,0,post
4873,cloze-event,other,0,0,post
4557,spr-event,harris,0,0,post
4557,spr-event,trump,100,1,post
4557,spr-event,other,0,0,post
4677,spr-event,harris,0,0,post
4677,spr-event,trump,100,1,post
4677,spr-event,other,0,0,post
4129,event-maze,trump,100,1,post
4129,event-maze,harris,0,0,post
4129,event-maze,other,0,0,post
3481,maze-event,trump,100,1,post
3481,maze-event,harris,0,0,post
3481,maze-event,other,0,0,post
3400,event-maze,harris,0,0,post
3400,event-maze,trump,100,1,post
3400,event-maze,other,0,0,post
3983,maze-event,harris,0,0,post
3983,maze-event,trump,100,1,post
3983,maze-event,other,0,0,post
4026,spr-event,harris,0,0,post
4026,spr-event,trump,100,1,post
4026,spr-event,other,0,0,post
4665,event-maze,trump,100,1,post
4665,event-maze,harris,0,0,post
4665,event-maze,other,0,0,post
4649,spr-event,harris,3,0.03,post
4649,spr-event,trump,97,0.97,post
4649,spr-event,other,0,0,post
3955,cloze-event,trump,100,1,post
3955,cloze-event,harris,0,0,post
3955,cloze-event,other,0,0,post
4180,maze-event,trump,100,1,post
4180,maze-event,harris,0,0,post
4180,maze-event,other,0,0,post
3786,spr-event,harris,0,0,post
3786,spr-event,trump,100,1,post
3786,spr-event,other,0,0,post
4142,cloze-event,trump,100,0.47393364928909953,post
4142,cloze-event,harris,66,0.3127962085308057,post
4142,cloze-event,other,45,0.2132701421800948,post
3409,maze-event,harris,4,0.03773584905660377,post
3409,maze-event,trump,100,0.9433962264150944,post
3409,maze-event,other,2,0.018867924528301886,post
4861,spr-event,harris,0,0,post
4861,spr-event,trump,100,1,post
4861,spr-event,other,0,0,post
4446,spr-event,harris,22,0.16058394160583941,post
4446,spr-event,trump,100,0.7299270072992701,post
4446,spr-event,other,15,0.10948905109489052,post
3825,maze-event,harris,2,0.019417475728155338,post
3825,maze-event,trump,100,0.970873786407767,post
3825,maze-event,other,1,0.009708737864077669,post
4239,cloze-event,trump,100,0.9900990099009901,post
4239,cloze-event,harris,0,0,post
4239,cloze-event,other,1,0.009900990099009901,post
3554,spr-event,trump,100,1,post
3554,spr-event,harris,0,0,post
3554,spr-event,other,0,0,post
3678,spr-event,trump,100,1,post
3678,spr-event,harris,0,0,post
3678,spr-event,other,0,0,post
3867,cloze-event,harris,0,0,post
3867,cloze-event,trump,100,1,post
3867,cloze-event,other,0,0,post
4632,cloze-event,harris,0,0,post
4632,cloze-event,trump,100,1,post
4632,cloze-event,other,0,0,post
3745,cloze-event,harris,20,0.1694915254237288,post
3745,cloze-event,trump,85,0.7203389830508474,post
3745,cloze-event,other,13,0.11016949152542373,post
4233,event-spr,harris,0,0,post
4233,event-spr,trump,100,1,post
4233,event-spr,other,0,0,post
4701,cloze-event,trump,98,0.98,post
4701,cloze-event,harris,0,0,post
4701,cloze-event,other,2,0.02,post
3366,maze-event,harris,0,0,post
3366,maze-event,trump,100,1,post
3366,maze-event,other,0,0,post
3953,maze-event,trump,100,1,post
3953,maze-event,harris,0,0,post
3953,maze-event,other,0,0,post
4263,spr-event,harris,0,0,post
4263,spr-event,trump,100,1,post
4263,spr-event,other,0,0,post
3790,event-spr,trump,100,0.970873786407767,post
3790,event-spr,harris,1,0.009708737864077669,post
3790,event-spr,other,2,0.019417475728155338,post
3509,event-maze,harris,4,0.04,post
3509,event-maze,trump,95,0.95,post
3509,event-maze,other,1,0.01,post
3933,maze-event,trump,99,0.99,post
3933,maze-event,harris,0,0,post
3933,maze-event,other,1,0.01,post
3890,spr-event,harris,0,0,post
3890,spr-event,trump,100,1,post
3890,spr-event,other,0,0,post
3960,maze-event,trump,49,0.5051546391752577,post
3960,maze-event,harris,48,0.4948453608247423,post
3960,maze-event,other,0,0,post
4645,maze-event,harris,0,0,post
4645,maze-event,trump,98,0.98,post
4645,maze-event,other,2,0.02,post
4545,cloze-event,harris,0,0,post
4545,cloze-event,trump,100,1,post
4545,cloze-event,other,0,0,post
4099,maze-event,trump,100,1,post
4099,maze-event,harris,0,0,post
4099,maze-event,other,0,0,post
4591,cloze-event,trump,100,0.9900990099009901,post
4591,cloze-event,harris,1,0.009900990099009901,post
4591,cloze-event,other,0,0,post
3749,event-cloze,harris,0,0,post
3749,event-cloze,trump,44,0.5365853658536586,post
3749,event-cloze,other,38,0.4634146341463415,post
3990,event-cloze,harris,1,0.00909090909090909,post
3990,event-cloze,trump,100,0.9090909090909091,post
3990,event-cloze,other,9,0.08181818181818182,post
4298,event-maze,harris,3,0.030303030303030304,post
4298,event-maze,trump,96,0.9696969696969697,post
4298,event-maze,other,0,0,post
4334,cloze-event,trump,100,1,post
4334,cloze-event,harris,0,0,post
4334,cloze-event,other,0,0,post
4547,event-cloze,trump,50,0.5,post
4547,event-cloze,harris,50,0.5,post
4547,event-cloze,other,0,0,post
4399,spr-event,trump,99,0.9705882352941176,post
4399,spr-event,harris,2,0.0196078431372549,post
4399,spr-event,other,1,0.00980392156862745,post
4517,event-cloze,trump,86,0.8865979381443299,post
4517,event-cloze,harris,0,0,post
4517,event-cloze,other,11,0.1134020618556701,post
3946,event-cloze,trump,100,1,post
3946,event-cloze,harris,0,0,post
3946,event-cloze,other,0,0,post
3496,cloze-event,harris,0,0,post
3496,cloze-event,trump,98,1,post
3496,cloze-event,other,0,0,post
3771,maze-event,trump,100,1,post
3771,maze-event,harris,0,0,post
3771,maze-event,other,0,0,post
3893,event-maze,harris,0,0,post
3893,event-maze,trump,100,1,post
3893,event-maze,other,0,0,post
3773,event-spr,trump,99,0.9611650485436893,post
3773,event-spr,harris,2,0.019417475728155338,post
3773,event-spr,other,2,0.019417475728155338,post
3468,spr-event,harris,48,0.44036697247706424,post
3468,spr-event,trump,59,0.5412844036697247,post
3468,spr-event,other,2,0.01834862385321101,post
4837,event-spr,harris,4,0.038461538461538464,post
4837,event-spr,trump,100,0.9615384615384616,post
4837,event-spr,other,0,0,post
3633,cloze-event,trump,100,1,post
3633,cloze-event,harris,0,0,post
3633,cloze-event,other,0,0,post
3451,event-maze,trump,100,1,post
3451,event-maze,harris,0,0,post
3451,event-maze,other,0,0,post
4830,event-maze,harris,0,0,post
4830,event-maze,trump,100,1,post
4830,event-maze,other,0,0,post
3971,event-spr,harris,4,0.037037037037037035,post
3971,event-spr,trump,100,0.9259259259259259,post
3971,event-spr,other,4,0.037037037037037035,post
3775,spr-event,trump,100,1,post
3775,spr-event,harris,0,0,post
3775,spr-event,other,0,0,post
4869,spr-event,trump,100,1,post
4869,spr-event,harris,0,0,post
4869,spr-event,other,0,0,post
3722,cloze-event,trump,100,1,post
3722,cloze-event,harris,0,0,post
3722,cloze-event,other,0,0,post
3525,event-spr,harris,0,0,post
3525,event-spr,trump,75,0.7575757575757576,post
3525,event-spr,other,24,0.24242424242424243,post
3944,cloze-event,harris,35,0.7608695652173914,post
3944,cloze-event,trump,1,0.021739130434782608,post
3944,cloze-event,other,10,0.21739130434782608,post
3270,cloze-event,harris,74,0.4484848484848485,post
3270,cloze-event,trump,91,0.5515151515151515,post
3270,cloze-event,other,0,0,post
3736,cloze-event,trump,100,1,post
3736,cloze-event,harris,0,0,post
3736,cloze-event,other,0,0,post
4364,event-spr,trump,100,1,post
4364,event-spr,harris,0,0,post
4364,event-spr,other,0,0,post
3343,maze-event,trump,96,0.9696969696969697,post
3343,maze-event,harris,0,0,post
3343,maze-event,other,3,0.030303030303030304,post
3866,cloze-event,harris,0,0,post
3866,cloze-event,trump,100,1,post
3866,cloze-event,other,0,0,post
3537,cloze-event,trump,100,1,post
3537,cloze-event,harris,0,0,post
3537,cloze-event,other,0,0,post
4017,event-spr,trump,95,0.95,post
4017,event-spr,harris,5,0.05,post
4017,event-spr,other,0,0,post
3458,spr-event,trump,100,1,post
3458,spr-event,harris,0,0,post
3458,spr-event,other,0,0,post
4122,cloze-event,harris,3,0.02857142857142857,post
4122,cloze-event,trump,100,0.9523809523809523,post
4122,cloze-event,other,2,0.01904761904761905,post
4802,event-maze,trump,99,0.9705882352941176,post
4802,event-maze,harris,0,0,post
4802,event-maze,other,3,0.029411764705882353,post
4821,spr-event,trump,100,1,post
4821,spr-event,harris,0,0,post
4821,spr-event,other,0,0,post
4282,cloze-event,harris,0,0,post
4282,cloze-event,trump,100,1,post
4282,cloze-event,other,0,0,post
4867,cloze-event,trump,100,1,post
4867,cloze-event,harris,0,0,post
4867,cloze-event,other,0,0,post
3518,event-maze,trump,100,1,post
3518,event-maze,harris,0,0,post
3518,event-maze,other,0,0,post
4190,event-cloze,harris,0,0,post
4190,event-cloze,trump,100,1,post
4190,event-cloze,other,0,0,post
4311,event-cloze,harris,0,0,post
4311,event-cloze,trump,100,1,post
4311,event-cloze,other,0,0,post
4595,spr-event,trump,100,1,post
4595,spr-event,harris,0,0,post
4595,spr-event,other,0,0,post
3712,spr-event,trump,100,1,post
3712,spr-event,harris,0,0,post
3712,spr-event,other,0,0,post
4013,event-maze,trump,100,1,post
4013,event-maze,harris,0,0,post
4013,event-maze,other,0,0,post
4705,spr-event,harris,0,0,post
4705,spr-event,trump,100,1,post
4705,spr-event,other,0,0,post
3876,event-maze,harris,0,0,post
3876,event-maze,trump,100,1,post
3876,event-maze,other,0,0,post
4187,maze-event,harris,0,0,post
4187,maze-event,trump,100,1,post
4187,maze-event,other,0,0,post
4537,event-maze,trump,86,0.86,post
4537,event-maze,harris,0,0,post
4537,event-maze,other,14,0.14,post
4745,maze-event,trump,99,0.9611650485436893,post
4745,maze-event,harris,1,0.009708737864077669,post
4745,maze-event,other,3,0.02912621359223301,post
4903,cloze-event,harris,0,0,post
4903,cloze-event,trump,100,1,post
4903,cloze-event,other,0,0,post
3870,spr-event,trump,80,0.5031446540880503,post
3870,spr-event,harris,73,0.4591194968553459,post
3870,spr-event,other,6,0.03773584905660377,post
3493,maze-event,trump,100,1,post
3493,maze-event,harris,0,0,post
3493,maze-event,other,0,0,post
4497,cloze-event,harris,2,0.019230769230769232,post
4497,cloze-event,trump,100,0.9615384615384616,post
4497,cloze-event,other,2,0.019230769230769232,post
3501,event-spr,harris,0,0,post
3501,event-spr,trump,100,1,post
3501,event-spr,other,0,0,post
3436,cloze-event,trump,100,1,post
3436,cloze-event,harris,0,0,post
3436,cloze-event,other,0,0,post
4786,event-maze,harris,0,0,post
4786,event-maze,trump,100,1,post
4786,event-maze,other,0,0,post
4803,cloze-event,harris,39,0.2746478873239437,post
4803,cloze-event,trump,93,0.6549295774647887,post
4803,cloze-event,other,10,0.07042253521126761,post
4067,cloze-event,trump,100,0.7518796992481203,post
4067,cloze-event,harris,25,0.18796992481203006,post
4067,cloze-event,other,8,0.06015037593984962,post
4101,spr-event,trump,100,1,post
4101,spr-event,harris,0,0,post
4101,spr-event,other,0,0,post
4087,cloze-event,trump,100,1,post
4087,cloze-event,harris,0,0,post
4087,cloze-event,other,0,0,post
3982,event-spr,trump,100,0.9900990099009901,post
3982,event-spr,harris,0,0,post
3982,event-spr,other,1,0.009900990099009901,post
4371,event-cloze,trump,100,1,post
4371,event-cloze,harris,0,0,post
4371,event-cloze,other,0,0,post
3631,cloze-event,harris,2,0.019230769230769232,post
3631,cloze-event,trump,100,0.9615384615384616,post
3631,cloze-event,other,2,0.019230769230769232,post
3534,spr-event,trump,100,1,post
3534,spr-event,harris,0,0,post
3534,spr-event,other,0,0,post
4887,maze-event,harris,0,0,post
4887,maze-event,trump,100,1,post
4887,maze-event,other,0,0,post
3889,cloze-event,trump,0,0,post
3889,cloze-event,harris,0,0,post
3889,cloze-event,other,100,1,post
4602,spr-event,trump,100,1,post
4602,spr-event,harris,0,0,post
4602,spr-event,other,0,0,post
4231,spr-event,harris,0,0,post
4231,spr-event,trump,100,1,post
4231,spr-event,other,0,0,post
4834,spr-event,harris,2,0.019417475728155338,post
4834,spr-event,trump,98,0.9514563106796117,post
4834,spr-event,other,3,0.02912621359223301,post
3819,event-cloze,harris,3,0.030303030303030304,post
3819,event-cloze,trump,93,0.9393939393939394,post
3819,event-cloze,other,3,0.030303030303030304,post
4197,event-spr,trump,69,0.3709677419354839,post
4197,event-spr,harris,58,0.3118279569892473,post
4197,event-spr,other,59,0.3172043010752688,post
3705,spr-event,trump,100,0.6896551724137931,post
3705,spr-event,harris,35,0.2413793103448276,post
3705,spr-event,other,10,0.06896551724137931,post
3499,maze-event,trump,74,0.7551020408163265,post
3499,maze-event,harris,0,0,post
3499,maze-event,other,24,0.24489795918367346,post
4644,maze-event,harris,57,0.40714285714285714,post
4644,maze-event,trump,83,0.5928571428571429,post
4644,maze-event,other,0,0,post
4097,spr-event,harris,100,0.37037037037037035,post
4097,spr-event,trump,84,0.3111111111111111,post
4097,spr-event,other,86,0.31851851851851853,post
3869,cloze-event,trump,100,1,post
3869,cloze-event,harris,0,0,post
3869,cloze-event,other,0,0,post
4440,event-spr,trump,100,0.9803921568627451,post
4440,event-spr,harris,1,0.00980392156862745,post
4440,event-spr,other,1,0.00980392156862745,post
4277,cloze-event,harris,0,0,post
4277,cloze-event,trump,100,1,post
4277,cloze-event,other,0,0,post
4199,spr-event,trump,75,0.8928571428571429,post
4199,spr-event,harris,9,0.10714285714285714,post
4199,spr-event,other,0,0,post
4765,spr-event,trump,100,0.9615384615384616,post
4765,spr-event,harris,2,0.019230769230769232,post
4765,spr-event,other,2,0.019230769230769232,post
4680,maze-event,trump,100,0.7692307692307693,post
4680,maze-event,harris,25,0.19230769230769232,post
4680,maze-event,other,5,0.038461538461538464,post
4477,spr-event,harris,0,0,post
4477,spr-event,trump,100,1,post
4477,spr-event,other,0,0,post
4939,maze-event,trump,100,1,post
4939,maze-event,harris,0,0,post
4939,maze-event,other,0,0,post
3404,event-maze,trump,100,0.9900990099009901,post
3404,event-maze,harris,0,0,post
3404,event-maze,other,1,0.009900990099009901,post
4922,cloze-event,trump,99,0.9801980198019802,post
4922,cloze-event,harris,1,0.009900990099009901,post
4922,cloze-event,other,1,0.009900990099009901,post
3340,event-spr,harris,49,0.4016393442622951,post
3340,event-spr,trump,50,0.4098360655737705,post
3340,event-spr,other,23,0.1885245901639344,post
3489,spr-event,harris,0,0,post
3489,spr-event,trump,100,1,post
3489,spr-event,other,0,0,post
4937,cloze-event,trump,97,0.8818181818181818,post
4937,cloze-event,harris,5,0.045454545454545456,post
4937,cloze-event,other,8,0.07272727272727272,post
4616,event-spr,harris,4,0.03669724770642202,post
4616,event-spr,trump,99,0.908256880733945,post
4616,event-spr,other,6,0.05504587155963303,post
3929,maze-event,harris,16,0.125,post
3929,maze-event,trump,100,0.78125,post
3929,maze-event,other,12,0.09375,post
3814,spr-event,trump,100,1,post
3814,spr-event,harris,0,0,post
3814,spr-event,other,0,0,post
3675,spr-event,harris,0,0,post
3675,spr-event,trump,100,1,post
3675,spr-event,other,0,0,post
3583,cloze-event,trump,99,0.8048780487804879,post
3583,cloze-event,harris,11,0.08943089430894309,post
3583,cloze-event,other,13,0.10569105691056911,post
4325,event-spr,trump,100,0.9900990099009901,post
4325,event-spr,harris,1,0.009900990099009901,post
4325,event-spr,other,0,0,post
3335,cloze-event,harris,1,0.009900990099009901,post
3335,cloze-event,trump,99,0.9801980198019802,post
3335,cloze-event,other,1,0.009900990099009901,post
3979,cloze-event,harris,0,0,post
3979,cloze-event,trump,100,0.8928571428571429,post
3979,cloze-event,other,12,0.10714285714285714,post
4036,event-maze,harris,0,0,post
4036,event-maze,trump,100,1,post
4036,event-maze,other,0,0,post
4886,event-cloze,harris,49,0.2692307692307692,post
4886,event-cloze,trump,84,0.46153846153846156,post
4886,event-cloze,other,49,0.2692307692307692,post
4921,cloze-event,trump,100,0.9259259259259259,post
4921,cloze-event,harris,4,0.037037037037037035,post
4921,cloze-event,other,4,0.037037037037037035,post
3285,event-spr,trump,75,0.75,post
3285,event-spr,harris,25,0.25,post
3285,event-spr,other,0,0,post
4794,spr-event,harris,8,0.039603960396039604,post
4794,spr-event,trump,100,0.49504950495049505,post
4794,spr-event,other,94,0.46534653465346537,post
4071,cloze-event,trump,100,1,post
4071,cloze-event,harris,0,0,post
4071,cloze-event,other,0,0,post
4582,maze-event,trump,100,1,post
4582,maze-event,harris,0,0,post
4582,maze-event,other,0,0,post
4686,event-cloze,harris,2,0.019801980198019802,post
4686,event-cloze,trump,99,0.9801980198019802,post
4686,event-cloze,other,0,0,post
3644,cloze-event,harris,41,0.2907801418439716,post
3644,cloze-event,trump,100,0.7092198581560284,post
3644,cloze-event,other,0,0,post
3346,event-spr,harris,0,0,post
3346,event-spr,trump,100,1,post
3346,event-spr,other,0,0,post
3564,maze-event,harris,60,0.31746031746031744,post
3564,maze-event,trump,79,0.41798941798941797,post
3564,maze-event,other,50,0.26455026455026454,post
4439,spr-event,harris,3,0.028846153846153848,post
4439,spr-event,trump,100,0.9615384615384616,post
4439,spr-event,other,1,0.009615384615384616,post
3641,event-spr,harris,0,0,post
3641,event-spr,trump,100,1,post
3641,event-spr,other,0,0,post
4118,event-cloze,harris,0,0,post
4118,event-cloze,trump,100,1,post
4118,event-cloze,other,0,0,post
3626,event-spr,trump,87,0.75,post
3626,event-spr,harris,5,0.04310344827586207,post
3626,event-spr,other,24,0.20689655172413793,post
4724,spr-event,harris,0,0,post
4724,spr-event,trump,100,1,post
4724,spr-event,other,0,0,post
3613,event-spr,trump,100,1,post
3613,event-spr,harris,0,0,post
3613,event-spr,other,0,0,post
4212,spr-event,trump,100,1,post
4212,spr-event,harris,0,0,post
4212,spr-event,other,0,0,post
4195,cloze-event,trump,100,1,post
4195,cloze-event,harris,0,0,post
4195,cloze-event,other,0,0,post
3853,event-maze,harris,0,0,post
3853,event-maze,trump,97,0.9797979797979798,post
3853,event-maze,other,2,0.020202020202020204,post
3796,spr-event,harris,0,0,post
3796,spr-event,trump,100,1,post
3796,spr-event,other,0,0,post
4698,event-spr,harris,0,0,post
4698,event-spr,trump,100,1,post
4698,event-spr,other,0,0,post
3506,spr-event,harris,0,0,post
3506,spr-event,trump,91,0.900990099009901,post
3506,spr-event,other,10,0.09900990099009901,post
3687,event-spr,harris,0,0,post
3687,event-spr,trump,100,1,post
3687,event-spr,other,0,0,post
3341,maze-event,harris,0,0,post
3341,maze-event,trump,100,0.6711409395973155,post
3341,maze-event,other,49,0.3288590604026846,post
3636,event-cloze,trump,95,0.5491329479768786,post
3636,event-cloze,harris,75,0.43352601156069365,post
3636,event-cloze,other,3,0.017341040462427744,post
3689,maze-event,trump,100,0.9900990099009901,post
3689,maze-event,harris,1,0.009900990099009901,post
3689,maze-event,other,0,0,post
4495,event-maze,trump,100,1,post
4495,event-maze,harris,0,0,post
4495,event-maze,other,0,0,post
3282,event-cloze,harris,1,0.009900990099009901,post
3282,event-cloze,trump,100,0.9900990099009901,post
3282,event-cloze,other,0,0,post
4204,spr-event,harris,0,0,post
4204,spr-event,trump,100,1,post
4204,spr-event,other,0,0,post
4820,event-spr,harris,0,0,post
4820,event-spr,trump,100,1,post
4820,event-spr,other,0,0,post
3446,event-cloze,trump,100,1,post
3446,event-cloze,harris,0,0,post
3446,event-cloze,other,0,0,post
4670,maze-event,trump,96,1,post
4670,maze-event,harris,0,0,post
4670,maze-event,other,0,0,post
4499,maze-event,trump,100,0.9433962264150944,post
4499,maze-event,harris,3,0.02830188679245283,post
4499,maze-event,other,3,0.02830188679245283,post
4652,spr-event,harris,0,0,post
4652,spr-event,trump,100,1,post
4652,spr-event,other,0,0,post
3981,cloze-event,harris,0,0,post
3981,cloze-event,trump,100,1,post
3981,cloze-event,other,0,0,post
4608,cloze-event,harris,40,0.40816326530612246,post
4608,cloze-event,trump,58,0.5918367346938775,post
4608,cloze-event,other,0,0,post
4674,cloze-event,trump,100,1,post
4674,cloze-event,harris,0,0,post
4674,cloze-event,other,0,0,post
4225,spr-event,trump,100,1,post
4225,spr-event,harris,0,0,post
4225,spr-event,other,0,0,post
3268,event-spr,harris,2,0.019230769230769232,post
3268,event-spr,trump,100,0.9615384615384616,post
3268,event-spr,other,2,0.019230769230769232,post
4770,event-maze,trump,100,0.9433962264150944,post
4770,event-maze,harris,6,0.05660377358490566,post
4770,event-maze,other,0,0,post
4488,cloze-event,trump,100,1,post
4488,cloze-event,harris,0,0,post
4488,cloze-event,other,0,0,post
4918,spr-event,trump,100,1,post
4918,spr-event,harris,0,0,post
4918,spr-event,other,0,0,post
4033,spr-event,trump,100,1,post
4033,spr-event,harris,0,0,post
4033,spr-event,other,0,0,post
4052,spr-event,harris,0,0,post
4052,spr-event,trump,96,0.96,post
4052,spr-event,other,4,0.04,post
3454,cloze-event,trump,100,1,post
3454,cloze-event,harris,0,0,post
3454,cloze-event,other,0,0,post
4127,maze-event,trump,100,1,post
4127,maze-event,harris,0,0,post
4127,maze-event,other,0,0,post
3320,spr-event,trump,100,1,post
3320,spr-event,harris,0,0,post
3320,spr-event,other,0,0,post
3326,event-spr,trump,100,0.8928571428571429,post
3326,event-spr,harris,0,0,post
3326,event-spr,other,12,0.10714285714285714,post
4411,event-spr,harris,0,0,post
4411,event-spr,trump,100,1,post
4411,event-spr,other,0,0,post
4819,event-spr,harris,8,0.07339449541284404,post
4819,event-spr,trump,100,0.9174311926605505,post
4819,event-spr,other,1,0.009174311926605505,post
3822,maze-event,harris,0,0,post
3822,maze-event,trump,100,1,post
3822,maze-event,other,0,0,post
4040,cloze-event,harris,0,0,post
4040,cloze-event,trump,100,1,post
4040,cloze-event,other,0,0,post
3921,spr-event,trump,75,0.7352941176470589,post
3921,spr-event,harris,2,0.0196078431372549,post
3921,spr-event,other,25,0.24509803921568626,post
3533,event-maze,harris,5,0.04424778761061947,post
3533,event-maze,trump,100,0.8849557522123894,post
3533,event-maze,other,8,0.07079646017699115,post
4630,spr-event,trump,98,0.98,post
4630,spr-event,harris,0,0,post
4630,spr-event,other,2,0.02,post
3901,event-cloze,trump,100,0.5714285714285714,post
3901,event-cloze,harris,75,0.42857142857142855,post
3901,event-cloze,other,0,0,post
3977,event-spr,harris,0,0,post
3977,event-spr,trump,100,1,post
3977,event-spr,other,0,0,post
3535,event-maze,harris,0,0,post
3535,event-maze,trump,100,1,post
3535,event-maze,other,0,0,post
3925,maze-event,harris,0,0,post
3925,maze-event,trump,100,1,post
3925,maze-event,other,0,0,post
3630,maze-event,harris,49,0.3356164383561644,post
3630,maze-event,trump,64,0.4383561643835616,post
3630,maze-event,other,33,0.22602739726027396,post
3936,maze-event,harris,0,0,post
3936,maze-event,trump,100,1,post
3936,maze-event,other,0,0,post
3382,cloze-event,harris,20,0.17699115044247787,post
3382,cloze-event,trump,93,0.8230088495575221,post
3382,cloze-event,other,0,0,post
4481,cloze-event,harris,0,0,post
4481,cloze-event,trump,100,1,post
4481,cloze-event,other,0,0,post
4301,cloze-event,harris,0,0,post
4301,cloze-event,trump,100,1,post
4301,cloze-event,other,0,0,post
3488,spr-event,trump,100,1,post
3488,spr-event,harris,0,0,post
3488,spr-event,other,0,0,post
3681,cloze-event,trump,100,1,post
3681,cloze-event,harris,0,0,post
3681,cloze-event,other,0,0,post
3598,cloze-event,harris,34,0.30357142857142855,post
3598,cloze-event,trump,78,0.6964285714285714,post
3598,cloze-event,other,0,0,post
4133,spr-event,trump,100,0.970873786407767,post
4133,spr-event,harris,2,0.019417475728155338,post
4133,spr-event,other,1,0.009708737864077669,post
4134,spr-event,trump,0,0,post
4134,spr-event,harris,100,1,post
4134,spr-event,other,0,0,post
4417,maze-event,harris,0,0,post
4417,maze-event,trump,100,1,post
4417,maze-event,other,0,0,post
4443,spr-event,trump,75,0.75,post
4443,spr-event,harris,25,0.25,post
4443,spr-event,other,0,0,post
3974,cloze-event,trump,100,1,post
3974,cloze-event,harris,0,0,post
3974,cloze-event,other,0,0,post
4007,cloze-event,trump,100,1,post
4007,cloze-event,harris,0,0,post
4007,cloze-event,other,0,0,post
4448,maze-event,harris,0,0,post
4448,maze-event,trump,100,1,post
4448,maze-event,other,0,0,post
4230,spr-event,trump,76,0.7378640776699029,post
4230,spr-event,harris,1,0.009708737864077669,post
4230,spr-event,other,26,0.2524271844660194,post
4279,maze-event,harris,0,0,post
4279,maze-event,trump,100,1,post
4279,maze-event,other,0,0,post
4927,cloze-event,trump,100,1,post
4927,cloze-event,harris,0,0,post
4927,cloze-event,other,0,0,post
4473,event-maze,harris,0,0,post
4473,event-maze,trump,100,1,post
4473,event-maze,other,0,0,post
3744,spr-event,trump,100,1,post
3744,spr-event,harris,0,0,post
3744,spr-event,other,0,0,post
3716,cloze-event,trump,100,1,post
3716,cloze-event,harris,0,0,post
3716,cloze-event,other,0,0,post
4091,cloze-event,trump,100,1,post
4091,cloze-event,harris,0,0,post
4091,cloze-event,other,0,0,post
4510,cloze-event,trump,98,0.98,post
4510,cloze-event,harris,1,0.01,post
4510,cloze-event,other,1,0.01,post
3302,cloze-event,trump,100,1,post
3302,cloze-event,harris,0,0,post
3302,cloze-event,other,0,0,post
3658,event-spr,trump,100,1,post
3658,event-spr,harris,0,0,post
3658,event-spr,other,0,0,post
4717,maze-event,trump,100,1,post
4717,maze-event,harris,0,0,post
4717,maze-event,other,0,0,post
3978,maze-event,trump,92,0.9387755102040817,post
3978,maze-event,harris,0,0,post
3978,maze-event,other,6,0.061224489795918366,post
4563,maze-event,harris,0,0,post
4563,maze-event,trump,100,1,post
4563,maze-event,other,0,0,post
4031,maze-event,harris,0,0,post
4031,maze-event,trump,100,1,post
4031,maze-event,other,0,0,post
4141,event-spr,harris,0,0,post
4141,event-spr,trump,100,1,post
4141,event-spr,other,0,0,post
4576,spr-event,trump,100,1,post
4576,spr-event,harris,0,0,post
4576,spr-event,other,0,0,post
4596,cloze-event,trump,100,1,post
4596,cloze-event,harris,0,0,post
4596,cloze-event,other,0,0,post
3358,spr-event,trump,98,0.9702970297029703,post
3358,spr-event,harris,0,0,post
3358,spr-event,other,3,0.0297029702970297,post
4172,spr-event,trump,85,0.5246913580246914,post
4172,spr-event,harris,77,0.47530864197530864,post
4172,spr-event,other,0,0,post
3357,cloze-event,harris,0,0,post
3357,cloze-event,trump,100,1,post
3357,cloze-event,other,0,0,post
4655,maze-event,trump,100,0.970873786407767,post
4655,maze-event,harris,3,0.02912621359223301,post
4655,maze-event,other,0,0,post
3539,spr-event,harris,0,0,post
3539,spr-event,trump,100,1,post
3539,spr-event,other,0,0,post
4890,event-spr,trump,100,1,post
4890,event-spr,harris,0,0,post
4890,event-spr,other,0,0,post
3567,cloze-event,trump,100,1,post
3567,cloze-event,harris,0,0,post
3567,cloze-event,other,0,0,post
4863,spr-event,harris,1,0.009900990099009901,post
4863,spr-event,trump,100,0.9900990099009901,post
4863,spr-event,other,0,0,post
4186,cloze-event,harris,0,0,post
4186,cloze-event,trump,100,1,post
4186,cloze-event,other,0,0,post
4777,spr-event,trump,95,0.8878504672897196,post
4777,spr-event,harris,0,0,post
4777,spr-event,other,12,0.11214953271028037,post
4842,maze-event,trump,100,1,post
4842,maze-event,harris,0,0,post
4842,maze-event,other,0,0,post
4137,event-maze,harris,0,0,post
4137,event-maze,trump,100,1,post
4137,event-maze,other,0,0,post
4396,event-spr,trump,100,1,post
4396,event-spr,harris,0,0,post
4396,event-spr,other,0,0,post
4032,spr-event,harris,3,0.03125,post
4032,spr-event,trump,93,0.96875,post
4032,spr-event,other,0,0,post
3862,cloze-event,trump,100,1,post
3862,cloze-event,harris,0,0,post
3862,cloze-event,other,0,0,post
4196,maze-event,trump,100,1,post
4196,maze-event,harris,0,0,post
4196,maze-event,other,0,0,post
3655,event-spr,trump,100,1,post
3655,event-spr,harris,0,0,post
3655,event-spr,other,0,0,post
4095,event-spr,trump,85,0.648854961832061,post
4095,event-spr,harris,40,0.3053435114503817,post
4095,event-spr,other,6,0.04580152671755725,post
3627,spr-event,trump,100,0.9803921568627451,post
3627,spr-event,harris,1,0.00980392156862745,post
3627,spr-event,other,1,0.00980392156862745,post
4613,maze-event,harris,0,0,post
4613,maze-event,trump,100,1,post
4613,maze-event,other,0,0,post
3754,cloze-event,trump,100,1,post
3754,cloze-event,harris,0,0,post
3754,cloze-event,other,0,0,post
3484,spr-event,trump,100,0.9174311926605505,post
3484,spr-event,harris,3,0.027522935779816515,post
3484,spr-event,other,6,0.05504587155963303,post
4653,maze-event,harris,0,0,post
4653,maze-event,trump,100,1,post
4653,maze-event,other,0,0,post
3406,spr-event,harris,43,0.43,post
3406,spr-event,trump,57,0.57,post
3406,spr-event,other,0,0,post
3349,cloze-event,harris,0,0,post
3349,cloze-event,trump,100,1,post
3349,cloze-event,other,0,0,post
4023,event-cloze,harris,0,0,post
4023,event-cloze,trump,100,1,post
4023,event-cloze,other,0,0,post
4771,spr-event,harris,0,0,post
4771,spr-event,trump,100,1,post
4771,spr-event,other,0,0,post
3671,maze-event,harris,0,0,post
3671,maze-event,trump,100,1,post
3671,maze-event,other,0,0,post
4112,cloze-event,trump,100,0.7633587786259542,post
4112,cloze-event,harris,31,0.2366412213740458,post
4112,cloze-event,other,0,0,post
3686,cloze-event,harris,24,0.1935483870967742,post
3686,cloze-event,trump,100,0.8064516129032258,post
3686,cloze-event,other,0,0,post
3646,maze-event,harris,0,0,post
3646,maze-event,trump,100,1,post
3646,maze-event,other,0,0,post
4245,event-cloze,trump,25,0.25,post
4245,event-cloze,harris,75,0.75,post
4245,event-cloze,other,0,0,post
4760,event-cloze,harris,75,0.4437869822485207,post
4760,event-cloze,trump,94,0.5562130177514792,post
4760,event-cloze,other,0,0,post
4415,event-spr,trump,100,1,post
4415,event-spr,harris,0,0,post
4415,event-spr,other,0,0,post
4292,maze-event,harris,0,0,post
4292,maze-event,trump,100,1,post
4292,maze-event,other,0,0,post
3546,cloze-event,harris,0,0,post
3546,cloze-event,trump,100,1,post
3546,cloze-event,other,0,0,post
3693,spr-event,trump,100,1,post
3693,spr-event,harris,0,0,post
3693,spr-event,other,0,0,post
3670,cloze-event,trump,100,1,post
3670,cloze-event,harris,0,0,post
3670,cloze-event,other,0,0,post
4621,spr-event,trump,99,0.9801980198019802,post
4621,spr-event,harris,0,0,post
4621,spr-event,other,2,0.019801980198019802,post
4809,cloze-event,harris,9,0.08256880733944955,post
4809,cloze-event,trump,90,0.8256880733944955,post
4809,cloze-event,other,10,0.09174311926605505,post
3823,event-maze,harris,64,0.3855421686746988,post
3823,event-maze,trump,100,0.6024096385542169,post
3823,event-maze,other,2,0.012048192771084338,post
4367,event-maze,harris,0,0,post
4367,event-maze,trump,100,1,post
4367,event-maze,other,0,0,post
3873,event-cloze,trump,98,1,post
3873,event-cloze,harris,0,0,post
3873,event-cloze,other,0,0,post
3707,cloze-event,harris,0,0,post
3707,cloze-event,trump,100,1,post
3707,cloze-event,other,0,0,post
3407,cloze-event,trump,98,0.9702970297029703,post
3407,cloze-event,harris,0,0,post
3407,cloze-event,other,3,0.0297029702970297,post
3369,event-spr,trump,100,1,post
3369,event-spr,harris,0,0,post
3369,event-spr,other,0,0,post
4894,maze-event,trump,75,0.75,post
4894,maze-event,harris,0,0,post
4894,maze-event,other,25,0.25,post
3777,event-spr,harris,0,0,post
3777,event-spr,trump,100,1,post
3777,event-spr,other,0,0,post
4567,cloze-event,trump,100,1,post
4567,cloze-event,harris,0,0,post
4567,cloze-event,other,0,0,post
3948,cloze-event,trump,89,0.8240740740740741,post
3948,cloze-event,harris,16,0.14814814814814814,post
3948,cloze-event,other,3,0.027777777777777776,post
4610,cloze-event,harris,0,0,post
4610,cloze-event,trump,100,1,post
4610,cloze-event,other,0,0,post
4654,event-cloze,harris,49,0.47572815533980584,post
4654,event-cloze,trump,54,0.5242718446601942,post
4654,event-cloze,other,0,0,post
4716,spr-event,trump,100,1,post
4716,spr-event,harris,0,0,post
4716,spr-event,other,0,0,post
3854,spr-event,trump,100,1,post
3854,spr-event,harris,0,0,post
3854,spr-event,other,0,0,post
4055,event-cloze,harris,0,0,post
4055,event-cloze,trump,100,1,post
4055,event-cloze,other,0,0,post
4336,maze-event,harris,0,0,post
4336,maze-event,trump,100,1,post
4336,maze-event,other,0,0,post
4699,spr-event,harris,75,0.42857142857142855,post
4699,spr-event,trump,100,0.5714285714285714,post
4699,spr-event,other,0,0,post
4742,cloze-event,harris,0,0,post
4742,cloze-event,trump,100,1,post
4742,cloze-event,other,0,0,post
4148,cloze-event,trump,99,0.9705882352941176,post
4148,cloze-event,harris,2,0.0196078431372549,post
4148,cloze-event,other,1,0.00980392156862745,post
3795,event-spr,harris,0,0,post
3795,event-spr,trump,100,1,post
3795,event-spr,other,0,0,post
4049,event-cloze,harris,0,0,post
4049,event-cloze,trump,100,1,post
4049,event-cloze,other,0,0,post
4104,event-spr,harris,4,0.037383177570093455,post
4104,event-spr,trump,100,0.9345794392523364,post
4104,event-spr,other,3,0.028037383177570093,post
3584,spr-event,harris,100,1,post
3584,spr-event,trump,0,0,post
3584,spr-event,other,0,0,post
3568,cloze-event,trump,94,0.9690721649484536,post
3568,cloze-event,harris,3,0.030927835051546393,post
3568,cloze-event,other,0,0,post
3842,spr-event,trump,100,1,post
3842,spr-event,harris,0,0,post
3842,spr-event,other,0,0,post
3879,event-cloze,harris,0,0,post
3879,event-cloze,trump,100,0.9900990099009901,post
3879,event-cloze,other,1,0.009900990099009901,post
4734,event-cloze,trump,100,1,post
4734,event-cloze,harris,0,0,post
4734,event-cloze,other,0,0,post
4586,spr-event,harris,0,0,post
4586,spr-event,trump,100,1,post
4586,spr-event,other,0,0,post
4612,event-spr,trump,100,1,post
4612,event-spr,harris,0,0,post
4612,event-spr,other,0,0,post
4761,cloze-event,harris,0,0,post
4761,cloze-event,trump,100,1,post
4761,cloze-event,other,0,0,post
3845,spr-event,trump,100,1,post
3845,spr-event,harris,0,0,post
3845,spr-event,other,0,0,post
3632,spr-event,trump,100,1,post
3632,spr-event,harris,0,0,post
3632,spr-event,other,0,0,post
4669,event-spr,trump,100,1,post
4669,event-spr,harris,0,0,post
4669,event-spr,other,0,0,post
4574,event-spr,harris,0,0,post
4574,event-spr,trump,100,1,post
4574,event-spr,other,0,0,post
3361,cloze-event,trump,100,0.9900990099009901,post
3361,cloze-event,harris,1,0.009900990099009901,post
3361,cloze-event,other,0,0,post
3718,event-spr,harris,81,0.42857142857142855,post
3718,event-spr,trump,65,0.3439153439153439,post
3718,event-spr,other,43,0.2275132275132275,post
4139,spr-event,trump,97,0.97,post
4139,spr-event,harris,0,0,post
4139,spr-event,other,3,0.03,post
3411,spr-event,harris,0,0,post
3411,spr-event,trump,100,1,post
3411,spr-event,other,0,0,post
4790,event-cloze,trump,100,0.9009009009009009,post
4790,event-cloze,harris,0,0,post
4790,event-cloze,other,11,0.0990990990990991,post
3421,spr-event,trump,100,1,post
3421,spr-event,harris,0,0,post
3421,spr-event,other,0,0,post
3565,cloze-event,harris,24,0.1935483870967742,post
3565,cloze-event,trump,100,0.8064516129032258,post
3565,cloze-event,other,0,0,post
3592,spr-event,trump,100,1,post
3592,spr-event,harris,0,0,post
3592,spr-event,other,0,0,post
4492,cloze-event,trump,100,1,post
4492,cloze-event,harris,0,0,post
4492,cloze-event,other,0,0,post
3473,maze-event,harris,0,0,post
3473,maze-event,trump,92,0.92,post
3473,maze-event,other,8,0.08,post
4833,cloze-event,harris,0,0,post
4833,cloze-event,trump,100,1,post
4833,cloze-event,other,0,0,post
3336,event-maze,harris,0,0,post
3336,event-maze,trump,100,1,post
3336,event-maze,other,0,0,post
4662,cloze-event,trump,100,1,post
4662,cloze-event,harris,0,0,post
4662,cloze-event,other,0,0,post
4063,spr-event,harris,0,0,post
4063,spr-event,trump,50,0.5,post
4063,spr-event,other,50,0.5,post
4255,cloze-event,trump,100,1,post
4255,cloze-event,harris,0,0,post
4255,cloze-event,other,0,0,post
3803,cloze-event,harris,0,0,post
3803,cloze-event,trump,100,1,post
3803,cloze-event,other,0,0,post
3354,cloze-event,harris,0,0,post
3354,cloze-event,trump,100,1,post
3354,cloze-event,other,0,0,post
3949,event-maze,trump,100,1,post
3949,event-maze,harris,0,0,post
3949,event-maze,other,0,0,post
3841,maze-event,trump,0,0,post
3841,maze-event,harris,100,1,post
3841,maze-event,other,0,0,post
3643,event-cloze,harris,4,0.038834951456310676,post
3643,event-cloze,trump,93,0.9029126213592233,post
3643,event-cloze,other,6,0.05825242718446602,post
3956,cloze-event,trump,100,1,post
3956,cloze-event,harris,0,0,post
3956,cloze-event,other,0,0,post
3333,maze-event,harris,49,0.48514851485148514,post
3333,maze-event,trump,49,0.48514851485148514,post
3333,maze-event,other,3,0.0297029702970297,post
3760,cloze-event,trump,75,0.6302521008403361,post
3760,cloze-event,harris,44,0.3697478991596639,post
3760,cloze-event,other,0,0,post
3695,maze-event,trump,75,0.7575757575757576,post
3695,maze-event,harris,24,0.24242424242424243,post
3695,maze-event,other,0,0,post
3807,event-cloze,trump,100,1,post
3807,event-cloze,harris,0,0,post
3807,event-cloze,other,0,0,post
4163,event-cloze,harris,0,0,post
4163,event-cloze,trump,100,0.9900990099009901,post
4163,event-cloze,other,1,0.009900990099009901,post
4929,event-cloze,harris,0,0,post
4929,event-cloze,trump,100,0.9900990099009901,post
4929,event-cloze,other,1,0.009900990099009901,post
3279,event-cloze,trump,60,0.5882352941176471,post
3279,event-cloze,harris,41,0.4019607843137255,post
3279,event-cloze,other,1,0.00980392156862745,post
4000,event-spr,harris,3,0.0234375,post
4000,event-spr,trump,100,0.78125,post
4000,event-spr,other,25,0.1953125,post
4707,spr-event,harris,0,0,post
4707,spr-event,trump,100,1,post
4707,spr-event,other,0,0,post
4539,spr-event,harris,0,0,post
4539,spr-event,trump,100,1,post
4539,spr-event,other,0,0,post
3804,cloze-event,trump,49,0.49,post
3804,cloze-event,harris,51,0.51,post
3804,cloze-event,other,0,0,post
4406,event-spr,harris,74,0.6016260162601627,post
4406,event-spr,trump,49,0.3983739837398374,post
4406,event-spr,other,0,0,post
3311,cloze-event,trump,91,0.9285714285714286,post
3311,cloze-event,harris,4,0.04081632653061224,post
3311,cloze-event,other,3,0.030612244897959183,post
4702,spr-event,harris,0,0,post
4702,spr-event,trump,100,1,post
4702,spr-event,other,0,0,post
3759,event-spr,trump,49,0.9607843137254902,post
3759,event-spr,harris,0,0,post
3759,event-spr,other,2,0.0392156862745098,post
3372,cloze-event,harris,51,0.504950495049505,post
3372,cloze-event,trump,50,0.49504950495049505,post
3372,cloze-event,other,0,0,post
3448,cloze-event,harris,1,0.009708737864077669,post
3448,cloze-event,trump,100,0.970873786407767,post
3448,cloze-event,other,2,0.019417475728155338,post
4846,maze-event,harris,2,0.01904761904761905,post
4846,maze-event,trump,100,0.9523809523809523,post
4846,maze-event,other,3,0.02857142857142857,post
4111,spr-event,harris,0,0,post
4111,spr-event,trump,100,1,post
4111,spr-event,other,0,0,post
4414,maze-event,harris,0,0,post
4414,maze-event,trump,100,1,post
4414,maze-event,other,0,0,post
3387,cloze-event,harris,0,0,post
3387,cloze-event,trump,100,0.9900990099009901,post
3387,cloze-event,other,1,0.009900990099009901,post
3549,event-cloze,harris,0,0,post
3549,event-cloze,trump,100,1,post
3549,event-cloze,other,0,0,post
4154,spr-event,trump,100,1,post
4154,spr-event,harris,0,0,post
4154,spr-event,other,0,0,post
4554,maze-event,harris,0,0,post
4554,maze-event,trump,100,1,post
4554,maze-event,other,0,0,post
3952,cloze-event,trump,100,1,post
3952,cloze-event,harris,0,0,post
3952,cloze-event,other,0,0,post
3540,event-maze,harris,0,0,post
3540,event-maze,trump,100,1,post
3540,event-maze,other,0,0,post
3677,cloze-event,harris,0,0,post
3677,cloze-event,trump,100,1,post
3677,cloze-event,other,0,0,post
3367,event-maze,harris,0,0,post
3367,event-maze,trump,100,1,post
3367,event-maze,other,0,0,post
4039,spr-event,trump,95,0.4008438818565401,post
4039,spr-event,harris,64,0.270042194092827,post
4039,spr-event,other,78,0.3291139240506329,post
3429,event-spr,harris,0,0,post
3429,event-spr,trump,100,1,post
3429,event-spr,other,0,0,post
4468,cloze-event,harris,0,0,post
4468,cloze-event,trump,100,1,post
4468,cloze-event,other,0,0,post
4584,cloze-event,trump,100,1,post
4584,cloze-event,harris,0,0,post
4584,cloze-event,other,0,0,post
3435,event-cloze,harris,25,0.23809523809523808,post
3435,event-cloze,trump,80,0.7619047619047619,post
3435,event-cloze,other,0,0,post
4086,event-cloze,trump,100,1,post
4086,event-cloze,harris,0,0,post
4086,event-cloze,other,0,0,post
3995,maze-event,harris,0,0,post
3995,maze-event,trump,100,1,post
3995,maze-event,other,0,0,post
4780,cloze-event,harris,1,0.009900990099009901,post
4780,cloze-event,trump,99,0.9801980198019802,post
4780,cloze-event,other,1,0.009900990099009901,post
