workerid,condition,candidate,response,probability,batch
2681,event-maze,trump,100,1,pre
2681,event-maze,harris,0,0,pre
2681,event-maze,other,0,0,pre
1598,maze-event,harris,24,0.24242424242424243,pre
1598,maze-event,trump,75,0.7575757575757576,pre
1598,maze-event,other,0,0,pre
1799,cloze-event,harris,49,0.5,pre
1799,cloze-event,trump,49,0.5,pre
1799,cloze-event,other,0,0,pre
1692,cloze-event,trump,46,0.46938775510204084,pre
1692,cloze-event,harris,52,0.5306122448979592,pre
1692,cloze-event,other,0,0,pre
2523,spr-event,trump,0,0,pre
2523,spr-event,harris,100,0.9803921568627451,pre
2523,spr-event,other,2,0.0196078431372549,pre
2859,event-cloze,harris,46,0.45544554455445546,pre
2859,event-cloze,trump,55,0.5445544554455446,pre
2859,event-cloze,other,0,0,pre
2284,event-maze,harris,33,0.2619047619047619,pre
2284,event-maze,trump,85,0.6746031746031746,pre
2284,event-maze,other,8,0.06349206349206349,pre
1943,cloze-event,trump,37,0.36633663366336633,pre
1943,cloze-event,harris,63,0.6237623762376238,pre
1943,cloze-event,other,1,0.009900990099009901,pre
1876,cloze-event,trump,98,0.593939393939394,pre
1876,cloze-event,harris,56,0.3393939393939394,pre
1876,cloze-event,other,11,0.06666666666666667,pre
2690,spr-event,trump,24,0.2376237623762376,pre
2690,spr-event,harris,77,0.7623762376237624,pre
2690,spr-event,other,0,0,pre
2024,cloze-event,harris,26,0.26262626262626265,pre
2024,cloze-event,trump,73,0.7373737373737373,pre
2024,cloze-event,other,0,0,pre
2706,event-cloze,trump,24,0.24489795918367346,pre
2706,event-cloze,harris,74,0.7551020408163265,pre
2706,event-cloze,other,0,0,pre
2416,event-cloze,trump,50,0.5,pre
2416,event-cloze,harris,50,0.5,pre
2416,event-cloze,other,0,0,pre
2348,maze-event,trump,53,0.4076923076923077,pre
2348,maze-event,harris,77,0.5923076923076923,pre
2348,maze-event,other,0,0,pre
2644,cloze-event,trump,49,0.494949494949495,pre
2644,cloze-event,harris,50,0.5050505050505051,pre
2644,cloze-event,other,0,0,pre
1899,maze-event,trump,25,0.25,pre
1899,maze-event,harris,75,0.75,pre
1899,maze-event,other,0,0,pre
2968,event-cloze,harris,24,0.24242424242424243,pre
2968,event-cloze,trump,75,0.7575757575757576,pre
2968,event-cloze,other,0,0,pre
2601,maze-event,trump,49,0.5,pre
2601,maze-event,harris,49,0.5,pre
2601,maze-event,other,0,0,pre
2411,event-maze,trump,48,0.4897959183673469,pre
2411,event-maze,harris,50,0.5102040816326531,pre
2411,event-maze,other,0,0,pre
2445,spr-event,trump,22,0.2268041237113402,pre
2445,spr-event,harris,75,0.7731958762886598,pre
2445,spr-event,other,0,0,pre
2100,cloze-event,trump,25,0.25,pre
2100,cloze-event,harris,75,0.75,pre
2100,cloze-event,other,0,0,pre
2012,event-spr,trump,2,0.0196078431372549,pre
2012,event-spr,harris,99,0.9705882352941176,pre
2012,event-spr,other,1,0.00980392156862745,pre
2945,event-maze,trump,100,0.970873786407767,pre
2945,event-maze,harris,1,0.009708737864077669,pre
2945,event-maze,other,2,0.019417475728155338,pre
2764,cloze-event,harris,65,0.4166666666666667,pre
2764,cloze-event,trump,77,0.4935897435897436,pre
2764,cloze-event,other,14,0.08974358974358974,pre
2573,maze-event,trump,78,0.5454545454545454,pre
2573,maze-event,harris,62,0.43356643356643354,pre
2573,maze-event,other,3,0.02097902097902098,pre
2915,event-cloze,harris,21,0.21875,pre
2915,event-cloze,trump,75,0.78125,pre
2915,event-cloze,other,0,0,pre
2254,event-spr,harris,23,0.23958333333333334,pre
2254,event-spr,trump,73,0.7604166666666666,pre
2254,event-spr,other,0,0,pre
2375,event-cloze,harris,44,0.4230769230769231,pre
2375,event-cloze,trump,60,0.5769230769230769,pre
2375,event-cloze,other,0,0,pre
2324,event-maze,trump,21,0.2079207920792079,pre
2324,event-maze,harris,80,0.7920792079207921,pre
2324,event-maze,other,0,0,pre
1964,maze-event,trump,49,0.494949494949495,pre
1964,maze-event,harris,49,0.494949494949495,pre
1964,maze-event,other,1,0.010101010101010102,pre
1476,spr-event,trump,49,0.5,pre
1476,spr-event,harris,49,0.5,pre
1476,spr-event,other,0,0,pre
2026,event-spr,harris,64,0.6736842105263158,pre
2026,event-spr,trump,24,0.25263157894736843,pre
2026,event-spr,other,7,0.07368421052631578,pre
2894,cloze-event,trump,57,0.59375,pre
2894,cloze-event,harris,39,0.40625,pre
2894,cloze-event,other,0,0,pre
2726,spr-event,trump,43,0.4479166666666667,pre
2726,spr-event,harris,53,0.5520833333333334,pre
2726,spr-event,other,0,0,pre
1613,spr-event,trump,28,0.2641509433962264,pre
1613,spr-event,harris,78,0.7358490566037735,pre
1613,spr-event,other,0,0,pre
2625,cloze-event,harris,94,0.9306930693069307,pre
2625,cloze-event,trump,7,0.06930693069306931,pre
2625,cloze-event,other,0,0,pre
2112,cloze-event,harris,97,0.9509803921568627,pre
2112,cloze-event,trump,5,0.049019607843137254,pre
2112,cloze-event,other,0,0,pre
2462,event-spr,trump,91,0.9285714285714286,pre
2462,event-spr,harris,5,0.05102040816326531,pre
2462,event-spr,other,2,0.02040816326530612,pre
2052,spr-event,harris,59,0.5221238938053098,pre
2052,spr-event,trump,54,0.4778761061946903,pre
2052,spr-event,other,0,0,pre
2359,event-maze,harris,41,0.3203125,pre
2359,event-maze,trump,86,0.671875,pre
2359,event-maze,other,1,0.0078125,pre
1545,spr-event,harris,39,0.4020618556701031,pre
1545,spr-event,trump,58,0.5979381443298969,pre
1545,spr-event,other,0,0,pre
2853,event-spr,harris,88,0.8712871287128713,pre
2853,event-spr,trump,13,0.12871287128712872,pre
2853,event-spr,other,0,0,pre
2948,event-spr,trump,88,0.6376811594202898,pre
2948,event-spr,harris,50,0.36231884057971014,pre
2948,event-spr,other,0,0,pre
1516,cloze-event,trump,37,0.37,pre
1516,cloze-event,harris,63,0.63,pre
1516,cloze-event,other,0,0,pre
2285,spr-event,harris,60,0.5825242718446602,pre
2285,spr-event,trump,43,0.4174757281553398,pre
2285,spr-event,other,0,0,pre
1397,event-cloze,harris,59,0.59,pre
1397,event-cloze,trump,41,0.41,pre
1397,event-cloze,other,0,0,pre
2643,maze-event,harris,0,0,pre
2643,maze-event,trump,100,1,pre
2643,maze-event,other,0,0,pre
1671,event-spr,trump,39,0.39,pre
1671,event-spr,harris,61,0.61,pre
1671,event-spr,other,0,0,pre
2064,spr-event,trump,49,0.48514851485148514,pre
2064,spr-event,harris,49,0.48514851485148514,pre
2064,spr-event,other,3,0.0297029702970297,pre
2820,cloze-event,harris,62,0.6078431372549019,pre
2820,cloze-event,trump,40,0.39215686274509803,pre
2820,cloze-event,other,0,0,pre
2570,cloze-event,trump,75,0.7352941176470589,pre
2570,cloze-event,harris,27,0.2647058823529412,pre
2570,cloze-event,other,0,0,pre
2394,cloze-event,harris,66,0.5641025641025641,pre
2394,cloze-event,trump,51,0.4358974358974359,pre
2394,cloze-event,other,0,0,pre
2529,maze-event,harris,25,0.18796992481203006,pre
2529,maze-event,trump,100,0.7518796992481203,pre
2529,maze-event,other,8,0.06015037593984962,pre
1921,event-maze,harris,0,0,pre
1921,event-maze,trump,100,1,pre
1921,event-maze,other,0,0,pre
2223,cloze-event,harris,47,0.46534653465346537,pre
2223,cloze-event,trump,54,0.5346534653465347,pre
2223,cloze-event,other,0,0,pre
2736,event-cloze,trump,24,0.24489795918367346,pre
2736,event-cloze,harris,74,0.7551020408163265,pre
2736,event-cloze,other,0,0,pre
2806,cloze-event,harris,48,0.48484848484848486,pre
2806,cloze-event,trump,51,0.5151515151515151,pre
2806,cloze-event,other,0,0,pre
1797,spr-event,trump,0,0,pre
1797,spr-event,harris,76,1,pre
1797,spr-event,other,0,0,pre
2067,spr-event,trump,61,0.6039603960396039,pre
2067,spr-event,harris,40,0.39603960396039606,pre
2067,spr-event,other,0,0,pre
2782,cloze-event,harris,66,0.3728813559322034,pre
2782,cloze-event,trump,78,0.4406779661016949,pre
2782,cloze-event,other,33,0.1864406779661017,pre
1460,spr-event,trump,52,0.5098039215686274,pre
1460,spr-event,harris,49,0.4803921568627451,pre
1460,spr-event,other,1,0.00980392156862745,pre
1617,cloze-event,harris,87,0.8207547169811321,pre
1617,cloze-event,trump,19,0.1792452830188679,pre
1617,cloze-event,other,0,0,pre
2327,maze-event,trump,45,0.45918367346938777,pre
2327,maze-event,harris,53,0.5408163265306123,pre
2327,maze-event,other,0,0,pre
1574,cloze-event,harris,46,0.4791666666666667,pre
1574,cloze-event,trump,50,0.5208333333333334,pre
1574,cloze-event,other,0,0,pre
1834,maze-event,harris,84,0.9333333333333333,pre
1834,maze-event,trump,6,0.06666666666666667,pre
1834,maze-event,other,0,0,pre
1769,spr-event,harris,14,0.1414141414141414,pre
1769,spr-event,trump,85,0.8585858585858586,pre
1769,spr-event,other,0,0,pre
1811,event-spr,trump,51,0.504950495049505,pre
1811,event-spr,harris,48,0.4752475247524752,pre
1811,event-spr,other,2,0.019801980198019802,pre
2097,event-cloze,trump,56,0.5544554455445545,pre
2097,event-cloze,harris,45,0.44554455445544555,pre
2097,event-cloze,other,0,0,pre
1708,spr-event,trump,51,0.504950495049505,pre
1708,spr-event,harris,50,0.49504950495049505,pre
1708,spr-event,other,0,0,pre
2839,spr-event,harris,50,0.4854368932038835,pre
2839,spr-event,trump,50,0.4854368932038835,pre
2839,spr-event,other,3,0.02912621359223301,pre
1503,spr-event,harris,49,0.494949494949495,pre
1503,spr-event,trump,50,0.5050505050505051,pre
1503,spr-event,other,0,0,pre
1764,cloze-event,harris,93,0.9117647058823529,pre
1764,cloze-event,trump,9,0.08823529411764706,pre
1764,cloze-event,other,0,0,pre
2742,spr-event,harris,62,0.6262626262626263,pre
2742,spr-event,trump,37,0.37373737373737376,pre
2742,spr-event,other,0,0,pre
1531,maze-event,harris,5,0.050505050505050504,pre
1531,maze-event,trump,94,0.9494949494949495,pre
1531,maze-event,other,0,0,pre
1873,event-spr,trump,50,0.49504950495049505,pre
1873,event-spr,harris,49,0.48514851485148514,pre
1873,event-spr,other,2,0.019801980198019802,pre
2887,spr-event,trump,90,0.8737864077669902,pre
2887,spr-event,harris,6,0.05825242718446602,pre
2887,spr-event,other,7,0.06796116504854369,pre
2339,event-cloze,trump,4,0.0392156862745098,pre
2339,event-cloze,harris,98,0.9607843137254902,pre
2339,event-cloze,other,0,0,pre
2440,maze-event,harris,16,0.21621621621621623,pre
2440,maze-event,trump,58,0.7837837837837838,pre
2440,maze-event,other,0,0,pre
1519,spr-event,trump,49,0.5157894736842106,pre
1519,spr-event,harris,46,0.4842105263157895,pre
1519,spr-event,other,0,0,pre
2746,cloze-event,trump,100,1,pre
2746,cloze-event,harris,0,0,pre
2746,cloze-event,other,0,0,pre
2408,event-spr,trump,27,0.35064935064935066,pre
2408,event-spr,harris,50,0.6493506493506493,pre
2408,event-spr,other,0,0,pre
2452,event-spr,harris,48,0.4948453608247423,pre
2452,event-spr,trump,49,0.5051546391752577,pre
2452,event-spr,other,0,0,pre
2035,cloze-event,trump,46,0.4380952380952381,pre
2035,cloze-event,harris,55,0.5238095238095238,pre
2035,cloze-event,other,4,0.0380952380952381,pre
2536,cloze-event,trump,48,0.4897959183673469,pre
2536,cloze-event,harris,50,0.5102040816326531,pre
2536,cloze-event,other,0,0,pre
2099,spr-event,harris,43,0.43,pre
2099,spr-event,trump,57,0.57,pre
2099,spr-event,other,0,0,pre
2436,event-spr,trump,76,0.5984251968503937,pre
2436,event-spr,harris,39,0.30708661417322836,pre
2436,event-spr,other,12,0.09448818897637795,pre
1894,spr-event,harris,62,0.6019417475728155,pre
1894,spr-event,trump,41,0.39805825242718446,pre
1894,spr-event,other,0,0,pre
2778,maze-event,trump,51,0.49514563106796117,pre
2778,maze-event,harris,50,0.4854368932038835,pre
2778,maze-event,other,2,0.019417475728155338,pre
1604,event-cloze,trump,46,0.46,pre
1604,event-cloze,harris,54,0.54,pre
1604,event-cloze,other,0,0,pre
2386,spr-event,harris,35,0.32710280373831774,pre
2386,spr-event,trump,64,0.5981308411214953,pre
2386,spr-event,other,8,0.07476635514018691,pre
1654,spr-event,harris,74,0.7551020408163265,pre
1654,spr-event,trump,24,0.24489795918367346,pre
1654,spr-event,other,0,0,pre
2380,event-cloze,harris,74,0.7551020408163265,pre
2380,event-cloze,trump,24,0.24489795918367346,pre
2380,event-cloze,other,0,0,pre
2298,event-spr,harris,100,1,pre
2298,event-spr,trump,0,0,pre
2298,event-spr,other,0,0,pre
1622,event-cloze,trump,63,0.5887850467289719,pre
1622,event-cloze,harris,40,0.37383177570093457,pre
1622,event-cloze,other,4,0.037383177570093455,pre
1522,event-cloze,harris,75,0.7731958762886598,pre
1522,event-cloze,trump,22,0.2268041237113402,pre
1522,event-cloze,other,0,0,pre
1466,event-maze,harris,72,0.5,pre
1466,event-maze,trump,50,0.3472222222222222,pre
1466,event-maze,other,22,0.1527777777777778,pre
2850,spr-event,harris,45,0.4166666666666667,pre
2850,spr-event,trump,63,0.5833333333333334,pre
2850,spr-event,other,0,0,pre
1591,maze-event,trump,50,0.5,pre
1591,maze-event,harris,50,0.5,pre
1591,maze-event,other,0,0,pre
2980,event-maze,trump,91,0.8504672897196262,pre
2980,event-maze,harris,11,0.102803738317757,pre
2980,event-maze,other,5,0.04672897196261682,pre
2316,cloze-event,harris,50,0.5,pre
2316,cloze-event,trump,50,0.5,pre
2316,cloze-event,other,0,0,pre
2186,event-cloze,harris,68,0.53125,pre
2186,event-cloze,trump,60,0.46875,pre
2186,event-cloze,other,0,0,pre
2653,cloze-event,harris,52,0.5306122448979592,pre
2653,cloze-event,trump,46,0.46938775510204084,pre
2653,cloze-event,other,0,0,pre
2937,event-maze,harris,61,0.5980392156862745,pre
2937,event-maze,trump,41,0.4019607843137255,pre
2937,event-maze,other,0,0,pre
1772,spr-event,harris,53,0.5463917525773195,pre
1772,spr-event,trump,44,0.4536082474226804,pre
1772,spr-event,other,0,0,pre
2291,event-cloze,harris,52,0.5252525252525253,pre
2291,event-cloze,trump,47,0.47474747474747475,pre
2291,event-cloze,other,0,0,pre
2060,spr-event,harris,92,0.9484536082474226,pre
2060,spr-event,trump,5,0.05154639175257732,pre
2060,spr-event,other,0,0,pre
2263,spr-event,harris,50,0.49504950495049505,pre
2263,spr-event,trump,51,0.504950495049505,pre
2263,spr-event,other,0,0,pre
1590,cloze-event,harris,58,0.5742574257425742,pre
1590,cloze-event,trump,43,0.42574257425742573,pre
1590,cloze-event,other,0,0,pre
1759,maze-event,harris,49,0.5,pre
1759,maze-event,trump,49,0.5,pre
1759,maze-event,other,0,0,pre
2787,cloze-event,trump,59,0.5841584158415841,pre
2787,cloze-event,harris,42,0.4158415841584158,pre
2787,cloze-event,other,0,0,pre
1634,spr-event,harris,100,0.9615384615384616,pre
1634,spr-event,trump,2,0.019230769230769232,pre
1634,spr-event,other,2,0.019230769230769232,pre
1687,cloze-event,trump,75,0.7575757575757576,pre
1687,cloze-event,harris,24,0.24242424242424243,pre
1687,cloze-event,other,0,0,pre
1961,maze-event,harris,59,0.43703703703703706,pre
1961,maze-event,trump,76,0.562962962962963,pre
1961,maze-event,other,0,0,pre
1662,event-cloze,harris,45,0.45918367346938777,pre
1662,event-cloze,trump,53,0.5408163265306123,pre
1662,event-cloze,other,0,0,pre
1679,maze-event,trump,100,0.9900990099009901,pre
1679,maze-event,harris,1,0.009900990099009901,pre
1679,maze-event,other,0,0,pre
1918,maze-event,trump,0,0,pre
1918,maze-event,harris,75,1,pre
1918,maze-event,other,0,0,pre
1935,event-spr,trump,84,0.5793103448275863,pre
1935,event-spr,harris,61,0.4206896551724138,pre
1935,event-spr,other,0,0,pre
2716,cloze-event,trump,100,0.6622516556291391,pre
2716,cloze-event,harris,50,0.33112582781456956,pre
2716,cloze-event,other,1,0.006622516556291391,pre
2588,maze-event,harris,52,0.5306122448979592,pre
2588,maze-event,trump,46,0.46938775510204084,pre
2588,maze-event,other,0,0,pre
2720,cloze-event,harris,75,0.6,pre
2720,cloze-event,trump,44,0.352,pre
2720,cloze-event,other,6,0.048,pre
2054,maze-event,harris,48,0.4897959183673469,pre
2054,maze-event,trump,50,0.5102040816326531,pre
2054,maze-event,other,0,0,pre
2522,maze-event,trump,0,0,pre
2522,maze-event,harris,100,1,pre
2522,maze-event,other,0,0,pre
2929,spr-event,harris,95,0.5191256830601093,pre
2929,spr-event,trump,88,0.4808743169398907,pre
2929,spr-event,other,0,0,pre
1518,spr-event,harris,87,0.8529411764705882,pre
1518,spr-event,trump,15,0.14705882352941177,pre
1518,spr-event,other,0,0,pre
1411,spr-event,harris,62,0.6262626262626263,pre
1411,spr-event,trump,37,0.37373737373737376,pre
1411,spr-event,other,0,0,pre
2193,maze-event,harris,75,0.7575757575757576,pre
2193,maze-event,trump,24,0.24242424242424243,pre
2193,maze-event,other,0,0,pre
1946,spr-event,trump,100,1,pre
1946,spr-event,harris,0,0,pre
1946,spr-event,other,0,0,pre
2101,spr-event,trump,54,0.5510204081632653,pre
2101,spr-event,harris,44,0.4489795918367347,pre
2101,spr-event,other,0,0,pre
1775,event-maze,harris,49,0.494949494949495,pre
1775,event-maze,trump,50,0.5050505050505051,pre
1775,event-maze,other,0,0,pre
1488,event-cloze,harris,75,0.6,pre
1488,event-cloze,trump,50,0.4,pre
1488,event-cloze,other,0,0,pre
2381,event-spr,harris,65,0.5855855855855856,pre
2381,event-spr,trump,46,0.4144144144144144,pre
2381,event-spr,other,0,0,pre
1773,cloze-event,trump,59,0.6629213483146067,pre
1773,cloze-event,harris,30,0.33707865168539325,pre
1773,cloze-event,other,0,0,pre
2472,cloze-event,trump,75,0.45454545454545453,pre
2472,cloze-event,harris,88,0.5333333333333333,pre
2472,cloze-event,other,2,0.012121212121212121,pre
2153,spr-event,trump,25,0.25,pre
2153,spr-event,harris,75,0.75,pre
2153,spr-event,other,0,0,pre
1499,event-cloze,trump,14,0.14285714285714285,pre
1499,event-cloze,harris,80,0.8163265306122449,pre
1499,event-cloze,other,4,0.04081632653061224,pre
1616,maze-event,harris,42,0.3888888888888889,pre
1616,maze-event,trump,66,0.6111111111111112,pre
1616,maze-event,other,0,0,pre
2589,spr-event,trump,55,0.5555555555555556,pre
2589,spr-event,harris,44,0.4444444444444444,pre
2589,spr-event,other,0,0,pre
1975,cloze-event,trump,75,0.5319148936170213,pre
1975,cloze-event,harris,65,0.46099290780141844,pre
1975,cloze-event,other,1,0.0070921985815602835,pre
1743,maze-event,trump,79,0.632,pre
1743,maze-event,harris,36,0.288,pre
1743,maze-event,other,10,0.08,pre
1966,event-spr,trump,61,0.6288659793814433,pre
1966,event-spr,harris,36,0.3711340206185567,pre
1966,event-spr,other,0,0,pre
2646,cloze-event,harris,50,0.5154639175257731,pre
2646,cloze-event,trump,47,0.4845360824742268,pre
2646,cloze-event,other,0,0,pre
1641,spr-event,harris,65,0.625,pre
1641,spr-event,trump,39,0.375,pre
1641,spr-event,other,0,0,pre
1536,maze-event,harris,50,0.5,pre
1536,maze-event,trump,50,0.5,pre
1536,maze-event,other,0,0,pre
1609,event-cloze,harris,50,0.5050505050505051,pre
1609,event-cloze,trump,49,0.494949494949495,pre
1609,event-cloze,other,0,0,pre
2858,spr-event,trump,49,0.5,pre
2858,spr-event,harris,49,0.5,pre
2858,spr-event,other,0,0,pre
2124,cloze-event,harris,91,0.5515151515151515,pre
2124,cloze-event,trump,49,0.296969696969697,pre
2124,cloze-event,other,25,0.15151515151515152,pre
2526,spr-event,harris,57,0.5588235294117647,pre
2526,spr-event,trump,45,0.4411764705882353,pre
2526,spr-event,other,0,0,pre
1527,event-cloze,trump,24,0.24242424242424243,pre
1527,event-cloze,harris,75,0.7575757575757576,pre
1527,event-cloze,other,0,0,pre
2918,spr-event,harris,46,0.38016528925619836,pre
2918,spr-event,trump,75,0.6198347107438017,pre
2918,spr-event,other,0,0,pre
1420,maze-event,trump,50,0.5050505050505051,pre
1420,maze-event,harris,49,0.494949494949495,pre
1420,maze-event,other,0,0,pre
2299,event-maze,harris,63,0.5294117647058824,pre
2299,event-maze,trump,56,0.47058823529411764,pre
2299,event-maze,other,0,0,pre
2943,event-maze,harris,62,0.5961538461538461,pre
2943,event-maze,trump,40,0.38461538461538464,pre
2943,event-maze,other,2,0.019230769230769232,pre
1496,cloze-event,trump,63,0.6116504854368932,pre
1496,cloze-event,harris,40,0.3883495145631068,pre
1496,cloze-event,other,0,0,pre
2235,maze-event,trump,24,0.24242424242424243,pre
2235,maze-event,harris,75,0.7575757575757576,pre
2235,maze-event,other,0,0,pre
2335,event-maze,trump,62,0.62,pre
2335,event-maze,harris,38,0.38,pre
2335,event-maze,other,0,0,pre
2592,spr-event,trump,73,0.7448979591836735,pre
2592,spr-event,harris,25,0.25510204081632654,pre
2592,spr-event,other,0,0,pre
2184,cloze-event,harris,93,0.93,pre
2184,cloze-event,trump,7,0.07,pre
2184,cloze-event,other,0,0,pre
1814,cloze-event,trump,61,0.580952380952381,pre
1814,cloze-event,harris,44,0.41904761904761906,pre
1814,cloze-event,other,0,0,pre
2114,spr-event,harris,53,0.53,pre
2114,spr-event,trump,47,0.47,pre
2114,spr-event,other,0,0,pre
2409,spr-event,harris,52,0.5416666666666666,pre
2409,spr-event,trump,44,0.4583333333333333,pre
2409,spr-event,other,0,0,pre
2273,maze-event,harris,77,0.7623762376237624,pre
2273,maze-event,trump,24,0.2376237623762376,pre
2273,maze-event,other,0,0,pre
2289,event-cloze,harris,51,0.3269230769230769,pre
2289,event-cloze,trump,99,0.6346153846153846,pre
2289,event-cloze,other,6,0.038461538461538464,pre
2218,event-maze,harris,48,0.4897959183673469,pre
2218,event-maze,trump,50,0.5102040816326531,pre
2218,event-maze,other,0,0,pre
1433,event-cloze,trump,38,0.36538461538461536,pre
1433,event-cloze,harris,66,0.6346153846153846,pre
1433,event-cloze,other,0,0,pre
2608,cloze-event,harris,40,0.4,pre
2608,cloze-event,trump,60,0.6,pre
2608,cloze-event,other,0,0,pre
2179,maze-event,harris,55,0.5392156862745098,pre
2179,maze-event,trump,47,0.46078431372549017,pre
2179,maze-event,other,0,0,pre
1976,cloze-event,trump,49,0.494949494949495,pre
1976,cloze-event,harris,50,0.5050505050505051,pre
1976,cloze-event,other,0,0,pre
2672,spr-event,trump,50,0.4854368932038835,pre
2672,spr-event,harris,50,0.4854368932038835,pre
2672,spr-event,other,3,0.02912621359223301,pre
2814,event-maze,trump,100,1,pre
2814,event-maze,harris,0,0,pre
2814,event-maze,other,0,0,pre
1729,cloze-event,harris,60,0.6,pre
1729,cloze-event,trump,40,0.4,pre
1729,cloze-event,other,0,0,pre
2231,event-spr,harris,39,0.3939393939393939,pre
2231,event-spr,trump,60,0.6060606060606061,pre
2231,event-spr,other,0,0,pre
1747,event-cloze,trump,50,0.49504950495049505,pre
1747,event-cloze,harris,51,0.504950495049505,pre
1747,event-cloze,other,0,0,pre
1670,spr-event,harris,24,0.24742268041237114,pre
1670,spr-event,trump,73,0.7525773195876289,pre
1670,spr-event,other,0,0,pre
1973,spr-event,trump,6,0.06521739130434782,pre
1973,spr-event,harris,86,0.9347826086956522,pre
1973,spr-event,other,0,0,pre
2959,cloze-event,harris,42,0.35294117647058826,pre
2959,cloze-event,trump,77,0.6470588235294118,pre
2959,cloze-event,other,0,0,pre
1432,cloze-event,harris,38,0.35185185185185186,pre
1432,cloze-event,trump,70,0.6481481481481481,pre
1432,cloze-event,other,0,0,pre
2936,cloze-event,harris,81,0.6428571428571429,pre
2936,cloze-event,trump,40,0.31746031746031744,pre
2936,cloze-event,other,5,0.03968253968253968,pre
2182,event-spr,trump,99,0.9611650485436893,pre
2182,event-spr,harris,3,0.02912621359223301,pre
2182,event-spr,other,1,0.009708737864077669,pre
2568,cloze-event,harris,57,0.6129032258064516,pre
2568,cloze-event,trump,36,0.3870967741935484,pre
2568,cloze-event,other,0,0,pre
1725,cloze-event,harris,76,0.5846153846153846,pre
1725,cloze-event,trump,49,0.3769230769230769,pre
1725,cloze-event,other,5,0.038461538461538464,pre
1889,cloze-event,harris,100,1,pre
1889,cloze-event,trump,0,0,pre
1889,cloze-event,other,0,0,pre
2376,event-spr,trump,61,0.6039603960396039,pre
2376,event-spr,harris,40,0.39603960396039606,pre
2376,event-spr,other,0,0,pre
2559,maze-event,harris,18,0.17475728155339806,pre
2559,maze-event,trump,85,0.8252427184466019,pre
2559,maze-event,other,0,0,pre
1442,spr-event,trump,46,0.44660194174757284,pre
1442,spr-event,harris,57,0.5533980582524272,pre
1442,spr-event,other,0,0,pre
1923,event-cloze,trump,55,0.5555555555555556,pre
1923,event-cloze,harris,44,0.4444444444444444,pre
1923,event-cloze,other,0,0,pre
2267,spr-event,harris,25,0.25,pre
2267,spr-event,trump,75,0.75,pre
2267,spr-event,other,0,0,pre
1398,spr-event,trump,45,0.4326923076923077,pre
1398,spr-event,harris,59,0.5673076923076923,pre
1398,spr-event,other,0,0,pre
1602,spr-event,harris,97,0.941747572815534,pre
1602,spr-event,trump,6,0.05825242718446602,pre
1602,spr-event,other,0,0,pre
1650,cloze-event,harris,95,0.9047619047619048,pre
1650,cloze-event,trump,9,0.08571428571428572,pre
1650,cloze-event,other,1,0.009523809523809525,pre
1580,spr-event,trump,89,0.8557692307692307,pre
1580,spr-event,harris,12,0.11538461538461539,pre
1580,spr-event,other,3,0.028846153846153848,pre
1471,event-spr,harris,63,0.6237623762376238,pre
1471,event-spr,trump,38,0.37623762376237624,pre
1471,event-spr,other,0,0,pre
2241,event-spr,harris,100,1,pre
2241,event-spr,trump,0,0,pre
2241,event-spr,other,0,0,pre
1737,cloze-event,harris,50,0.5,pre
1737,cloze-event,trump,50,0.5,pre
1737,cloze-event,other,0,0,pre
2066,cloze-event,harris,34,0.2982456140350877,pre
2066,cloze-event,trump,51,0.4473684210526316,pre
2066,cloze-event,other,29,0.2543859649122807,pre
2135,cloze-event,trump,78,0.78,pre
2135,cloze-event,harris,20,0.2,pre
2135,cloze-event,other,2,0.02,pre
1487,cloze-event,harris,94,0.9215686274509803,pre
1487,cloze-event,trump,8,0.0784313725490196,pre
1487,cloze-event,other,0,0,pre
1510,spr-event,harris,48,0.5,pre
1510,spr-event,trump,48,0.5,pre
1510,spr-event,other,0,0,pre
2978,event-cloze,harris,26,0.25742574257425743,pre
2978,event-cloze,trump,75,0.7425742574257426,pre
2978,event-cloze,other,0,0,pre
1821,cloze-event,harris,64,0.6037735849056604,pre
1821,cloze-event,trump,41,0.3867924528301887,pre
1821,cloze-event,other,1,0.009433962264150943,pre
2650,maze-event,trump,62,0.5486725663716814,pre
2650,maze-event,harris,41,0.36283185840707965,pre
2650,maze-event,other,10,0.08849557522123894,pre
1829,event-maze,trump,49,0.48514851485148514,pre
1829,event-maze,harris,52,0.5148514851485149,pre
1829,event-maze,other,0,0,pre
2584,event-spr,trump,46,0.46464646464646464,pre
2584,event-spr,harris,50,0.5050505050505051,pre
2584,event-spr,other,3,0.030303030303030304,pre
2572,maze-event,harris,0,0,pre
2572,maze-event,trump,100,1,pre
2572,maze-event,other,0,0,pre
2431,spr-event,harris,85,0.5944055944055944,pre
2431,spr-event,trump,15,0.1048951048951049,pre
2431,spr-event,other,43,0.3006993006993007,pre
1788,maze-event,trump,71,0.696078431372549,pre
1788,maze-event,harris,31,0.30392156862745096,pre
1788,maze-event,other,0,0,pre
2131,event-spr,harris,54,0.5510204081632653,pre
2131,event-spr,trump,44,0.4489795918367347,pre
2131,event-spr,other,0,0,pre
1843,event-cloze,harris,63,0.6428571428571429,pre
1843,event-cloze,trump,35,0.35714285714285715,pre
1843,event-cloze,other,0,0,pre
1395,spr-event,trump,24,0.24242424242424243,pre
1395,spr-event,harris,75,0.7575757575757576,pre
1395,spr-event,other,0,0,pre
2661,cloze-event,trump,10,0.0970873786407767,pre
2661,cloze-event,harris,93,0.9029126213592233,pre
2661,cloze-event,other,0,0,pre
1538,event-maze,trump,1,0.009900990099009901,pre
1538,event-maze,harris,100,0.9900990099009901,pre
1538,event-maze,other,0,0,pre
1830,spr-event,trump,0,0,pre
1830,spr-event,harris,100,1,pre
1830,spr-event,other,0,0,pre
1649,event-spr,harris,74,0.7551020408163265,pre
1649,event-spr,trump,24,0.24489795918367346,pre
1649,event-spr,other,0,0,pre
2886,maze-event,harris,49,0.5,pre
2886,maze-event,trump,49,0.5,pre
2886,maze-event,other,0,0,pre
2836,event-cloze,trump,94,0.6861313868613139,pre
2836,event-cloze,harris,12,0.08759124087591241,pre
2836,event-cloze,other,31,0.22627737226277372,pre
2971,spr-event,harris,74,0.45962732919254656,pre
2971,spr-event,trump,87,0.5403726708074534,pre
2971,spr-event,other,0,0,pre
1438,spr-event,trump,14,0.12280701754385964,pre
1438,spr-event,harris,100,0.8771929824561403,pre
1438,spr-event,other,0,0,pre
1978,event-maze,harris,45,0.45918367346938777,pre
1978,event-maze,trump,53,0.5408163265306123,pre
1978,event-maze,other,0,0,pre
1782,event-spr,trump,45,0.45454545454545453,pre
1782,event-spr,harris,54,0.5454545454545454,pre
1782,event-spr,other,0,0,pre
2207,maze-event,trump,60,0.6,pre
2207,maze-event,harris,40,0.4,pre
2207,maze-event,other,0,0,pre
1916,spr-event,harris,0,0,pre
1916,spr-event,trump,100,1,pre
1916,spr-event,other,0,0,pre
1853,spr-event,harris,50,0.5102040816326531,pre
1853,spr-event,trump,48,0.4897959183673469,pre
1853,spr-event,other,0,0,pre
1577,cloze-event,trump,11,0.11224489795918367,pre
1577,cloze-event,harris,87,0.8877551020408163,pre
1577,cloze-event,other,0,0,pre
2794,event-spr,harris,53,0.5353535353535354,pre
2794,event-spr,trump,46,0.46464646464646464,pre
2794,event-spr,other,0,0,pre
1444,spr-event,trump,100,0.9900990099009901,pre
1444,spr-event,harris,1,0.009900990099009901,pre
1444,spr-event,other,0,0,pre
1878,cloze-event,trump,56,0.5894736842105263,pre
1878,cloze-event,harris,39,0.4105263157894737,pre
1878,cloze-event,other,0,0,pre
1509,event-cloze,harris,92,0.92,pre
1509,event-cloze,trump,8,0.08,pre
1509,event-cloze,other,0,0,pre
2830,cloze-event,harris,61,0.580952380952381,pre
2830,cloze-event,trump,44,0.41904761904761906,pre
2830,cloze-event,other,0,0,pre
2507,event-spr,harris,12,0.12631578947368421,pre
2507,event-spr,trump,82,0.8631578947368421,pre
2507,event-spr,other,1,0.010526315789473684,pre
2314,event-maze,trump,46,0.5168539325842697,pre
2314,event-maze,harris,42,0.47191011235955055,pre
2314,event-maze,other,1,0.011235955056179775,pre
1659,event-spr,trump,49,0.494949494949495,pre
1659,event-spr,harris,49,0.494949494949495,pre
1659,event-spr,other,1,0.010101010101010102,pre
1541,event-cloze,harris,35,0.35,pre
1541,event-cloze,trump,64,0.64,pre
1541,event-cloze,other,1,0.01,pre
2895,event-spr,trump,49,0.494949494949495,pre
2895,event-spr,harris,50,0.5050505050505051,pre
2895,event-spr,other,0,0,pre
1825,maze-event,trump,46,0.46464646464646464,pre
1825,maze-event,harris,52,0.5252525252525253,pre
1825,maze-event,other,1,0.010101010101010102,pre
2967,event-spr,harris,5,0.04,pre
2967,event-spr,trump,91,0.728,pre
2967,event-spr,other,29,0.232,pre
2921,event-cloze,trump,50,0.5050505050505051,pre
2921,event-cloze,harris,49,0.494949494949495,pre
2921,event-cloze,other,0,0,pre
1683,maze-event,harris,43,0.35833333333333334,pre
1683,maze-event,trump,74,0.6166666666666667,pre
1683,maze-event,other,3,0.025,pre
2550,event-spr,trump,99,0.9166666666666666,pre
2550,event-spr,harris,4,0.037037037037037035,pre
2550,event-spr,other,5,0.046296296296296294,pre
2567,cloze-event,harris,49,0.5,pre
2567,cloze-event,trump,49,0.5,pre
2567,cloze-event,other,0,0,pre
2835,event-cloze,harris,89,0.6402877697841727,pre
2835,event-cloze,trump,48,0.34532374100719426,pre
2835,event-cloze,other,2,0.014388489208633094,pre
2174,spr-event,harris,45,0.45454545454545453,pre
2174,spr-event,trump,54,0.5454545454545454,pre
2174,spr-event,other,0,0,pre
2461,event-spr,trump,93,0.9489795918367347,pre
2461,event-spr,harris,5,0.05102040816326531,pre
2461,event-spr,other,0,0,pre
2125,cloze-event,trump,59,0.48360655737704916,pre
2125,cloze-event,harris,63,0.5163934426229508,pre
2125,cloze-event,other,0,0,pre
2310,event-maze,harris,52,0.5252525252525253,pre
2310,event-maze,trump,47,0.47474747474747475,pre
2310,event-maze,other,0,0,pre
2079,maze-event,harris,12,0.13333333333333333,pre
2079,maze-event,trump,78,0.8666666666666667,pre
2079,maze-event,other,0,0,pre
2599,event-cloze,harris,96,0.6956521739130435,pre
2599,event-cloze,trump,42,0.30434782608695654,pre
2599,event-cloze,other,0,0,pre
2206,maze-event,harris,51,0.5204081632653061,pre
2206,maze-event,trump,47,0.47959183673469385,pre
2206,maze-event,other,0,0,pre
1677,maze-event,harris,100,1,pre
1677,maze-event,trump,0,0,pre
1677,maze-event,other,0,0,pre
2941,spr-event,trump,100,0.9345794392523364,pre
2941,spr-event,harris,3,0.028037383177570093,pre
2941,spr-event,other,4,0.037383177570093455,pre
1885,spr-event,trump,54,0.4462809917355372,pre
1885,spr-event,harris,67,0.5537190082644629,pre
1885,spr-event,other,0,0,pre
2163,cloze-event,trump,44,0.4631578947368421,pre
2163,cloze-event,harris,51,0.5368421052631579,pre
2163,cloze-event,other,0,0,pre
1732,spr-event,trump,63,0.63,pre
1732,spr-event,harris,37,0.37,pre
1732,spr-event,other,0,0,pre
2252,cloze-event,harris,0,0,pre
2252,cloze-event,trump,100,1,pre
2252,cloze-event,other,0,0,pre
2755,event-cloze,trump,66,0.6407766990291263,pre
2755,event-cloze,harris,37,0.3592233009708738,pre
2755,event-cloze,other,0,0,pre
2317,spr-event,trump,77,0.5167785234899329,pre
2317,spr-event,harris,24,0.1610738255033557,pre
2317,spr-event,other,48,0.3221476510067114,pre
1890,event-cloze,trump,26,0.21138211382113822,pre
1890,event-cloze,harris,91,0.7398373983739838,pre
1890,event-cloze,other,6,0.04878048780487805,pre
2239,cloze-event,harris,67,0.4962962962962963,pre
2239,cloze-event,trump,58,0.42962962962962964,pre
2239,cloze-event,other,10,0.07407407407407407,pre
2043,cloze-event,trump,43,0.43434343434343436,pre
2043,cloze-event,harris,56,0.5656565656565656,pre
2043,cloze-event,other,0,0,pre
2793,maze-event,trump,100,1,pre
2793,maze-event,harris,0,0,pre
2793,maze-event,other,0,0,pre
1982,cloze-event,harris,62,0.62,pre
1982,cloze-event,trump,38,0.38,pre
1982,cloze-event,other,0,0,pre
2938,spr-event,trump,96,0.9504950495049505,pre
2938,spr-event,harris,3,0.0297029702970297,pre
2938,spr-event,other,2,0.019801980198019802,pre
2374,event-cloze,trump,29,0.25663716814159293,pre
2374,event-cloze,harris,71,0.6283185840707964,pre
2374,event-cloze,other,13,0.11504424778761062,pre
2313,event-spr,trump,100,1,pre
2313,event-spr,harris,0,0,pre
2313,event-spr,other,0,0,pre
2115,event-spr,trump,88,0.4861878453038674,pre
2115,event-spr,harris,54,0.2983425414364641,pre
2115,event-spr,other,39,0.2154696132596685,pre
2228,event-spr,harris,52,0.5306122448979592,pre
2228,event-spr,trump,46,0.46938775510204084,pre
2228,event-spr,other,0,0,pre
1535,event-maze,trump,37,0.4065934065934066,pre
1535,event-maze,harris,54,0.5934065934065934,pre
1535,event-maze,other,0,0,pre
2809,spr-event,trump,36,0.2748091603053435,pre
2809,spr-event,harris,83,0.6335877862595419,pre
2809,spr-event,other,12,0.0916030534351145,pre
2455,maze-event,trump,90,0.9090909090909091,pre
2455,maze-event,harris,9,0.09090909090909091,pre
2455,maze-event,other,0,0,pre
1451,event-spr,trump,84,0.5283018867924528,pre
1451,event-spr,harris,64,0.4025157232704403,pre
1451,event-spr,other,11,0.06918238993710692,pre
2088,event-spr,harris,63,0.6057692307692307,pre
2088,event-spr,trump,40,0.38461538461538464,pre
2088,event-spr,other,1,0.009615384615384616,pre
2831,cloze-event,harris,39,0.38613861386138615,pre
2831,cloze-event,trump,62,0.6138613861386139,pre
2831,cloze-event,other,0,0,pre
1560,cloze-event,harris,50,0.49504950495049505,pre
1560,cloze-event,trump,51,0.504950495049505,pre
1560,cloze-event,other,0,0,pre
1639,event-spr,harris,86,0.8775510204081632,pre
1639,event-spr,trump,12,0.12244897959183673,pre
1639,event-spr,other,0,0,pre
2340,event-cloze,trump,43,0.4387755102040816,pre
2340,event-cloze,harris,55,0.5612244897959183,pre
2340,event-cloze,other,0,0,pre
2707,spr-event,trump,100,1,pre
2707,spr-event,harris,0,0,pre
2707,spr-event,other,0,0,pre
2639,maze-event,trump,100,1,pre
2639,maze-event,harris,0,0,pre
2639,maze-event,other,0,0,pre
1514,spr-event,harris,24,0.24489795918367346,pre
1514,spr-event,trump,74,0.7551020408163265,pre
1514,spr-event,other,0,0,pre
2013,event-spr,trump,82,0.6307692307692307,pre
2013,event-spr,harris,48,0.36923076923076925,pre
2013,event-spr,other,0,0,pre
2866,maze-event,trump,49,0.5,pre
2866,maze-event,harris,49,0.5,pre
2866,maze-event,other,0,0,pre
2460,event-cloze,harris,55,0.4824561403508772,pre
2460,event-cloze,trump,59,0.5175438596491229,pre
2460,event-cloze,other,0,0,pre
1771,event-cloze,harris,51,0.504950495049505,pre
1771,event-cloze,trump,50,0.49504950495049505,pre
1771,event-cloze,other,0,0,pre
2775,spr-event,harris,69,0.5036496350364964,pre
2775,spr-event,trump,54,0.39416058394160586,pre
2775,spr-event,other,14,0.10218978102189781,pre
1470,spr-event,trump,100,1,pre
1470,spr-event,harris,0,0,pre
1470,spr-event,other,0,0,pre
2004,spr-event,trump,0,0,pre
2004,spr-event,harris,100,1,pre
2004,spr-event,other,0,0,pre
2139,event-cloze,harris,62,0.6326530612244898,pre
2139,event-cloze,trump,36,0.3673469387755102,pre
2139,event-cloze,other,0,0,pre
2896,spr-event,harris,62,0.6326530612244898,pre
2896,spr-event,trump,36,0.3673469387755102,pre
2896,spr-event,other,0,0,pre
2350,maze-event,trump,76,0.7524752475247525,pre
2350,maze-event,harris,25,0.24752475247524752,pre
2350,maze-event,other,0,0,pre
2544,maze-event,trump,47,0.47474747474747475,pre
2544,maze-event,harris,52,0.5252525252525253,pre
2544,maze-event,other,0,0,pre
1561,event-cloze,trump,49,0.5,pre
1561,event-cloze,harris,49,0.5,pre
1561,event-cloze,other,0,0,pre
2047,event-cloze,trump,86,0.86,pre
2047,event-cloze,harris,14,0.14,pre
2047,event-cloze,other,0,0,pre
2667,cloze-event,harris,51,0.5204081632653061,pre
2667,cloze-event,trump,47,0.47959183673469385,pre
2667,cloze-event,other,0,0,pre
1403,event-spr,trump,49,0.5,pre
1403,event-spr,harris,49,0.5,pre
1403,event-spr,other,0,0,pre
2117,cloze-event,harris,21,0.14685314685314685,pre
2117,cloze-event,trump,85,0.5944055944055944,pre
2117,cloze-event,other,37,0.25874125874125875,pre
2022,spr-event,trump,36,0.3564356435643564,pre
2022,spr-event,harris,65,0.6435643564356436,pre
2022,spr-event,other,0,0,pre
2821,cloze-event,trump,61,0.5495495495495496,pre
2821,cloze-event,harris,50,0.45045045045045046,pre
2821,cloze-event,other,0,0,pre
1505,maze-event,harris,100,1,pre
1505,maze-event,trump,0,0,pre
1505,maze-event,other,0,0,pre
2160,event-maze,trump,49,0.5,pre
2160,event-maze,harris,49,0.5,pre
2160,event-maze,other,0,0,pre
2607,spr-event,trump,40,0.29411764705882354,pre
2607,spr-event,harris,90,0.6617647058823529,pre
2607,spr-event,other,6,0.04411764705882353,pre
2712,event-maze,trump,41,0.41414141414141414,pre
2712,event-maze,harris,58,0.5858585858585859,pre
2712,event-maze,other,0,0,pre
1781,event-cloze,trump,28,0.26666666666666666,pre
1781,event-cloze,harris,77,0.7333333333333333,pre
1781,event-cloze,other,0,0,pre
2377,event-maze,harris,48,0.48484848484848486,pre
2377,event-maze,trump,51,0.5151515151515151,pre
2377,event-maze,other,0,0,pre
2236,spr-event,harris,9,0.09090909090909091,pre
2236,spr-event,trump,90,0.9090909090909091,pre
2236,spr-event,other,0,0,pre
2011,cloze-event,harris,24,0.24242424242424243,pre
2011,cloze-event,trump,75,0.7575757575757576,pre
2011,cloze-event,other,0,0,pre
2304,spr-event,trump,38,0.37254901960784315,pre
2304,spr-event,harris,64,0.6274509803921569,pre
2304,spr-event,other,0,0,pre
1524,spr-event,trump,52,0.52,pre
1524,spr-event,harris,48,0.48,pre
1524,spr-event,other,0,0,pre
2741,cloze-event,harris,53,0.53,pre
2741,cloze-event,trump,47,0.47,pre
2741,cloze-event,other,0,0,pre
2082,cloze-event,harris,47,0.4845360824742268,pre
2082,cloze-event,trump,50,0.5154639175257731,pre
2082,cloze-event,other,0,0,pre
1576,event-spr,harris,49,0.5,pre
1576,event-spr,trump,49,0.5,pre
1576,event-spr,other,0,0,pre
1956,maze-event,harris,50,0.5,pre
1956,maze-event,trump,50,0.5,pre
1956,maze-event,other,0,0,pre
1872,cloze-event,trump,60,0.594059405940594,pre
1872,cloze-event,harris,41,0.40594059405940597,pre
1872,cloze-event,other,0,0,pre
2579,cloze-event,trump,60,0.5042016806722689,pre
2579,cloze-event,harris,59,0.4957983193277311,pre
2579,cloze-event,other,0,0,pre
2315,spr-event,trump,44,0.42718446601941745,pre
2315,spr-event,harris,59,0.5728155339805825,pre
2315,spr-event,other,0,0,pre
2525,maze-event,trump,53,0.5408163265306123,pre
2525,maze-event,harris,45,0.45918367346938777,pre
2525,maze-event,other,0,0,pre
2923,event-maze,harris,45,0.4205607476635514,pre
2923,event-maze,trump,60,0.5607476635514018,pre
2923,event-maze,other,2,0.018691588785046728,pre
2057,cloze-event,trump,52,0.5360824742268041,pre
2057,cloze-event,harris,45,0.4639175257731959,pre
2057,cloze-event,other,0,0,pre
2296,cloze-event,trump,100,0.5714285714285714,pre
2296,cloze-event,harris,49,0.28,pre
2296,cloze-event,other,26,0.14857142857142858,pre
2345,event-cloze,trump,37,0.36633663366336633,pre
2345,event-cloze,harris,64,0.6336633663366337,pre
2345,event-cloze,other,0,0,pre
1637,maze-event,trump,86,0.7889908256880734,pre
1637,maze-event,harris,23,0.21100917431192662,pre
1637,maze-event,other,0,0,pre
2410,spr-event,harris,5,0.043859649122807015,pre
2410,spr-event,trump,61,0.5350877192982456,pre
2410,spr-event,other,48,0.42105263157894735,pre
2185,spr-event,trump,48,0.32432432432432434,pre
2185,spr-event,harris,100,0.6756756756756757,pre
2185,spr-event,other,0,0,pre
2032,cloze-event,trump,61,0.5865384615384616,pre
2032,cloze-event,harris,43,0.41346153846153844,pre
2032,cloze-event,other,0,0,pre
1959,cloze-event,harris,51,0.49514563106796117,pre
1959,cloze-event,trump,52,0.5048543689320388,pre
1959,cloze-event,other,0,0,pre
2038,cloze-event,trump,75,0.5681818181818182,pre
2038,cloze-event,harris,48,0.36363636363636365,pre
2038,cloze-event,other,9,0.06818181818181818,pre
1735,spr-event,harris,49,0.48514851485148514,pre
1735,spr-event,trump,49,0.48514851485148514,pre
1735,spr-event,other,3,0.0297029702970297,pre
1688,event-maze,harris,49,0.48514851485148514,pre
1688,event-maze,trump,52,0.5148514851485149,pre
1688,event-maze,other,0,0,pre
1414,cloze-event,trump,100,1,pre
1414,cloze-event,harris,0,0,pre
1414,cloze-event,other,0,0,pre
1926,event-maze,harris,50,0.5102040816326531,pre
1926,event-maze,trump,48,0.4897959183673469,pre
1926,event-maze,other,0,0,pre
2469,event-spr,trump,7,0.0673076923076923,pre
2469,event-spr,harris,97,0.9326923076923077,pre
2469,event-spr,other,0,0,pre
1450,spr-event,harris,89,0.8640776699029126,pre
1450,spr-event,trump,14,0.13592233009708737,pre
1450,spr-event,other,0,0,pre
1701,spr-event,trump,23,0.18699186991869918,pre
1701,spr-event,harris,100,0.8130081300813008,pre
1701,spr-event,other,0,0,pre
2693,event-spr,harris,55,0.5670103092783505,pre
2693,event-spr,trump,42,0.4329896907216495,pre
2693,event-spr,other,0,0,pre
1796,event-maze,harris,92,0.9108910891089109,pre
1796,event-maze,trump,9,0.0891089108910891,pre
1796,event-maze,other,0,0,pre
1513,event-maze,harris,100,0.9803921568627451,pre
1513,event-maze,trump,1,0.00980392156862745,pre
1513,event-maze,other,1,0.00980392156862745,pre
2714,spr-event,trump,49,0.5,pre
2714,spr-event,harris,49,0.5,pre
2714,spr-event,other,0,0,pre
2740,spr-event,harris,69,0.6764705882352942,pre
2740,spr-event,trump,33,0.3235294117647059,pre
2740,spr-event,other,0,0,pre
1922,spr-event,harris,24,0.24242424242424243,pre
1922,spr-event,trump,75,0.7575757575757576,pre
1922,spr-event,other,0,0,pre
1754,cloze-event,harris,75,0.7575757575757576,pre
1754,cloze-event,trump,24,0.24242424242424243,pre
1754,cloze-event,other,0,0,pre
2700,cloze-event,trump,40,0.4166666666666667,pre
2700,cloze-event,harris,56,0.5833333333333334,pre
2700,cloze-event,other,0,0,pre
2356,event-spr,trump,74,0.7551020408163265,pre
2356,event-spr,harris,24,0.24489795918367346,pre
2356,event-spr,other,0,0,pre
2272,cloze-event,trump,61,0.5980392156862745,pre
2272,cloze-event,harris,41,0.4019607843137255,pre
2272,cloze-event,other,0,0,pre
1578,cloze-event,trump,25,0.24752475247524752,pre
1578,cloze-event,harris,76,0.7524752475247525,pre
1578,cloze-event,other,0,0,pre
1726,cloze-event,trump,1,0.00980392156862745,pre
1726,cloze-event,harris,100,0.9803921568627451,pre
1726,cloze-event,other,1,0.00980392156862745,pre
2611,event-maze,trump,12,0.10344827586206896,pre
2611,event-maze,harris,100,0.8620689655172413,pre
2611,event-maze,other,4,0.034482758620689655,pre
2456,cloze-event,trump,49,0.5,pre
2456,cloze-event,harris,48,0.4897959183673469,pre
2456,cloze-event,other,1,0.01020408163265306,pre
2008,maze-event,harris,89,0.7235772357723578,pre
2008,maze-event,trump,32,0.2601626016260163,pre
2008,maze-event,other,2,0.016260162601626018,pre
1664,spr-event,harris,57,0.57,pre
1664,spr-event,trump,43,0.43,pre
1664,spr-event,other,0,0,pre
1469,event-spr,trump,46,0.46464646464646464,pre
1469,event-spr,harris,53,0.5353535353535354,pre
1469,event-spr,other,0,0,pre
1554,spr-event,harris,47,0.47959183673469385,pre
1554,spr-event,trump,51,0.5204081632653061,pre
1554,spr-event,other,0,0,pre
2281,cloze-event,trump,94,0.9215686274509803,pre
2281,cloze-event,harris,8,0.0784313725490196,pre
2281,cloze-event,other,0,0,pre
1508,spr-event,trump,34,0.2905982905982906,pre
1508,spr-event,harris,77,0.6581196581196581,pre
1508,spr-event,other,6,0.05128205128205128,pre
2466,event-spr,harris,46,0.4742268041237113,pre
2466,event-spr,trump,51,0.5257731958762887,pre
2466,event-spr,other,0,0,pre
2780,cloze-event,harris,92,0.9387755102040817,pre
2780,cloze-event,trump,6,0.061224489795918366,pre
2780,cloze-event,other,0,0,pre
2878,cloze-event,trump,68,0.4722222222222222,pre
2878,cloze-event,harris,73,0.5069444444444444,pre
2878,cloze-event,other,3,0.020833333333333332,pre
2664,spr-event,trump,42,0.42857142857142855,pre
2664,spr-event,harris,56,0.5714285714285714,pre
2664,spr-event,other,0,0,pre
2649,cloze-event,harris,76,0.8260869565217391,pre
2649,cloze-event,trump,15,0.16304347826086957,pre
2649,cloze-event,other,1,0.010869565217391304,pre
1904,cloze-event,harris,21,0.21,pre
1904,cloze-event,trump,79,0.79,pre
1904,cloze-event,other,0,0,pre
1792,spr-event,harris,91,0.9285714285714286,pre
1792,spr-event,trump,7,0.07142857142857142,pre
1792,spr-event,other,0,0,pre
2852,event-maze,harris,50,0.5050505050505051,pre
2852,event-maze,trump,49,0.494949494949495,pre
2852,event-maze,other,0,0,pre
1908,event-maze,trump,56,0.5490196078431373,pre
1908,event-maze,harris,45,0.4411764705882353,pre
1908,event-maze,other,1,0.00980392156862745,pre
2891,event-spr,harris,75,0.7575757575757576,pre
2891,event-spr,trump,24,0.24242424242424243,pre
2891,event-spr,other,0,0,pre
2511,event-spr,harris,54,0.5346534653465347,pre
2511,event-spr,trump,46,0.45544554455445546,pre
2511,event-spr,other,1,0.009900990099009901,pre
2120,spr-event,harris,99,0.532258064516129,pre
2120,spr-event,trump,87,0.46774193548387094,pre
2120,spr-event,other,0,0,pre
2257,spr-event,harris,40,0.31007751937984496,pre
2257,spr-event,trump,89,0.689922480620155,pre
2257,spr-event,other,0,0,pre
2699,spr-event,trump,42,0.45161290322580644,pre
2699,spr-event,harris,48,0.5161290322580645,pre
2699,spr-event,other,3,0.03225806451612903,pre
1563,cloze-event,trump,0,0,pre
1563,cloze-event,harris,92,0.9387755102040817,pre
1563,cloze-event,other,6,0.061224489795918366,pre
2631,maze-event,harris,50,0.4672897196261682,pre
2631,maze-event,trump,57,0.5327102803738317,pre
2631,maze-event,other,0,0,pre
2430,spr-event,trump,88,0.7586206896551724,pre
2430,spr-event,harris,21,0.1810344827586207,pre
2430,spr-event,other,7,0.0603448275862069,pre
1699,cloze-event,harris,96,0.9504950495049505,pre
1699,cloze-event,trump,5,0.04950495049504951,pre
1699,cloze-event,other,0,0,pre
2832,spr-event,harris,48,0.46601941747572817,pre
2832,spr-event,trump,54,0.5242718446601942,pre
2832,spr-event,other,1,0.009708737864077669,pre
2253,maze-event,trump,48,0.4948453608247423,pre
2253,maze-event,harris,49,0.5051546391752577,pre
2253,maze-event,other,0,0,pre
2519,cloze-event,harris,12,0.11538461538461539,pre
2519,cloze-event,trump,92,0.8846153846153846,pre
2519,cloze-event,other,0,0,pre
1971,cloze-event,trump,75,0.75,pre
1971,cloze-event,harris,25,0.25,pre
1971,cloze-event,other,0,0,pre
2248,spr-event,harris,41,0.41836734693877553,pre
2248,spr-event,trump,57,0.5816326530612245,pre
2248,spr-event,other,0,0,pre
2192,cloze-event,trump,49,0.5051546391752577,pre
2192,cloze-event,harris,48,0.4948453608247423,pre
2192,cloze-event,other,0,0,pre
1950,cloze-event,harris,54,0.5454545454545454,pre
1950,cloze-event,trump,45,0.45454545454545453,pre
1950,cloze-event,other,0,0,pre
1911,spr-event,harris,61,0.61,pre
1911,spr-event,trump,39,0.39,pre
1911,spr-event,other,0,0,pre
2397,event-cloze,harris,76,0.7676767676767676,pre
2397,event-cloze,trump,23,0.23232323232323232,pre
2397,event-cloze,other,0,0,pre
2932,cloze-event,harris,51,0.49514563106796117,pre
2932,cloze-event,trump,52,0.5048543689320388,pre
2932,cloze-event,other,0,0,pre
1492,event-maze,trump,49,0.5,pre
1492,event-maze,harris,49,0.5,pre
1492,event-maze,other,0,0,pre
1768,event-cloze,harris,100,1,pre
1768,event-cloze,trump,0,0,pre
1768,event-cloze,other,0,0,pre
2628,event-spr,trump,46,0.46464646464646464,pre
2628,event-spr,harris,52,0.5252525252525253,pre
2628,event-spr,other,1,0.010101010101010102,pre
1401,event-maze,harris,49,0.494949494949495,pre
1401,event-maze,trump,50,0.5050505050505051,pre
1401,event-maze,other,0,0,pre
1931,cloze-event,trump,94,0.7899159663865546,pre
1931,cloze-event,harris,25,0.21008403361344538,pre
1931,cloze-event,other,0,0,pre
2014,event-cloze,harris,89,0.839622641509434,pre
2014,event-cloze,trump,16,0.1509433962264151,pre
2014,event-cloze,other,1,0.009433962264150943,pre
2021,cloze-event,harris,53,0.5353535353535354,pre
2021,cloze-event,trump,46,0.46464646464646464,pre
2021,cloze-event,other,0,0,pre
2912,spr-event,trump,11,0.10185185185185185,pre
2912,spr-event,harris,89,0.8240740740740741,pre
2912,spr-event,other,8,0.07407407407407407,pre
1575,spr-event,trump,33,0.3235294117647059,pre
1575,spr-event,harris,69,0.6764705882352942,pre
1575,spr-event,other,0,0,pre
2384,event-spr,harris,27,0.2571428571428571,pre
2384,event-spr,trump,76,0.7238095238095238,pre
2384,event-spr,other,2,0.01904761904761905,pre
1675,maze-event,trump,43,0.3944954128440367,pre
1675,maze-event,harris,49,0.44954128440366975,pre
1675,maze-event,other,17,0.1559633027522936,pre
2954,spr-event,harris,47,0.47,pre
2954,spr-event,trump,53,0.53,pre
2954,spr-event,other,0,0,pre
2337,spr-event,harris,10,0.09900990099009901,pre
2337,spr-event,trump,91,0.900990099009901,pre
2337,spr-event,other,0,0,pre
2432,event-cloze,harris,47,0.373015873015873,pre
2432,event-cloze,trump,76,0.6031746031746031,pre
2432,event-cloze,other,3,0.023809523809523808,pre
2576,spr-event,harris,43,0.43434343434343436,pre
2576,spr-event,trump,56,0.5656565656565656,pre
2576,spr-event,other,0,0,pre
2025,cloze-event,trump,100,0.8333333333333334,pre
2025,cloze-event,harris,20,0.16666666666666666,pre
2025,cloze-event,other,0,0,pre
2800,maze-event,harris,52,0.5360824742268041,pre
2800,maze-event,trump,45,0.4639175257731959,pre
2800,maze-event,other,0,0,pre
2605,cloze-event,trump,37,0.37,pre
2605,cloze-event,harris,63,0.63,pre
2605,cloze-event,other,0,0,pre
2733,cloze-event,harris,0,0,pre
2733,cloze-event,trump,100,1,pre
2733,cloze-event,other,0,0,pre
2739,cloze-event,trump,74,0.7474747474747475,pre
2739,cloze-event,harris,25,0.25252525252525254,pre
2739,cloze-event,other,0,0,pre
1629,event-spr,harris,61,0.6421052631578947,pre
1629,event-spr,trump,34,0.35789473684210527,pre
1629,event-spr,other,0,0,pre
1556,maze-event,trump,54,0.48214285714285715,pre
1556,maze-event,harris,48,0.42857142857142855,pre
1556,maze-event,other,10,0.08928571428571429,pre
2361,spr-event,harris,7,0.0707070707070707,pre
2361,spr-event,trump,92,0.9292929292929293,pre
2361,spr-event,other,0,0,pre
2933,cloze-event,harris,48,0.48484848484848486,pre
2933,cloze-event,trump,51,0.5151515151515151,pre
2933,cloze-event,other,0,0,pre
2874,cloze-event,trump,50,0.5050505050505051,pre
2874,cloze-event,harris,49,0.494949494949495,pre
2874,cloze-event,other,0,0,pre
2704,cloze-event,trump,30,0.28846153846153844,pre
2704,cloze-event,harris,74,0.7115384615384616,pre
2704,cloze-event,other,0,0,pre
2558,spr-event,harris,5,0.049019607843137254,pre
2558,spr-event,trump,82,0.803921568627451,pre
2558,spr-event,other,15,0.14705882352941177,pre
2085,event-cloze,trump,3,0.029411764705882353,pre
2085,event-cloze,harris,99,0.9705882352941176,pre
2085,event-cloze,other,0,0,pre
1681,event-spr,harris,50,0.4032258064516129,pre
1681,event-spr,trump,49,0.3951612903225806,pre
1681,event-spr,other,25,0.20161290322580644,pre
2319,maze-event,trump,58,0.5742574257425742,pre
2319,maze-event,harris,43,0.42574257425742573,pre
2319,maze-event,other,0,0,pre
2427,maze-event,harris,55,0.5851063829787234,pre
2427,maze-event,trump,39,0.4148936170212766,pre
2427,maze-event,other,0,0,pre
1644,cloze-event,harris,100,1,pre
1644,cloze-event,trump,0,0,pre
1644,cloze-event,other,0,0,pre
1481,event-cloze,trump,100,0.8,pre
1481,event-cloze,harris,25,0.2,pre
1481,event-cloze,other,0,0,pre
2209,spr-event,trump,75,0.7575757575757576,pre
2209,spr-event,harris,24,0.24242424242424243,pre
2209,spr-event,other,0,0,pre
2564,event-cloze,trump,46,0.44660194174757284,pre
2564,event-cloze,harris,57,0.5533980582524272,pre
2564,event-cloze,other,0,0,pre
1600,cloze-event,trump,11,0.11,pre
1600,cloze-event,harris,89,0.89,pre
1600,cloze-event,other,0,0,pre
2065,cloze-event,harris,51,0.49514563106796117,pre
2065,cloze-event,trump,52,0.5048543689320388,pre
2065,cloze-event,other,0,0,pre
2300,spr-event,trump,51,0.504950495049505,pre
2300,spr-event,harris,50,0.49504950495049505,pre
2300,spr-event,other,0,0,pre
1408,cloze-event,harris,100,0.9345794392523364,pre
1408,cloze-event,trump,5,0.04672897196261682,pre
1408,cloze-event,other,2,0.018691588785046728,pre
2028,cloze-event,trump,22,0.23157894736842105,pre
2028,cloze-event,harris,73,0.7684210526315789,pre
2028,cloze-event,other,0,0,pre
1881,event-spr,harris,50,0.5050505050505051,pre
1881,event-spr,trump,49,0.494949494949495,pre
1881,event-spr,other,0,0,pre
2905,event-maze,trump,42,0.42,pre
2905,event-maze,harris,58,0.58,pre
2905,event-maze,other,0,0,pre
1915,event-spr,trump,39,0.38235294117647056,pre
1915,event-spr,harris,63,0.6176470588235294,pre
1915,event-spr,other,0,0,pre
2501,cloze-event,trump,86,0.6187050359712231,pre
2501,cloze-event,harris,49,0.35251798561151076,pre
2501,cloze-event,other,4,0.02877697841726619,pre
2382,maze-event,harris,23,0.23469387755102042,pre
2382,maze-event,trump,74,0.7551020408163265,pre
2382,maze-event,other,1,0.01020408163265306,pre
2539,event-maze,trump,100,0.9433962264150944,pre
2539,event-maze,harris,3,0.02830188679245283,pre
2539,event-maze,other,3,0.02830188679245283,pre
2799,cloze-event,trump,50,0.5,pre
2799,cloze-event,harris,50,0.5,pre
2799,cloze-event,other,0,0,pre
2760,cloze-event,trump,65,0.5462184873949579,pre
2760,cloze-event,harris,54,0.453781512605042,pre
2760,cloze-event,other,0,0,pre
1583,cloze-event,harris,81,0.7788461538461539,pre
1583,cloze-event,trump,23,0.22115384615384615,pre
1583,cloze-event,other,0,0,pre
1972,spr-event,trump,37,0.3592233009708738,pre
1972,spr-event,harris,65,0.6310679611650486,pre
1972,spr-event,other,1,0.009708737864077669,pre
2271,maze-event,trump,75,0.5172413793103449,pre
2271,maze-event,harris,54,0.3724137931034483,pre
2271,maze-event,other,16,0.1103448275862069,pre
2730,event-spr,trump,43,0.43,pre
2730,event-spr,harris,57,0.57,pre
2730,event-spr,other,0,0,pre
1977,event-spr,harris,52,0.5306122448979592,pre
1977,event-spr,trump,46,0.46938775510204084,pre
1977,event-spr,other,0,0,pre
2911,event-spr,harris,74,0.7708333333333334,pre
2911,event-spr,trump,22,0.22916666666666666,pre
2911,event-spr,other,0,0,pre
2784,cloze-event,trump,23,0.23469387755102042,pre
2784,cloze-event,harris,75,0.7653061224489796,pre
2784,cloze-event,other,0,0,pre
1846,spr-event,trump,99,1,pre
1846,spr-event,harris,0,0,pre
1846,spr-event,other,0,0,pre
1770,cloze-event,harris,55,0.5045871559633027,pre
1770,cloze-event,trump,46,0.42201834862385323,pre
1770,cloze-event,other,8,0.07339449541284404,pre
1606,maze-event,harris,58,0.5918367346938775,pre
1606,maze-event,trump,40,0.40816326530612246,pre
1606,maze-event,other,0,0,pre
1653,spr-event,harris,0,0,pre
1653,spr-event,trump,100,1,pre
1653,spr-event,other,0,0,pre
1475,event-cloze,harris,51,0.5,pre
1475,event-cloze,trump,51,0.5,pre
1475,event-cloze,other,0,0,pre
2686,event-spr,trump,100,1,pre
2686,event-spr,harris,0,0,pre
2686,event-spr,other,0,0,pre
1947,event-maze,trump,50,0.5,pre
1947,event-maze,harris,50,0.5,pre
1947,event-maze,other,0,0,pre
2718,maze-event,harris,58,0.6041666666666666,pre
2718,maze-event,trump,38,0.3958333333333333,pre
2718,maze-event,other,0,0,pre
1682,event-cloze,trump,43,0.42574257425742573,pre
1682,event-cloze,harris,58,0.5742574257425742,pre
1682,event-cloze,other,0,0,pre
2944,event-cloze,trump,50,0.5050505050505051,pre
2944,event-cloze,harris,49,0.494949494949495,pre
2944,event-cloze,other,0,0,pre
1543,spr-event,trump,21,0.26582278481012656,pre
1543,spr-event,harris,58,0.7341772151898734,pre
1543,spr-event,other,0,0,pre
1778,event-spr,harris,55,0.45081967213114754,pre
1778,event-spr,trump,65,0.5327868852459017,pre
1778,event-spr,other,2,0.01639344262295082,pre
2666,spr-event,trump,100,1,pre
2666,spr-event,harris,0,0,pre
2666,spr-event,other,0,0,pre
2187,cloze-event,harris,75,0.7575757575757576,pre
2187,cloze-event,trump,24,0.24242424242424243,pre
2187,cloze-event,other,0,0,pre
1753,event-cloze,trump,0,0,pre
1753,event-cloze,harris,100,1,pre
1753,event-cloze,other,0,0,pre
2590,event-cloze,harris,78,0.5306122448979592,pre
2590,event-cloze,trump,20,0.1360544217687075,pre
2590,event-cloze,other,49,0.3333333333333333,pre
2279,cloze-event,trump,35,0.35714285714285715,pre
2279,cloze-event,harris,63,0.6428571428571429,pre
2279,cloze-event,other,0,0,pre
2946,event-spr,trump,45,0.391304347826087,pre
2946,event-spr,harris,70,0.6086956521739131,pre
2946,event-spr,other,0,0,pre
1529,event-spr,harris,57,0.5816326530612245,pre
1529,event-spr,trump,41,0.41836734693877553,pre
1529,event-spr,other,0,0,pre
2485,cloze-event,trump,49,0.5,pre
2485,cloze-event,harris,49,0.5,pre
2485,cloze-event,other,0,0,pre
2804,event-spr,harris,56,0.5714285714285714,pre
2804,event-spr,trump,42,0.42857142857142855,pre
2804,event-spr,other,0,0,pre
2215,event-cloze,trump,36,0.3673469387755102,pre
2215,event-cloze,harris,62,0.6326530612244898,pre
2215,event-cloze,other,0,0,pre
1581,maze-event,harris,50,0.5050505050505051,pre
1581,maze-event,trump,49,0.494949494949495,pre
1581,maze-event,other,0,0,pre
2510,event-cloze,harris,59,0.5566037735849056,pre
2510,event-cloze,trump,45,0.42452830188679247,pre
2510,event-cloze,other,2,0.018867924528301886,pre
1436,cloze-event,trump,25,0.25252525252525254,pre
1436,cloze-event,harris,74,0.7474747474747475,pre
1436,cloze-event,other,0,0,pre
2512,maze-event,harris,66,0.6666666666666666,pre
2512,maze-event,trump,33,0.3333333333333333,pre
2512,maze-event,other,0,0,pre
2092,cloze-event,harris,100,1,pre
2092,cloze-event,trump,0,0,pre
2092,cloze-event,other,0,0,pre
1447,spr-event,trump,11,0.10576923076923077,pre
1447,spr-event,harris,93,0.8942307692307693,pre
1447,spr-event,other,0,0,pre
1805,cloze-event,harris,43,0.42574257425742573,pre
1805,cloze-event,trump,58,0.5742574257425742,pre
1805,cloze-event,other,0,0,pre
2133,cloze-event,harris,37,0.36633663366336633,pre
2133,cloze-event,trump,64,0.6336633663366337,pre
2133,cloze-event,other,0,0,pre
2702,spr-event,harris,100,1,pre
2702,spr-event,trump,0,0,pre
2702,spr-event,other,0,0,pre
1955,cloze-event,harris,55,0.5555555555555556,pre
1955,cloze-event,trump,44,0.4444444444444444,pre
1955,cloze-event,other,0,0,pre
1676,cloze-event,harris,91,0.9381443298969072,pre
1676,cloze-event,trump,6,0.061855670103092786,pre
1676,cloze-event,other,0,0,pre
1638,maze-event,harris,45,0.4326923076923077,pre
1638,maze-event,trump,59,0.5673076923076923,pre
1638,maze-event,other,0,0,pre
1456,event-maze,trump,60,0.4918032786885246,pre
1456,event-maze,harris,50,0.4098360655737705,pre
1456,event-maze,other,12,0.09836065573770492,pre
2282,spr-event,trump,54,0.5346534653465347,pre
2282,spr-event,harris,47,0.46534653465346537,pre
2282,spr-event,other,0,0,pre
2046,spr-event,harris,45,0.44554455445544555,pre
2046,spr-event,trump,56,0.5544554455445545,pre
2046,spr-event,other,0,0,pre
2677,spr-event,trump,76,0.7676767676767676,pre
2677,spr-event,harris,23,0.23232323232323232,pre
2677,spr-event,other,0,0,pre
1480,event-maze,harris,47,0.46534653465346537,pre
1480,event-maze,trump,51,0.504950495049505,pre
1480,event-maze,other,3,0.0297029702970297,pre
1979,event-maze,harris,43,0.46236559139784944,pre
1979,event-maze,trump,50,0.5376344086021505,pre
1979,event-maze,other,0,0,pre
2098,cloze-event,harris,75,0.75,pre
2098,cloze-event,trump,25,0.25,pre
2098,cloze-event,other,0,0,pre
2301,spr-event,trump,46,0.46938775510204084,pre
2301,spr-event,harris,52,0.5306122448979592,pre
2301,spr-event,other,0,0,pre
2613,maze-event,trump,93,0.808695652173913,pre
2613,maze-event,harris,22,0.19130434782608696,pre
2613,maze-event,other,0,0,pre
1861,cloze-event,trump,100,1,pre
1861,cloze-event,harris,0,0,pre
1861,cloze-event,other,0,0,pre
2104,event-cloze,harris,50,0.36764705882352944,pre
2104,event-cloze,trump,76,0.5588235294117647,pre
2104,event-cloze,other,10,0.07352941176470588,pre
1627,event-spr,harris,54,0.5346534653465347,pre
1627,event-spr,trump,47,0.46534653465346537,pre
1627,event-spr,other,0,0,pre
2779,maze-event,trump,40,0.3883495145631068,pre
2779,maze-event,harris,63,0.6116504854368932,pre
2779,maze-event,other,0,0,pre
2219,event-spr,harris,49,0.5,pre
2219,event-spr,trump,49,0.5,pre
2219,event-spr,other,0,0,pre
2076,spr-event,harris,62,0.6262626262626263,pre
2076,spr-event,trump,37,0.37373737373737376,pre
2076,spr-event,other,0,0,pre
2363,maze-event,harris,23,0.23711340206185566,pre
2363,maze-event,trump,74,0.7628865979381443,pre
2363,maze-event,other,0,0,pre
2851,spr-event,harris,3,0.031578947368421054,pre
2851,spr-event,trump,90,0.9473684210526315,pre
2851,spr-event,other,2,0.021052631578947368,pre
2953,cloze-event,harris,74,0.7474747474747475,pre
2953,cloze-event,trump,25,0.25252525252525254,pre
2953,cloze-event,other,0,0,pre
2471,maze-event,harris,50,0.5,pre
2471,maze-event,trump,50,0.5,pre
2471,maze-event,other,0,0,pre
1981,spr-event,trump,64,0.6530612244897959,pre
1981,spr-event,harris,34,0.3469387755102041,pre
1981,spr-event,other,0,0,pre
1443,event-cloze,harris,59,0.5784313725490197,pre
1443,event-cloze,trump,43,0.4215686274509804,pre
1443,event-cloze,other,0,0,pre
2581,spr-event,trump,90,0.8256880733944955,pre
2581,spr-event,harris,9,0.08256880733944955,pre
2581,spr-event,other,10,0.09174311926605505,pre
2816,event-spr,trump,75,0.7653061224489796,pre
2816,event-spr,harris,23,0.23469387755102042,pre
2816,event-spr,other,0,0,pre
1785,spr-event,harris,50,0.49019607843137253,pre
1785,spr-event,trump,52,0.5098039215686274,pre
1785,spr-event,other,0,0,pre
2421,spr-event,harris,13,0.12380952380952381,pre
2421,spr-event,trump,92,0.8761904761904762,pre
2421,spr-event,other,0,0,pre
1565,cloze-event,trump,50,0.49504950495049505,pre
1565,cloze-event,harris,51,0.504950495049505,pre
1565,cloze-event,other,0,0,pre
2620,cloze-event,trump,0,0,pre
2620,cloze-event,harris,100,1,pre
2620,cloze-event,other,0,0,pre
2658,event-maze,trump,24,0.24,pre
2658,event-maze,harris,76,0.76,pre
2658,event-maze,other,0,0,pre
2108,maze-event,trump,50,0.5,pre
2108,maze-event,harris,50,0.5,pre
2108,maze-event,other,0,0,pre
1698,spr-event,harris,49,0.5051546391752577,pre
1698,spr-event,trump,48,0.4948453608247423,pre
1698,spr-event,other,0,0,pre
2927,cloze-event,trump,89,0.689922480620155,pre
2927,cloze-event,harris,25,0.1937984496124031,pre
2927,cloze-event,other,15,0.11627906976744186,pre
2540,cloze-event,harris,100,0.9615384615384616,pre
2540,cloze-event,trump,2,0.019230769230769232,pre
2540,cloze-event,other,2,0.019230769230769232,pre
1393,event-cloze,harris,19,0.2,pre
1393,event-cloze,trump,76,0.8,pre
1393,event-cloze,other,0,0,pre
2906,spr-event,trump,51,0.3669064748201439,pre
2906,spr-event,harris,85,0.6115107913669064,pre
2906,spr-event,other,3,0.02158273381294964,pre
2405,spr-event,trump,25,0.25,pre
2405,spr-event,harris,75,0.75,pre
2405,spr-event,other,0,0,pre
1624,event-spr,harris,54,0.5510204081632653,pre
1624,event-spr,trump,44,0.4489795918367347,pre
1624,event-spr,other,0,0,pre
2373,event-maze,trump,12,0.10344827586206896,pre
2373,event-maze,harris,100,0.8620689655172413,pre
2373,event-maze,other,4,0.034482758620689655,pre
2724,cloze-event,harris,67,0.6633663366336634,pre
2724,cloze-event,trump,34,0.33663366336633666,pre
2724,cloze-event,other,0,0,pre
2250,event-spr,trump,100,1,pre
2250,event-spr,harris,0,0,pre
2250,event-spr,other,0,0,pre
1949,cloze-event,trump,46,0.46464646464646464,pre
1949,cloze-event,harris,53,0.5353535353535354,pre
1949,cloze-event,other,0,0,pre
1945,cloze-event,trump,50,0.5,pre
1945,cloze-event,harris,50,0.5,pre
1945,cloze-event,other,0,0,pre
1614,event-spr,trump,77,0.7475728155339806,pre
1614,event-spr,harris,25,0.24271844660194175,pre
1614,event-spr,other,1,0.009708737864077669,pre
2837,event-cloze,trump,75,1,pre
2837,event-cloze,harris,0,0,pre
2837,event-cloze,other,0,0,pre
2776,event-cloze,harris,100,0.8130081300813008,pre
2776,event-cloze,trump,0,0,pre
2776,event-cloze,other,23,0.18699186991869918,pre
2056,cloze-event,harris,21,0.21428571428571427,pre
2056,cloze-event,trump,77,0.7857142857142857,pre
2056,cloze-event,other,0,0,pre
2738,event-spr,trump,100,1,pre
2738,event-spr,harris,0,0,pre
2738,event-spr,other,0,0,pre
1693,event-maze,harris,57,0.5,pre
1693,event-maze,trump,57,0.5,pre
1693,event-maze,other,0,0,pre
2451,spr-event,harris,50,0.5102040816326531,pre
2451,spr-event,trump,48,0.4897959183673469,pre
2451,spr-event,other,0,0,pre
2005,cloze-event,trump,39,0.39,pre
2005,cloze-event,harris,61,0.61,pre
2005,cloze-event,other,0,0,pre
1652,spr-event,harris,61,0.5350877192982456,pre
1652,spr-event,trump,53,0.4649122807017544,pre
1652,spr-event,other,0,0,pre
2018,event-cloze,trump,50,0.49504950495049505,pre
2018,event-cloze,harris,51,0.504950495049505,pre
2018,event-cloze,other,0,0,pre
2555,spr-event,trump,90,0.8737864077669902,pre
2555,spr-event,harris,13,0.1262135922330097,pre
2555,spr-event,other,0,0,pre
1991,event-spr,harris,0,0,pre
1991,event-spr,trump,100,1,pre
1991,event-spr,other,0,0,pre
2467,maze-event,trump,50,0.49019607843137253,pre
2467,maze-event,harris,51,0.5,pre
2467,maze-event,other,1,0.00980392156862745,pre
1482,event-spr,harris,57,0.5643564356435643,pre
1482,event-spr,trump,44,0.43564356435643564,pre
1482,event-spr,other,0,0,pre
2731,event-cloze,trump,25,0.25,pre
2731,event-cloze,harris,75,0.75,pre
2731,event-cloze,other,0,0,pre
2582,event-spr,harris,62,0.5,pre
2582,event-spr,trump,62,0.5,pre
2582,event-spr,other,0,0,pre
2195,cloze-event,harris,51,0.5,pre
2195,cloze-event,trump,51,0.5,pre
2195,cloze-event,other,0,0,pre
1851,spr-event,trump,50,0.5050505050505051,pre
1851,spr-event,harris,49,0.494949494949495,pre
1851,spr-event,other,0,0,pre
2843,cloze-event,harris,46,0.46,pre
2843,cloze-event,trump,54,0.54,pre
2843,cloze-event,other,0,0,pre
2465,event-cloze,harris,63,0.63,pre
2465,event-cloze,trump,37,0.37,pre
2465,event-cloze,other,0,0,pre
1472,event-maze,trump,84,0.5153374233128835,pre
1472,event-maze,harris,71,0.43558282208588955,pre
1472,event-maze,other,8,0.049079754601226995,pre
2903,event-cloze,harris,52,0.5306122448979592,pre
2903,event-cloze,trump,45,0.45918367346938777,pre
2903,event-cloze,other,1,0.01020408163265306,pre
2548,maze-event,trump,3,0.029411764705882353,pre
2548,maze-event,harris,99,0.9705882352941176,pre
2548,maze-event,other,0,0,pre
1464,spr-event,trump,0,0,pre
1464,spr-event,harris,100,1,pre
1464,spr-event,other,0,0,pre
2719,event-maze,harris,56,0.5544554455445545,pre
2719,event-maze,trump,45,0.44554455445544555,pre
2719,event-maze,other,0,0,pre
2879,event-cloze,harris,51,0.51,pre
2879,event-cloze,trump,49,0.49,pre
2879,event-cloze,other,0,0,pre
2422,event-spr,harris,42,0.3888888888888889,pre
2422,event-spr,trump,65,0.6018518518518519,pre
2422,event-spr,other,1,0.009259259259259259,pre
2262,event-maze,harris,66,0.6111111111111112,pre
2262,event-maze,trump,39,0.3611111111111111,pre
2262,event-maze,other,3,0.027777777777777776,pre
2181,cloze-event,harris,54,0.5684210526315789,pre
2181,cloze-event,trump,41,0.43157894736842106,pre
2181,cloze-event,other,0,0,pre
2940,event-cloze,harris,63,0.63,pre
2940,event-cloze,trump,37,0.37,pre
2940,event-cloze,other,0,0,pre
2834,spr-event,harris,43,0.43,pre
2834,spr-event,trump,57,0.57,pre
2834,spr-event,other,0,0,pre
2566,event-cloze,trump,51,0.53125,pre
2566,event-cloze,harris,45,0.46875,pre
2566,event-cloze,other,0,0,pre
1705,spr-event,trump,48,0.5052631578947369,pre
1705,spr-event,harris,47,0.49473684210526314,pre
1705,spr-event,other,0,0,pre
1845,event-spr,harris,12,0.11428571428571428,pre
1845,event-spr,trump,93,0.8857142857142857,pre
1845,event-spr,other,0,0,pre
1942,event-maze,harris,91,0.5481927710843374,pre
1942,event-maze,trump,75,0.45180722891566266,pre
1942,event-maze,other,0,0,pre
2407,cloze-event,harris,64,0.5981308411214953,pre
2407,cloze-event,trump,41,0.38317757009345793,pre
2407,cloze-event,other,2,0.018691588785046728,pre
2892,spr-event,harris,40,0.4,pre
2892,spr-event,trump,60,0.6,pre
2892,spr-event,other,0,0,pre
2493,cloze-event,harris,51,0.504950495049505,pre
2493,cloze-event,trump,50,0.49504950495049505,pre
2493,cloze-event,other,0,0,pre
1800,cloze-event,trump,0,0,pre
1800,cloze-event,harris,100,1,pre
1800,cloze-event,other,0,0,pre
2390,cloze-event,trump,53,0.5247524752475248,pre
2390,cloze-event,harris,48,0.4752475247524752,pre
2390,cloze-event,other,0,0,pre
1621,event-cloze,trump,0,0,pre
1621,event-cloze,harris,100,1,pre
1621,event-cloze,other,0,0,pre
2930,cloze-event,trump,100,1,pre
2930,cloze-event,harris,0,0,pre
2930,cloze-event,other,0,0,pre
1745,event-spr,trump,40,0.3883495145631068,pre
1745,event-spr,harris,63,0.6116504854368932,pre
1745,event-spr,other,0,0,pre
1826,cloze-event,trump,13,0.125,pre
1826,cloze-event,harris,91,0.875,pre
1826,cloze-event,other,0,0,pre
2109,maze-event,trump,50,0.5,pre
2109,maze-event,harris,50,0.5,pre
2109,maze-event,other,0,0,pre
2278,event-cloze,trump,36,0.36363636363636365,pre
2278,event-cloze,harris,63,0.6363636363636364,pre
2278,event-cloze,other,0,0,pre
2156,cloze-event,trump,53,0.53,pre
2156,cloze-event,harris,47,0.47,pre
2156,cloze-event,other,0,0,pre
2513,cloze-event,harris,55,0.5555555555555556,pre
2513,cloze-event,trump,44,0.4444444444444444,pre
2513,cloze-event,other,0,0,pre
1528,spr-event,trump,6,0.058823529411764705,pre
1528,spr-event,harris,96,0.9411764705882353,pre
1528,spr-event,other,0,0,pre
1791,spr-event,harris,45,0.44554455445544555,pre
1791,spr-event,trump,56,0.5544554455445545,pre
1791,spr-event,other,0,0,pre
2864,event-spr,trump,46,0.45544554455445546,pre
2864,event-spr,harris,55,0.5445544554455446,pre
2864,event-spr,other,0,0,pre
2323,spr-event,trump,76,0.6031746031746031,pre
2323,spr-event,harris,50,0.3968253968253968,pre
2323,spr-event,other,0,0,pre
1859,event-cloze,harris,100,1,pre
1859,event-cloze,trump,0,0,pre
1859,event-cloze,other,0,0,pre
2640,cloze-event,harris,22,0.1981981981981982,pre
2640,cloze-event,trump,89,0.8018018018018018,pre
2640,cloze-event,other,0,0,pre
2517,event-spr,harris,85,0.5089820359281437,pre
2517,event-spr,trump,81,0.48502994011976047,pre
2517,event-spr,other,1,0.005988023952095809,pre
1731,maze-event,harris,50,0.5,pre
1731,maze-event,trump,50,0.5,pre
1731,maze-event,other,0,0,pre
2861,maze-event,harris,98,0.98,pre
2861,maze-event,trump,2,0.02,pre
2861,maze-event,other,0,0,pre
1874,event-cloze,trump,56,0.5233644859813084,pre
1874,event-cloze,harris,51,0.4766355140186916,pre
1874,event-cloze,other,0,0,pre
2952,spr-event,harris,49,0.494949494949495,pre
2952,spr-event,trump,50,0.5050505050505051,pre
2952,spr-event,other,0,0,pre
1998,maze-event,trump,49,0.5,pre
1998,maze-event,harris,49,0.5,pre
1998,maze-event,other,0,0,pre
2330,cloze-event,trump,49,0.5,pre
2330,cloze-event,harris,49,0.5,pre
2330,cloze-event,other,0,0,pre
1952,spr-event,trump,49,0.5,pre
1952,spr-event,harris,49,0.5,pre
1952,spr-event,other,0,0,pre
1672,spr-event,harris,0,0,pre
1672,spr-event,trump,100,1,pre
1672,spr-event,other,0,0,pre
2871,event-spr,harris,43,0.42574257425742573,pre
2871,event-spr,trump,58,0.5742574257425742,pre
2871,event-spr,other,0,0,pre
1592,spr-event,harris,64,0.6336633663366337,pre
1592,spr-event,trump,37,0.36633663366336633,pre
1592,spr-event,other,0,0,pre
1869,event-spr,trump,45,0.4205607476635514,pre
1869,event-spr,harris,52,0.48598130841121495,pre
1869,event-spr,other,10,0.09345794392523364,pre
2495,cloze-event,harris,75,0.9036144578313253,pre
2495,cloze-event,trump,8,0.0963855421686747,pre
2495,cloze-event,other,0,0,pre
2388,spr-event,harris,56,0.5436893203883495,pre
2388,spr-event,trump,45,0.4368932038834951,pre
2388,spr-event,other,2,0.019417475728155338,pre
2907,cloze-event,trump,50,0.45454545454545453,pre
2907,cloze-event,harris,60,0.5454545454545454,pre
2907,cloze-event,other,0,0,pre
2947,event-spr,trump,100,1,pre
2947,event-spr,harris,0,0,pre
2947,event-spr,other,0,0,pre
2637,event-cloze,trump,49,0.5,pre
2637,event-cloze,harris,49,0.5,pre
2637,event-cloze,other,0,0,pre
2458,spr-event,trump,73,0.8295454545454546,pre
2458,spr-event,harris,15,0.17045454545454544,pre
2458,spr-event,other,0,0,pre
2928,cloze-event,harris,51,0.5,pre
2928,cloze-event,trump,51,0.5,pre
2928,cloze-event,other,0,0,pre
1721,event-maze,harris,70,0.6796116504854369,pre
1721,event-maze,trump,33,0.32038834951456313,pre
1721,event-maze,other,0,0,pre
2623,event-maze,harris,50,0.49019607843137253,pre
2623,event-maze,trump,51,0.5,pre
2623,event-maze,other,1,0.00980392156862745,pre
2305,spr-event,harris,24,0.24,pre
2305,spr-event,trump,76,0.76,pre
2305,spr-event,other,0,0,pre
2229,spr-event,harris,0,0,pre
2229,spr-event,trump,100,1,pre
2229,spr-event,other,0,0,pre
2503,spr-event,trump,49,0.47115384615384615,pre
2503,spr-event,harris,52,0.5,pre
2503,spr-event,other,3,0.028846153846153848,pre
1467,spr-event,trump,45,0.45,pre
1467,spr-event,harris,55,0.55,pre
1467,spr-event,other,0,0,pre
2652,event-cloze,trump,24,0.21428571428571427,pre
2652,event-cloze,harris,75,0.6696428571428571,pre
2652,event-cloze,other,13,0.11607142857142858,pre
2880,cloze-event,trump,49,0.494949494949495,pre
2880,cloze-event,harris,50,0.5050505050505051,pre
2880,cloze-event,other,0,0,pre
1839,event-cloze,harris,63,0.63,pre
1839,event-cloze,trump,37,0.37,pre
1839,event-cloze,other,0,0,pre
2505,event-cloze,trump,100,1,pre
2505,event-cloze,harris,0,0,pre
2505,event-cloze,other,0,0,pre
1780,cloze-event,harris,40,0.34782608695652173,pre
1780,cloze-event,trump,75,0.6521739130434783,pre
1780,cloze-event,other,0,0,pre
2788,cloze-event,harris,51,0.33774834437086093,pre
2788,cloze-event,trump,50,0.33112582781456956,pre
2788,cloze-event,other,50,0.33112582781456956,pre
2365,event-cloze,harris,100,0.9523809523809523,pre
2365,event-cloze,trump,3,0.02857142857142857,pre
2365,event-cloze,other,2,0.01904761904761905,pre
2818,event-spr,trump,29,0.27358490566037735,pre
2818,event-spr,harris,77,0.7264150943396226,pre
2818,event-spr,other,0,0,pre
2792,event-cloze,trump,75,0.75,pre
2792,event-cloze,harris,25,0.25,pre
2792,event-cloze,other,0,0,pre
2561,event-cloze,harris,43,0.44329896907216493,pre
2561,event-cloze,trump,54,0.5567010309278351,pre
2561,event-cloze,other,0,0,pre
2244,cloze-event,harris,50,0.5050505050505051,pre
2244,cloze-event,trump,49,0.494949494949495,pre
2244,cloze-event,other,0,0,pre
2614,spr-event,trump,50,0.5,pre
2614,spr-event,harris,50,0.5,pre
2614,spr-event,other,0,0,pre
2683,event-cloze,harris,25,0.211864406779661,pre
2683,event-cloze,trump,93,0.788135593220339,pre
2683,event-cloze,other,0,0,pre
1500,cloze-event,trump,42,0.44680851063829785,pre
1500,cloze-event,harris,50,0.5319148936170213,pre
1500,cloze-event,other,2,0.02127659574468085,pre
2216,maze-event,harris,45,0.45454545454545453,pre
2216,maze-event,trump,54,0.5454545454545454,pre
2216,maze-event,other,0,0,pre
2798,event-maze,trump,47,0.47,pre
2798,event-maze,harris,53,0.53,pre
2798,event-maze,other,0,0,pre
2691,event-maze,harris,43,0.4215686274509804,pre
2691,event-maze,trump,57,0.5588235294117647,pre
2691,event-maze,other,2,0.0196078431372549,pre
1867,cloze-event,harris,62,0.6019417475728155,pre
1867,cloze-event,trump,41,0.39805825242718446,pre
1867,cloze-event,other,0,0,pre
2169,event-cloze,trump,0,0,pre
2169,event-cloze,harris,100,1,pre
2169,event-cloze,other,0,0,pre
1808,event-cloze,trump,28,0.28865979381443296,pre
1808,event-cloze,harris,69,0.711340206185567,pre
1808,event-cloze,other,0,0,pre
1965,spr-event,trump,49,0.5,pre
1965,spr-event,harris,49,0.5,pre
1965,spr-event,other,0,0,pre
2143,event-cloze,trump,100,0.9803921568627451,pre
2143,event-cloze,harris,1,0.00980392156862745,pre
2143,event-cloze,other,1,0.00980392156862745,pre
1405,event-cloze,trump,48,0.41739130434782606,pre
1405,event-cloze,harris,67,0.5826086956521739,pre
1405,event-cloze,other,0,0,pre
2765,cloze-event,trump,25,0.25252525252525254,pre
2765,cloze-event,harris,74,0.7474747474747475,pre
2765,cloze-event,other,0,0,pre
2083,event-cloze,harris,40,0.40404040404040403,pre
2083,event-cloze,trump,59,0.5959595959595959,pre
2083,event-cloze,other,0,0,pre
1418,event-spr,harris,20,0.17391304347826086,pre
1418,event-spr,trump,94,0.8173913043478261,pre
1418,event-spr,other,1,0.008695652173913044,pre
1766,cloze-event,trump,50,0.5,pre
1766,cloze-event,harris,50,0.5,pre
1766,cloze-event,other,0,0,pre
1996,spr-event,trump,24,0.24,pre
1996,spr-event,harris,76,0.76,pre
1996,spr-event,other,0,0,pre
1526,cloze-event,harris,61,0.6288659793814433,pre
1526,cloze-event,trump,36,0.3711340206185567,pre
1526,cloze-event,other,0,0,pre
2627,cloze-event,harris,55,0.5670103092783505,pre
2627,cloze-event,trump,42,0.4329896907216495,pre
2627,cloze-event,other,0,0,pre
2211,cloze-event,harris,50,0.5,pre
2211,cloze-event,trump,50,0.5,pre
2211,cloze-event,other,0,0,pre
1448,spr-event,harris,100,0.9900990099009901,pre
1448,spr-event,trump,0,0,pre
1448,spr-event,other,1,0.009900990099009901,pre
2857,spr-event,harris,62,0.4189189189189189,pre
2857,spr-event,trump,38,0.25675675675675674,pre
2857,spr-event,other,48,0.32432432432432434,pre
2711,maze-event,harris,100,1,pre
2711,maze-event,trump,0,0,pre
2711,maze-event,other,0,0,pre
2920,event-spr,harris,75,0.7575757575757576,pre
2920,event-spr,trump,24,0.24242424242424243,pre
2920,event-spr,other,0,0,pre
1762,cloze-event,trump,44,0.4489795918367347,pre
1762,cloze-event,harris,54,0.5510204081632653,pre
1762,cloze-event,other,0,0,pre
1875,event-spr,harris,49,0.494949494949495,pre
1875,event-spr,trump,50,0.5050505050505051,pre
1875,event-spr,other,0,0,pre
2654,maze-event,harris,6,0.05128205128205128,pre
2654,maze-event,trump,84,0.717948717948718,pre
2654,maze-event,other,27,0.23076923076923078,pre
2212,spr-event,trump,63,0.6237623762376238,pre
2212,spr-event,harris,36,0.3564356435643564,pre
2212,spr-event,other,2,0.019801980198019802,pre
2844,event-cloze,trump,43,0.42574257425742573,pre
2844,event-cloze,harris,58,0.5742574257425742,pre
2844,event-cloze,other,0,0,pre
2269,spr-event,trump,41,0.40594059405940597,pre
2269,spr-event,harris,60,0.594059405940594,pre
2269,spr-event,other,0,0,pre
1562,spr-event,trump,50,0.5,pre
1562,spr-event,harris,50,0.5,pre
1562,spr-event,other,0,0,pre
1905,event-spr,trump,63,0.6116504854368932,pre
1905,event-spr,harris,40,0.3883495145631068,pre
1905,event-spr,other,0,0,pre
2188,cloze-event,harris,38,0.3619047619047619,pre
2188,cloze-event,trump,64,0.6095238095238096,pre
2188,cloze-event,other,3,0.02857142857142857,pre
2715,spr-event,harris,75,0.75,pre
2715,spr-event,trump,25,0.25,pre
2715,spr-event,other,0,0,pre
2508,spr-event,harris,43,0.42574257425742573,pre
2508,spr-event,trump,58,0.5742574257425742,pre
2508,spr-event,other,0,0,pre
1765,maze-event,harris,37,0.33636363636363636,pre
1765,maze-event,trump,64,0.5818181818181818,pre
1765,maze-event,other,9,0.08181818181818182,pre
2441,spr-event,trump,63,0.6237623762376238,pre
2441,spr-event,harris,38,0.37623762376237624,pre
2441,spr-event,other,0,0,pre
1636,cloze-event,trump,25,0.25,pre
1636,cloze-event,harris,75,0.75,pre
1636,cloze-event,other,0,0,pre
2230,spr-event,harris,50,0.5,pre
2230,spr-event,trump,50,0.5,pre
2230,spr-event,other,0,0,pre
2951,event-cloze,harris,64,0.6808510638297872,pre
2951,event-cloze,trump,30,0.3191489361702128,pre
2951,event-cloze,other,0,0,pre
1903,cloze-event,harris,53,0.5353535353535354,pre
1903,cloze-event,trump,46,0.46464646464646464,pre
1903,cloze-event,other,0,0,pre
2552,event-spr,trump,46,0.4423076923076923,pre
2552,event-spr,harris,55,0.5288461538461539,pre
2552,event-spr,other,3,0.028846153846153848,pre
2527,cloze-event,trump,51,0.5,pre
2527,cloze-event,harris,51,0.5,pre
2527,cloze-event,other,0,0,pre
1939,cloze-event,trump,50,0.5,pre
1939,cloze-event,harris,50,0.5,pre
1939,cloze-event,other,0,0,pre
1494,cloze-event,trump,2,0.019801980198019802,pre
1494,cloze-event,harris,99,0.9801980198019802,pre
1494,cloze-event,other,0,0,pre
2751,spr-event,trump,24,0.24489795918367346,pre
2751,spr-event,harris,74,0.7551020408163265,pre
2751,spr-event,other,0,0,pre
2268,maze-event,harris,26,0.26,pre
2268,maze-event,trump,74,0.74,pre
2268,maze-event,other,0,0,pre
1925,event-cloze,trump,24,0.24242424242424243,pre
1925,event-cloze,harris,75,0.7575757575757576,pre
1925,event-cloze,other,0,0,pre
2258,cloze-event,harris,62,0.6666666666666666,pre
2258,cloze-event,trump,31,0.3333333333333333,pre
2258,cloze-event,other,0,0,pre
2214,cloze-event,harris,73,0.7604166666666666,pre
2214,cloze-event,trump,23,0.23958333333333334,pre
2214,cloze-event,other,0,0,pre
2925,spr-event,harris,84,0.711864406779661,pre
2925,spr-event,trump,34,0.288135593220339,pre
2925,spr-event,other,0,0,pre
1419,event-spr,harris,49,0.48514851485148514,pre
1419,event-spr,trump,50,0.49504950495049505,pre
1419,event-spr,other,2,0.019801980198019802,pre
2142,cloze-event,harris,51,0.5,pre
2142,cloze-event,trump,51,0.5,pre
2142,cloze-event,other,0,0,pre
2860,spr-event,trump,43,0.44329896907216493,pre
2860,spr-event,harris,54,0.5567010309278351,pre
2860,spr-event,other,0,0,pre
2479,maze-event,harris,43,0.43434343434343436,pre
2479,maze-event,trump,56,0.5656565656565656,pre
2479,maze-event,other,0,0,pre
1832,cloze-event,trump,0,0,pre
1832,cloze-event,harris,100,1,pre
1832,cloze-event,other,0,0,pre
2882,event-cloze,harris,1,0.00980392156862745,pre
2882,event-cloze,trump,100,0.9803921568627451,pre
2882,event-cloze,other,1,0.00980392156862745,pre
2352,event-maze,trump,78,0.6046511627906976,pre
2352,event-maze,harris,48,0.37209302325581395,pre
2352,event-maze,other,3,0.023255813953488372,pre
2194,cloze-event,trump,24,0.24489795918367346,pre
2194,cloze-event,harris,74,0.7551020408163265,pre
2194,cloze-event,other,0,0,pre
1940,event-cloze,harris,76,0.7755102040816326,pre
1940,event-cloze,trump,22,0.22448979591836735,pre
1940,event-cloze,other,0,0,pre
1730,spr-event,trump,25,0.3246753246753247,pre
1730,spr-event,harris,52,0.6753246753246753,pre
1730,spr-event,other,0,0,pre
1532,spr-event,trump,49,0.5,pre
1532,spr-event,harris,49,0.5,pre
1532,spr-event,other,0,0,pre
2152,spr-event,trump,100,1,pre
2152,spr-event,harris,0,0,pre
2152,spr-event,other,0,0,pre
2499,cloze-event,trump,40,0.40404040404040403,pre
2499,cloze-event,harris,59,0.5959595959595959,pre
2499,cloze-event,other,0,0,pre
2044,maze-event,trump,0,0,pre
2044,maze-event,harris,100,1,pre
2044,maze-event,other,0,0,pre
2333,cloze-event,trump,92,0.8846153846153846,pre
2333,cloze-event,harris,12,0.11538461538461539,pre
2333,cloze-event,other,0,0,pre
2220,spr-event,harris,49,0.5,pre
2220,spr-event,trump,49,0.5,pre
2220,spr-event,other,0,0,pre
1749,event-maze,harris,52,0.5252525252525253,pre
1749,event-maze,trump,47,0.47474747474747475,pre
1749,event-maze,other,0,0,pre
1696,maze-event,trump,100,1,pre
1696,maze-event,harris,0,0,pre
1696,maze-event,other,0,0,pre
2913,maze-event,harris,15,0.1744186046511628,pre
2913,maze-event,trump,71,0.8255813953488372,pre
2913,maze-event,other,0,0,pre
1489,cloze-event,harris,96,0.9795918367346939,pre
1489,cloze-event,trump,2,0.02040816326530612,pre
1489,cloze-event,other,0,0,pre
2264,spr-event,trump,15,0.15789473684210525,pre
2264,spr-event,harris,80,0.8421052631578947,pre
2264,spr-event,other,0,0,pre
2399,event-spr,harris,50,0.5,pre
2399,event-spr,trump,50,0.5,pre
2399,event-spr,other,0,0,pre
1774,spr-event,harris,61,0.6224489795918368,pre
1774,spr-event,trump,37,0.37755102040816324,pre
1774,spr-event,other,0,0,pre
2116,event-maze,trump,51,0.5,pre
2116,event-maze,harris,51,0.5,pre
2116,event-maze,other,0,0,pre
2138,event-cloze,harris,44,0.43137254901960786,pre
2138,event-cloze,trump,55,0.5392156862745098,pre
2138,event-cloze,other,3,0.029411764705882353,pre
1623,cloze-event,harris,48,0.5,pre
1623,cloze-event,trump,48,0.5,pre
1623,cloze-event,other,0,0,pre
2090,maze-event,trump,38,0.3619047619047619,pre
2090,maze-event,harris,67,0.638095238095238,pre
2090,maze-event,other,0,0,pre
1465,spr-event,harris,0,0,pre
1465,spr-event,trump,100,1,pre
1465,spr-event,other,0,0,pre
2728,maze-event,trump,50,0.47619047619047616,pre
2728,maze-event,harris,55,0.5238095238095238,pre
2728,maze-event,other,0,0,pre
2476,maze-event,trump,44,0.42718446601941745,pre
2476,maze-event,harris,59,0.5728155339805825,pre
2476,maze-event,other,0,0,pre
1423,cloze-event,harris,54,0.5510204081632653,pre
1423,cloze-event,trump,44,0.4489795918367347,pre
1423,cloze-event,other,0,0,pre
2785,maze-event,trump,49,0.494949494949495,pre
2785,maze-event,harris,50,0.5050505050505051,pre
2785,maze-event,other,0,0,pre
1595,cloze-event,trump,51,0.5,pre
1595,cloze-event,harris,51,0.5,pre
1595,cloze-event,other,0,0,pre
1468,event-spr,harris,44,0.43564356435643564,pre
1468,event-spr,trump,57,0.5643564356435643,pre
1468,event-spr,other,0,0,pre
2073,event-cloze,trump,24,0.2376237623762376,pre
2073,event-cloze,harris,75,0.7425742574257426,pre
2073,event-cloze,other,2,0.019801980198019802,pre
1757,event-spr,harris,50,0.5,pre
1757,event-spr,trump,50,0.5,pre
1757,event-spr,other,0,0,pre
2029,spr-event,harris,0,0,pre
2029,spr-event,trump,100,1,pre
2029,spr-event,other,0,0,pre
2102,event-cloze,trump,75,0.7575757575757576,pre
2102,event-cloze,harris,24,0.24242424242424243,pre
2102,event-cloze,other,0,0,pre
2500,maze-event,trump,72,0.75,pre
2500,maze-event,harris,24,0.25,pre
2500,maze-event,other,0,0,pre
2965,event-spr,trump,74,0.7551020408163265,pre
2965,event-spr,harris,24,0.24489795918367346,pre
2965,event-spr,other,0,0,pre
2815,event-cloze,harris,24,0.24242424242424243,pre
2815,event-cloze,trump,75,0.7575757575757576,pre
2815,event-cloze,other,0,0,pre
1493,spr-event,harris,70,0.660377358490566,pre
1493,spr-event,trump,9,0.08490566037735849,pre
1493,spr-event,other,27,0.25471698113207547,pre
1901,spr-event,trump,47,0.47474747474747475,pre
1901,spr-event,harris,52,0.5252525252525253,pre
1901,spr-event,other,0,0,pre
1728,event-spr,harris,55,0.55,pre
1728,event-spr,trump,45,0.45,pre
1728,event-spr,other,0,0,pre
2547,maze-event,trump,23,0.1796875,pre
2547,maze-event,harris,97,0.7578125,pre
2547,maze-event,other,8,0.0625,pre
1582,event-spr,trump,50,0.5,pre
1582,event-spr,harris,50,0.5,pre
1582,event-spr,other,0,0,pre
1430,cloze-event,trump,45,0.45,pre
1430,cloze-event,harris,55,0.55,pre
1430,cloze-event,other,0,0,pre
1534,event-cloze,harris,49,0.4537037037037037,pre
1534,event-cloze,trump,59,0.5462962962962963,pre
1534,event-cloze,other,0,0,pre
2059,event-spr,trump,49,0.494949494949495,pre
2059,event-spr,harris,50,0.5050505050505051,pre
2059,event-spr,other,0,0,pre
1957,cloze-event,trump,40,0.40404040404040403,pre
1957,cloze-event,harris,59,0.5959595959595959,pre
1957,cloze-event,other,0,0,pre
1625,cloze-event,trump,1,0.00980392156862745,pre
1625,cloze-event,harris,100,0.9803921568627451,pre
1625,cloze-event,other,1,0.00980392156862745,pre
2344,event-maze,trump,51,0.5,pre
2344,event-maze,harris,51,0.5,pre
2344,event-maze,other,0,0,pre
2343,event-cloze,trump,0,0,pre
2343,event-cloze,harris,100,1,pre
2343,event-cloze,other,0,0,pre
1549,cloze-event,trump,5,0.044642857142857144,pre
1549,cloze-event,harris,100,0.8928571428571429,pre
1549,cloze-event,other,7,0.0625,pre
1417,spr-event,harris,49,0.392,pre
1417,spr-event,trump,76,0.608,pre
1417,spr-event,other,0,0,pre
1801,spr-event,harris,52,0.5252525252525253,pre
1801,spr-event,trump,47,0.47474747474747475,pre
1801,spr-event,other,0,0,pre
1396,maze-event,harris,51,0.5151515151515151,pre
1396,maze-event,trump,47,0.47474747474747475,pre
1396,maze-event,other,1,0.010101010101010102,pre
1798,event-cloze,trump,25,0.24752475247524752,pre
1798,event-cloze,harris,76,0.7524752475247525,pre
1798,event-cloze,other,0,0,pre
2565,spr-event,trump,74,0.7474747474747475,pre
2565,spr-event,harris,25,0.25252525252525254,pre
2565,spr-event,other,0,0,pre
1789,spr-event,harris,74,0.6016260162601627,pre
1789,spr-event,trump,49,0.3983739837398374,pre
1789,spr-event,other,0,0,pre
2168,event-cloze,harris,100,1,pre
2168,event-cloze,trump,0,0,pre
2168,event-cloze,other,0,0,pre
1907,spr-event,harris,95,0.9693877551020408,pre
1907,spr-event,trump,3,0.030612244897959183,pre
1907,spr-event,other,0,0,pre
2710,cloze-event,harris,93,0.6078431372549019,pre
2710,cloze-event,trump,49,0.3202614379084967,pre
2710,cloze-event,other,11,0.0718954248366013,pre
2129,event-spr,trump,49,0.5,pre
2129,event-spr,harris,49,0.5,pre
2129,event-spr,other,0,0,pre
2632,cloze-event,harris,55,0.5339805825242718,pre
2632,cloze-event,trump,48,0.46601941747572817,pre
2632,cloze-event,other,0,0,pre
1589,spr-event,trump,98,0.98,pre
1589,spr-event,harris,2,0.02,pre
1589,spr-event,other,0,0,pre
1823,cloze-event,harris,25,0.24271844660194175,pre
1823,cloze-event,trump,64,0.6213592233009708,pre
1823,cloze-event,other,14,0.13592233009708737,pre
2149,event-spr,harris,48,0.4897959183673469,pre
2149,event-spr,trump,50,0.5102040816326531,pre
2149,event-spr,other,0,0,pre
2790,maze-event,trump,24,0.22857142857142856,pre
2790,maze-event,harris,76,0.7238095238095238,pre
2790,maze-event,other,5,0.047619047619047616,pre
2749,spr-event,harris,74,0.7628865979381443,pre
2749,spr-event,trump,20,0.20618556701030927,pre
2749,spr-event,other,3,0.030927835051546393,pre
2885,cloze-event,harris,53,0.381294964028777,pre
2885,cloze-event,trump,85,0.6115107913669064,pre
2885,cloze-event,other,1,0.007194244604316547,pre
1806,cloze-event,harris,58,0.5686274509803921,pre
1806,cloze-event,trump,44,0.43137254901960786,pre
1806,cloze-event,other,0,0,pre
2865,cloze-event,trump,44,0.4444444444444444,pre
2865,cloze-event,harris,55,0.5555555555555556,pre
2865,cloze-event,other,0,0,pre
1457,spr-event,harris,49,0.494949494949495,pre
1457,spr-event,trump,50,0.5050505050505051,pre
1457,spr-event,other,0,0,pre
1571,maze-event,harris,88,0.8979591836734694,pre
1571,maze-event,trump,10,0.10204081632653061,pre
1571,maze-event,other,0,0,pre
1573,maze-event,trump,76,0.5984251968503937,pre
1573,maze-event,harris,31,0.2440944881889764,pre
1573,maze-event,other,20,0.15748031496062992,pre
1685,spr-event,harris,74,0.7184466019417476,pre
1685,spr-event,trump,11,0.10679611650485436,pre
1685,spr-event,other,18,0.17475728155339806,pre
2170,spr-event,harris,50,0.49504950495049505,pre
2170,spr-event,trump,51,0.504950495049505,pre
2170,spr-event,other,0,0,pre
2862,spr-event,trump,0,0,pre
2862,spr-event,harris,100,1,pre
2862,spr-event,other,0,0,pre
2669,cloze-event,trump,38,0.36538461538461536,pre
2669,cloze-event,harris,66,0.6346153846153846,pre
2669,cloze-event,other,0,0,pre
2077,maze-event,harris,38,0.37623762376237624,pre
2077,maze-event,trump,63,0.6237623762376238,pre
2077,maze-event,other,0,0,pre
1967,maze-event,harris,70,0.6730769230769231,pre
1967,maze-event,trump,34,0.3269230769230769,pre
1967,maze-event,other,0,0,pre
1822,event-spr,trump,63,0.6494845360824743,pre
1822,event-spr,harris,34,0.35051546391752575,pre
1822,event-spr,other,0,0,pre
1559,maze-event,trump,45,0.45454545454545453,pre
1559,maze-event,harris,54,0.5454545454545454,pre
1559,maze-event,other,0,0,pre
2701,cloze-event,trump,50,0.49504950495049505,pre
2701,cloze-event,harris,51,0.504950495049505,pre
2701,cloze-event,other,0,0,pre
2111,cloze-event,trump,55,0.5092592592592593,pre
2111,cloze-event,harris,53,0.49074074074074076,pre
2111,cloze-event,other,0,0,pre
2678,maze-event,harris,97,0.532967032967033,pre
2678,maze-event,trump,82,0.45054945054945056,pre
2678,maze-event,other,3,0.016483516483516484,pre
2245,cloze-event,harris,9,0.08181818181818182,pre
2245,cloze-event,trump,100,0.9090909090909091,pre
2245,cloze-event,other,1,0.00909090909090909,pre
2489,spr-event,harris,100,1,pre
2489,spr-event,trump,0,0,pre
2489,spr-event,other,0,0,pre
2694,maze-event,trump,53,0.5247524752475248,pre
2694,maze-event,harris,48,0.4752475247524752,pre
2694,maze-event,other,0,0,pre
1498,maze-event,trump,50,0.5,pre
1498,maze-event,harris,50,0.5,pre
1498,maze-event,other,0,0,pre
1599,cloze-event,harris,62,0.5904761904761905,pre
1599,cloze-event,trump,43,0.4095238095238095,pre
1599,cloze-event,other,0,0,pre
2247,maze-event,trump,12,0.12121212121212122,pre
2247,maze-event,harris,87,0.8787878787878788,pre
2247,maze-event,other,0,0,pre
2331,event-spr,harris,52,0.5148514851485149,pre
2331,event-spr,trump,49,0.48514851485148514,pre
2331,event-spr,other,0,0,pre
2648,maze-event,trump,100,1,pre
2648,maze-event,harris,0,0,pre
2648,maze-event,other,0,0,pre
1795,maze-event,harris,61,0.6224489795918368,pre
1795,maze-event,trump,37,0.37755102040816324,pre
1795,maze-event,other,0,0,pre
2587,event-maze,harris,10,0.10101010101010101,pre
2587,event-maze,trump,89,0.898989898989899,pre
2587,event-maze,other,0,0,pre
2898,cloze-event,harris,23,0.2072072072072072,pre
2898,cloze-event,trump,87,0.7837837837837838,pre
2898,cloze-event,other,1,0.009009009009009009,pre
1458,spr-event,trump,49,0.494949494949495,pre
1458,spr-event,harris,50,0.5050505050505051,pre
1458,spr-event,other,0,0,pre
2656,cloze-event,harris,24,0.24242424242424243,pre
2656,cloze-event,trump,75,0.7575757575757576,pre
2656,cloze-event,other,0,0,pre
2803,cloze-event,harris,86,0.8775510204081632,pre
2803,cloze-event,trump,12,0.12244897959183673,pre
2803,cloze-event,other,0,0,pre
2049,spr-event,harris,7,0.06666666666666667,pre
2049,spr-event,trump,98,0.9333333333333333,pre
2049,spr-event,other,0,0,pre
1611,spr-event,trump,25,0.24752475247524752,pre
1611,spr-event,harris,76,0.7524752475247525,pre
1611,spr-event,other,0,0,pre
2516,cloze-event,harris,13,0.12871287128712872,pre
2516,cloze-event,trump,88,0.8712871287128713,pre
2516,cloze-event,other,0,0,pre
1710,event-spr,harris,65,0.4642857142857143,pre
1710,event-spr,trump,64,0.45714285714285713,pre
1710,event-spr,other,11,0.07857142857142857,pre
2795,event-maze,trump,45,0.45454545454545453,pre
2795,event-maze,harris,54,0.5454545454545454,pre
2795,event-maze,other,0,0,pre
2868,event-spr,trump,89,0.8557692307692307,pre
2868,event-spr,harris,11,0.10576923076923077,pre
2868,event-spr,other,4,0.038461538461538464,pre
2130,spr-event,harris,62,0.62,pre
2130,spr-event,trump,37,0.37,pre
2130,spr-event,other,1,0.01,pre
2017,cloze-event,harris,54,0.5294117647058824,pre
2017,cloze-event,trump,48,0.47058823529411764,pre
2017,cloze-event,other,0,0,pre
1569,event-maze,trump,75,0.872093023255814,pre
1569,event-maze,harris,10,0.11627906976744186,pre
1569,event-maze,other,1,0.011627906976744186,pre
2019,event-cloze,trump,86,0.7889908256880734,pre
2019,event-cloze,harris,23,0.21100917431192662,pre
2019,event-cloze,other,0,0,pre
1415,maze-event,harris,50,0.5,pre
1415,maze-event,trump,50,0.5,pre
1415,maze-event,other,0,0,pre
1988,spr-event,harris,40,0.425531914893617,pre
1988,spr-event,trump,54,0.574468085106383,pre
1988,spr-event,other,0,0,pre
1733,event-cloze,trump,96,1,pre
1733,event-cloze,harris,0,0,pre
1733,event-cloze,other,0,0,pre
2651,spr-event,trump,51,0.5257731958762887,pre
2651,spr-event,harris,46,0.4742268041237113,pre
2651,spr-event,other,0,0,pre
2610,cloze-event,trump,62,0.62,pre
2610,cloze-event,harris,38,0.38,pre
2610,cloze-event,other,0,0,pre
2459,event-cloze,harris,100,1,pre
2459,event-cloze,trump,0,0,pre
2459,event-cloze,other,0,0,pre
2031,maze-event,trump,48,0.4897959183673469,pre
2031,maze-event,harris,50,0.5102040816326531,pre
2031,maze-event,other,0,0,pre
1426,spr-event,trump,5,0.03676470588235294,pre
1426,spr-event,harris,84,0.6176470588235294,pre
1426,spr-event,other,47,0.34558823529411764,pre
1820,cloze-event,harris,55,0.5555555555555556,pre
1820,cloze-event,trump,44,0.4444444444444444,pre
1820,cloze-event,other,0,0,pre
1661,cloze-event,harris,82,0.9647058823529412,pre
1661,cloze-event,trump,3,0.03529411764705882,pre
1661,cloze-event,other,0,0,pre
2811,maze-event,trump,37,0.3394495412844037,pre
2811,maze-event,harris,67,0.6146788990825688,pre
2811,maze-event,other,5,0.045871559633027525,pre
2464,event-cloze,harris,0,0,pre
2464,event-cloze,trump,100,1,pre
2464,event-cloze,other,0,0,pre
2086,maze-event,trump,75,0.75,pre
2086,maze-event,harris,25,0.25,pre
2086,maze-event,other,0,0,pre
2960,event-spr,trump,45,0.4411764705882353,pre
2960,event-spr,harris,57,0.5588235294117647,pre
2960,event-spr,other,0,0,pre
2744,event-cloze,harris,50,0.49504950495049505,pre
2744,event-cloze,trump,51,0.504950495049505,pre
2744,event-cloze,other,0,0,pre
1744,event-cloze,harris,51,0.5,pre
1744,event-cloze,trump,51,0.5,pre
1744,event-cloze,other,0,0,pre
1868,event-spr,harris,49,0.49,pre
1868,event-spr,trump,51,0.51,pre
1868,event-spr,other,0,0,pre
1640,cloze-event,trump,51,0.5,pre
1640,cloze-event,harris,51,0.5,pre
1640,cloze-event,other,0,0,pre
2326,event-spr,trump,24,0.24489795918367346,pre
2326,event-spr,harris,74,0.7551020408163265,pre
2326,event-spr,other,0,0,pre
2961,event-maze,harris,55,0.55,pre
2961,event-maze,trump,45,0.45,pre
2961,event-maze,other,0,0,pre
2307,cloze-event,harris,45,0.42857142857142855,pre
2307,cloze-event,trump,56,0.5333333333333333,pre
2307,cloze-event,other,4,0.0380952380952381,pre
1914,spr-event,trump,50,0.3333333333333333,pre
1914,spr-event,harris,50,0.3333333333333333,pre
1914,spr-event,other,50,0.3333333333333333,pre
2002,event-cloze,trump,43,0.42574257425742573,pre
2002,event-cloze,harris,58,0.5742574257425742,pre
2002,event-cloze,other,0,0,pre
1697,event-spr,trump,84,0.6363636363636364,pre
1697,event-spr,harris,48,0.36363636363636365,pre
1697,event-spr,other,0,0,pre
2106,event-spr,harris,62,0.6262626262626263,pre
2106,event-spr,trump,37,0.37373737373737376,pre
2106,event-spr,other,0,0,pre
1557,spr-event,harris,51,0.504950495049505,pre
1557,spr-event,trump,50,0.49504950495049505,pre
1557,spr-event,other,0,0,pre
1995,event-maze,trump,37,0.3627450980392157,pre
1995,event-maze,harris,65,0.6372549019607843,pre
1995,event-maze,other,0,0,pre
2924,cloze-event,trump,86,0.8775510204081632,pre
2924,cloze-event,harris,12,0.12244897959183673,pre
2924,cloze-event,other,0,0,pre
1615,spr-event,harris,49,0.494949494949495,pre
1615,spr-event,trump,50,0.5050505050505051,pre
1615,spr-event,other,0,0,pre
2488,cloze-event,harris,24,0.24489795918367346,pre
2488,cloze-event,trump,74,0.7551020408163265,pre
2488,cloze-event,other,0,0,pre
1793,maze-event,trump,42,0.4329896907216495,pre
1793,maze-event,harris,55,0.5670103092783505,pre
1793,maze-event,other,0,0,pre
1815,spr-event,harris,59,0.6145833333333334,pre
1815,spr-event,trump,37,0.3854166666666667,pre
1815,spr-event,other,0,0,pre
2606,maze-event,trump,100,0.6578947368421053,pre
2606,maze-event,harris,48,0.3157894736842105,pre
2606,maze-event,other,4,0.02631578947368421,pre
1540,cloze-event,trump,8,0.08,pre
1540,cloze-event,harris,92,0.92,pre
1540,cloze-event,other,0,0,pre
1452,maze-event,harris,54,0.54,pre
1452,maze-event,trump,46,0.46,pre
1452,maze-event,other,0,0,pre
1669,maze-event,trump,49,0.4016393442622951,pre
1669,maze-event,harris,73,0.5983606557377049,pre
1669,maze-event,other,0,0,pre
2080,spr-event,trump,49,0.494949494949495,pre
2080,spr-event,harris,50,0.5050505050505051,pre
2080,spr-event,other,0,0,pre
1716,event-spr,trump,23,0.23469387755102042,pre
1716,event-spr,harris,75,0.7653061224489796,pre
1716,event-spr,other,0,0,pre
1409,cloze-event,harris,56,0.509090909090909,pre
1409,cloze-event,trump,53,0.4818181818181818,pre
1409,cloze-event,other,1,0.00909090909090909,pre
2585,event-spr,harris,75,0.75,pre
2585,event-spr,trump,25,0.25,pre
2585,event-spr,other,0,0,pre
2400,cloze-event,trump,49,0.5,pre
2400,cloze-event,harris,49,0.5,pre
2400,cloze-event,other,0,0,pre
2854,cloze-event,harris,0,0,pre
2854,cloze-event,trump,100,1,pre
2854,cloze-event,other,0,0,pre
2061,event-cloze,trump,24,0.24489795918367346,pre
2061,event-cloze,harris,74,0.7551020408163265,pre
2061,event-cloze,other,0,0,pre
2520,cloze-event,harris,1,0.010101010101010102,pre
2520,cloze-event,trump,98,0.98989898989899,pre
2520,cloze-event,other,0,0,pre
1603,event-spr,trump,38,0.3392857142857143,pre
1603,event-spr,harris,74,0.6607142857142857,pre
1603,event-spr,other,0,0,pre
2368,maze-event,harris,0,0,pre
2368,maze-event,trump,100,1,pre
2368,maze-event,other,0,0,pre
2845,event-cloze,trump,38,0.37623762376237624,pre
2845,event-cloze,harris,63,0.6237623762376238,pre
2845,event-cloze,other,0,0,pre
1704,spr-event,harris,11,0.1134020618556701,pre
1704,spr-event,trump,86,0.8865979381443299,pre
1704,spr-event,other,0,0,pre
1809,event-cloze,trump,23,0.23711340206185566,pre
1809,event-cloze,harris,74,0.7628865979381443,pre
1809,event-cloze,other,0,0,pre
1462,cloze-event,harris,38,0.36893203883495146,pre
1462,cloze-event,trump,63,0.6116504854368932,pre
1462,cloze-event,other,2,0.019417475728155338,pre
2444,event-spr,trump,49,0.49,pre
2444,event-spr,harris,51,0.51,pre
2444,event-spr,other,0,0,pre
1700,spr-event,trump,54,0.35064935064935066,pre
1700,spr-event,harris,100,0.6493506493506493,pre
1700,spr-event,other,0,0,pre
2636,maze-event,trump,26,0.23214285714285715,pre
2636,maze-event,harris,86,0.7678571428571429,pre
2636,maze-event,other,0,0,pre
1655,spr-event,harris,43,0.43,pre
1655,spr-event,trump,57,0.57,pre
1655,spr-event,other,0,0,pre
1689,event-spr,trump,41,0.41836734693877553,pre
1689,event-spr,harris,57,0.5816326530612245,pre
1689,event-spr,other,0,0,pre
1667,maze-event,trump,48,0.48,pre
1667,maze-event,harris,46,0.46,pre
1667,maze-event,other,6,0.06,pre
2276,event-spr,harris,50,0.5,pre
2276,event-spr,trump,50,0.5,pre
2276,event-spr,other,0,0,pre
2286,cloze-event,trump,58,0.58,pre
2286,cloze-event,harris,42,0.42,pre
2286,cloze-event,other,0,0,pre
2833,cloze-event,trump,75,0.6147540983606558,pre
2833,cloze-event,harris,47,0.38524590163934425,pre
2833,cloze-event,other,0,0,pre
2166,cloze-event,harris,5,0.06097560975609756,pre
2166,cloze-event,trump,77,0.9390243902439024,pre
2166,cloze-event,other,0,0,pre
2713,maze-event,trump,49,0.494949494949495,pre
2713,maze-event,harris,50,0.5050505050505051,pre
2713,maze-event,other,0,0,pre
2009,event-spr,harris,36,0.2647058823529412,pre
2009,event-spr,trump,100,0.7352941176470589,pre
2009,event-spr,other,0,0,pre
2708,cloze-event,trump,79,0.7523809523809524,pre
2708,cloze-event,harris,22,0.20952380952380953,pre
2708,cloze-event,other,4,0.0380952380952381,pre
1741,event-spr,harris,83,0.5496688741721855,pre
1741,event-spr,trump,59,0.39072847682119205,pre
1741,event-spr,other,9,0.059602649006622516,pre
1441,cloze-event,trump,48,0.4948453608247423,pre
1441,cloze-event,harris,48,0.4948453608247423,pre
1441,cloze-event,other,1,0.010309278350515464,pre
2328,maze-event,harris,51,0.4766355140186916,pre
2328,maze-event,trump,56,0.5233644859813084,pre
2328,maze-event,other,0,0,pre
1739,maze-event,harris,51,0.49514563106796117,pre
1739,maze-event,trump,52,0.5048543689320388,pre
1739,maze-event,other,0,0,pre
2295,spr-event,harris,9,0.08181818181818182,pre
2295,spr-event,trump,100,0.9090909090909091,pre
2295,spr-event,other,1,0.00909090909090909,pre
1937,event-spr,trump,24,0.24242424242424243,pre
1937,event-spr,harris,75,0.7575757575757576,pre
1937,event-spr,other,0,0,pre
2824,spr-event,harris,50,0.5,pre
2824,spr-event,trump,50,0.5,pre
2824,spr-event,other,0,0,pre
1643,event-spr,harris,88,0.7394957983193278,pre
1643,event-spr,trump,31,0.2605042016806723,pre
1643,event-spr,other,0,0,pre
2322,spr-event,harris,91,0.8584905660377359,pre
2322,spr-event,trump,15,0.14150943396226415,pre
2322,spr-event,other,0,0,pre
1802,maze-event,trump,25,0.25,pre
1802,maze-event,harris,75,0.75,pre
1802,maze-event,other,0,0,pre
1919,maze-event,trump,100,0.9615384615384616,pre
1919,maze-event,harris,3,0.028846153846153848,pre
1919,maze-event,other,1,0.009615384615384616,pre
2870,event-cloze,harris,49,0.48514851485148514,pre
2870,event-cloze,trump,48,0.4752475247524752,pre
2870,event-cloze,other,4,0.039603960396039604,pre
2789,spr-event,harris,28,0.2014388489208633,pre
2789,spr-event,trump,86,0.6187050359712231,pre
2789,spr-event,other,25,0.17985611510791366,pre
2309,spr-event,trump,75,0.635593220338983,pre
2309,spr-event,harris,43,0.3644067796610169,pre
2309,spr-event,other,0,0,pre
1601,spr-event,harris,53,0.53,pre
1601,spr-event,trump,45,0.45,pre
1601,spr-event,other,2,0.02,pre
1862,cloze-event,harris,50,0.49504950495049505,pre
1862,cloze-event,trump,50,0.49504950495049505,pre
1862,cloze-event,other,1,0.009900990099009901,pre
2234,spr-event,harris,49,0.5,pre
2234,spr-event,trump,49,0.5,pre
2234,spr-event,other,0,0,pre
1787,cloze-event,trump,50,0.49504950495049505,pre
1787,cloze-event,harris,51,0.504950495049505,pre
1787,cloze-event,other,0,0,pre
1512,spr-event,harris,77,0.5789473684210527,pre
1512,spr-event,trump,50,0.37593984962406013,pre
1512,spr-event,other,6,0.045112781954887216,pre
2334,event-cloze,harris,82,0.7387387387387387,pre
2334,event-cloze,trump,28,0.25225225225225223,pre
2334,event-cloze,other,1,0.009009009009009009,pre
1954,event-maze,harris,3,0.02702702702702703,pre
1954,event-maze,trump,100,0.9009009009009009,pre
1954,event-maze,other,8,0.07207207207207207,pre
1786,event-spr,trump,64,0.6213592233009708,pre
1786,event-spr,harris,39,0.3786407766990291,pre
1786,event-spr,other,0,0,pre
2808,spr-event,harris,74,0.4900662251655629,pre
2808,spr-event,trump,57,0.37748344370860926,pre
2808,spr-event,other,20,0.13245033112582782,pre
1706,maze-event,harris,63,0.5575221238938053,pre
1706,maze-event,trump,47,0.415929203539823,pre
1706,maze-event,other,3,0.02654867256637168,pre
2735,spr-event,harris,0,0,pre
2735,spr-event,trump,100,1,pre
2735,spr-event,other,0,0,pre
2534,cloze-event,trump,100,1,pre
2534,cloze-event,harris,0,0,pre
2534,cloze-event,other,0,0,pre
2151,spr-event,trump,60,0.6060606060606061,pre
2151,spr-event,harris,39,0.3939393939393939,pre
2151,spr-event,other,0,0,pre
1777,event-maze,trump,74,0.7551020408163265,pre
1777,event-maze,harris,24,0.24489795918367346,pre
1777,event-maze,other,0,0,pre
2822,cloze-event,trump,47,0.47474747474747475,pre
2822,cloze-event,harris,52,0.5252525252525253,pre
2822,cloze-event,other,0,0,pre
1836,event-cloze,trump,48,0.48484848484848486,pre
1836,event-cloze,harris,51,0.5151515151515151,pre
1836,event-cloze,other,0,0,pre
1844,event-spr,harris,75,0.7575757575757576,pre
1844,event-spr,trump,24,0.24242424242424243,pre
1844,event-spr,other,0,0,pre
1944,cloze-event,harris,24,0.24242424242424243,pre
1944,cloze-event,trump,75,0.7575757575757576,pre
1944,cloze-event,other,0,0,pre
2696,cloze-event,trump,51,0.5,pre
2696,cloze-event,harris,51,0.5,pre
2696,cloze-event,other,0,0,pre
1445,maze-event,trump,52,0.5416666666666666,pre
1445,maze-event,harris,44,0.4583333333333333,pre
1445,maze-event,other,0,0,pre
2533,cloze-event,trump,47,0.46078431372549017,pre
2533,cloze-event,harris,55,0.5392156862745098,pre
2533,cloze-event,other,0,0,pre
2786,event-cloze,harris,48,0.4948453608247423,pre
2786,event-cloze,trump,49,0.5051546391752577,pre
2786,event-cloze,other,0,0,pre
1929,cloze-event,harris,39,0.31451612903225806,pre
1929,cloze-event,trump,76,0.6129032258064516,pre
1929,cloze-event,other,9,0.07258064516129033,pre
2208,spr-event,harris,58,0.5523809523809524,pre
2208,spr-event,trump,47,0.44761904761904764,pre
2208,spr-event,other,0,0,pre
2372,cloze-event,trump,49,0.5,pre
2372,cloze-event,harris,49,0.5,pre
2372,cloze-event,other,0,0,pre
2412,cloze-event,harris,51,0.53125,pre
2412,cloze-event,trump,45,0.46875,pre
2412,cloze-event,other,0,0,pre
1584,event-cloze,harris,52,0.52,pre
1584,event-cloze,trump,46,0.46,pre
1584,event-cloze,other,2,0.02,pre
2261,event-spr,harris,24,0.24489795918367346,pre
2261,event-spr,trump,74,0.7551020408163265,pre
2261,event-spr,other,0,0,pre
1858,maze-event,trump,100,0.9803921568627451,pre
1858,maze-event,harris,2,0.0196078431372549,pre
1858,maze-event,other,0,0,pre
1399,spr-event,harris,45,0.46875,pre
1399,spr-event,trump,51,0.53125,pre
1399,spr-event,other,0,0,pre
1539,event-cloze,harris,75,0.75,pre
1539,event-cloze,trump,25,0.25,pre
1539,event-cloze,other,0,0,pre
1750,spr-event,harris,43,0.4056603773584906,pre
1750,spr-event,trump,63,0.5943396226415094,pre
1750,spr-event,other,0,0,pre
1707,cloze-event,trump,48,0.4948453608247423,pre
1707,cloze-event,harris,49,0.5051546391752577,pre
1707,cloze-event,other,0,0,pre
1490,maze-event,trump,0,0,pre
1490,maze-event,harris,100,1,pre
1490,maze-event,other,0,0,pre
2577,event-cloze,harris,41,0.41,pre
2577,event-cloze,trump,58,0.58,pre
2577,event-cloze,other,1,0.01,pre
2781,spr-event,trump,45,0.44554455445544555,pre
2781,spr-event,harris,56,0.5544554455445545,pre
2781,spr-event,other,0,0,pre
2199,spr-event,trump,70,0.6086956521739131,pre
2199,spr-event,harris,42,0.3652173913043478,pre
2199,spr-event,other,3,0.02608695652173913,pre
2931,spr-event,trump,0,0,pre
2931,spr-event,harris,100,1,pre
2931,spr-event,other,0,0,pre
1631,maze-event,trump,37,0.3490566037735849,pre
1631,maze-event,harris,68,0.6415094339622641,pre
1631,maze-event,other,1,0.009433962264150943,pre
2398,spr-event,trump,54,0.5567010309278351,pre
2398,spr-event,harris,43,0.44329896907216493,pre
2398,spr-event,other,0,0,pre
1674,event-maze,harris,0,0,pre
1674,event-maze,trump,100,1,pre
1674,event-maze,other,0,0,pre
2393,event-cloze,harris,63,0.6237623762376238,pre
2393,event-cloze,trump,38,0.37623762376237624,pre
2393,event-cloze,other,0,0,pre
1807,spr-event,trump,48,0.48,pre
1807,spr-event,harris,52,0.52,pre
1807,spr-event,other,0,0,pre
1520,maze-event,trump,74,0.7474747474747475,pre
1520,maze-event,harris,25,0.25252525252525254,pre
1520,maze-event,other,0,0,pre
1552,spr-event,harris,77,0.7475728155339806,pre
1552,spr-event,trump,26,0.2524271844660194,pre
1552,spr-event,other,0,0,pre
1847,maze-event,trump,24,0.24242424242424243,pre
1847,maze-event,harris,75,0.7575757575757576,pre
1847,maze-event,other,0,0,pre
2198,event-maze,trump,50,0.3875968992248062,pre
2198,event-maze,harris,72,0.5581395348837209,pre
2198,event-maze,other,7,0.05426356589147287,pre
1863,maze-event,harris,49,0.5,pre
1863,maze-event,trump,49,0.5,pre
1863,maze-event,other,0,0,pre
1722,spr-event,trump,9,0.09,pre
1722,spr-event,harris,91,0.91,pre
1722,spr-event,other,0,0,pre
2159,maze-event,trump,24,0.24242424242424243,pre
2159,maze-event,harris,75,0.7575757575757576,pre
2159,maze-event,other,0,0,pre
2205,cloze-event,trump,100,1,pre
2205,cloze-event,harris,0,0,pre
2205,cloze-event,other,0,0,pre
2819,maze-event,trump,49,0.5,pre
2819,maze-event,harris,49,0.5,pre
2819,maze-event,other,0,0,pre
2812,event-cloze,harris,0,0,pre
2812,event-cloze,trump,100,1,pre
2812,event-cloze,other,0,0,pre
1734,spr-event,harris,55,0.5789473684210527,pre
1734,spr-event,trump,40,0.42105263157894735,pre
1734,spr-event,other,0,0,pre
2902,spr-event,harris,100,1,pre
2902,spr-event,trump,0,0,pre
2902,spr-event,other,0,0,pre
2574,maze-event,harris,0,0,pre
2574,maze-event,trump,100,1,pre
2574,maze-event,other,0,0,pre
2320,event-spr,trump,37,0.37373737373737376,pre
2320,event-spr,harris,62,0.6262626262626263,pre
2320,event-spr,other,0,0,pre
2972,maze-event,trump,100,1,pre
2972,maze-event,harris,0,0,pre
2972,maze-event,other,0,0,pre
1740,cloze-event,trump,50,0.5,pre
1740,cloze-event,harris,50,0.5,pre
1740,cloze-event,other,0,0,pre
1551,cloze-event,harris,51,0.5204081632653061,pre
1551,cloze-event,trump,47,0.47959183673469385,pre
1551,cloze-event,other,0,0,pre
2709,maze-event,harris,62,0.3712574850299401,pre
2709,maze-event,trump,71,0.4251497005988024,pre
2709,maze-event,other,34,0.20359281437125748,pre
2600,maze-event,trump,55,0.5188679245283019,pre
2600,maze-event,harris,50,0.4716981132075472,pre
2600,maze-event,other,1,0.009433962264150943,pre
1389,spr-event,trump,42,0.3620689655172414,pre
1389,spr-event,harris,61,0.5258620689655172,pre
1389,spr-event,other,13,0.11206896551724138,pre
2027,event-spr,trump,48,0.48484848484848486,pre
2027,event-spr,harris,51,0.5151515151515151,pre
2027,event-spr,other,0,0,pre
2846,event-spr,harris,3,0.0297029702970297,pre
2846,event-spr,trump,98,0.9702970297029703,pre
2846,event-spr,other,0,0,pre
1413,spr-event,harris,77,0.7549019607843137,pre
1413,spr-event,trump,25,0.24509803921568626,pre
1413,spr-event,other,0,0,pre
2006,cloze-event,trump,23,0.23,pre
2006,cloze-event,harris,77,0.77,pre
2006,cloze-event,other,0,0,pre
2457,event-cloze,harris,37,0.36633663366336633,pre
2457,event-cloze,trump,64,0.6336633663366337,pre
2457,event-cloze,other,0,0,pre
2509,cloze-event,trump,44,0.4631578947368421,pre
2509,cloze-event,harris,51,0.5368421052631579,pre
2509,cloze-event,other,0,0,pre
2007,cloze-event,trump,64,0.6808510638297872,pre
2007,cloze-event,harris,30,0.3191489361702128,pre
2007,cloze-event,other,0,0,pre
2132,event-maze,trump,67,0.6203703703703703,pre
2132,event-maze,harris,41,0.37962962962962965,pre
2132,event-maze,other,0,0,pre
2722,maze-event,harris,100,1,pre
2722,maze-event,trump,0,0,pre
2722,maze-event,other,0,0,pre
2973,spr-event,harris,43,0.4215686274509804,pre
2973,spr-event,trump,59,0.5784313725490197,pre
2973,spr-event,other,0,0,pre
2312,cloze-event,harris,0,0,pre
2312,cloze-event,trump,100,1,pre
2312,cloze-event,other,0,0,pre
1831,spr-event,trump,79,0.797979797979798,pre
1831,spr-event,harris,20,0.20202020202020202,pre
1831,spr-event,other,0,0,pre
2766,cloze-event,trump,46,0.4742268041237113,pre
2766,cloze-event,harris,51,0.5257731958762887,pre
2766,cloze-event,other,0,0,pre
2161,event-maze,trump,88,0.5365853658536586,pre
2161,event-maze,harris,61,0.3719512195121951,pre
2161,event-maze,other,15,0.09146341463414634,pre
1837,cloze-event,harris,75,0.7653061224489796,pre
1837,cloze-event,trump,23,0.23469387755102042,pre
1837,cloze-event,other,0,0,pre
1909,spr-event,harris,77,0.5422535211267606,pre
1909,spr-event,trump,49,0.34507042253521125,pre
1909,spr-event,other,16,0.11267605633802817,pre
1400,event-cloze,trump,86,0.7610619469026548,pre
1400,event-cloze,harris,27,0.23893805309734514,pre
1400,event-cloze,other,0,0,pre
2612,maze-event,harris,100,1,pre
2612,maze-event,trump,0,0,pre
2612,maze-event,other,0,0,pre
2311,spr-event,trump,75,0.75,pre
2311,spr-event,harris,25,0.25,pre
2311,spr-event,other,0,0,pre
2976,spr-event,trump,90,0.8823529411764706,pre
2976,spr-event,harris,11,0.10784313725490197,pre
2976,spr-event,other,1,0.00980392156862745,pre
1691,cloze-event,harris,59,0.5959595959595959,pre
1691,cloze-event,trump,40,0.40404040404040403,pre
1691,cloze-event,other,0,0,pre
1633,maze-event,harris,50,0.3968253968253968,pre
1633,maze-event,trump,76,0.6031746031746031,pre
1633,maze-event,other,0,0,pre
2762,spr-event,harris,100,0.9803921568627451,pre
2762,spr-event,trump,1,0.00980392156862745,pre
2762,spr-event,other,1,0.00980392156862745,pre
1446,cloze-event,harris,53,0.5196078431372549,pre
1446,cloze-event,trump,49,0.4803921568627451,pre
1446,cloze-event,other,0,0,pre
1666,cloze-event,harris,46,0.46,pre
1666,cloze-event,trump,53,0.53,pre
1666,cloze-event,other,1,0.01,pre
1784,event-maze,trump,42,0.4158415841584158,pre
1784,event-maze,harris,59,0.5841584158415841,pre
1784,event-maze,other,0,0,pre
1607,maze-event,harris,65,0.625,pre
1607,maze-event,trump,39,0.375,pre
1607,maze-event,other,0,0,pre
1866,cloze-event,harris,59,0.6210526315789474,pre
1866,cloze-event,trump,36,0.37894736842105264,pre
1866,cloze-event,other,0,0,pre
1647,spr-event,trump,50,0.5050505050505051,pre
1647,spr-event,harris,49,0.494949494949495,pre
1647,spr-event,other,0,0,pre
2122,cloze-event,harris,41,0.40594059405940597,pre
2122,cloze-event,trump,60,0.594059405940594,pre
2122,cloze-event,other,0,0,pre
2201,spr-event,trump,89,0.8240740740740741,pre
2201,spr-event,harris,19,0.17592592592592593,pre
2201,spr-event,other,0,0,pre
1953,event-cloze,harris,24,0.23300970873786409,pre
1953,event-cloze,trump,75,0.7281553398058253,pre
1953,event-cloze,other,4,0.038834951456310676,pre
1818,maze-event,trump,48,0.48,pre
1818,maze-event,harris,52,0.52,pre
1818,maze-event,other,0,0,pre
1486,spr-event,trump,37,0.37,pre
1486,spr-event,harris,63,0.63,pre
1486,spr-event,other,0,0,pre
1718,cloze-event,harris,37,0.3627450980392157,pre
1718,cloze-event,trump,65,0.6372549019607843,pre
1718,cloze-event,other,0,0,pre
2642,cloze-event,trump,77,0.5310344827586206,pre
2642,cloze-event,harris,68,0.4689655172413793,pre
2642,cloze-event,other,0,0,pre
2849,cloze-event,trump,87,0.7631578947368421,pre
2849,cloze-event,harris,27,0.23684210526315788,pre
2849,cloze-event,other,0,0,pre
2840,cloze-event,harris,49,0.494949494949495,pre
2840,cloze-event,trump,50,0.5050505050505051,pre
2840,cloze-event,other,0,0,pre
1813,spr-event,harris,42,0.4375,pre
1813,spr-event,trump,54,0.5625,pre
1813,spr-event,other,0,0,pre
2827,maze-event,harris,45,0.46875,pre
2827,maze-event,trump,51,0.53125,pre
2827,maze-event,other,0,0,pre
1391,event-maze,trump,44,0.44,pre
1391,event-maze,harris,55,0.55,pre
1391,event-maze,other,1,0.01,pre
1628,event-spr,harris,99,0.99,pre
1628,event-spr,trump,1,0.01,pre
1628,event-spr,other,0,0,pre
1421,cloze-event,harris,44,0.43137254901960786,pre
1421,cloze-event,trump,57,0.5588235294117647,pre
1421,cloze-event,other,1,0.00980392156862745,pre
2332,event-cloze,harris,43,0.43,pre
2332,event-cloze,trump,57,0.57,pre
2332,event-cloze,other,0,0,pre
1992,spr-event,harris,49,0.494949494949495,pre
1992,spr-event,trump,50,0.5050505050505051,pre
1992,spr-event,other,0,0,pre
1989,spr-event,trump,24,0.20168067226890757,pre
1989,spr-event,harris,95,0.7983193277310925,pre
1989,spr-event,other,0,0,pre
2042,spr-event,harris,50,0.5102040816326531,pre
2042,spr-event,trump,48,0.4897959183673469,pre
2042,spr-event,other,0,0,pre
1897,event-maze,harris,50,0.5,pre
1897,event-maze,trump,50,0.5,pre
1897,event-maze,other,0,0,pre
2692,maze-event,trump,58,0.5087719298245614,pre
2692,maze-event,harris,51,0.4473684210526316,pre
2692,maze-event,other,5,0.043859649122807015,pre
2597,event-maze,harris,88,0.6376811594202898,pre
2597,event-maze,trump,50,0.36231884057971014,pre
2597,event-maze,other,0,0,pre
2424,event-maze,trump,1,0.009900990099009901,pre
2424,event-maze,harris,100,0.9900990099009901,pre
2424,event-maze,other,0,0,pre
2867,event-spr,trump,38,0.3247863247863248,pre
2867,event-spr,harris,79,0.6752136752136753,pre
2867,event-spr,other,0,0,pre
2370,event-maze,harris,74,0.7708333333333334,pre
2370,event-maze,trump,22,0.22916666666666666,pre
2370,event-maze,other,0,0,pre
2979,event-spr,trump,99,0.9801980198019802,pre
2979,event-spr,harris,1,0.009900990099009901,pre
2979,event-spr,other,1,0.009900990099009901,pre
1879,spr-event,harris,58,0.6041666666666666,pre
1879,spr-event,trump,38,0.3958333333333333,pre
1879,spr-event,other,0,0,pre
2754,spr-event,harris,21,0.15789473684210525,pre
2754,spr-event,trump,84,0.631578947368421,pre
2754,spr-event,other,28,0.21052631578947367,pre
2438,cloze-event,harris,57,0.5533980582524272,pre
2438,cloze-event,trump,46,0.44660194174757284,pre
2438,cloze-event,other,0,0,pre
2863,maze-event,trump,64,0.5981308411214953,pre
2863,maze-event,harris,37,0.34579439252336447,pre
2863,maze-event,other,6,0.056074766355140186,pre
1709,cloze-event,trump,89,0.5816993464052288,pre
1709,cloze-event,harris,49,0.3202614379084967,pre
1709,cloze-event,other,15,0.09803921568627451,pre
2406,spr-event,harris,63,0.6237623762376238,pre
2406,spr-event,trump,38,0.37623762376237624,pre
2406,spr-event,other,0,0,pre
1819,cloze-event,trump,24,0.24242424242424243,pre
1819,cloze-event,harris,75,0.7575757575757576,pre
1819,cloze-event,other,0,0,pre
1642,cloze-event,harris,93,0.9489795918367347,pre
1642,cloze-event,trump,5,0.05102040816326531,pre
1642,cloze-event,other,0,0,pre
2068,cloze-event,harris,75,0.6,pre
2068,cloze-event,trump,50,0.4,pre
2068,cloze-event,other,0,0,pre
1422,maze-event,harris,54,0.5454545454545454,pre
1422,maze-event,trump,45,0.45454545454545453,pre
1422,maze-event,other,0,0,pre
2483,maze-event,harris,0,0,pre
2483,maze-event,trump,100,1,pre
2483,maze-event,other,0,0,pre
2180,spr-event,harris,100,1,pre
2180,spr-event,trump,0,0,pre
2180,spr-event,other,0,0,pre
2433,spr-event,trump,70,0.56,pre
2433,spr-event,harris,55,0.44,pre
2433,spr-event,other,0,0,pre
1558,spr-event,trump,47,0.47474747474747475,pre
1558,spr-event,harris,52,0.5252525252525253,pre
1558,spr-event,other,0,0,pre
2687,event-spr,harris,50,0.5,pre
2687,event-spr,trump,50,0.5,pre
2687,event-spr,other,0,0,pre
2232,cloze-event,trump,39,0.4431818181818182,pre
2232,cloze-event,harris,49,0.5568181818181818,pre
2232,cloze-event,other,0,0,pre
2413,cloze-event,harris,25,0.25,pre
2413,cloze-event,trump,75,0.75,pre
2413,cloze-event,other,0,0,pre
1835,spr-event,harris,75,0.7653061224489796,pre
1835,spr-event,trump,23,0.23469387755102042,pre
1835,spr-event,other,0,0,pre
1711,cloze-event,trump,55,0.55,pre
1711,cloze-event,harris,45,0.45,pre
1711,cloze-event,other,0,0,pre
2470,event-cloze,harris,100,1,pre
2470,event-cloze,trump,0,0,pre
2470,event-cloze,other,0,0,pre
2415,event-spr,trump,36,0.36,pre
2415,event-spr,harris,58,0.58,pre
2415,event-spr,other,6,0.06,pre
2838,cloze-event,trump,100,1,pre
2838,cloze-event,harris,0,0,pre
2838,cloze-event,other,0,0,pre
2498,cloze-event,harris,36,0.32727272727272727,pre
2498,cloze-event,trump,66,0.6,pre
2498,cloze-event,other,8,0.07272727272727272,pre
1668,event-cloze,harris,24,0.24242424242424243,pre
1668,event-cloze,trump,75,0.7575757575757576,pre
1668,event-cloze,other,0,0,pre
2635,event-cloze,trump,51,0.5151515151515151,pre
2635,event-cloze,harris,48,0.48484848484848486,pre
2635,event-cloze,other,0,0,pre
2698,spr-event,harris,51,0.5151515151515151,pre
2698,spr-event,trump,48,0.48484848484848486,pre
2698,spr-event,other,0,0,pre
2150,event-cloze,trump,75,0.5597014925373134,pre
2150,event-cloze,harris,56,0.417910447761194,pre
2150,event-cloze,other,3,0.022388059701492536,pre
1857,event-maze,trump,67,0.7052631578947368,pre
1857,event-maze,harris,28,0.29473684210526313,pre
1857,event-maze,other,0,0,pre
2586,maze-event,trump,78,0.5064935064935064,pre
2586,maze-event,harris,45,0.2922077922077922,pre
2586,maze-event,other,31,0.2012987012987013,pre
2037,spr-event,trump,25,0.25,pre
2037,spr-event,harris,74,0.74,pre
2037,spr-event,other,1,0.01,pre
1548,cloze-event,trump,24,0.24489795918367346,pre
1548,cloze-event,harris,74,0.7551020408163265,pre
1548,cloze-event,other,0,0,pre
1392,cloze-event,trump,45,0.45918367346938777,pre
1392,cloze-event,harris,53,0.5408163265306123,pre
1392,cloze-event,other,0,0,pre
2096,maze-event,trump,96,0.9320388349514563,pre
2096,maze-event,harris,6,0.05825242718446602,pre
2096,maze-event,other,1,0.009708737864077669,pre
2091,event-spr,harris,63,0.6176470588235294,pre
2091,event-spr,trump,39,0.38235294117647056,pre
2091,event-spr,other,0,0,pre
2758,maze-event,trump,49,0.48514851485148514,pre
2758,maze-event,harris,52,0.5148514851485149,pre
2758,maze-event,other,0,0,pre
2674,spr-event,harris,24,0.24742268041237114,pre
2674,spr-event,trump,73,0.7525773195876289,pre
2674,spr-event,other,0,0,pre
2759,cloze-event,trump,15,0.15306122448979592,pre
2759,cloze-event,harris,83,0.8469387755102041,pre
2759,cloze-event,other,0,0,pre
2395,event-cloze,trump,0,0,pre
2395,event-cloze,harris,88,0.8627450980392157,pre
2395,event-cloze,other,14,0.13725490196078433,pre
1783,event-maze,trump,49,0.5,pre
1783,event-maze,harris,49,0.5,pre
1783,event-maze,other,0,0,pre
2325,spr-event,harris,79,0.7523809523809524,pre
2325,spr-event,trump,26,0.24761904761904763,pre
2325,spr-event,other,0,0,pre
2541,maze-event,harris,0,0,pre
2541,maze-event,trump,100,1,pre
2541,maze-event,other,0,0,pre
2575,cloze-event,harris,97,0.7578125,pre
2575,cloze-event,trump,26,0.203125,pre
2575,cloze-event,other,5,0.0390625,pre
1491,maze-event,harris,49,0.494949494949495,pre
1491,maze-event,trump,50,0.5050505050505051,pre
1491,maze-event,other,0,0,pre
2172,spr-event,harris,23,0.20909090909090908,pre
2172,spr-event,trump,86,0.7818181818181819,pre
2172,spr-event,other,1,0.00909090909090909,pre
2093,event-maze,trump,48,0.48484848484848486,pre
2093,event-maze,harris,51,0.5151515151515151,pre
2093,event-maze,other,0,0,pre
2203,spr-event,harris,52,0.5148514851485149,pre
2203,spr-event,trump,49,0.48514851485148514,pre
2203,spr-event,other,0,0,pre
2618,event-cloze,trump,23,0.23469387755102042,pre
2618,event-cloze,harris,75,0.7653061224489796,pre
2618,event-cloze,other,0,0,pre
2956,spr-event,trump,80,0.6837606837606838,pre
2956,spr-event,harris,28,0.23931623931623933,pre
2956,spr-event,other,9,0.07692307692307693,pre
1746,cloze-event,harris,77,0.7549019607843137,pre
1746,cloze-event,trump,25,0.24509803921568626,pre
1746,cloze-event,other,0,0,pre
1985,spr-event,trump,49,0.494949494949495,pre
1985,spr-event,harris,50,0.5050505050505051,pre
1985,spr-event,other,0,0,pre
1958,event-maze,harris,56,0.5773195876288659,pre
1958,event-maze,trump,41,0.422680412371134,pre
1958,event-maze,other,0,0,pre
2463,spr-event,harris,52,0.5306122448979592,pre
2463,spr-event,trump,46,0.46938775510204084,pre
2463,spr-event,other,0,0,pre
2256,event-spr,trump,25,0.24752475247524752,pre
2256,event-spr,harris,76,0.7524752475247525,pre
2256,event-spr,other,0,0,pre
2226,event-cloze,trump,63,0.6237623762376238,pre
2226,event-cloze,harris,38,0.37623762376237624,pre
2226,event-cloze,other,0,0,pre
2549,spr-event,harris,52,0.37142857142857144,pre
2549,spr-event,trump,88,0.6285714285714286,pre
2549,spr-event,other,0,0,pre
2020,cloze-event,trump,49,0.4803921568627451,pre
2020,cloze-event,harris,50,0.49019607843137253,pre
2020,cloze-event,other,3,0.029411764705882353,pre
2723,event-spr,trump,47,0.4845360824742268,pre
2723,event-spr,harris,50,0.5154639175257731,pre
2723,event-spr,other,0,0,pre
2480,event-cloze,harris,14,0.0979020979020979,pre
2480,event-cloze,trump,30,0.2097902097902098,pre
2480,event-cloze,other,99,0.6923076923076923,pre
2807,cloze-event,harris,40,0.38461538461538464,pre
2807,cloze-event,trump,64,0.6153846153846154,pre
2807,cloze-event,other,0,0,pre
2290,spr-event,harris,50,0.49504950495049505,pre
2290,spr-event,trump,51,0.504950495049505,pre
2290,spr-event,other,0,0,pre
1542,maze-event,harris,74,0.7551020408163265,pre
1542,maze-event,trump,24,0.24489795918367346,pre
1542,maze-event,other,0,0,pre
2148,event-spr,trump,36,0.375,pre
2148,event-spr,harris,60,0.625,pre
2148,event-spr,other,0,0,pre
1932,event-cloze,harris,95,0.7364341085271318,pre
1932,event-cloze,trump,2,0.015503875968992248,pre
1932,event-cloze,other,32,0.24806201550387597,pre
1887,event-spr,trump,42,0.4117647058823529,pre
1887,event-spr,harris,60,0.5882352941176471,pre
1887,event-spr,other,0,0,pre
1416,event-spr,harris,49,0.5,pre
1416,event-spr,trump,49,0.5,pre
1416,event-spr,other,0,0,pre
2103,spr-event,trump,70,0.7,pre
2103,spr-event,harris,26,0.26,pre
2103,spr-event,other,4,0.04,pre
2224,event-cloze,harris,11,0.10476190476190476,pre
2224,event-cloze,trump,94,0.8952380952380953,pre
2224,event-cloze,other,0,0,pre
1497,spr-event,harris,46,0.46938775510204084,pre
1497,spr-event,trump,47,0.47959183673469385,pre
1497,spr-event,other,5,0.05102040816326531,pre
2899,spr-event,harris,24,0.24242424242424243,pre
2899,spr-event,trump,75,0.7575757575757576,pre
2899,spr-event,other,0,0,pre
2453,event-cloze,harris,76,0.7676767676767676,pre
2453,event-cloze,trump,20,0.20202020202020202,pre
2453,event-cloze,other,3,0.030303030303030304,pre
1390,maze-event,trump,51,0.5,pre
1390,maze-event,harris,51,0.5,pre
1390,maze-event,other,0,0,pre
2191,maze-event,trump,46,0.4339622641509434,pre
2191,maze-event,harris,57,0.5377358490566038,pre
2191,maze-event,other,3,0.02830188679245283,pre
2265,cloze-event,trump,100,0.6622516556291391,pre
2265,cloze-event,harris,51,0.33774834437086093,pre
2265,cloze-event,other,0,0,pre
1564,event-spr,trump,100,0.5747126436781609,pre
1564,event-spr,harris,66,0.3793103448275862,pre
1564,event-spr,other,8,0.04597701149425287,pre
2434,cloze-event,harris,49,0.5568181818181818,pre
2434,cloze-event,trump,39,0.4431818181818182,pre
2434,cloze-event,other,0,0,pre
1440,spr-event,harris,91,0.8921568627450981,pre
1440,spr-event,trump,11,0.10784313725490197,pre
1440,spr-event,other,0,0,pre
2075,cloze-event,harris,42,0.4158415841584158,pre
2075,cloze-event,trump,58,0.5742574257425742,pre
2075,cloze-event,other,1,0.009900990099009901,pre
2663,spr-event,trump,63,0.41721854304635764,pre
2663,spr-event,harris,87,0.5761589403973509,pre
2663,spr-event,other,1,0.006622516556291391,pre
2769,spr-event,harris,46,0.46464646464646464,pre
2769,spr-event,trump,53,0.5353535353535354,pre
2769,spr-event,other,0,0,pre
2659,cloze-event,harris,24,0.24242424242424243,pre
2659,cloze-event,trump,75,0.7575757575757576,pre
2659,cloze-event,other,0,0,pre
2679,cloze-event,harris,63,0.6363636363636364,pre
2679,cloze-event,trump,36,0.36363636363636365,pre
2679,cloze-event,other,0,0,pre
2890,spr-event,harris,2,0.0196078431372549,pre
2890,spr-event,trump,100,0.9803921568627451,pre
2890,spr-event,other,0,0,pre
1648,spr-event,harris,57,0.5588235294117647,pre
1648,spr-event,trump,45,0.4411764705882353,pre
1648,spr-event,other,0,0,pre
2655,event-spr,harris,24,0.22429906542056074,pre
2655,event-spr,trump,83,0.7757009345794392,pre
2655,event-spr,other,0,0,pre
1963,event-spr,trump,25,0.24752475247524752,pre
1963,event-spr,harris,76,0.7524752475247525,pre
1963,event-spr,other,0,0,pre
2671,maze-event,trump,100,0.9900990099009901,pre
2671,maze-event,harris,1,0.009900990099009901,pre
2671,maze-event,other,0,0,pre
1660,spr-event,harris,49,0.494949494949495,pre
1660,spr-event,trump,50,0.5050505050505051,pre
1660,spr-event,other,0,0,pre
2491,spr-event,harris,100,1,pre
2491,spr-event,trump,0,0,pre
2491,spr-event,other,0,0,pre
2238,maze-event,harris,12,0.12121212121212122,pre
2238,maze-event,trump,87,0.8787878787878788,pre
2238,maze-event,other,0,0,pre
2081,cloze-event,trump,49,0.48514851485148514,pre
2081,cloze-event,harris,50,0.49504950495049505,pre
2081,cloze-event,other,2,0.019801980198019802,pre
2260,spr-event,harris,50,0.5050505050505051,pre
2260,spr-event,trump,49,0.494949494949495,pre
2260,spr-event,other,0,0,pre
1970,spr-event,trump,32,0.32,pre
1970,spr-event,harris,68,0.68,pre
1970,spr-event,other,0,0,pre
1986,maze-event,harris,49,0.5,pre
1986,maze-event,trump,49,0.5,pre
1986,maze-event,other,0,0,pre
1437,spr-event,trump,38,0.37254901960784315,pre
1437,spr-event,harris,64,0.6274509803921569,pre
1437,spr-event,other,0,0,pre
2308,event-cloze,trump,91,0.91,pre
2308,event-cloze,harris,9,0.09,pre
2308,event-cloze,other,0,0,pre
2418,spr-event,trump,73,0.7373737373737373,pre
2418,spr-event,harris,26,0.26262626262626265,pre
2418,spr-event,other,0,0,pre
2873,event-spr,trump,51,0.5,pre
2873,event-spr,harris,51,0.5,pre
2873,event-spr,other,0,0,pre
2062,maze-event,trump,100,1,pre
2062,maze-event,harris,0,0,pre
2062,maze-event,other,0,0,pre
2768,event-spr,trump,96,1,pre
2768,event-spr,harris,0,0,pre
2768,event-spr,other,0,0,pre
2417,cloze-event,trump,0,0,pre
2417,cloze-event,harris,100,1,pre
2417,cloze-event,other,0,0,pre
1896,event-maze,trump,100,1,pre
1896,event-maze,harris,0,0,pre
1896,event-maze,other,0,0,pre
1883,event-cloze,harris,35,0.36082474226804123,pre
1883,event-cloze,trump,58,0.5979381443298969,pre
1883,event-cloze,other,4,0.041237113402061855,pre
2810,spr-event,trump,47,0.47959183673469385,pre
2810,spr-event,harris,51,0.5204081632653061,pre
2810,spr-event,other,0,0,pre
1917,spr-event,trump,91,0.8425925925925926,pre
1917,spr-event,harris,17,0.1574074074074074,pre
1917,spr-event,other,0,0,pre
1511,maze-event,harris,48,0.48,pre
1511,maze-event,trump,52,0.52,pre
1511,maze-event,other,0,0,pre
1461,maze-event,harris,74,0.7474747474747475,pre
1461,maze-event,trump,25,0.25252525252525254,pre
1461,maze-event,other,0,0,pre
2053,spr-event,harris,43,0.4215686274509804,pre
2053,spr-event,trump,59,0.5784313725490197,pre
2053,spr-event,other,0,0,pre
1720,cloze-event,trump,77,0.7475728155339806,pre
1720,cloze-event,harris,24,0.23300970873786409,pre
1720,cloze-event,other,2,0.019417475728155338,pre
2545,spr-event,trump,7,0.06862745098039216,pre
2545,spr-event,harris,95,0.9313725490196079,pre
2545,spr-event,other,0,0,pre
1738,spr-event,trump,17,0.17,pre
1738,spr-event,harris,83,0.83,pre
1738,spr-event,other,0,0,pre
2750,spr-event,trump,9,0.09,pre
2750,spr-event,harris,91,0.91,pre
2750,spr-event,other,0,0,pre
2560,event-maze,harris,62,0.6078431372549019,pre
2560,event-maze,trump,40,0.39215686274509803,pre
2560,event-maze,other,0,0,pre
2603,event-maze,trump,33,0.3142857142857143,pre
2603,event-maze,harris,72,0.6857142857142857,pre
2603,event-maze,other,0,0,pre
1980,cloze-event,trump,46,0.46,pre
1980,cloze-event,harris,54,0.54,pre
1980,cloze-event,other,0,0,pre
2622,spr-event,trump,0,0,pre
2622,spr-event,harris,100,1,pre
2622,spr-event,other,0,0,pre
1544,event-spr,trump,0,0,pre
1544,event-spr,harris,100,1,pre
1544,event-spr,other,0,0,pre
2420,cloze-event,trump,44,0.4583333333333333,pre
2420,cloze-event,harris,52,0.5416666666666666,pre
2420,cloze-event,other,0,0,pre
1723,spr-event,trump,7,0.07142857142857142,pre
1723,spr-event,harris,91,0.9285714285714286,pre
1723,spr-event,other,0,0,pre
2030,event-maze,harris,63,0.5887850467289719,pre
2030,event-maze,trump,44,0.411214953271028,pre
2030,event-maze,other,0,0,pre
1663,event-maze,harris,24,0.24242424242424243,pre
1663,event-maze,trump,75,0.7575757575757576,pre
1663,event-maze,other,0,0,pre
2478,spr-event,harris,75,0.75,pre
2478,spr-event,trump,25,0.25,pre
2478,spr-event,other,0,0,pre
1485,event-cloze,harris,43,0.4387755102040816,pre
1485,event-cloze,trump,55,0.5612244897959183,pre
1485,event-cloze,other,0,0,pre
1546,spr-event,harris,37,0.3592233009708738,pre
1546,spr-event,trump,66,0.6407766990291263,pre
1546,spr-event,other,0,0,pre
2805,maze-event,harris,43,0.4056603773584906,pre
2805,maze-event,trump,63,0.5943396226415094,pre
2805,maze-event,other,0,0,pre
1402,maze-event,trump,48,0.48484848484848486,pre
1402,maze-event,harris,51,0.5151515151515151,pre
1402,maze-event,other,0,0,pre
2982,cloze-event,trump,24,0.24489795918367346,pre
2982,cloze-event,harris,74,0.7551020408163265,pre
2982,cloze-event,other,0,0,pre
2113,maze-event,harris,53,0.4953271028037383,pre
2113,maze-event,trump,47,0.4392523364485981,pre
2113,maze-event,other,7,0.06542056074766354,pre
1515,event-maze,trump,60,0.594059405940594,pre
1515,event-maze,harris,41,0.40594059405940597,pre
1515,event-maze,other,0,0,pre
1938,spr-event,harris,51,0.5,pre
1938,spr-event,trump,51,0.5,pre
1938,spr-event,other,0,0,pre
1605,spr-event,trump,100,1,pre
1605,spr-event,harris,0,0,pre
1605,spr-event,other,0,0,pre
1997,event-spr,harris,8,0.08080808080808081,pre
1997,event-spr,trump,91,0.9191919191919192,pre
1997,event-spr,other,0,0,pre
2147,maze-event,harris,25,0.24752475247524752,pre
2147,maze-event,trump,76,0.7524752475247525,pre
2147,maze-event,other,0,0,pre
1755,cloze-event,trump,52,0.5148514851485149,pre
1755,cloze-event,harris,49,0.48514851485148514,pre
1755,cloze-event,other,0,0,pre
1453,spr-event,harris,53,0.5463917525773195,pre
1453,spr-event,trump,44,0.4536082474226804,pre
1453,spr-event,other,0,0,pre
1570,cloze-event,harris,75,0.7575757575757576,pre
1570,cloze-event,trump,24,0.24242424242424243,pre
1570,cloze-event,other,0,0,pre
1547,spr-event,harris,87,0.7631578947368421,pre
1547,spr-event,trump,24,0.21052631578947367,pre
1547,spr-event,other,3,0.02631578947368421,pre
2675,spr-event,trump,24,0.24742268041237114,pre
2675,spr-event,harris,73,0.7525773195876289,pre
2675,spr-event,other,0,0,pre
1900,maze-event,harris,75,0.7575757575757576,pre
1900,maze-event,trump,24,0.24242424242424243,pre
1900,maze-event,other,0,0,pre
1850,spr-event,harris,95,0.8796296296296297,pre
1850,spr-event,trump,13,0.12037037037037036,pre
1850,spr-event,other,0,0,pre
1525,cloze-event,trump,100,0.9615384615384616,pre
1525,cloze-event,harris,2,0.019230769230769232,pre
1525,cloze-event,other,2,0.019230769230769232,pre
1990,spr-event,trump,42,0.42,pre
1990,spr-event,harris,58,0.58,pre
1990,spr-event,other,0,0,pre
1761,cloze-event,trump,26,0.25742574257425743,pre
1761,cloze-event,harris,75,0.7425742574257426,pre
1761,cloze-event,other,0,0,pre
2171,maze-event,trump,50,0.5,pre
2171,maze-event,harris,50,0.5,pre
2171,maze-event,other,0,0,pre
2919,event-maze,trump,52,0.5252525252525253,pre
2919,event-maze,harris,47,0.47474747474747475,pre
2919,event-maze,other,0,0,pre
1523,event-spr,trump,100,1,pre
1523,event-spr,harris,0,0,pre
1523,event-spr,other,0,0,pre
2144,event-maze,trump,77,0.5968992248062015,pre
2144,event-maze,harris,50,0.3875968992248062,pre
2144,event-maze,other,2,0.015503875968992248,pre
1686,event-maze,trump,74,0.5034013605442177,pre
1686,event-maze,harris,49,0.3333333333333333,pre
1686,event-maze,other,24,0.16326530612244897,pre
1930,cloze-event,harris,75,0.7575757575757576,pre
1930,cloze-event,trump,24,0.24242424242424243,pre
1930,cloze-event,other,0,0,pre
1855,cloze-event,trump,0,0,pre
1855,cloze-event,harris,100,1,pre
1855,cloze-event,other,0,0,pre
2773,spr-event,trump,50,0.5,pre
2773,spr-event,harris,50,0.5,pre
2773,spr-event,other,0,0,pre
2266,cloze-event,trump,49,0.3602941176470588,pre
2266,cloze-event,harris,76,0.5588235294117647,pre
2266,cloze-event,other,11,0.08088235294117647,pre
1695,cloze-event,harris,72,0.7058823529411765,pre
1695,cloze-event,trump,30,0.29411764705882354,pre
1695,cloze-event,other,0,0,pre
1827,cloze-event,harris,46,0.4842105263157895,pre
1827,cloze-event,trump,49,0.5157894736842106,pre
1827,cloze-event,other,0,0,pre
2338,cloze-event,trump,28,0.3076923076923077,pre
2338,cloze-event,harris,60,0.6593406593406593,pre
2338,cloze-event,other,3,0.03296703296703297,pre
2227,event-maze,harris,48,0.5,pre
2227,event-maze,trump,48,0.5,pre
2227,event-maze,other,0,0,pre
1657,event-maze,harris,0,0,pre
1657,event-maze,trump,100,0.9523809523809523,pre
1657,event-maze,other,5,0.047619047619047616,pre
1968,cloze-event,harris,100,1,pre
1968,cloze-event,trump,0,0,pre
1968,cloze-event,other,0,0,pre
1860,maze-event,harris,38,0.37623762376237624,pre
1860,maze-event,trump,63,0.6237623762376238,pre
1860,maze-event,other,0,0,pre
2595,cloze-event,harris,38,0.3392857142857143,pre
2595,cloze-event,trump,74,0.6607142857142857,pre
2595,cloze-event,other,0,0,pre
2783,spr-event,trump,88,0.8888888888888888,pre
2783,spr-event,harris,10,0.10101010101010101,pre
2783,spr-event,other,1,0.010101010101010102,pre
2757,spr-event,harris,100,0.6993006993006993,pre
2757,spr-event,trump,34,0.23776223776223776,pre
2757,spr-event,other,9,0.06293706293706294,pre
1586,event-cloze,harris,0,0,pre
1586,event-cloze,trump,100,1,pre
1586,event-cloze,other,0,0,pre
1993,maze-event,trump,76,0.628099173553719,pre
1993,maze-event,harris,45,0.371900826446281,pre
1993,maze-event,other,0,0,pre
2562,spr-event,trump,55,0.5729166666666666,pre
2562,spr-event,harris,41,0.4270833333333333,pre
2562,spr-event,other,0,0,pre
1871,maze-event,harris,25,0.25,pre
1871,maze-event,trump,75,0.75,pre
1871,maze-event,other,0,0,pre
2734,maze-event,harris,100,0.7936507936507936,pre
2734,maze-event,trump,26,0.20634920634920634,pre
2734,maze-event,other,0,0,pre
2251,spr-event,trump,39,0.35454545454545455,pre
2251,spr-event,harris,68,0.6181818181818182,pre
2251,spr-event,other,3,0.02727272727272727,pre
1517,maze-event,trump,66,0.6285714285714286,pre
1517,maze-event,harris,39,0.37142857142857144,pre
1517,maze-event,other,0,0,pre
2426,event-maze,trump,90,0.8035714285714286,pre
2426,event-maze,harris,18,0.16071428571428573,pre
2426,event-maze,other,4,0.03571428571428571,pre
2641,event-spr,trump,87,0.8787878787878788,pre
2641,event-spr,harris,12,0.12121212121212122,pre
2641,event-spr,other,0,0,pre
2950,cloze-event,harris,50,0.5050505050505051,pre
2950,cloze-event,trump,49,0.494949494949495,pre
2950,cloze-event,other,0,0,pre
2071,event-maze,trump,84,0.84,pre
2071,event-maze,harris,16,0.16,pre
2071,event-maze,other,0,0,pre
1428,event-spr,harris,37,0.3627450980392157,pre
1428,event-spr,trump,65,0.6372549019607843,pre
1428,event-spr,other,0,0,pre
2439,maze-event,harris,46,0.46,pre
2439,maze-event,trump,54,0.54,pre
2439,maze-event,other,0,0,pre
2292,event-cloze,trump,43,0.4387755102040816,pre
2292,event-cloze,harris,55,0.5612244897959183,pre
2292,event-cloze,other,0,0,pre
2855,event-cloze,harris,52,0.5,pre
2855,event-cloze,trump,52,0.5,pre
2855,event-cloze,other,0,0,pre
1999,spr-event,trump,87,0.6304347826086957,pre
1999,spr-event,harris,16,0.11594202898550725,pre
1999,spr-event,other,35,0.2536231884057971,pre
2003,maze-event,trump,6,0.05825242718446602,pre
2003,maze-event,harris,97,0.941747572815534,pre
2003,maze-event,other,0,0,pre
2302,cloze-event,trump,77,0.7857142857142857,pre
2302,cloze-event,harris,21,0.21428571428571427,pre
2302,cloze-event,other,0,0,pre
2514,event-spr,harris,46,0.45098039215686275,pre
2514,event-spr,trump,56,0.5490196078431373,pre
2514,event-spr,other,0,0,pre
2869,spr-event,harris,0,0,pre
2869,spr-event,trump,100,0.6578947368421053,pre
2869,spr-event,other,52,0.34210526315789475,pre
1934,maze-event,trump,16,0.15384615384615385,pre
1934,maze-event,harris,88,0.8461538461538461,pre
1934,maze-event,other,0,0,pre
2072,event-spr,trump,19,0.18446601941747573,pre
2072,event-spr,harris,84,0.8155339805825242,pre
2072,event-spr,other,0,0,pre
2402,cloze-event,trump,86,0.7350427350427351,pre
2402,cloze-event,harris,23,0.19658119658119658,pre
2402,cloze-event,other,8,0.06837606837606838,pre
1435,event-maze,trump,67,0.638095238095238,pre
1435,event-maze,harris,38,0.3619047619047619,pre
1435,event-maze,other,0,0,pre
2162,event-spr,harris,50,0.4807692307692308,pre
2162,event-spr,trump,48,0.46153846153846156,pre
2162,event-spr,other,6,0.057692307692307696,pre
2055,spr-event,trump,88,0.8461538461538461,pre
2055,spr-event,harris,16,0.15384615384615385,pre
2055,spr-event,other,0,0,pre
1719,spr-event,harris,64,0.6464646464646465,pre
1719,spr-event,trump,35,0.35353535353535354,pre
1719,spr-event,other,0,0,pre
1473,spr-event,harris,51,0.51,pre
1473,spr-event,trump,49,0.49,pre
1473,spr-event,other,0,0,pre
1521,event-cloze,trump,61,0.6039603960396039,pre
1521,event-cloze,harris,39,0.38613861386138615,pre
1521,event-cloze,other,1,0.009900990099009901,pre
1763,maze-event,trump,49,0.5051546391752577,pre
1763,maze-event,harris,48,0.4948453608247423,pre
1763,maze-event,other,0,0,pre
2955,spr-event,trump,47,0.4845360824742268,pre
2955,spr-event,harris,50,0.5154639175257731,pre
2955,spr-event,other,0,0,pre
2752,maze-event,harris,100,0.9615384615384616,pre
2752,maze-event,trump,4,0.038461538461538464,pre
2752,maze-event,other,0,0,pre
2796,spr-event,trump,100,0.9803921568627451,pre
2796,spr-event,harris,1,0.00980392156862745,pre
2796,spr-event,other,1,0.00980392156862745,pre
1406,event-spr,harris,60,0.5882352941176471,pre
1406,event-spr,trump,42,0.4117647058823529,pre
1406,event-spr,other,0,0,pre
2378,cloze-event,trump,49,0.3983739837398374,pre
2378,cloze-event,harris,66,0.5365853658536586,pre
2378,cloze-event,other,8,0.06504065040650407,pre
2237,cloze-event,trump,88,0.5432098765432098,pre
2237,cloze-event,harris,74,0.4567901234567901,pre
2237,cloze-event,other,0,0,pre
2917,event-maze,trump,56,0.5894736842105263,pre
2917,event-maze,harris,39,0.4105263157894737,pre
2917,event-maze,other,0,0,pre
1610,event-cloze,harris,21,0.2692307692307692,pre
1610,event-cloze,trump,54,0.6923076923076923,pre
1610,event-cloze,other,3,0.038461538461538464,pre
1748,cloze-event,harris,0,0,pre
1748,cloze-event,trump,100,1,pre
1748,cloze-event,other,0,0,pre
2535,cloze-event,trump,42,0.42,pre
2535,cloze-event,harris,58,0.58,pre
2535,cloze-event,other,0,0,pre
1478,event-spr,trump,51,0.5151515151515151,pre
1478,event-spr,harris,48,0.48484848484848486,pre
1478,event-spr,other,0,0,pre
2023,maze-event,harris,65,0.5909090909090909,pre
2023,maze-event,trump,42,0.38181818181818183,pre
2023,maze-event,other,3,0.02727272727272727,pre
2270,event-cloze,trump,48,0.4752475247524752,pre
2270,event-cloze,harris,52,0.5148514851485149,pre
2270,event-cloze,other,1,0.009900990099009901,pre
1533,event-cloze,trump,75,0.7575757575757576,pre
1533,event-cloze,harris,24,0.24242424242424243,pre
1533,event-cloze,other,0,0,pre
1587,event-spr,trump,62,0.6019417475728155,pre
1587,event-spr,harris,40,0.3883495145631068,pre
1587,event-spr,other,1,0.009708737864077669,pre
2454,cloze-event,trump,64,0.6530612244897959,pre
2454,cloze-event,harris,34,0.3469387755102041,pre
2454,cloze-event,other,0,0,pre
2401,cloze-event,harris,79,0.7821782178217822,pre
2401,cloze-event,trump,22,0.21782178217821782,pre
2401,cloze-event,other,0,0,pre
2616,cloze-event,harris,49,0.494949494949495,pre
2616,cloze-event,trump,50,0.5050505050505051,pre
2616,cloze-event,other,0,0,pre
1898,event-cloze,harris,50,0.45454545454545453,pre
1898,event-cloze,trump,50,0.45454545454545453,pre
1898,event-cloze,other,10,0.09090909090909091,pre
2939,cloze-event,harris,40,0.3883495145631068,pre
2939,cloze-event,trump,63,0.6116504854368932,pre
2939,cloze-event,other,0,0,pre
2856,cloze-event,trump,77,0.7403846153846154,pre
2856,cloze-event,harris,17,0.16346153846153846,pre
2856,cloze-event,other,10,0.09615384615384616,pre
2243,spr-event,trump,38,0.38,pre
2243,spr-event,harris,62,0.62,pre
2243,spr-event,other,0,0,pre
2351,spr-event,trump,49,0.494949494949495,pre
2351,spr-event,harris,50,0.5050505050505051,pre
2351,spr-event,other,0,0,pre
2249,spr-event,trump,57,0.5816326530612245,pre
2249,spr-event,harris,41,0.41836734693877553,pre
2249,spr-event,other,0,0,pre
2349,event-maze,trump,82,0.6507936507936508,pre
2349,event-maze,harris,39,0.30952380952380953,pre
2349,event-maze,other,5,0.03968253968253968,pre
1684,event-cloze,harris,59,0.5175438596491229,pre
1684,event-cloze,trump,46,0.40350877192982454,pre
1684,event-cloze,other,9,0.07894736842105263,pre
1933,event-cloze,trump,0,0,pre
1933,event-cloze,harris,100,1,pre
1933,event-cloze,other,0,0,pre
1892,maze-event,harris,44,0.4536082474226804,pre
1892,maze-event,trump,53,0.5463917525773195,pre
1892,maze-event,other,0,0,pre
2342,spr-event,trump,27,0.15,pre
2342,spr-event,harris,98,0.5444444444444444,pre
2342,spr-event,other,55,0.3055555555555556,pre
2051,event-maze,harris,100,1,pre
2051,event-maze,trump,0,0,pre
2051,event-maze,other,0,0,pre
1579,event-maze,trump,38,0.37254901960784315,pre
1579,event-maze,harris,64,0.6274509803921569,pre
1579,event-maze,other,0,0,pre
2158,event-cloze,trump,50,0.5,pre
2158,event-cloze,harris,50,0.5,pre
2158,event-cloze,other,0,0,pre
1760,event-maze,harris,74,0.7474747474747475,pre
1760,event-maze,trump,25,0.25252525252525254,pre
1760,event-maze,other,0,0,pre
1948,maze-event,trump,49,0.494949494949495,pre
1948,maze-event,harris,49,0.494949494949495,pre
1948,maze-event,other,1,0.010101010101010102,pre
1776,event-maze,trump,46,0.45098039215686275,pre
1776,event-maze,harris,56,0.5490196078431373,pre
1776,event-maze,other,0,0,pre
2966,maze-event,harris,23,0.20353982300884957,pre
2966,maze-event,trump,85,0.7522123893805309,pre
2966,maze-event,other,5,0.04424778761061947,pre
2957,event-spr,harris,0,0,pre
2957,event-spr,trump,100,1,pre
2957,event-spr,other,0,0,pre
1936,cloze-event,trump,48,0.48,pre
1936,cloze-event,harris,52,0.52,pre
1936,cloze-event,other,0,0,pre
1502,cloze-event,harris,50,0.5,pre
1502,cloze-event,trump,50,0.5,pre
1502,cloze-event,other,0,0,pre
1882,spr-event,trump,7,0.06306306306306306,pre
1882,spr-event,harris,96,0.8648648648648649,pre
1882,spr-event,other,8,0.07207207207207207,pre
1841,spr-event,trump,92,0.7419354838709677,pre
1841,spr-event,harris,24,0.1935483870967742,pre
1841,spr-event,other,8,0.06451612903225806,pre
2157,cloze-event,harris,64,0.6336633663366337,pre
2157,cloze-event,trump,37,0.36633663366336633,pre
2157,cloze-event,other,0,0,pre
2680,cloze-event,trump,63,0.6057692307692307,pre
2680,cloze-event,harris,41,0.3942307692307692,pre
2680,cloze-event,other,0,0,pre
1594,event-cloze,trump,50,0.5,pre
1594,event-cloze,harris,50,0.5,pre
1594,event-cloze,other,0,0,pre
2294,spr-event,harris,64,0.6464646464646465,pre
2294,spr-event,trump,35,0.35353535353535354,pre
2294,spr-event,other,0,0,pre
2045,event-maze,trump,31,0.3263157894736842,pre
2045,event-maze,harris,64,0.6736842105263158,pre
2045,event-maze,other,0,0,pre
1555,spr-event,trump,37,0.3394495412844037,pre
1555,spr-event,harris,69,0.6330275229357798,pre
1555,spr-event,other,3,0.027522935779816515,pre
2554,spr-event,harris,50,0.5,pre
2554,spr-event,trump,50,0.5,pre
2554,spr-event,other,0,0,pre
1673,event-cloze,harris,50,0.5102040816326531,pre
1673,event-cloze,trump,48,0.4897959183673469,pre
1673,event-cloze,other,0,0,pre
1484,spr-event,trump,48,0.48484848484848486,pre
1484,spr-event,harris,51,0.5151515151515151,pre
1484,spr-event,other,0,0,pre
1828,cloze-event,trump,74,0.5285714285714286,pre
1828,cloze-event,harris,66,0.4714285714285714,pre
1828,cloze-event,other,0,0,pre
1804,cloze-event,trump,0,0,pre
1804,cloze-event,harris,100,1,pre
1804,cloze-event,other,0,0,pre
2177,spr-event,harris,47,0.3333333333333333,pre
2177,spr-event,trump,84,0.5957446808510638,pre
2177,spr-event,other,10,0.07092198581560284,pre
2791,cloze-event,trump,100,0.9803921568627451,pre
2791,cloze-event,harris,2,0.0196078431372549,pre
2791,cloze-event,other,0,0,pre
2591,cloze-event,harris,25,0.25252525252525254,pre
2591,cloze-event,trump,74,0.7474747474747475,pre
2591,cloze-event,other,0,0,pre
2657,spr-event,harris,87,0.7837837837837838,pre
2657,spr-event,trump,24,0.21621621621621623,pre
2657,spr-event,other,0,0,pre
2934,cloze-event,trump,100,0.9900990099009901,pre
2934,cloze-event,harris,0,0,pre
2934,cloze-event,other,1,0.009900990099009901,pre
2385,maze-event,trump,63,0.75,pre
2385,maze-event,harris,21,0.25,pre
2385,maze-event,other,0,0,pre
2521,cloze-event,harris,0,0,pre
2521,cloze-event,trump,100,1,pre
2521,cloze-event,other,0,0,pre
2058,cloze-event,harris,13,0.12871287128712872,pre
2058,cloze-event,trump,88,0.8712871287128713,pre
2058,cloze-event,other,0,0,pre
2379,event-spr,harris,17,0.1717171717171717,pre
2379,event-spr,trump,82,0.8282828282828283,pre
2379,event-spr,other,0,0,pre
2127,event-cloze,trump,100,1,pre
2127,event-cloze,harris,0,0,pre
2127,event-cloze,other,0,0,pre
2306,cloze-event,harris,24,0.24489795918367346,pre
2306,cloze-event,trump,74,0.7551020408163265,pre
2306,cloze-event,other,0,0,pre
1824,spr-event,harris,60,0.5882352941176471,pre
1824,spr-event,trump,42,0.4117647058823529,pre
1824,spr-event,other,0,0,pre
2688,spr-event,trump,100,1,pre
2688,spr-event,harris,0,0,pre
2688,spr-event,other,0,0,pre
2190,maze-event,harris,0,0,pre
2190,maze-event,trump,100,0.8,pre
2190,maze-event,other,25,0.2,pre
1724,cloze-event,harris,43,0.43434343434343436,pre
1724,cloze-event,trump,56,0.5656565656565656,pre
1724,cloze-event,other,0,0,pre
2259,event-cloze,harris,74,0.6981132075471698,pre
2259,event-cloze,trump,26,0.24528301886792453,pre
2259,event-cloze,other,6,0.05660377358490566,pre
1910,spr-event,harris,49,0.49,pre
1910,spr-event,trump,51,0.51,pre
1910,spr-event,other,0,0,pre
1888,maze-event,trump,74,0.7551020408163265,pre
1888,maze-event,harris,24,0.24489795918367346,pre
1888,maze-event,other,0,0,pre
2633,maze-event,harris,50,0.5050505050505051,pre
2633,maze-event,trump,49,0.494949494949495,pre
2633,maze-event,other,0,0,pre
2551,event-spr,trump,77,0.6015625,pre
2551,event-spr,harris,51,0.3984375,pre
2551,event-spr,other,0,0,pre
2303,spr-event,harris,55,0.5392156862745098,pre
2303,spr-event,trump,47,0.46078431372549017,pre
2303,spr-event,other,0,0,pre
2145,cloze-event,harris,100,1,pre
2145,cloze-event,trump,0,0,pre
2145,cloze-event,other,0,0,pre
1632,cloze-event,harris,0,0,pre
1632,cloze-event,trump,100,0.9900990099009901,pre
1632,cloze-event,other,1,0.009900990099009901,pre
2922,cloze-event,trump,100,0.9615384615384616,pre
2922,cloze-event,harris,3,0.028846153846153848,pre
2922,cloze-event,other,1,0.009615384615384616,pre
2204,spr-event,trump,54,0.5567010309278351,pre
2204,spr-event,harris,43,0.44329896907216493,pre
2204,spr-event,other,0,0,pre
2676,event-cloze,harris,50,0.49504950495049505,pre
2676,event-cloze,trump,51,0.504950495049505,pre
2676,event-cloze,other,0,0,pre
2801,maze-event,trump,37,0.3627450980392157,pre
2801,maze-event,harris,65,0.6372549019607843,pre
2801,maze-event,other,0,0,pre
2321,event-spr,harris,59,0.5784313725490197,pre
2321,event-spr,trump,43,0.4215686274509804,pre
2321,event-spr,other,0,0,pre
1927,maze-event,trump,53,0.53,pre
1927,maze-event,harris,47,0.47,pre
1927,maze-event,other,0,0,pre
2506,cloze-event,harris,9,0.08490566037735849,pre
2506,cloze-event,trump,97,0.9150943396226415,pre
2506,cloze-event,other,0,0,pre
1969,cloze-event,harris,100,1,pre
1969,cloze-event,trump,0,0,pre
1969,cloze-event,other,0,0,pre
2087,event-spr,trump,48,0.46601941747572817,pre
2087,event-spr,harris,49,0.47572815533980584,pre
2087,event-spr,other,6,0.05825242718446602,pre
1425,spr-event,trump,67,0.5775862068965517,pre
1425,spr-event,harris,49,0.4224137931034483,pre
1425,spr-event,other,0,0,pre
2040,event-spr,trump,24,0.24489795918367346,pre
2040,event-spr,harris,74,0.7551020408163265,pre
2040,event-spr,other,0,0,pre
2277,spr-event,harris,23,0.23,pre
2277,spr-event,trump,77,0.77,pre
2277,spr-event,other,0,0,pre
2178,event-cloze,harris,56,0.5436893203883495,pre
2178,event-cloze,trump,47,0.4563106796116505,pre
2178,event-cloze,other,0,0,pre
2515,cloze-event,harris,46,0.46938775510204084,pre
2515,cloze-event,trump,52,0.5306122448979592,pre
2515,cloze-event,other,0,0,pre
1928,event-maze,harris,76,0.7524752475247525,pre
1928,event-maze,trump,25,0.24752475247524752,pre
1928,event-maze,other,0,0,pre
1960,event-spr,harris,75,0.6048387096774194,pre
1960,event-spr,trump,49,0.3951612903225806,pre
1960,event-spr,other,0,0,pre
1920,event-spr,harris,99,1,pre
1920,event-spr,trump,0,0,pre
1920,event-spr,other,0,0,pre
1404,event-cloze,trump,74,0.9487179487179487,pre
1404,event-cloze,harris,4,0.05128205128205128,pre
1404,event-cloze,other,0,0,pre
2634,maze-event,trump,50,0.5,pre
2634,maze-event,harris,50,0.5,pre
2634,maze-event,other,0,0,pre
2041,cloze-event,trump,41,0.41836734693877553,pre
2041,cloze-event,harris,57,0.5816326530612245,pre
2041,cloze-event,other,0,0,pre
2123,maze-event,harris,100,1,pre
2123,maze-event,trump,0,0,pre
2123,maze-event,other,0,0,pre
1924,cloze-event,harris,47,0.4563106796116505,pre
1924,cloze-event,trump,56,0.5436893203883495,pre
1924,cloze-event,other,0,0,pre
2569,event-cloze,harris,51,0.2537313432835821,pre
2569,event-cloze,trump,50,0.24875621890547264,pre
2569,event-cloze,other,100,0.4975124378109453,pre
1893,maze-event,harris,70,0.46357615894039733,pre
1893,maze-event,trump,81,0.5364238410596026,pre
1893,maze-event,other,0,0,pre
2753,event-maze,harris,50,0.5,pre
2753,event-maze,trump,50,0.5,pre
2753,event-maze,other,0,0,pre
2118,maze-event,trump,48,0.42105263157894735,pre
2118,maze-event,harris,66,0.5789473684210527,pre
2118,maze-event,other,0,0,pre
2329,cloze-event,harris,75,0.7575757575757576,pre
2329,cloze-event,trump,24,0.24242424242424243,pre
2329,cloze-event,other,0,0,pre
1794,spr-event,harris,49,0.5,pre
1794,spr-event,trump,49,0.5,pre
1794,spr-event,other,0,0,pre
1886,spr-event,harris,56,0.5185185185185185,pre
1886,spr-event,trump,43,0.39814814814814814,pre
1886,spr-event,other,9,0.08333333333333333,pre
2530,spr-event,trump,76,0.6333333333333333,pre
2530,spr-event,harris,40,0.3333333333333333,pre
2530,spr-event,other,4,0.03333333333333333,pre
2196,event-cloze,trump,0,0,pre
2196,event-cloze,harris,100,1,pre
2196,event-cloze,other,0,0,pre
1479,spr-event,harris,85,0.6910569105691057,pre
1479,spr-event,trump,35,0.2845528455284553,pre
1479,spr-event,other,3,0.024390243902439025,pre
1439,spr-event,harris,35,0.35353535353535354,pre
1439,spr-event,trump,63,0.6363636363636364,pre
1439,spr-event,other,1,0.010101010101010102,pre
2615,cloze-event,harris,59,0.5784313725490197,pre
2615,cloze-event,trump,41,0.4019607843137255,pre
2615,cloze-event,other,2,0.0196078431372549,pre
2949,spr-event,trump,74,0.7474747474747475,pre
2949,spr-event,harris,25,0.25252525252525254,pre
2949,spr-event,other,0,0,pre
2481,spr-event,trump,45,0.45454545454545453,pre
2481,spr-event,harris,54,0.5454545454545454,pre
2481,spr-event,other,0,0,pre
2255,event-spr,harris,44,0.37606837606837606,pre
2255,event-spr,trump,59,0.5042735042735043,pre
2255,event-spr,other,14,0.11965811965811966,pre
2748,maze-event,trump,39,0.3939393939393939,pre
2748,maze-event,harris,60,0.6060606060606061,pre
2748,maze-event,other,0,0,pre
