sid,participant_id,submission_time,condition,display_order,asked_about_vp,news_consumption,age,gender,state,education,political_affiliation,citizen,native,resident,election_pref,aware,batch
Sub0003,participant_2486,2020-11-07T18:28:38Z,spr-event,rep_first,FALSE,daily,46,Male,CA,High school graduate,Republican,yes,yes,yes,Donald Trump,yes,post
Sub0004,participant_2487,2020-11-07T18:28:49Z,spr-event,dem_first,FALSE,daily,26,Male,NY,4-year college degree,Independent,yes,yes,yes,Joe Biden,yes,post
Sub0005,participant_2488,2020-11-07T18:29:14Z,spr-event,dem_first,FALSE,daily,60,Male,CA,4-year college degree,Democrat,yes,yes,yes,Mike Pence,yes,post
Sub0012,participant_2495,2020-11-07T18:35:36Z,event-cloze,rep_first,FALSE,daily,70,Male,MI,4-year college degree,Republican,yes,yes,yes,I'd rather not say,yes,post
Sub0017,participant_2500,2020-11-07T18:40:55Z,event-cloze,dem_first,FALSE,daily,45,Male,MO,4-year college degree,Republican,yes,yes,yes,Mike Pence,yes,post
Sub0020,participant_2502,2020-11-07T18:42:41Z,cloze-event,dem_first,FALSE,daily,51,Male,CA,4-year college degree,Democrat,yes,yes,yes,Joe Biden,yes,post
Sub0022,participant_2503,2020-11-07T18:44:09Z,event-mazerace,dem_first,FALSE,daily,46,Male,NJ,4-year college degree,Republican,yes,yes,yes,Mike Pence,no,post
Sub0025,participant_2506,2020-11-07T18:45:13Z,event-maze,dem_first,FALSE,daily,35,Male,CA,Some college,Republican,yes,yes,yes,Donald Trump,yes,post
Sub0026,participant_2507,2020-11-07T18:46:27Z,cloze-event,dem_first,FALSE,weekly,66,Male,CA,4-year college degree,Democrat,yes,yes,yes,Donald Trump,yes,post
Sub0030,participant_2509,2020-11-07T18:50:45Z,cloze-event,rep_first,FALSE,weekly,30,Male,MI,Professional degree,Democrat,yes,yes,yes,Kamala Harris,yes,post
Sub0031,participant_2510,2020-11-07T18:52:09Z,mazerace-event,rep_first,FALSE,daily,30,Male,CO,4-year college degree,Democrat,yes,yes,yes,Joe Biden,yes,post
Sub0033,participant_2511,2020-11-07T18:56:21Z,event-cloze,dem_first,FALSE,daily,22,Male,MI,High school graduate,Independent,yes,yes,yes,Kamala Harris,yes,post
Sub0041,participant_2517,2020-11-07T19:00:02Z,event-maze,dem_first,FALSE,daily,32,Male,WA,High school graduate,Independent,yes,yes,yes,Joe Biden,yes,post
Sub0042,participant_2518,2020-11-07T19:00:21Z,spr-event,dem_first,FALSE,daily,43,Male,NC,4-year college degree,Independent,yes,yes,yes,Kamala Harris,yes,post
Sub0044,participant_2520,2020-11-07T19:02:30Z,cloze-event,dem_first,FALSE,weekly,33,Male,TX,High school graduate,Republican,yes,yes,yes,Mike Pence,yes,post
Sub0045,participant_2521,2020-11-07T19:02:40Z,cloze-event,dem_first,FALSE,monthly,25,Male,FL,4-year college degree,Democrat,yes,yes,yes,Joe Biden,yes,post
Sub0046,participant_2522,2020-11-07T19:02:47Z,cloze-event,dem_first,FALSE,daily,34,Male,other,High school graduate,None,no,yes,no,Kamala Harris,yes,post
Sub0047,participant_2523,2020-11-07T19:02:57Z,event-spr,rep_first,FALSE,daily,33,Male,CA,4-year college degree,Democrat,no,yes,no,Joe Biden,yes,post
Sub0050,participant_2525,2020-11-07T19:03:50Z,cloze-event,dem_first,FALSE,daily,36,Male,OH,4-year college degree,Republican,yes,yes,yes,Joe Biden,yes,post
Sub0051,participant_2526,2020-11-07T19:04:33Z,mazerace-event,rep_first,FALSE,daily,38,Male,PA,4-year college degree,Republican,yes,yes,yes,Kamala Harris,yes,post
Sub0052,participant_2527,2020-11-07T19:06:08Z,event-mazerace,rep_first,FALSE,daily,46,Male,FL,4-year college degree,Republican,yes,yes,yes,Donald Trump,yes,post
Sub0053,participant_2528,2020-11-07T19:06:22Z,event-maze,dem_first,FALSE,daily,28,Female,NE,Some college,Independent,yes,yes,yes,Kamala Harris,yes,post
Sub0055,participant_2530,2020-11-07T19:06:42Z,maze-event,dem_first,FALSE,daily,46,Male,CA,4-year college degree,Democrat,yes,yes,yes,Joe Biden,yes,post
Sub0056,participant_2531,2020-11-07T19:07:47Z,event-mazerace,dem_first,FALSE,daily,34,Male,OR,High school graduate,Democrat,yes,yes,yes,I don't care,yes,post
Sub0057,participant_2532,2020-11-07T19:08:13Z,spr-event,dem_first,FALSE,weekly,45,Male,CA,High school graduate,Democrat,yes,yes,yes,Joe Biden,yes,post
Sub0059,participant_2533,2020-11-07T19:10:17Z,cloze-event,rep_first,FALSE,weekly,30,Male,VA,4-year college degree,Republican,yes,yes,yes,Joe Biden,yes,post
Sub0060,participant_2534,2020-11-07T19:10:53Z,cloze-event,rep_first,FALSE,daily,29,Female,MI,4-year college degree,Democrat,yes,yes,yes,Kamala Harris,yes,post
Sub0061,participant_2535,2020-11-07T19:10:55Z,spr-event,rep_first,FALSE,daily,67,Male,CA,2-year college degree,Democrat,yes,yes,yes,Kamala Harris,yes,post
Sub0062,participant_2536,2020-11-07T19:11:06Z,maze-event,dem_first,FALSE,daily,58,Female,FL,4-year college degree,Independent,yes,yes,yes,Joe Biden,yes,post
Sub0063,participant_2537,2020-11-07T19:11:20Z,cloze-event,dem_first,FALSE,daily,26,Female,TX,Some college,Democrat,yes,yes,yes,Kamala Harris,yes,post
Sub0064,participant_2538,2020-11-07T19:11:48Z,event-mazerace,rep_first,FALSE,daily,31,Male,NC,4-year college degree,Independent,yes,yes,yes,Kamala Harris,yes,post
Sub0067,participant_2540,2020-11-07T19:12:21Z,maze-event,rep_first,FALSE,daily,28,Male,IL,4-year college degree,Democrat,yes,yes,yes,Kamala Harris,yes,post
Sub0069,participant_2541,2020-11-07T19:14:44Z,spr-event,dem_first,FALSE,daily,40,Male,IL,Professional degree,Democrat,yes,yes,yes,Joe Biden,yes,post
Sub0072,participant_2543,2020-11-07T19:16:10Z,mazerace-event,dem_first,FALSE,daily,32,Female,CA,Some college,Democrat,yes,yes,yes,Joe Biden,yes,post
Sub0073,participant_2544,2020-11-07T19:16:13Z,event-mazerace,rep_first,FALSE,daily,38,Male,MO,4-year college degree,Democrat,yes,yes,yes,Mike Pence,yes,post
Sub0074,participant_2545,2020-11-07T19:16:14Z,spr-event,dem_first,FALSE,daily,32,Male,CA,Professional degree,Other,yes,yes,yes,Joe Biden,yes,post
Sub0078,participant_2548,2020-11-07T19:17:34Z,event-maze,rep_first,FALSE,daily,30,Male,WA,4-year college degree,Democrat,yes,yes,yes,Kamala Harris,yes,post
Sub0084,participant_2552,2020-11-07T19:19:48Z,event-spr,rep_first,FALSE,daily,48,Female,NY,Professional degree,Democrat,yes,yes,yes,Joe Biden,yes,post
Sub0086,participant_2553,2020-11-07T19:20:33Z,cloze-event,rep_first,FALSE,weekly,58,Female,CA,4-year college degree,Democrat,yes,yes,yes,Joe Biden,yes,post
Sub0089,participant_2556,2020-11-07T19:22:25Z,event-mazerace,rep_first,FALSE,weekly,22,Male,CA,2-year college degree,Independent,yes,yes,yes,Mike Pence,yes,post
Sub0090,participant_2557,2020-11-07T19:23:02Z,cloze-event,rep_first,FALSE,daily,40,Female,UT,4-year college degree,Democrat,yes,yes,yes,Mike Pence,yes,post
Sub0092,participant_2559,2020-11-07T19:24:55Z,spr-event,rep_first,FALSE,less than monthly,32,Male,TX,4-year college degree,Democrat,yes,yes,yes,Kamala Harris,yes,post
Sub0097,participant_2563,2020-11-07T19:29:13Z,mazerace-event,dem_first,FALSE,daily,38,Female,NY,Professional degree,Republican,yes,yes,yes,Kamala Harris,yes,post
Sub0098,participant_2564,2020-11-07T19:29:39Z,spr-event,rep_first,FALSE,daily,26,Female,VA,4-year college degree,Democrat,yes,yes,yes,Joe Biden,yes,post
Sub0101,participant_2565,2020-11-07T19:30:39Z,mazerace-event,dem_first,FALSE,daily,43,Female,ID,Some college,Republican,yes,yes,yes,Donald Trump,yes,post
Sub0103,participant_2566,2020-11-07T19:30:56Z,maze-event,dem_first,FALSE,daily,28,Male,TN,Some college,Democrat,yes,yes,yes,I don't care,yes,post
Sub0104,participant_2567,2020-11-07T19:31:42Z,mazerace-event,dem_first,FALSE,daily,34,Female,NY,4-year college degree,Democrat,yes,yes,yes,Joe Biden,yes,post
Sub0109,participant_2569,2020-11-07T19:34:08Z,event-maze,dem_first,FALSE,weekly,28,Male,CA,4-year college degree,Republican,yes,yes,yes,Kamala Harris,yes,post
Sub0116,participant_2575,2020-11-07T19:36:32Z,event-cloze,rep_first,FALSE,daily,25,Male,AZ,4-year college degree,Other,yes,yes,yes,Joe Biden,yes,post
Sub0119,participant_2576,2020-11-07T19:38:41Z,mazerace-event,rep_first,FALSE,daily,56,Male,CA,2-year college degree,Democrat,yes,yes,yes,Joe Biden,yes,post
Sub0121,participant_2578,2020-11-07T19:39:34Z,cloze-event,rep_first,FALSE,weekly,37,Male,CA,4-year college degree,Democrat,yes,yes,yes,Joe Biden,yes,post
Sub0122,participant_2579,2020-11-07T19:39:39Z,mazerace-event,dem_first,FALSE,monthly,47,Female,CA,Less than high school,Republican,yes,yes,yes,Kamala Harris,yes,post
Sub0125,participant_2580,2020-11-07T19:40:31Z,maze-event,dem_first,FALSE,daily,32,Male,CA,2-year college degree,Republican,yes,yes,yes,Donald Trump,yes,post
Sub0126,participant_2581,2020-11-07T19:40:39Z,cloze-event,rep_first,FALSE,monthly,25,Male,TX,4-year college degree,Republican,yes,yes,yes,Mike Pence,yes,post
Sub0127,participant_2582,2020-11-07T19:41:32Z,spr-event,rep_first,FALSE,daily,38,Male,CA,4-year college degree,Independent,yes,yes,yes,I don't care,yes,post
Sub0129,participant_2584,2020-11-07T19:42:50Z,event-mazerace,dem_first,FALSE,daily,43,Male,other,4-year college degree,Republican,yes,yes,yes,Donald Trump,yes,post
Sub0130,participant_2585,2020-11-07T19:44:07Z,cloze-event,rep_first,FALSE,monthly,58,Female,CA,Less than high school,Republican,yes,yes,yes,Kamala Harris,yes,post
Sub0134,participant_2589,2020-11-07T19:45:06Z,cloze-event,dem_first,FALSE,daily,NA,Female,other,Professional degree,Democrat,yes,yes,yes,Joe Biden,yes,post
Sub0137,participant_2590,2020-11-07T19:46:34Z,spr-event,dem_first,FALSE,daily,45,Female,TX,Less than high school,Democrat,yes,yes,yes,Kamala Harris,yes,post
Sub0138,participant_2591,2020-11-07T19:48:13Z,cloze-event,rep_first,FALSE,daily,29,Male,MD,Some college,Democrat,yes,yes,yes,Kamala Harris,yes,post
Sub0140,participant_2593,2020-11-07T19:49:34Z,mazerace-event,rep_first,FALSE,daily,24,Male,NJ,4-year college degree,Democrat,yes,yes,yes,Joe Biden,yes,post
Sub0141,participant_2594,2020-11-07T19:50:32Z,event-maze,dem_first,FALSE,daily,44,Female,ME,4-year college degree,Republican,yes,yes,yes,Donald Trump,yes,post
Sub0145,participant_2597,2020-11-07T19:56:51Z,event-maze,rep_first,FALSE,daily,30,Female,PA,Some college,Democrat,yes,yes,yes,Kamala Harris,yes,post
Sub0148,participant_2598,2020-11-07T19:58:08Z,cloze-event,dem_first,FALSE,daily,36,Male,IN,4-year college degree,Democrat,yes,yes,yes,Joe Biden,yes,post
Sub0149,participant_2599,2020-11-07T19:58:23Z,event-cloze,rep_first,FALSE,weekly,46,Male,NV,4-year college degree,Democrat,yes,yes,yes,Joe Biden,yes,post
Sub0153,participant_2601,2020-11-07T20:01:50Z,mazerace-event,rep_first,FALSE,daily,52,Female,IL,4-year college degree,Independent,yes,yes,yes,Mike Pence,yes,post
Sub0154,participant_2602,2020-11-07T20:02:34Z,spr-event,rep_first,FALSE,daily,29,Non-binary,WA,2-year college degree,Democrat,yes,yes,yes,Joe Biden,yes,post
Sub0160,participant_2606,2020-11-07T20:06:16Z,spr-event,dem_first,FALSE,daily,30,Female,CA,4-year college degree,Independent,yes,yes,yes,Kamala Harris,yes,post
Sub0164,participant_2607,2020-11-07T20:07:46Z,event-cloze,dem_first,FALSE,weekly,28,Female,SC,4-year college degree,Democrat,yes,yes,yes,Joe Biden,yes,post
Sub0165,participant_2608,2020-11-07T20:07:54Z,event-spr,dem_first,FALSE,daily,46,Male,OH,4-year college degree,Independent,yes,yes,yes,Joe Biden,yes,post
Sub0171,participant_2612,2020-11-07T20:11:14Z,cloze-event,rep_first,FALSE,daily,26,Male,CA,High school graduate,Republican,yes,yes,yes,Joe Biden,yes,post
Sub0174,participant_2614,2020-11-07T20:11:49Z,event-spr,rep_first,FALSE,daily,38,Female,NE,2-year college degree,Democrat,yes,yes,yes,Mike Pence,yes,post
Sub0179,participant_2617,2020-11-07T20:13:27Z,spr-event,rep_first,FALSE,daily,44,Female,NM,Some college,Democrat,yes,yes,yes,Joe Biden,yes,post
Sub0183,participant_2618,2020-11-07T20:15:07Z,cloze-event,dem_first,FALSE,daily,33,Male,NY,Professional degree,Independent,yes,yes,yes,I don't care,yes,post
Sub0185,participant_2619,2020-11-07T20:17:36Z,mazerace-event,dem_first,FALSE,weekly,36,Male,CA,Some college,Democrat,yes,yes,yes,Joe Biden,no,post
Sub0186,participant_2620,2020-11-07T20:17:54Z,cloze-event,rep_first,FALSE,monthly,24,Male,TX,4-year college degree,Republican,yes,yes,yes,Kamala Harris,yes,post
Sub0189,participant_2622,2020-11-07T20:20:42Z,event-maze,rep_first,FALSE,daily,25,Male,AZ,4-year college degree,None,yes,yes,yes,I don't care,yes,post
Sub0192,participant_2623,2020-11-07T20:21:59Z,event-maze,rep_first,FALSE,daily,41,Female,FL,High school graduate,Democrat,yes,yes,yes,Joe Biden,yes,post
Sub0212,participant_2627,2020-11-07T20:31:26Z,cloze-event,rep_first,FALSE,daily,26,Male,OH,4-year college degree,Democrat,yes,yes,yes,Kamala Harris,yes,post
Sub0216,participant_2628,2020-11-07T20:32:38Z,event-mazerace,dem_first,FALSE,weekly,33,Male,KY,Some college,Independent,yes,yes,yes,Kamala Harris,yes,post
Sub0220,participant_2629,2020-11-07T20:36:21Z,mazerace-event,rep_first,FALSE,weekly,39,Male,NJ,4-year college degree,Independent,yes,yes,yes,I don't care,yes,post
Sub0226,participant_2630,2020-11-07T20:40:26Z,mazerace-event,rep_first,FALSE,daily,39,Male,MI,Some college,Democrat,yes,yes,yes,Joe Biden,yes,post
Sub0230,participant_2631,2020-11-07T20:41:48Z,mazerace-event,dem_first,FALSE,daily,25,Male,IL,4-year college degree,Democrat,yes,yes,yes,Kamala Harris,yes,post
Sub0238,participant_2633,2020-11-07T20:44:22Z,event-cloze,dem_first,FALSE,daily,26,Male,CA,High school graduate,Republican,yes,yes,yes,Kamala Harris,yes,post
Sub0240,participant_2634,2020-11-07T20:45:06Z,cloze-event,dem_first,FALSE,daily,38,Male,MD,2-year college degree,Independent,yes,yes,yes,Kamala Harris,yes,post
Sub0241,participant_2635,2020-11-07T20:46:24Z,maze-event,rep_first,FALSE,daily,29,Male,NJ,4-year college degree,Democrat,yes,yes,yes,Mike Pence,yes,post
Sub0250,participant_2639,2020-11-07T20:50:15Z,event-maze,dem_first,FALSE,daily,25,Female,MO,4-year college degree,Democrat,yes,yes,yes,Joe Biden,yes,post
Sub0255,participant_2641,2020-11-07T20:50:36Z,cloze-event,dem_first,FALSE,daily,50,Female,MA,4-year college degree,Independent,yes,yes,yes,Donald Trump,yes,post
Sub0263,participant_2643,2020-11-07T20:55:04Z,cloze-event,dem_first,FALSE,monthly,25,Male,WI,2-year college degree,Democrat,yes,yes,yes,Kamala Harris,yes,post
Sub0268,participant_2645,2020-11-07T20:56:12Z,event-cloze,dem_first,FALSE,weekly,36,Female,CA,4-year college degree,Republican,no,yes,yes,Donald Trump,yes,post
Sub0271,participant_2646,2020-11-07T20:57:03Z,cloze-event,dem_first,FALSE,daily,36,Male,GA,4-year college degree,Democrat,yes,yes,yes,Joe Biden,yes,post
Sub0278,participant_2649,2020-11-07T21:01:29Z,event-cloze,rep_first,FALSE,weekly,30,Female,other,4-year college degree,Republican,yes,yes,yes,Joe Biden,yes,post
Sub0283,participant_2652,2020-11-07T21:02:26Z,event-mazerace,rep_first,FALSE,weekly,64,Female,IL,4-year college degree,Democrat,yes,yes,yes,Donald Trump,yes,post
Sub0285,participant_2653,2020-11-07T21:06:29Z,event-cloze,rep_first,FALSE,daily,24,Female,WA,4-year college degree,Republican,yes,yes,yes,Donald Trump,yes,post
Sub0288,participant_2654,2020-11-07T21:08:17Z,event-cloze,rep_first,FALSE,daily,31,Female,CA,High school graduate,Democrat,yes,yes,yes,Joe Biden,yes,post
Sub0299,participant_2655,2020-11-07T21:15:15Z,event-mazerace,rep_first,FALSE,daily,30,Male,TX,4-year college degree,Democrat,yes,yes,yes,Kamala Harris,yes,post
Sub0301,participant_2656,2020-11-07T21:16:13Z,mazerace-event,dem_first,FALSE,weekly,44,Female,MD,4-year college degree,Democrat,yes,yes,yes,Joe Biden,yes,post
Sub0305,participant_2658,2020-11-07T21:17:45Z,mazerace-event,rep_first,FALSE,daily,35,Female,TN,2-year college degree,Republican,yes,yes,yes,Kamala Harris,yes,post
Sub0307,participant_2660,2020-11-07T21:19:42Z,cloze-event,rep_first,FALSE,daily,24,Male,TX,4-year college degree,Republican,yes,yes,yes,Donald Trump,yes,post
Sub0315,participant_2665,2020-11-07T21:24:04Z,cloze-event,rep_first,FALSE,weekly,24,Female,TX,Professional degree,Republican,yes,yes,yes,Donald Trump,yes,post
Sub0319,participant_2666,2020-11-07T21:26:08Z,spr-event,rep_first,FALSE,daily,38,Male,OK,High school graduate,Democrat,yes,yes,yes,Kamala Harris,yes,post
Sub0323,participant_2667,2020-11-07T21:27:34Z,mazerace-event,dem_first,FALSE,daily,45,Female,CA,4-year college degree,Democrat,yes,yes,yes,Joe Biden,yes,post
Sub0325,participant_2668,2020-11-07T21:28:50Z,mazerace-event,dem_first,FALSE,weekly,25,Male,TX,4-year college degree,Republican,yes,yes,yes,Donald Trump,yes,post
Sub0327,participant_2670,2020-11-07T21:29:57Z,event-mazerace,rep_first,FALSE,daily,68,Male,CA,2-year college degree,Republican,yes,yes,yes,Donald Trump,yes,post
Sub0330,participant_2671,2020-11-07T21:30:43Z,mazerace-event,dem_first,FALSE,daily,27,Male,CA,Some college,Democrat,yes,yes,yes,Joe Biden,yes,post
Sub0333,participant_2673,2020-11-07T21:32:12Z,maze-event,dem_first,FALSE,daily,25,Female,TX,4-year college degree,Republican,yes,yes,yes,Donald Trump,yes,post
Sub0340,participant_2674,2020-11-07T21:39:37Z,spr-event,dem_first,FALSE,daily,25,Female,WA,4-year college degree,Democrat,yes,yes,yes,Joe Biden,yes,post
Sub0358,participant_2677,2020-11-07T21:46:52Z,cloze-event,dem_first,FALSE,daily,27,Female,CA,4-year college degree,Democrat,yes,yes,yes,Joe Biden,yes,post
Sub0365,participant_2679,2020-11-07T21:49:52Z,maze-event,rep_first,FALSE,daily,25,Female,TX,4-year college degree,Republican,yes,yes,yes,Mike Pence,yes,post
Sub0366,participant_2680,2020-11-07T21:51:26Z,maze-event,dem_first,FALSE,daily,49,Male,CA,4-year college degree,Democrat,yes,yes,yes,Joe Biden,yes,post
Sub0368,participant_2681,2020-11-07T21:53:02Z,mazerace-event,rep_first,FALSE,daily,37,Female,CA,Professional degree,Independent,yes,yes,yes,Kamala Harris,yes,post
Sub0386,participant_2683,2020-11-07T22:01:56Z,event-cloze,dem_first,FALSE,daily,46,Female,CA,4-year college degree,Republican,yes,yes,yes,Joe Biden,yes,post
Sub0393,participant_2684,2020-11-07T22:03:42Z,event-cloze,dem_first,FALSE,daily,25,Female,WA,4-year college degree,Republican,yes,yes,yes,Joe Biden,yes,post
Sub0394,participant_2685,2020-11-07T22:05:08Z,spr-event,rep_first,FALSE,monthly,33,Female,MN,Some college,Independent,yes,yes,yes,Mike Pence,yes,post
Sub0407,participant_2690,2020-11-07T22:13:25Z,event-mazerace,rep_first,FALSE,weekly,49,Female,CA,4-year college degree,Democrat,yes,yes,yes,Joe Biden,yes,post
Sub0413,participant_2693,2020-11-07T22:16:28Z,event-spr,dem_first,FALSE,daily,62,Female,TN,Some college,Republican,yes,yes,yes,Mike Pence,yes,post
Sub0414,participant_2694,2020-11-07T22:17:46Z,maze-event,dem_first,FALSE,weekly,25,Male,CA,Professional degree,Democrat,yes,yes,yes,Joe Biden,yes,post
Sub0416,participant_2695,2020-11-07T22:19:21Z,mazerace-event,dem_first,FALSE,weekly,35,Male,MI,Professional degree,Republican,yes,yes,yes,Joe Biden,yes,post
Sub0418,participant_2696,2020-11-07T22:20:15Z,cloze-event,rep_first,FALSE,daily,37,Female,other,Professional degree,Democrat,no,yes,no,Kamala Harris,yes,post
Sub0420,participant_2698,2020-11-07T22:23:59Z,mazerace-event,dem_first,FALSE,daily,25,Male,TX,4-year college degree,Republican,yes,yes,yes,Mike Pence,yes,post
Sub0428,participant_2703,2020-11-07T22:31:28Z,event-mazerace,rep_first,FALSE,weekly,43,Male,CA,4-year college degree,Republican,yes,yes,yes,Donald Trump,yes,post
Sub0429,participant_2704,2020-11-07T22:32:03Z,mazerace-event,rep_first,FALSE,daily,33,Female,MA,4-year college degree,Democrat,yes,yes,yes,Joe Biden,yes,post
Sub0434,participant_2706,2020-11-07T22:33:44Z,event-cloze,dem_first,FALSE,daily,41,Male,DC,Some college,Independent,yes,yes,yes,I don't care,yes,post
Sub0436,participant_2708,2020-11-07T22:35:01Z,event-cloze,dem_first,FALSE,daily,39,Male,MI,Some college,Democrat,yes,yes,yes,Joe Biden,yes,post
Sub0446,participant_2711,2020-11-07T22:41:11Z,maze-event,dem_first,FALSE,daily,36,Male,OH,4-year college degree,Republican,yes,yes,yes,Kamala Harris,yes,post
Sub0472,participant_2719,2020-11-07T22:55:39Z,event-cloze,rep_first,FALSE,weekly,36,Male,IN,Professional degree,Democrat,yes,yes,yes,Mike Pence,yes,post
Sub0473,participant_2720,2020-11-07T22:56:13Z,event-mazerace,dem_first,FALSE,daily,26,Female,FL,4-year college degree,Democrat,yes,yes,yes,Kamala Harris,yes,post
Sub0474,participant_2721,2020-11-07T22:56:51Z,event-maze,rep_first,FALSE,daily,27,Female,MA,4-year college degree,Independent,yes,yes,yes,Kamala Harris,yes,post
Sub0478,participant_2724,2020-11-07T22:57:19Z,spr-event,dem_first,FALSE,daily,39,Male,PA,4-year college degree,Other,yes,yes,yes,Kamala Harris,yes,post
Sub0479,participant_2725,2020-11-07T22:57:38Z,spr-event,dem_first,FALSE,daily,30,Male,OR,Some college,Independent,yes,yes,no,Mike Pence,yes,post
Sub0484,participant_2727,2020-11-07T22:59:19Z,mazerace-event,dem_first,FALSE,weekly,27,Female,IN,Professional degree,Democrat,no,yes,yes,Kamala Harris,yes,post
Sub0495,participant_2730,2020-11-07T23:04:02Z,maze-event,rep_first,FALSE,less than monthly,25,Male,TX,4-year college degree,Republican,yes,yes,yes,Donald Trump,yes,post
Sub0501,participant_2731,2020-11-07T23:08:52Z,cloze-event,rep_first,FALSE,daily,25,Male,CA,4-year college degree,Republican,yes,yes,yes,Donald Trump,yes,post
Sub0506,participant_2732,2020-11-07T23:11:19Z,maze-event,dem_first,FALSE,daily,25,Male,CA,Some college,Independent,yes,yes,yes,Joe Biden,yes,post
Sub0507,participant_2733,2020-11-07T23:11:37Z,event-cloze,dem_first,FALSE,daily,37,Female,CT,4-year college degree,Independent,yes,yes,yes,Donald Trump,yes,post
Sub0508,participant_2734,2020-11-07T23:12:34Z,event-maze,rep_first,FALSE,daily,31,Male,MA,4-year college degree,Democrat,yes,yes,no,Kamala Harris,yes,post
Sub0512,participant_2735,2020-11-07T23:15:13Z,mazerace-event,rep_first,FALSE,daily,35,Female,FL,High school graduate,Democrat,yes,yes,yes,Kamala Harris,yes,post
Sub0520,participant_2740,2020-11-07T23:20:39Z,event-maze,rep_first,FALSE,daily,42,Female,PA,Professional degree,Democrat,yes,yes,yes,Joe Biden,yes,post
Sub0521,participant_2741,2020-11-07T23:20:59Z,cloze-event,rep_first,FALSE,weekly,27,Male,VA,4-year college degree,Republican,yes,yes,yes,Kamala Harris,no,post
Sub0524,participant_2743,2020-11-07T23:22:28Z,spr-event,dem_first,FALSE,daily,29,Male,IN,Professional degree,Republican,yes,yes,yes,Kamala Harris,yes,post
Sub0528,participant_2744,2020-11-07T23:26:59Z,spr-event,rep_first,FALSE,daily,34,Male,FL,High school graduate,Independent,yes,yes,yes,Donald Trump,yes,post
Sub0530,participant_2745,2020-11-07T23:29:29Z,mazerace-event,dem_first,FALSE,weekly,33,Male,other,Professional degree,Democrat,no,yes,no,Kamala Harris,no,post
Sub0531,participant_2746,2020-11-07T23:29:41Z,spr-event,dem_first,FALSE,daily,62,Female,TX,Professional degree,Republican,yes,yes,yes,Donald Trump,yes,post
Sub0533,participant_2747,2020-11-07T23:31:44Z,spr-event,rep_first,FALSE,monthly,27,Male,IN,Professional degree,Republican,no,yes,no,Joe Biden,yes,post
Sub0543,participant_2748,2020-11-07T23:40:34Z,event-spr,rep_first,FALSE,daily,24,Female,IL,4-year college degree,Independent,yes,yes,yes,Joe Biden,yes,post
Sub0544,participant_2749,2020-11-07T23:41:15Z,cloze-event,rep_first,FALSE,daily,56,Male,FL,4-year college degree,Democrat,yes,yes,yes,Kamala Harris,yes,post
Sub0546,participant_2750,2020-11-07T23:42:31Z,event-spr,dem_first,FALSE,daily,21,Female,CA,Some college,Democrat,yes,yes,yes,Kamala Harris,yes,post
Sub0551,participant_2752,2020-11-07T23:46:53Z,event-cloze,dem_first,FALSE,weekly,58,Female,CA,4-year college degree,Republican,yes,yes,yes,Mike Pence,yes,post
Sub0552,participant_2753,2020-11-07T23:46:54Z,event-mazerace,rep_first,FALSE,daily,24,Female,WA,Professional degree,Republican,yes,yes,yes,Joe Biden,yes,post
Sub0553,participant_2754,2020-11-07T23:47:33Z,event-cloze,dem_first,FALSE,daily,24,Male,TX,High school graduate,Republican,yes,yes,yes,Joe Biden,yes,post
Sub0560,participant_2756,2020-11-07T23:50:07Z,spr-event,rep_first,FALSE,daily,41,Male,NY,4-year college degree,Democrat,yes,yes,yes,Kamala Harris,yes,post
Sub0575,participant_2759,2020-11-07T23:54:56Z,maze-event,dem_first,FALSE,daily,54,Male,CA,4-year college degree,Republican,yes,yes,yes,Mike Pence,yes,post
Sub0585,participant_2761,2020-11-08T00:03:59Z,event-mazerace,dem_first,FALSE,daily,29,Female,IL,Professional degree,Democrat,yes,yes,yes,Joe Biden,yes,post
Sub0587,participant_2762,2020-11-08T00:05:06Z,maze-event,rep_first,FALSE,daily,30,Female,MO,4-year college degree,Democrat,yes,yes,yes,Kamala Harris,yes,post
Sub0588,participant_2763,2020-11-08T00:05:17Z,mazerace-event,rep_first,FALSE,weekly,26,Female,NJ,Less than high school,Democrat,yes,yes,yes,Mike Pence,yes,post
Sub0591,participant_2765,2020-11-08T00:06:48Z,spr-event,rep_first,FALSE,daily,24,Female,WA,4-year college degree,Republican,yes,yes,yes,Kamala Harris,yes,post
Sub0593,participant_2766,2020-11-08T00:08:41Z,spr-event,dem_first,FALSE,weekly,29,Female,AK,Some college,Republican,yes,yes,yes,Kamala Harris,yes,post
Sub0604,participant_2770,2020-11-08T00:14:32Z,spr-event,dem_first,FALSE,weekly,44,Male,AL,4-year college degree,Democrat,yes,yes,yes,Kamala Harris,yes,post
Sub0609,participant_2771,2020-11-08T00:16:42Z,event-cloze,dem_first,FALSE,daily,31,Female,CA,Professional degree,Republican,yes,yes,yes,Donald Trump,yes,post
Sub0614,participant_2772,2020-11-08T00:18:22Z,event-cloze,rep_first,FALSE,weekly,22,Female,PA,Some college,Democrat,yes,yes,yes,Kamala Harris,yes,post
Sub0616,participant_2773,2020-11-08T00:19:02Z,spr-event,dem_first,FALSE,daily,25,Male,AK,4-year college degree,Democrat,yes,yes,yes,Kamala Harris,yes,post
Sub0617,participant_2774,2020-11-08T00:19:21Z,cloze-event,rep_first,FALSE,weekly,56,Male,CA,4-year college degree,Republican,yes,yes,yes,Mike Pence,yes,post
Sub0626,participant_2776,2020-11-08T00:26:07Z,event-maze,rep_first,FALSE,daily,43,Female,IL,4-year college degree,Democrat,yes,yes,yes,Joe Biden,yes,post
Sub0629,participant_2777,2020-11-08T00:29:34Z,cloze-event,rep_first,FALSE,monthly,27,Male,VA,4-year college degree,Republican,yes,yes,yes,Mike Pence,yes,post
Sub0630,participant_2778,2020-11-08T00:30:44Z,event-spr,dem_first,FALSE,weekly,34,Male,AR,4-year college degree,Republican,yes,yes,yes,Mike Pence,yes,post
Sub0631,participant_2779,2020-11-08T00:31:26Z,mazerace-event,dem_first,FALSE,daily,24,Female,WA,4-year college degree,Republican,yes,yes,yes,Kamala Harris,yes,post
Sub0635,participant_2781,2020-11-08T00:34:55Z,mazerace-event,rep_first,FALSE,daily,33,Male,other,Professional degree,None,no,yes,no,Joe Biden,no,post
Sub0638,participant_2782,2020-11-08T00:39:03Z,mazerace-event,rep_first,FALSE,daily,44,Female,CA,4-year college degree,Democrat,yes,yes,yes,Mike Pence,yes,post
Sub0644,participant_2785,2020-11-08T00:42:33Z,mazerace-event,dem_first,FALSE,daily,29,Male,FL,2-year college degree,Republican,yes,yes,yes,Kamala Harris,yes,post
Sub0647,participant_2786,2020-11-08T00:44:19Z,cloze-event,dem_first,FALSE,weekly,28,Male,VA,4-year college degree,Republican,yes,yes,yes,Joe Biden,yes,post
Sub0650,participant_2787,2020-11-08T00:44:46Z,maze-event,dem_first,FALSE,daily,44,Male,CA,4-year college degree,Republican,yes,yes,yes,Donald Trump,yes,post
Sub0653,participant_2789,2020-11-08T00:47:04Z,mazerace-event,rep_first,FALSE,daily,21,Male,TX,2-year college degree,Independent,yes,yes,yes,Kamala Harris,yes,post
Sub0659,participant_2792,2020-11-08T00:50:40Z,mazerace-event,dem_first,FALSE,daily,30,Male,CA,4-year college degree,Democrat,yes,yes,yes,Mike Pence,yes,post
Sub0670,participant_2795,2020-11-08T00:58:05Z,event-cloze,dem_first,FALSE,monthly,32,Male,AZ,4-year college degree,Republican,yes,yes,yes,Mike Pence,yes,post
Sub0684,participant_2799,2020-11-08T01:07:07Z,maze-event,rep_first,FALSE,weekly,24,Male,TX,4-year college degree,Republican,yes,yes,yes,Mike Pence,yes,post
Sub0689,participant_2801,2020-11-08T01:12:49Z,spr-event,dem_first,FALSE,never,25,Male,CO,4-year college degree,Democrat,yes,yes,yes,Kamala Harris,yes,post
Sub0690,participant_2802,2020-11-08T01:13:01Z,maze-event,rep_first,FALSE,monthly,54,Male,CA,4-year college degree,Republican,yes,yes,yes,Mike Pence,yes,post
Sub0698,participant_2805,2020-11-08T01:16:21Z,mazerace-event,dem_first,FALSE,daily,59,Female,other,4-year college degree,Republican,yes,yes,yes,Donald Trump,yes,post
Sub0702,participant_2807,2020-11-08T01:22:50Z,cloze-event,rep_first,FALSE,weekly,58,Male,other,4-year college degree,Republican,yes,yes,yes,Mike Pence,yes,post
Sub0703,participant_2808,2020-11-08T01:22:57Z,maze-event,rep_first,FALSE,weekly,28,Male,CA,4-year college degree,Republican,yes,yes,yes,Joe Biden,no,post
Sub0706,participant_2810,2020-11-08T01:24:32Z,mazerace-event,dem_first,FALSE,daily,57,Male,AZ,4-year college degree,Republican,yes,yes,yes,Donald Trump,yes,post
Sub0708,participant_2812,2020-11-08T01:25:14Z,cloze-event,rep_first,FALSE,weekly,44,Male,CA,4-year college degree,Republican,yes,yes,yes,Joe Biden,yes,post
Sub0711,participant_2813,2020-11-08T01:26:34Z,maze-event,rep_first,FALSE,weekly,52,Female,TX,4-year college degree,Democrat,yes,yes,yes,I'd rather not say,yes,post
Sub0716,participant_2816,2020-11-08T01:30:02Z,event-mazerace,dem_first,FALSE,weekly,40,Male,VA,Professional degree,Democrat,yes,yes,yes,Mike Pence,no,post
Sub0718,participant_2817,2020-11-08T01:32:26Z,maze-event,rep_first,FALSE,daily,61,Female,other,4-year college degree,Republican,yes,yes,yes,Mike Pence,yes,post
Sub0722,participant_2820,2020-11-08T01:35:31Z,event-maze,dem_first,FALSE,daily,61,Female,CA,4-year college degree,Republican,yes,yes,yes,Kamala Harris,yes,post
Sub0725,participant_2821,2020-11-08T01:37:38Z,event-maze,dem_first,FALSE,daily,43,Female,CT,Professional degree,Independent,yes,yes,yes,Mike Pence,yes,post
Sub0729,participant_2823,2020-11-08T01:39:07Z,cloze-event,rep_first,FALSE,never,45,Male,CA,4-year college degree,Democrat,yes,yes,yes,Kamala Harris,yes,post
Sub0730,participant_2824,2020-11-08T01:39:15Z,maze-event,rep_first,FALSE,daily,59,Female,CA,4-year college degree,Republican,yes,yes,yes,Donald Trump,yes,post
Sub0731,participant_2825,2020-11-08T01:39:16Z,mazerace-event,rep_first,FALSE,daily,49,Female,CA,4-year college degree,Democrat,yes,yes,yes,Joe Biden,yes,post
Sub0733,participant_2826,2020-11-08T01:39:38Z,spr-event,rep_first,FALSE,weekly,34,Male,MD,Professional degree,Democrat,yes,yes,yes,Joe Biden,yes,post
Sub0734,participant_2827,2020-11-08T01:40:16Z,maze-event,dem_first,FALSE,daily,62,Male,CA,4-year college degree,Republican,yes,yes,yes,Donald Trump,yes,post
Sub0736,participant_2829,2020-11-08T01:42:21Z,mazerace-event,rep_first,FALSE,daily,53,Male,CA,2-year college degree,Republican,yes,yes,yes,Kamala Harris,yes,post
Sub0740,participant_2832,2020-11-08T01:43:01Z,event-mazerace,dem_first,FALSE,daily,32,Male,DC,Professional degree,Republican,yes,yes,yes,Mike Pence,yes,post
Sub0742,participant_2833,2020-11-08T01:44:45Z,mazerace-event,dem_first,FALSE,daily,67,Male,FL,4-year college degree,Republican,yes,yes,yes,Joe Biden,yes,post
Sub0747,participant_2835,2020-11-08T01:46:28Z,cloze-event,rep_first,FALSE,daily,28,Male,VI,Doctorate,Republican,yes,yes,yes,Joe Biden,yes,post
Sub0753,participant_2838,2020-11-08T01:51:26Z,event-cloze,rep_first,FALSE,daily,45,Female,GA,Professional degree,Republican,yes,yes,yes,Kamala Harris,yes,post
Sub0754,participant_2839,2020-11-08T01:52:15Z,spr-event,dem_first,FALSE,weekly,65,Female,NY,4-year college degree,Democrat,yes,yes,yes,Mike Pence,yes,post
Sub0755,participant_2840,2020-11-08T01:53:10Z,mazerace-event,dem_first,FALSE,weekly,56,Male,OH,4-year college degree,Republican,yes,yes,yes,Kamala Harris,yes,post
Sub0758,participant_2841,2020-11-08T01:57:46Z,event-maze,dem_first,FALSE,daily,36,Male,NJ,4-year college degree,Independent,yes,yes,yes,Joe Biden,yes,post
Sub0761,participant_2842,2020-11-08T01:59:40Z,event-cloze,dem_first,FALSE,daily,20,Male,MD,Some college,Democrat,yes,yes,yes,Donald Trump,yes,post
Sub0763,participant_2843,2020-11-08T02:01:53Z,mazerace-event,dem_first,FALSE,weekly,27,Female,CA,4-year college degree,Republican,yes,yes,yes,Kamala Harris,yes,post
Sub0766,participant_2845,2020-11-08T02:06:05Z,mazerace-event,dem_first,FALSE,daily,39,Female,FL,Professional degree,Republican,yes,yes,yes,Mike Pence,yes,post
Sub0768,participant_2846,2020-11-08T02:07:29Z,event-spr,dem_first,FALSE,daily,58,Female,OK,High school graduate,Republican,yes,yes,yes,I don't care,no,post
Sub0773,participant_2850,2020-11-08T02:09:43Z,cloze-event,dem_first,FALSE,less than monthly,25,Male,TN,4-year college degree,Democrat,no,yes,no,Mike Pence,yes,post
Sub0774,participant_2851,2020-11-08T02:09:57Z,event-cloze,dem_first,FALSE,daily,41,Female,IL,2-year college degree,Democrat,yes,yes,yes,Kamala Harris,yes,post
Sub0775,participant_2852,2020-11-08T02:11:35Z,mazerace-event,rep_first,FALSE,weekly,24,Male,MO,4-year college degree,Republican,yes,yes,yes,Joe Biden,no,post
Sub0777,participant_2853,2020-11-08T02:13:09Z,maze-event,dem_first,FALSE,daily,36,Male,HI,4-year college degree,Independent,yes,yes,yes,Donald Trump,yes,post
Sub0780,participant_2855,2020-11-08T02:16:38Z,spr-event,dem_first,FALSE,weekly,68,Male,AZ,4-year college degree,Republican,yes,yes,yes,Kamala Harris,yes,post
Sub0781,participant_2856,2020-11-08T02:16:51Z,cloze-event,rep_first,FALSE,daily,24,Female,TX,4-year college degree,Democrat,yes,yes,yes,Joe Biden,yes,post
Sub0787,participant_2858,2020-11-08T02:21:59Z,mazerace-event,rep_first,FALSE,weekly,33,Male,AL,2-year college degree,Republican,no,yes,no,Joe Biden,no,post
Sub0792,participant_2860,2020-11-08T02:24:58Z,mazerace-event,dem_first,FALSE,monthly,30,Male,CA,4-year college degree,Independent,yes,yes,yes,Donald Trump,yes,post
Sub0797,participant_2862,2020-11-08T02:27:28Z,maze-event,rep_first,FALSE,monthly,32,Female,CA,4-year college degree,Democrat,yes,yes,yes,Kamala Harris,yes,post
Sub0798,participant_2863,2020-11-08T02:27:30Z,maze-event,dem_first,FALSE,daily,24,Female,WA,4-year college degree,Democrat,yes,yes,yes,Kamala Harris,yes,post
Sub0801,participant_2866,2020-11-08T02:28:30Z,mazerace-event,dem_first,FALSE,daily,57,Female,NJ,High school graduate,Democrat,yes,yes,yes,Joe Biden,yes,post
Sub0804,participant_2868,2020-11-08T02:29:57Z,mazerace-event,rep_first,FALSE,daily,30,Female,WA,Professional degree,Republican,yes,yes,yes,Mike Pence,yes,post
Sub0806,participant_2869,2020-11-08T02:31:44Z,maze-event,dem_first,FALSE,daily,36,Male,NY,2-year college degree,Republican,yes,yes,yes,Donald Trump,yes,post
Sub0808,participant_2870,2020-11-08T02:33:12Z,cloze-event,rep_first,FALSE,monthly,29,Male,CA,4-year college degree,Democrat,yes,yes,yes,Joe Biden,yes,post
Sub0810,participant_2872,2020-11-08T02:33:54Z,maze-event,dem_first,FALSE,weekly,32,Male,CA,4-year college degree,Democrat,yes,yes,yes,Joe Biden,yes,post
Sub0811,participant_2874,2020-11-08T02:35:35Z,event-maze,rep_first,FALSE,daily,54,Female,CA,4-year college degree,Democrat,yes,yes,yes,Kamala Harris,yes,post
Sub0815,participant_2877,2020-11-08T02:37:54Z,spr-event,dem_first,FALSE,weekly,41,Female,CA,Professional degree,Democrat,yes,yes,yes,Donald Trump,no,post
Sub0817,participant_2879,2020-11-08T02:42:52Z,maze-event,dem_first,FALSE,daily,59,Female,MI,2-year college degree,Democrat,yes,yes,yes,Joe Biden,yes,post
Sub0818,participant_2880,2020-11-08T02:43:11Z,maze-event,rep_first,FALSE,daily,59,Male,IL,Professional degree,Independent,yes,yes,yes,Kamala Harris,yes,post
Sub0819,participant_2881,2020-11-08T02:43:31Z,cloze-event,dem_first,FALSE,daily,36,Female,TX,4-year college degree,Democrat,yes,yes,yes,Mike Pence,yes,post
Sub0820,participant_2882,2020-11-08T02:43:47Z,cloze-event,rep_first,FALSE,weekly,43,Male,CA,4-year college degree,Republican,yes,yes,yes,Donald Trump,yes,post
Sub0821,participant_2883,2020-11-08T02:45:17Z,mazerace-event,rep_first,FALSE,daily,37,Female,TX,Some college,None,yes,yes,yes,I don't care,yes,post
Sub0822,participant_2884,2020-11-08T02:46:15Z,mazerace-event,rep_first,FALSE,daily,28,Female,IA,Some college,Democrat,yes,yes,yes,Kamala Harris,yes,post
Sub0824,participant_2886,2020-11-08T02:47:58Z,cloze-event,rep_first,FALSE,weekly,36,Male,IN,4-year college degree,Democrat,yes,yes,yes,Mike Pence,yes,post
Sub0826,participant_2888,2020-11-08T02:49:38Z,event-maze,rep_first,FALSE,daily,30,Male,WA,2-year college degree,Independent,yes,yes,yes,Donald Trump,yes,post
Sub0829,participant_2891,2020-11-08T02:51:29Z,mazerace-event,dem_first,FALSE,daily,26,Female,IL,4-year college degree,Democrat,yes,yes,yes,I'd rather not say,yes,post
Sub0830,participant_2892,2020-11-08T02:52:03Z,event-spr,dem_first,FALSE,daily,28,Female,GA,4-year college degree,Independent,yes,yes,yes,Kamala Harris,yes,post
Sub0831,participant_2893,2020-11-08T02:53:16Z,event-maze,dem_first,FALSE,daily,27,Female,MO,4-year college degree,Democrat,yes,yes,yes,Joe Biden,yes,post
Sub0832,participant_2894,2020-11-08T02:54:11Z,spr-event,dem_first,FALSE,weekly,32,Female,TX,2-year college degree,Independent,yes,yes,yes,Mike Pence,yes,post
Sub0839,participant_2897,2020-11-08T03:01:22Z,cloze-event,rep_first,FALSE,never,68,Female,NC,4-year college degree,Democrat,yes,yes,yes,Mike Pence,yes,post
Sub0845,participant_2900,2020-11-08T03:06:48Z,cloze-event,dem_first,FALSE,daily,28,Male,AS,Professional degree,Independent,yes,yes,yes,Donald Trump,yes,post
Sub0848,participant_2901,2020-11-08T03:09:05Z,cloze-event,dem_first,FALSE,monthly,28,Male,IN,4-year college degree,Other,yes,yes,yes,Mike Pence,yes,post
Sub0849,participant_2902,2020-11-08T03:10:11Z,event-cloze,dem_first,FALSE,daily,28,Female,IN,Less than high school,Republican,yes,yes,yes,Mike Pence,yes,post
Sub0851,participant_2904,2020-11-08T03:10:56Z,spr-event,dem_first,FALSE,daily,33,Female,TX,Some college,Democrat,yes,yes,yes,Joe Biden,yes,post
Sub0856,participant_2907,2020-11-08T03:15:12Z,cloze-event,dem_first,FALSE,daily,43,Female,CA,4-year college degree,Democrat,yes,yes,yes,Kamala Harris,yes,post
Sub0860,participant_2910,2020-11-08T03:15:59Z,event-spr,rep_first,FALSE,daily,44,Female,NC,Professional degree,Democrat,yes,yes,yes,Joe Biden,yes,post
Sub0861,participant_2911,2020-11-08T03:16:17Z,event-cloze,dem_first,FALSE,daily,43,Male,ID,High school graduate,Other,yes,yes,yes,Mike Pence,yes,post
Sub0863,participant_2912,2020-11-08T03:16:38Z,cloze-event,rep_first,FALSE,weekly,28,Female,IN,4-year college degree,Republican,yes,yes,yes,Joe Biden,yes,post
Sub0865,participant_2915,2020-11-08T03:16:58Z,cloze-event,dem_first,FALSE,daily,55,Female,WV,4-year college degree,Republican,yes,yes,yes,Kamala Harris,yes,post
Sub0867,participant_2916,2020-11-08T03:17:21Z,spr-event,dem_first,FALSE,daily,46,Female,MA,High school graduate,Democrat,yes,yes,yes,Joe Biden,yes,post
Sub0868,participant_2917,2020-11-08T03:17:39Z,maze-event,dem_first,FALSE,daily,45,Male,NC,Some college,Independent,yes,yes,yes,Kamala Harris,yes,post
Sub0869,participant_2918,2020-11-08T03:17:46Z,event-maze,dem_first,FALSE,daily,28,Male,WA,Professional degree,Democrat,yes,yes,yes,Joe Biden,yes,post
Sub0873,participant_2920,2020-11-08T03:18:10Z,maze-event,dem_first,FALSE,daily,70,Male,MD,4-year college degree,Democrat,yes,yes,yes,Kamala Harris,yes,post
Sub0874,participant_2921,2020-11-08T03:18:37Z,cloze-event,rep_first,FALSE,daily,26,Male,AZ,Some college,Other,yes,yes,yes,I'd rather not say,yes,post
Sub0875,participant_2922,2020-11-08T03:18:51Z,spr-event,rep_first,FALSE,daily,46,Male,CT,Professional degree,Republican,yes,yes,yes,Donald Trump,yes,post
Sub0877,participant_2923,2020-11-08T03:19:53Z,event-maze,rep_first,FALSE,daily,26,Female,other,4-year college degree,Independent,yes,yes,yes,Joe Biden,yes,post
Sub0878,participant_2924,2020-11-08T03:20:19Z,spr-event,dem_first,FALSE,daily,28,Female,NY,4-year college degree,Democrat,yes,yes,yes,Mike Pence,yes,post
Sub0879,participant_2925,2020-11-08T03:20:32Z,event-maze,rep_first,FALSE,daily,40,Male,NC,4-year college degree,Democrat,yes,yes,yes,Kamala Harris,yes,post
Sub0880,participant_2926,2020-11-08T03:20:48Z,spr-event,rep_first,FALSE,daily,26,Male,CT,4-year college degree,Republican,yes,yes,yes,Donald Trump,yes,post
Sub0881,participant_2927,2020-11-08T03:20:54Z,cloze-event,rep_first,FALSE,daily,31,Female,GA,Some college,Independent,yes,yes,yes,Mike Pence,yes,post
Sub0882,participant_2928,2020-11-08T03:20:57Z,cloze-event,dem_first,FALSE,daily,45,Male,CA,4-year college degree,Democrat,yes,yes,yes,Kamala Harris,yes,post
Sub0891,participant_2937,2020-11-08T03:25:14Z,cloze-event,dem_first,FALSE,daily,27,Male,VA,4-year college degree,Democrat,yes,yes,yes,Joe Biden,yes,post
Sub0892,participant_2938,2020-11-08T03:25:38Z,event-spr,dem_first,FALSE,monthly,32,Male,IN,High school graduate,Democrat,no,yes,no,Donald Trump,yes,post
Sub0893,participant_2939,2020-11-08T03:26:02Z,mazerace-event,rep_first,FALSE,daily,28,Female,other,4-year college degree,Independent,no,yes,yes,I don't care,yes,post
Sub0899,participant_2943,2020-11-08T03:28:22Z,event-cloze,rep_first,FALSE,weekly,32,Female,IN,High school graduate,Republican,no,yes,no,Mike Pence,yes,post
Sub0903,participant_2946,2020-11-08T03:30:27Z,mazerace-event,rep_first,FALSE,weekly,45,Female,CA,Professional degree,Rather not say,yes,yes,yes,Donald Trump,yes,post
Sub0904,participant_2947,2020-11-08T03:31:13Z,cloze-event,rep_first,FALSE,daily,30,Male,TN,4-year college degree,Democrat,yes,yes,yes,Joe Biden,yes,post
Sub0905,participant_2948,2020-11-08T03:31:53Z,event-spr,dem_first,FALSE,weekly,35,Female,TX,High school graduate,Democrat,no,yes,no,Donald Trump,yes,post
Sub0908,participant_2951,2020-11-08T03:34:14Z,maze-event,rep_first,FALSE,daily,24,Female,MA,Professional degree,Democrat,yes,yes,yes,Joe Biden,yes,post
Sub0910,participant_2953,2020-11-08T03:35:50Z,mazerace-event,dem_first,FALSE,daily,25,Male,DE,4-year college degree,Republican,yes,yes,yes,Mike Pence,yes,post
Sub0923,participant_2959,2020-11-08T03:41:01Z,event-spr,dem_first,FALSE,daily,29,Male,NY,Professional degree,Democrat,yes,yes,yes,Kamala Harris,yes,post
Sub0924,participant_2960,2020-11-08T03:41:10Z,maze-event,dem_first,FALSE,daily,38,Male,FL,Some college,Democrat,yes,yes,yes,Joe Biden,yes,post
Sub0925,participant_2961,2020-11-08T03:41:28Z,cloze-event,rep_first,FALSE,weekly,28,Male,IN,Professional degree,Republican,no,yes,no,I don't care,no,post
Sub0926,participant_2962,2020-11-08T03:44:27Z,cloze-event,rep_first,FALSE,daily,58,Female,NJ,Some college,Independent,yes,yes,yes,Kamala Harris,yes,post
Sub0927,participant_2963,2020-11-08T03:44:40Z,spr-event,dem_first,FALSE,daily,49,Female,NJ,High school graduate,Democrat,yes,yes,yes,Kamala Harris,yes,post
Sub0928,participant_2964,2020-11-08T03:45:04Z,maze-event,rep_first,FALSE,daily,32,Male,TN,Less than high school,Independent,yes,yes,yes,Mike Pence,yes,post
Sub0931,participant_2966,2020-11-08T03:46:35Z,cloze-event,dem_first,FALSE,daily,30,Female,NY,4-year college degree,Democrat,yes,yes,yes,Kamala Harris,yes,post
Sub0934,participant_2969,2020-11-08T03:47:35Z,mazerace-event,dem_first,FALSE,daily,30,Female,IL,4-year college degree,Independent,yes,yes,yes,Kamala Harris,yes,post
Sub0937,participant_2971,2020-11-08T03:49:55Z,cloze-event,rep_first,FALSE,daily,35,Male,TN,2-year college degree,Independent,no,yes,no,Mike Pence,yes,post
Sub0938,participant_2972,2020-11-08T03:50:06Z,spr-event,dem_first,FALSE,daily,27,Male,MA,4-year college degree,Democrat,yes,yes,yes,Joe Biden,yes,post
Sub0940,participant_2973,2020-11-08T03:50:38Z,event-maze,dem_first,FALSE,daily,42,Female,NC,Some college,Independent,yes,yes,yes,I'd rather not say,yes,post
Sub0945,participant_2976,2020-11-08T03:52:21Z,event-spr,rep_first,FALSE,daily,21,Female,NY,Some college,Democrat,yes,yes,yes,Joe Biden,yes,post
Sub0946,participant_2977,2020-11-08T03:52:53Z,maze-event,dem_first,FALSE,daily,47,Female,OH,4-year college degree,Democrat,yes,yes,yes,Joe Biden,yes,post
Sub0949,participant_2979,2020-11-08T03:53:38Z,event-cloze,dem_first,FALSE,daily,28,Female,IN,Professional degree,Rather not say,yes,yes,yes,I don't care,yes,post
Sub0956,participant_2985,2020-11-08T03:56:07Z,spr-event,rep_first,FALSE,daily,58,Female,NJ,Some college,Independent,yes,yes,yes,Joe Biden,yes,post
Sub0957,participant_2986,2020-11-08T03:57:27Z,mazerace-event,rep_first,FALSE,daily,29,Female,CA,4-year college degree,Democrat,yes,yes,yes,Donald Trump,yes,post
Sub0958,participant_2987,2020-11-08T03:57:31Z,cloze-event,rep_first,FALSE,weekly,50,Male,OH,4-year college degree,Democrat,yes,yes,yes,Kamala Harris,yes,post
Sub0963,participant_2988,2020-11-08T04:00:02Z,cloze-event,rep_first,FALSE,daily,46,Female,other,4-year college degree,Democrat,yes,yes,yes,Kamala Harris,yes,post
Sub0965,participant_2989,2020-11-08T04:00:53Z,spr-event,rep_first,FALSE,daily,56,Male,CA,4-year college degree,Republican,yes,yes,yes,Joe Biden,yes,post
Sub0967,participant_2990,2020-11-08T04:01:41Z,mazerace-event,rep_first,FALSE,daily,27,Male,AK,4-year college degree,Republican,yes,yes,yes,Kamala Harris,yes,post
Sub0968,participant_2991,2020-11-08T04:01:42Z,event-maze,dem_first,FALSE,daily,42,Female,SC,4-year college degree,Democrat,yes,yes,yes,Joe Biden,yes,post
Sub0971,participant_2992,2020-11-08T04:02:35Z,event-cloze,rep_first,FALSE,daily,64,Female,NC,2-year college degree,Democrat,yes,yes,yes,Donald Trump,yes,post
Sub0972,participant_2993,2020-11-08T04:02:35Z,cloze-event,dem_first,FALSE,daily,28,Male,IN,4-year college degree,Independent,no,yes,no,I don't care,yes,post
Sub0975,participant_2995,2020-11-08T04:06:36Z,event-cloze,rep_first,FALSE,weekly,25,Male,IL,4-year college degree,Republican,yes,yes,yes,Joe Biden,yes,post
Sub0976,participant_2996,2020-11-08T04:06:57Z,event-maze,dem_first,FALSE,daily,28,Female,NY,4-year college degree,Democrat,yes,yes,yes,Kamala Harris,yes,post
Sub0978,participant_2998,2020-11-08T04:07:28Z,event-maze,rep_first,FALSE,daily,31,Male,TX,Professional degree,Democrat,yes,yes,yes,Mike Pence,yes,post
Sub0980,participant_2999,2020-11-08T04:09:30Z,event-cloze,dem_first,FALSE,daily,35,Male,TX,4-year college degree,Democrat,yes,yes,yes,Kamala Harris,yes,post
Sub0982,participant_3000,2020-11-08T04:11:23Z,cloze-event,rep_first,FALSE,daily,28,Female,WA,4-year college degree,Democrat,yes,yes,yes,Donald Trump,yes,post
Sub0985,participant_3002,2020-11-08T04:12:33Z,mazerace-event,rep_first,FALSE,daily,38,Female,NY,Doctorate,Democrat,yes,yes,yes,Joe Biden,yes,post
Sub0986,participant_3003,2020-11-08T04:13:22Z,event-cloze,dem_first,FALSE,daily,27,Male,TX,Some college,Republican,yes,yes,yes,Mike Pence,yes,post
Sub0987,participant_3004,2020-11-08T04:13:27Z,event-spr,rep_first,FALSE,weekly,48,Male,OH,4-year college degree,Democrat,yes,yes,yes,Kamala Harris,yes,post
Sub0989,participant_3005,2020-11-08T04:14:37Z,event-cloze,dem_first,FALSE,daily,55,Male,other,4-year college degree,Republican,yes,yes,yes,Kamala Harris,yes,post
Sub0990,participant_3006,2020-11-08T04:16:21Z,event-cloze,rep_first,FALSE,daily,28,Rather not say,OR,Some college,Rather not say,yes,yes,yes,I don't care,yes,post
Sub0992,participant_3007,2020-11-08T04:17:34Z,cloze-event,dem_first,FALSE,monthly,30,Female,FL,4-year college degree,Democrat,yes,yes,yes,Joe Biden,yes,post
Sub1000,participant_3013,2020-11-08T04:24:07Z,event-mazerace,dem_first,FALSE,daily,32,Male,GA,Professional degree,Independent,yes,yes,yes,Mike Pence,yes,post
Sub1001,participant_3014,2020-11-08T04:24:15Z,cloze-event,rep_first,FALSE,daily,28,Female,CA,4-year college degree,Democrat,yes,yes,yes,Joe Biden,yes,post
Sub1005,participant_3017,2020-11-08T04:25:25Z,cloze-event,dem_first,FALSE,daily,70,Female,WA,Some college,Independent,no,yes,yes,Donald Trump,yes,post
Sub1006,participant_3018,2020-11-08T04:25:32Z,cloze-event,rep_first,FALSE,weekly,33,Male,TX,Professional degree,Democrat,yes,yes,yes,I'd rather not say,yes,post
Sub1007,participant_3019,2020-11-08T04:26:20Z,event-cloze,rep_first,FALSE,daily,41,Female,other,High school graduate,Independent,yes,yes,yes,Mike Pence,yes,post
Sub1011,participant_3022,2020-11-08T04:27:30Z,spr-event,rep_first,FALSE,daily,51,Male,PA,Some college,Independent,yes,yes,yes,Donald Trump,yes,post
Sub1012,participant_3023,2020-11-08T04:28:25Z,cloze-event,rep_first,FALSE,daily,36,Male,CA,4-year college degree,Republican,yes,yes,yes,Donald Trump,yes,post
Sub1013,participant_3024,2020-11-08T04:29:27Z,spr-event,dem_first,FALSE,monthly,35,Male,TX,Professional degree,Democrat,no,yes,no,Joe Biden,yes,post
Sub1014,participant_3025,2020-11-08T04:31:40Z,mazerace-event,dem_first,FALSE,daily,42,Female,other,4-year college degree,Democrat,yes,yes,yes,Kamala Harris,yes,post
Sub1016,participant_3027,2020-11-08T04:32:11Z,event-cloze,rep_first,FALSE,weekly,30,Other,MD,4-year college degree,Democrat,yes,yes,yes,Mike Pence,yes,post
Sub1018,participant_3029,2020-11-08T04:32:18Z,maze-event,rep_first,FALSE,weekly,34,Male,IN,Professional degree,Democrat,no,yes,yes,Joe Biden,yes,post
Sub1020,participant_3030,2020-11-08T04:33:22Z,cloze-event,rep_first,FALSE,weekly,28,Female,IN,4-year college degree,Independent,no,yes,no,I don't care,yes,post
Sub1023,participant_3031,2020-11-08T04:37:57Z,cloze-event,dem_first,FALSE,daily,30,Male,TN,Professional degree,Other,yes,yes,yes,Kamala Harris,yes,post
Sub1025,participant_3032,2020-11-08T04:38:54Z,mazerace-event,rep_first,FALSE,daily,31,Female,LA,4-year college degree,Democrat,yes,yes,yes,Joe Biden,yes,post
Sub1026,participant_3033,2020-11-08T04:38:59Z,cloze-event,dem_first,FALSE,daily,44,Female,OR,4-year college degree,Democrat,yes,yes,yes,Joe Biden,yes,post
Sub1029,participant_3035,2020-11-08T04:39:37Z,event-mazerace,rep_first,FALSE,monthly,39,Female,MD,4-year college degree,Democrat,yes,yes,yes,Kamala Harris,no,post
Sub1038,participant_3040,2020-11-08T04:42:25Z,event-mazerace,rep_first,FALSE,daily,29,Female,MN,Some college,Democrat,yes,yes,yes,Joe Biden,yes,post
Sub1042,participant_3043,2020-11-08T04:43:00Z,cloze-event,dem_first,FALSE,daily,47,Male,MO,High school graduate,Democrat,yes,yes,yes,Kamala Harris,yes,post
Sub1044,participant_3044,2020-11-08T04:43:29Z,event-spr,dem_first,FALSE,daily,45,Female,IN,Some college,Independent,yes,yes,yes,I don't care,yes,post
Sub1046,participant_3045,2020-11-08T04:43:44Z,event-cloze,dem_first,FALSE,weekly,21,Rather not say,CA,High school graduate,Rather not say,yes,yes,yes,Joe Biden,no,post
Sub1050,participant_3046,2020-11-08T04:44:51Z,event-spr,rep_first,FALSE,daily,48,Female,PA,2-year college degree,Republican,yes,yes,yes,Mike Pence,yes,post
Sub1051,participant_3047,2020-11-08T04:44:59Z,mazerace-event,dem_first,FALSE,daily,26,Male,GA,Some college,Democrat,yes,yes,yes,Joe Biden,yes,post
Sub1052,participant_3048,2020-11-08T04:45:32Z,cloze-event,rep_first,FALSE,daily,36,Male,MA,4-year college degree,Democrat,yes,yes,yes,Kamala Harris,yes,post
Sub1054,participant_3049,2020-11-08T04:46:07Z,event-spr,dem_first,FALSE,daily,49,Female,KY,4-year college degree,Republican,yes,yes,yes,Donald Trump,yes,post
Sub1059,participant_3052,2020-11-08T04:47:55Z,maze-event,rep_first,FALSE,weekly,35,Male,GA,4-year college degree,Democrat,yes,yes,yes,Kamala Harris,yes,post
Sub1062,participant_3053,2020-11-08T04:49:39Z,mazerace-event,rep_first,FALSE,daily,25,Female,NY,4-year college degree,Democrat,yes,yes,yes,Kamala Harris,yes,post
Sub1065,participant_3056,2020-11-08T04:49:47Z,cloze-event,rep_first,FALSE,daily,49,Female,NE,Professional degree,Independent,yes,yes,yes,Donald Trump,yes,post
Sub1066,participant_3057,2020-11-08T04:49:48Z,spr-event,dem_first,FALSE,daily,32,Male,IL,4-year college degree,Democrat,yes,yes,yes,Kamala Harris,yes,post
Sub1067,participant_3058,2020-11-08T04:49:58Z,maze-event,dem_first,FALSE,daily,32,Female,other,Some college,Independent,no,yes,no,Donald Trump,yes,post
Sub1068,participant_3059,2020-11-08T04:51:11Z,event-cloze,rep_first,FALSE,daily,42,Female,PA,High school graduate,Democrat,yes,yes,yes,Joe Biden,yes,post
Sub1069,participant_3060,2020-11-08T04:52:03Z,event-cloze,dem_first,FALSE,daily,28,Female,other,Professional degree,Democrat,yes,yes,yes,Kamala Harris,yes,post
Sub1071,participant_3062,2020-11-08T04:53:05Z,mazerace-event,dem_first,FALSE,daily,20,Male,NJ,Some college,Democrat,yes,yes,yes,Joe Biden,yes,post
Sub1076,participant_3064,2020-11-08T04:56:59Z,maze-event,dem_first,FALSE,daily,29,Female,MA,Professional degree,Independent,yes,yes,yes,Kamala Harris,yes,post
Sub1077,participant_3065,2020-11-08T04:57:42Z,event-maze,dem_first,FALSE,weekly,43,Male,CA,4-year college degree,Democrat,yes,yes,yes,Kamala Harris,yes,post
Sub1079,participant_3066,2020-11-08T04:57:45Z,maze-event,rep_first,FALSE,weekly,35,Male,IN,Professional degree,Democrat,no,yes,no,Kamala Harris,yes,post
Sub1078,participant_3067,2020-11-08T04:57:43Z,mazerace-event,rep_first,FALSE,weekly,26,Female,CA,4-year college degree,Democrat,yes,yes,yes,Kamala Harris,yes,post
Sub1080,participant_3068,2020-11-08T04:57:56Z,maze-event,rep_first,FALSE,monthly,27,Female,TN,4-year college degree,Independent,no,yes,no,Donald Trump,yes,post
Sub1081,participant_3069,2020-11-08T04:58:04Z,mazerace-event,rep_first,FALSE,monthly,25,Female,IN,Professional degree,Independent,no,yes,no,Kamala Harris,yes,post
Sub1083,participant_3070,2020-11-08T04:59:41Z,event-cloze,dem_first,FALSE,daily,35,Female,OH,Professional degree,Independent,yes,yes,yes,I don't care,yes,post
Sub1084,participant_3071,2020-11-08T05:00:03Z,event-spr,rep_first,FALSE,daily,38,Female,GA,4-year college degree,Independent,yes,yes,yes,Kamala Harris,yes,post
Sub1085,participant_3072,2020-11-08T05:00:07Z,maze-event,dem_first,FALSE,daily,30,Male,NH,4-year college degree,Democrat,yes,yes,yes,Joe Biden,yes,post
Sub1092,participant_3075,2020-11-08T05:02:49Z,event-spr,dem_first,FALSE,daily,32,Male,AZ,4-year college degree,Independent,yes,yes,yes,I don't care,yes,post
Sub1095,participant_3077,2020-11-08T05:03:52Z,event-mazerace,dem_first,FALSE,monthly,28,Male,CO,4-year college degree,Republican,yes,yes,yes,Joe Biden,yes,post
Sub1098,participant_3078,2020-11-08T05:04:49Z,event-mazerace,dem_first,FALSE,weekly,65,Male,CA,4-year college degree,Republican,yes,yes,yes,Mike Pence,yes,post
Sub1106,participant_3082,2020-11-08T05:10:50Z,cloze-event,rep_first,FALSE,daily,42,Male,other,Professional degree,Republican,yes,yes,yes,Joe Biden,yes,post
Sub1127,participant_3086,2020-11-08T05:20:52Z,event-mazerace,dem_first,FALSE,daily,26,Female,NM,Some college,Independent,yes,yes,yes,Donald Trump,yes,post
Sub1128,participant_3087,2020-11-08T05:22:25Z,event-maze,dem_first,FALSE,weekly,39,Male,CA,4-year college degree,Democrat,yes,yes,yes,Kamala Harris,yes,post
Sub1132,participant_3089,2020-11-08T05:26:11Z,event-mazerace,dem_first,FALSE,weekly,60,Male,CA,4-year college degree,Democrat,yes,yes,yes,Joe Biden,yes,post
Sub1135,participant_3091,2020-11-08T05:32:18Z,event-mazerace,dem_first,FALSE,daily,28,Male,WA,4-year college degree,Republican,yes,yes,yes,Donald Trump,yes,post
Sub1136,participant_3092,2020-11-08T05:32:44Z,event-cloze,rep_first,FALSE,weekly,60,Male,OH,4-year college degree,Democrat,yes,yes,yes,Kamala Harris,yes,post
Sub1140,participant_3093,2020-11-08T05:38:46Z,event-mazerace,dem_first,FALSE,daily,24,Male,IL,4-year college degree,Democrat,yes,yes,yes,Joe Biden,yes,post
Sub1144,participant_3094,2020-11-08T05:40:42Z,spr-event,rep_first,FALSE,daily,45,Female,MO,2-year college degree,None,yes,yes,yes,Donald Trump,yes,post
Sub1146,participant_3096,2020-11-08T05:41:44Z,event-spr,rep_first,FALSE,daily,53,Female,NC,Professional degree,Democrat,yes,yes,yes,Kamala Harris,yes,post
Sub1148,participant_3097,2020-11-08T05:43:28Z,mazerace-event,dem_first,FALSE,daily,20,Male,other,High school graduate,Democrat,no,yes,no,Joe Biden,yes,post
Sub1152,participant_3098,2020-11-08T05:44:50Z,cloze-event,rep_first,FALSE,daily,46,Male,NJ,Professional degree,Democrat,yes,yes,yes,Kamala Harris,yes,post
Sub1154,participant_3099,2020-11-08T05:45:40Z,event-mazerace,dem_first,FALSE,daily,28,Female,NY,Professional degree,Republican,yes,yes,yes,Mike Pence,yes,post
Sub1155,participant_3100,2020-11-08T05:45:40Z,spr-event,rep_first,FALSE,daily,57,Female,MD,4-year college degree,Democrat,yes,yes,yes,Kamala Harris,yes,post
Sub1160,participant_3102,2020-11-08T05:47:26Z,cloze-event,dem_first,FALSE,weekly,42,Male,TX,4-year college degree,Democrat,yes,yes,yes,Kamala Harris,yes,post
Sub1169,participant_3103,2020-11-08T05:56:20Z,cloze-event,rep_first,FALSE,weekly,31,Female,VT,Professional degree,Democrat,yes,yes,yes,Kamala Harris,yes,post
Sub1177,participant_3105,2020-11-08T06:04:34Z,cloze-event,rep_first,FALSE,weekly,65,Male,CA,2-year college degree,Democrat,yes,yes,yes,Kamala Harris,yes,post
Sub1180,participant_3107,2020-11-08T06:08:56Z,mazerace-event,rep_first,FALSE,daily,23,Non-binary,OH,4-year college degree,Democrat,yes,yes,yes,Kamala Harris,yes,post
Sub1183,participant_3109,2020-11-08T06:13:28Z,event-maze,rep_first,FALSE,daily,30,Male,CA,4-year college degree,Democrat,yes,yes,yes,Joe Biden,yes,post
Sub1186,participant_3110,2020-11-08T06:21:39Z,spr-event,rep_first,FALSE,daily,42,Male,WA,4-year college degree,Democrat,yes,yes,yes,Joe Biden,yes,post
Sub1187,participant_3111,2020-11-08T06:23:36Z,cloze-event,dem_first,FALSE,weekly,48,Male,DC,Doctorate,Republican,yes,yes,yes,Kamala Harris,yes,post
Sub1196,participant_3112,2020-11-08T06:39:08Z,spr-event,dem_first,FALSE,monthly,25,Female,NJ,Professional degree,Independent,yes,yes,yes,Kamala Harris,yes,post
Sub1198,participant_3113,2020-11-08T06:46:00Z,event-cloze,dem_first,FALSE,daily,24,Male,VA,2-year college degree,Democrat,yes,yes,yes,Kamala Harris,yes,post
Sub1211,participant_3116,2020-11-08T07:49:59Z,cloze-event,rep_first,FALSE,weekly,34,Male,VA,4-year college degree,Democrat,yes,yes,yes,Kamala Harris,yes,post
Sub1213,participant_3117,2020-11-08T08:34:17Z,spr-event,dem_first,FALSE,daily,46,Male,NC,4-year college degree,Independent,yes,yes,yes,I don't care,yes,post
Sub1216,participant_3119,2020-11-08T13:16:29Z,event-spr,dem_first,FALSE,daily,39,Female,CA,High school graduate,Independent,yes,yes,yes,Donald Trump,no,post
Sub1217,participant_3120,2020-11-08T13:24:13Z,cloze-event,dem_first,FALSE,daily,31,Male,MO,4-year college degree,Democrat,yes,yes,yes,Joe Biden,yes,post
Sub1218,participant_3121,2020-11-08T13:27:25Z,cloze-event,rep_first,FALSE,daily,42,Male,NY,Some college,Independent,yes,yes,yes,Kamala Harris,yes,post
Sub1223,participant_3125,2020-11-08T13:30:54Z,maze-event,dem_first,FALSE,daily,64,Female,MI,Less than high school,Republican,no,yes,yes,Donald Trump,yes,post
Sub1224,participant_3126,2020-11-08T13:31:18Z,event-mazerace,dem_first,FALSE,daily,24,Male,NY,Some college,Independent,yes,yes,yes,Kamala Harris,yes,post
Sub1225,participant_3127,2020-11-08T13:31:34Z,event-cloze,rep_first,FALSE,daily,34,Male,OH,Professional degree,Democrat,yes,yes,yes,Joe Biden,yes,post
Sub1227,participant_3129,2020-11-08T13:32:55Z,cloze-event,dem_first,FALSE,daily,38,Male,TX,4-year college degree,Democrat,yes,yes,yes,Joe Biden,yes,post
Sub1228,participant_3130,2020-11-08T13:34:27Z,maze-event,dem_first,FALSE,weekly,46,Female,OH,4-year college degree,Democrat,yes,yes,yes,Mike Pence,yes,post
Sub1229,participant_3131,2020-11-08T13:36:23Z,cloze-event,dem_first,FALSE,daily,45,Male,MN,4-year college degree,Republican,yes,yes,yes,Mike Pence,yes,post
Sub1231,participant_3132,2020-11-08T13:36:46Z,maze-event,dem_first,FALSE,daily,31,Male,FL,4-year college degree,Republican,yes,yes,yes,Joe Biden,yes,post
Sub1235,participant_3135,2020-11-08T13:40:41Z,maze-event,rep_first,FALSE,daily,61,Female,VA,4-year college degree,Democrat,yes,yes,yes,I'd rather not say,yes,post
Sub1241,participant_3139,2020-11-08T13:44:18Z,maze-event,dem_first,FALSE,daily,67,Male,NY,Some college,Democrat,yes,yes,yes,Joe Biden,yes,post
Sub1242,participant_3140,2020-11-08T13:44:44Z,cloze-event,dem_first,FALSE,daily,25,Male,TX,4-year college degree,Republican,yes,yes,yes,Kamala Harris,yes,post
Sub1249,participant_3141,2020-11-08T13:49:40Z,event-mazerace,dem_first,FALSE,weekly,25,Male,TX,4-year college degree,Republican,yes,yes,yes,Donald Trump,yes,post
Sub1243,participant_3142,2020-11-08T13:45:43Z,spr-event,dem_first,FALSE,daily,63,Female,MS,2-year college degree,Republican,yes,yes,yes,Mike Pence,yes,post
Sub1256,participant_3147,2020-11-08T13:53:57Z,maze-event,rep_first,FALSE,weekly,25,Male,TX,4-year college degree,Republican,yes,yes,yes,Kamala Harris,yes,post
Sub1264,participant_3150,2020-11-08T13:56:50Z,maze-event,rep_first,FALSE,daily,63,Female,TX,High school graduate,Independent,yes,yes,yes,Mike Pence,yes,post
Sub1269,participant_3153,2020-11-08T14:01:44Z,event-cloze,dem_first,FALSE,daily,30,Female,AL,4-year college degree,Republican,yes,yes,yes,Kamala Harris,yes,post
Sub1271,participant_3154,2020-11-08T14:03:11Z,event-cloze,dem_first,FALSE,daily,25,Male,ID,4-year college degree,Independent,yes,yes,yes,Kamala Harris,yes,post
Sub1276,participant_3156,2020-11-08T14:05:36Z,cloze-event,dem_first,FALSE,daily,30,Female,ID,4-year college degree,Independent,yes,yes,yes,Kamala Harris,yes,post
Sub1280,participant_3158,2020-11-08T14:06:46Z,cloze-event,rep_first,FALSE,weekly,28,Male,NY,4-year college degree,Democrat,yes,yes,yes,Mike Pence,yes,post
Sub1282,participant_3160,2020-11-08T14:07:37Z,mazerace-event,dem_first,FALSE,daily,38,Female,WI,2-year college degree,Republican,yes,yes,yes,Mike Pence,yes,post
Sub1285,participant_3161,2020-11-08T14:09:12Z,event-spr,dem_first,FALSE,daily,49,Female,MA,4-year college degree,Republican,yes,yes,yes,Mike Pence,yes,post
Sub1293,participant_3166,2020-11-08T14:14:12Z,spr-event,rep_first,FALSE,daily,32,Female,CA,4-year college degree,Democrat,yes,yes,yes,Joe Biden,yes,post
Sub1294,participant_3167,2020-11-08T14:14:48Z,maze-event,rep_first,FALSE,weekly,32,Male,MN,Professional degree,Republican,yes,yes,yes,Joe Biden,yes,post
Sub1295,participant_3168,2020-11-08T14:14:52Z,cloze-event,dem_first,FALSE,weekly,29,Male,IN,Professional degree,Democrat,yes,yes,yes,Joe Biden,yes,post
Sub1297,participant_3170,2020-11-08T14:17:23Z,event-cloze,dem_first,FALSE,weekly,41,Female,CA,Professional degree,Democrat,yes,yes,yes,Joe Biden,yes,post
Sub1299,participant_3171,2020-11-08T14:18:18Z,mazerace-event,rep_first,FALSE,weekly,25,Male,TX,4-year college degree,Republican,yes,yes,yes,Kamala Harris,yes,post
Sub1302,participant_3173,2020-11-08T14:19:51Z,mazerace-event,rep_first,FALSE,daily,25,Female,TX,Professional degree,Republican,yes,yes,yes,I don't care,yes,post
Sub1326,participant_3180,2020-11-08T14:26:11Z,event-maze,rep_first,FALSE,weekly,25,Female,TX,4-year college degree,Republican,yes,yes,yes,Donald Trump,yes,post
Sub1328,participant_3181,2020-11-08T14:26:45Z,event-mazerace,rep_first,FALSE,daily,28,Male,IN,4-year college degree,Democrat,yes,yes,yes,Kamala Harris,yes,post
Sub1333,participant_3183,2020-11-08T14:28:07Z,cloze-event,dem_first,FALSE,daily,20,Male,IN,4-year college degree,Democrat,yes,yes,yes,Joe Biden,yes,post
Sub1353,participant_3187,2020-11-08T14:36:02Z,mazerace-event,rep_first,FALSE,weekly,25,Male,TX,4-year college degree,Republican,no,yes,yes,Kamala Harris,yes,post
Sub1362,participant_3191,2020-11-08T14:39:09Z,event-mazerace,dem_first,FALSE,daily,47,Male,MO,4-year college degree,Democrat,yes,yes,yes,Kamala Harris,yes,post
Sub1370,participant_3193,2020-11-08T14:41:28Z,mazerace-event,rep_first,FALSE,daily,38,Male,PA,Some college,Republican,yes,yes,yes,Mike Pence,yes,post
Sub1393,participant_3198,2020-11-08T14:54:09Z,maze-event,dem_first,FALSE,daily,25,Female,TX,4-year college degree,Republican,yes,yes,yes,Kamala Harris,yes,post
Sub1396,participant_3199,2020-11-08T14:55:28Z,spr-event,dem_first,FALSE,daily,25,Male,TX,Professional degree,Republican,yes,yes,yes,I don't care,yes,post
Sub1399,participant_3201,2020-11-08T14:57:41Z,spr-event,dem_first,FALSE,weekly,30,Male,CA,4-year college degree,Democrat,yes,yes,yes,Joe Biden,yes,post
Sub1402,participant_3202,2020-11-08T14:59:34Z,maze-event,rep_first,FALSE,daily,25,Male,TX,4-year college degree,Republican,yes,yes,yes,Donald Trump,yes,post
Sub1413,participant_3205,2020-11-08T15:05:59Z,event-mazerace,dem_first,FALSE,daily,25,Male,TX,4-year college degree,Independent,yes,yes,yes,Kamala Harris,yes,post
Sub1414,participant_3206,2020-11-08T15:06:37Z,event-cloze,dem_first,FALSE,daily,28,Male,AL,Some college,None,yes,yes,yes,Kamala Harris,yes,post
Sub1418,participant_3208,2020-11-08T15:08:06Z,event-maze,rep_first,FALSE,weekly,41,Male,OR,2-year college degree,Democrat,yes,yes,yes,Kamala Harris,yes,post
Sub1419,participant_3209,2020-11-08T15:08:58Z,maze-event,rep_first,FALSE,daily,28,Female,CA,Some college,Independent,yes,yes,yes,Mike Pence,yes,post
Sub1433,participant_3212,2020-11-08T15:15:35Z,maze-event,rep_first,FALSE,daily,28,Male,TX,4-year college degree,Democrat,yes,yes,yes,Kamala Harris,yes,post
Sub1439,participant_3214,2020-11-08T15:18:21Z,event-spr,dem_first,FALSE,daily,28,Female,WI,Some college,Independent,yes,yes,yes,Kamala Harris,yes,post
Sub1441,participant_3215,2020-11-08T15:19:24Z,event-cloze,rep_first,FALSE,weekly,64,Female,MO,4-year college degree,Democrat,yes,yes,yes,Joe Biden,yes,post
Sub1444,participant_3216,2020-11-08T15:21:48Z,event-cloze,dem_first,FALSE,daily,23,Female,CA,High school graduate,Rather not say,yes,yes,yes,Mike Pence,yes,post
Sub1452,participant_3217,2020-11-08T15:24:44Z,event-cloze,rep_first,FALSE,weekly,29,Female,AK,4-year college degree,Republican,yes,yes,yes,Donald Trump,yes,post
Sub1476,participant_3223,2020-11-08T15:34:16Z,mazerace-event,rep_first,FALSE,daily,25,Male,IN,4-year college degree,Democrat,yes,yes,yes,Joe Biden,yes,post
Sub1482,participant_3224,2020-11-08T15:38:00Z,event-cloze,dem_first,FALSE,daily,25,Male,TX,4-year college degree,Republican,yes,yes,yes,Kamala Harris,yes,post
Sub1503,participant_3228,2020-11-08T15:45:49Z,cloze-event,dem_first,FALSE,daily,38,Female,NY,4-year college degree,Democrat,yes,yes,yes,Joe Biden,yes,post
Sub1511,participant_3230,2020-11-08T15:49:59Z,event-maze,rep_first,FALSE,weekly,25,Female,TX,4-year college degree,Republican,yes,yes,yes,Kamala Harris,yes,post
Sub1520,participant_3232,2020-11-08T15:53:53Z,spr-event,dem_first,FALSE,daily,53,Female,AZ,2-year college degree,Republican,yes,yes,yes,Mike Pence,yes,post
Sub1522,participant_3233,2020-11-08T15:55:42Z,cloze-event,rep_first,FALSE,daily,31,Male,VA,Professional degree,Republican,yes,yes,yes,Joe Biden,yes,post
Sub1562,participant_3238,2020-11-08T16:16:48Z,cloze-event,dem_first,FALSE,daily,32,Male,ME,4-year college degree,Independent,yes,yes,yes,Kamala Harris,yes,post
Sub1568,participant_3241,2020-11-08T16:21:41Z,cloze-event,rep_first,FALSE,weekly,27,Male,GA,High school graduate,Republican,yes,yes,yes,Kamala Harris,yes,post
Sub1580,participant_3247,2020-11-08T16:26:16Z,event-maze,rep_first,FALSE,weekly,45,Female,TX,4-year college degree,Democrat,yes,yes,yes,Kamala Harris,yes,post
Sub1608,participant_3252,2020-11-08T16:37:25Z,maze-event,dem_first,FALSE,daily,28,Male,VA,Professional degree,Republican,yes,yes,yes,Donald Trump,yes,post
Sub1614,participant_3254,2020-11-08T16:40:58Z,event-maze,rep_first,FALSE,daily,53,Male,CA,4-year college degree,Democrat,yes,yes,yes,Joe Biden,yes,post
Sub1625,participant_3258,2020-11-08T16:45:57Z,event-mazerace,dem_first,FALSE,weekly,49,Female,CA,4-year college degree,Democrat,yes,yes,yes,Kamala Harris,yes,post
Sub1628,participant_3259,2020-11-08T16:46:50Z,event-cloze,rep_first,FALSE,daily,53,Male,NV,4-year college degree,Democrat,yes,yes,yes,Kamala Harris,yes,post
Sub1640,participant_3261,2020-11-08T16:54:37Z,spr-event,dem_first,FALSE,daily,49,Male,CA,4-year college degree,Democrat,yes,yes,yes,Kamala Harris,yes,post
Sub1644,participant_3262,2020-11-08T16:57:32Z,maze-event,dem_first,FALSE,weekly,28,Male,IL,4-year college degree,Democrat,yes,yes,yes,Mike Pence,yes,post
Sub1654,participant_3264,2020-11-08T17:04:41Z,mazerace-event,dem_first,FALSE,weekly,39,Male,PA,4-year college degree,Other,yes,yes,yes,I don't care,yes,post
Sub1655,participant_3265,2020-11-08T17:04:55Z,mazerace-event,dem_first,FALSE,daily,40,Male,OH,4-year college degree,Independent,yes,yes,yes,Kamala Harris,yes,post
Sub1656,participant_3266,2020-11-08T17:04:57Z,maze-event,dem_first,FALSE,weekly,38,Female,MD,4-year college degree,Republican,yes,yes,yes,Kamala Harris,yes,post
Sub1662,participant_3267,2020-11-08T17:06:27Z,event-cloze,dem_first,FALSE,daily,35,Male,CA,4-year college degree,Democrat,yes,yes,yes,Joe Biden,yes,post
Sub1688,participant_3274,2020-11-08T17:21:49Z,event-cloze,dem_first,FALSE,daily,35,Male,TX,4-year college degree,Republican,yes,yes,yes,Kamala Harris,yes,post
Sub1692,participant_3276,2020-11-08T17:22:28Z,cloze-event,rep_first,FALSE,daily,54,Female,WA,Some college,Democrat,yes,yes,yes,Joe Biden,yes,post
Sub1701,participant_3277,2020-11-08T17:28:51Z,event-maze,dem_first,FALSE,daily,24,Male,PA,4-year college degree,Republican,yes,yes,yes,Kamala Harris,yes,post
Sub1713,participant_3278,2020-11-08T17:34:39Z,spr-event,dem_first,FALSE,daily,26,Male,other,4-year college degree,Democrat,no,yes,no,Kamala Harris,yes,post
Sub1715,participant_3279,2020-11-08T17:35:00Z,cloze-event,rep_first,FALSE,monthly,52,Male,CA,4-year college degree,Independent,yes,yes,yes,Joe Biden,yes,post
Sub1725,participant_3282,2020-11-08T17:40:24Z,mazerace-event,dem_first,FALSE,daily,47,Female,KS,4-year college degree,Democrat,yes,yes,yes,Joe Biden,yes,post
Sub1741,participant_3285,2020-11-08T17:46:06Z,cloze-event,rep_first,FALSE,daily,42,Female,FL,Professional degree,Democrat,yes,yes,yes,Joe Biden,yes,post
Sub1750,participant_3287,2020-11-08T17:50:13Z,maze-event,dem_first,FALSE,daily,50,Male,AZ,4-year college degree,Republican,yes,yes,yes,Mike Pence,yes,post
Sub1756,participant_3288,2020-11-08T17:51:49Z,maze-event,dem_first,FALSE,daily,34,Male,TN,4-year college degree,Democrat,yes,yes,yes,Joe Biden,yes,post
Sub1761,participant_3289,2020-11-08T17:54:37Z,event-maze,dem_first,FALSE,daily,32,Female,MA,Professional degree,Democrat,yes,yes,yes,Kamala Harris,yes,post
Sub1763,participant_3291,2020-11-08T17:56:10Z,maze-event,dem_first,FALSE,weekly,29,Male,GA,Professional degree,Democrat,yes,yes,yes,Joe Biden,yes,post
Sub1777,participant_3292,2020-11-08T18:04:40Z,cloze-event,dem_first,FALSE,monthly,45,Female,KY,4-year college degree,Republican,yes,yes,yes,Donald Trump,yes,post
Sub1780,participant_3293,2020-11-08T18:05:15Z,mazerace-event,dem_first,FALSE,daily,58,Male,CA,4-year college degree,Democrat,yes,yes,yes,Joe Biden,yes,post
Sub1792,participant_3295,2020-11-08T18:10:59Z,cloze-event,dem_first,FALSE,daily,56,Female,MT,4-year college degree,Republican,yes,yes,yes,Donald Trump,yes,post
Sub1796,participant_3296,2020-11-08T18:12:07Z,event-mazerace,dem_first,FALSE,daily,53,Female,VA,High school graduate,Democrat,yes,yes,yes,Joe Biden,yes,post
Sub1799,participant_3297,2020-11-08T18:13:19Z,event-spr,dem_first,FALSE,daily,38,Male,other,Professional degree,Independent,no,yes,no,Kamala Harris,yes,post
Sub1805,participant_3298,2020-11-08T18:18:51Z,spr-event,dem_first,FALSE,daily,30,Female,TX,Professional degree,Democrat,yes,yes,yes,Kamala Harris,yes,post
Sub1833,participant_3304,2020-11-08T18:33:37Z,event-mazerace,dem_first,FALSE,daily,31,Male,OH,Doctorate,Republican,yes,yes,yes,Mike Pence,yes,post
Sub1835,participant_3305,2020-11-08T18:34:55Z,mazerace-event,rep_first,FALSE,daily,39,Male,CA,Some college,Independent,yes,yes,yes,Donald Trump,yes,post
Sub1838,participant_3306,2020-11-08T18:37:59Z,event-spr,rep_first,FALSE,daily,50,Female,GA,4-year college degree,Independent,yes,yes,yes,Mike Pence,yes,post
Sub1842,participant_3307,2020-11-08T18:39:51Z,event-mazerace,dem_first,FALSE,weekly,48,Male,NV,4-year college degree,Democrat,yes,yes,yes,Kamala Harris,yes,post
Sub1881,participant_3309,2020-11-08T19:06:09Z,cloze-event,dem_first,FALSE,daily,31,Male,IL,4-year college degree,Democrat,yes,yes,yes,Joe Biden,yes,post
Sub1885,participant_3310,2020-11-08T19:08:47Z,mazerace-event,dem_first,FALSE,daily,23,Female,other,4-year college degree,Democrat,no,yes,no,Joe Biden,yes,post
Sub1887,participant_3311,2020-11-08T19:09:08Z,event-spr,rep_first,FALSE,daily,32,Female,CA,Professional degree,Republican,yes,yes,yes,Kamala Harris,yes,post
Sub1895,participant_3312,2020-11-08T19:12:14Z,spr-event,rep_first,FALSE,weekly,24,Male,GA,4-year college degree,Democrat,yes,yes,yes,Donald Trump,yes,post
Sub1911,participant_3314,2020-11-08T19:20:17Z,spr-event,rep_first,FALSE,daily,60,Female,GA,2-year college degree,Democrat,yes,yes,yes,Kamala Harris,yes,post
Sub1933,participant_3316,2020-11-08T19:29:19Z,spr-event,rep_first,FALSE,daily,32,Male,NY,Professional degree,Democrat,yes,yes,yes,Joe Biden,yes,post
Sub1944,participant_3318,2020-11-08T19:35:11Z,event-cloze,rep_first,FALSE,weekly,24,Male,FL,4-year college degree,Republican,yes,yes,yes,Kamala Harris,yes,post
Sub1946,participant_3319,2020-11-08T19:36:53Z,event-cloze,rep_first,FALSE,weekly,27,Male,FL,High school graduate,Republican,yes,yes,yes,Donald Trump,yes,post
Sub1947,participant_3320,2020-11-08T19:36:58Z,maze-event,dem_first,FALSE,daily,32,Female,PA,4-year college degree,Democrat,yes,yes,yes,Kamala Harris,yes,post
Sub1956,participant_3321,2020-11-08T19:43:47Z,spr-event,rep_first,FALSE,daily,30,Male,CA,Professional degree,Democrat,yes,yes,yes,Kamala Harris,yes,post
Sub1959,participant_3323,2020-11-08T19:45:09Z,maze-event,rep_first,FALSE,daily,69,Male,other,Professional degree,Republican,yes,yes,yes,Donald Trump,yes,post
Sub1970,participant_3326,2020-11-08T19:52:14Z,cloze-event,dem_first,FALSE,daily,35,Female,CA,2-year college degree,Democrat,yes,yes,yes,Joe Biden,yes,post
Sub1988,participant_3327,2020-11-08T19:59:05Z,event-cloze,dem_first,FALSE,daily,26,Male,CA,4-year college degree,Republican,yes,yes,yes,I don't care,yes,post
Sub1990,participant_3328,2020-11-08T19:59:53Z,spr-event,rep_first,FALSE,weekly,26,Male,PA,2-year college degree,Democrat,yes,yes,yes,Joe Biden,yes,post
Sub2021,participant_3331,2020-11-08T20:18:26Z,maze-event,rep_first,FALSE,daily,30,Male,NJ,4-year college degree,Democrat,yes,yes,yes,Joe Biden,yes,post
Sub2038,participant_3332,2020-11-08T20:33:19Z,cloze-event,dem_first,FALSE,daily,19,Male,NY,Some college,Democrat,yes,yes,yes,Kamala Harris,yes,post
Sub2046,participant_3333,2020-11-08T20:36:46Z,cloze-event,dem_first,FALSE,daily,38,Male,IN,High school graduate,Democrat,yes,yes,yes,Joe Biden,yes,post
Sub2065,participant_3335,2020-11-08T20:46:34Z,mazerace-event,rep_first,FALSE,daily,23,Male,UT,Some college,Independent,yes,yes,yes,Joe Biden,yes,post
Sub2072,participant_3336,2020-11-08T20:50:37Z,cloze-event,dem_first,FALSE,weekly,32,Male,FL,4-year college degree,Republican,yes,yes,yes,Kamala Harris,yes,post
Sub2079,participant_3337,2020-11-08T20:54:49Z,maze-event,rep_first,FALSE,daily,20,Male,CO,High school graduate,Independent,yes,yes,yes,Mike Pence,yes,post
Sub2137,participant_3343,2020-11-08T21:24:17Z,cloze-event,rep_first,FALSE,weekly,28,Male,GA,4-year college degree,Democrat,yes,yes,yes,Donald Trump,yes,post
Sub2164,participant_3344,2020-11-08T21:35:41Z,spr-event,rep_first,FALSE,daily,38,Female,PA,2-year college degree,Democrat,yes,yes,yes,Kamala Harris,yes,post
Sub2185,participant_3346,2020-11-08T21:51:33Z,spr-event,dem_first,FALSE,daily,29,Female,other,Some college,Democrat,no,yes,no,Kamala Harris,yes,post
Sub2222,participant_3347,2020-11-08T22:06:19Z,cloze-event,rep_first,FALSE,daily,32,Male,OH,4-year college degree,Democrat,yes,yes,yes,Joe Biden,yes,post
Sub2235,participant_3348,2020-11-08T22:14:50Z,mazerace-event,rep_first,FALSE,daily,NA,Male,VA,4-year college degree,Republican,yes,yes,yes,Donald Trump,yes,post
Sub2247,participant_3351,2020-11-08T22:27:03Z,spr-event,rep_first,FALSE,daily,30,Male,FL,Some college,Democrat,yes,yes,yes,Joe Biden,yes,post
Sub2252,participant_3352,2020-11-08T22:30:36Z,mazerace-event,rep_first,FALSE,daily,32,Male,AZ,4-year college degree,Independent,yes,yes,yes,I don't care,yes,post
Sub2262,participant_3353,2020-11-08T22:36:17Z,event-cloze,rep_first,FALSE,daily,54,Female,GA,Some college,Republican,yes,yes,yes,Donald Trump,yes,post
Sub2274,participant_3356,2020-11-08T22:40:23Z,mazerace-event,dem_first,FALSE,daily,33,Male,PA,Some college,Other,yes,yes,yes,Kamala Harris,yes,post
Sub2284,participant_3357,2020-11-08T22:50:21Z,mazerace-event,dem_first,FALSE,daily,27,Male,CA,2-year college degree,Democrat,yes,yes,yes,Joe Biden,yes,post
Sub2285,participant_3358,2020-11-08T22:50:42Z,event-cloze,dem_first,FALSE,daily,52,Female,CA,4-year college degree,Democrat,yes,yes,yes,Kamala Harris,yes,post
Sub2294,participant_3359,2020-11-08T22:57:10Z,maze-event,dem_first,FALSE,daily,29,Female,NY,4-year college degree,Democrat,yes,yes,yes,Kamala Harris,yes,post
Sub2299,participant_3360,2020-11-08T23:03:59Z,event-maze,rep_first,FALSE,daily,51,Female,MO,Doctorate,Independent,yes,yes,yes,Joe Biden,yes,post
Sub2300,participant_3361,2020-11-08T23:05:00Z,event-cloze,dem_first,FALSE,weekly,31,Female,OK,Some college,Independent,yes,yes,yes,I don't care,no,post
Sub2315,participant_3362,2020-11-08T23:19:40Z,event-spr,dem_first,FALSE,daily,56,Male,KS,4-year college degree,Republican,yes,yes,yes,Joe Biden,yes,post
Sub2346,participant_3366,2020-11-08T23:42:42Z,event-spr,rep_first,FALSE,daily,45,Male,NJ,4-year college degree,Republican,yes,yes,yes,Joe Biden,yes,post
Sub2354,participant_3367,2020-11-08T23:49:45Z,event-spr,dem_first,FALSE,daily,49,Female,ME,Some college,Republican,yes,yes,yes,Donald Trump,yes,post
Sub2369,participant_3370,2020-11-08T23:56:04Z,mazerace-event,rep_first,FALSE,daily,45,Male,NJ,4-year college degree,Democrat,yes,yes,yes,Joe Biden,yes,post
Sub2387,participant_3372,2020-11-09T00:03:20Z,mazerace-event,rep_first,FALSE,daily,57,Female,NV,4-year college degree,Independent,yes,yes,yes,Kamala Harris,yes,post
Sub2396,participant_3373,2020-11-09T00:06:19Z,spr-event,rep_first,FALSE,daily,49,Female,MI,Some college,Republican,yes,yes,yes,Mike Pence,yes,post
Sub2401,participant_3374,2020-11-09T00:08:50Z,event-cloze,dem_first,FALSE,daily,45,Male,NJ,4-year college degree,Democrat,yes,yes,yes,Kamala Harris,yes,post
Sub2416,participant_3376,2020-11-09T00:14:38Z,event-mazerace,dem_first,FALSE,daily,44,Male,MD,Professional degree,Republican,yes,yes,yes,Mike Pence,yes,post
Sub2425,participant_3377,2020-11-09T00:20:49Z,cloze-event,dem_first,FALSE,daily,45,Male,NJ,4-year college degree,Republican,yes,yes,yes,Joe Biden,yes,post
Sub2427,participant_3378,2020-11-09T00:21:52Z,cloze-event,rep_first,FALSE,weekly,45,Female,CA,4-year college degree,Democrat,yes,yes,yes,Joe Biden,yes,post
Sub2431,participant_3379,2020-11-09T00:26:47Z,event-maze,dem_first,FALSE,daily,59,Female,CA,2-year college degree,Democrat,yes,yes,yes,Joe Biden,yes,post
Sub2433,participant_3380,2020-11-09T00:28:33Z,mazerace-event,dem_first,FALSE,daily,23,Female,NC,4-year college degree,Democrat,yes,yes,yes,Joe Biden,yes,post
Sub2483,participant_3382,2020-11-09T00:51:28Z,mazerace-event,dem_first,FALSE,daily,52,Male,WA,4-year college degree,Democrat,no,yes,no,Joe Biden,yes,post
Sub2486,participant_3383,2020-11-09T00:53:38Z,maze-event,rep_first,FALSE,daily,20,Female,NC,Some college,Independent,yes,yes,yes,Joe Biden,yes,post
Sub2488,participant_3385,2020-11-09T00:54:08Z,cloze-event,rep_first,FALSE,daily,34,Male,FL,4-year college degree,Democrat,yes,yes,yes,Joe Biden,yes,post
Sub2490,participant_3386,2020-11-09T00:57:17Z,mazerace-event,dem_first,FALSE,daily,35,Female,CA,Some college,Democrat,yes,yes,yes,Joe Biden,yes,post
Sub2505,participant_3389,2020-11-09T01:10:34Z,mazerace-event,rep_first,FALSE,daily,27,Male,MI,4-year college degree,Republican,yes,yes,yes,Mike Pence,yes,post
Sub2510,participant_3392,2020-11-09T01:12:46Z,event-spr,rep_first,FALSE,daily,35,Female,MA,Professional degree,Democrat,yes,yes,yes,Kamala Harris,yes,post
Sub2513,participant_3393,2020-11-09T01:15:20Z,maze-event,rep_first,FALSE,daily,41,Female,NJ,Some college,Independent,yes,yes,yes,Joe Biden,yes,post
Sub2514,participant_3394,2020-11-09T01:16:24Z,event-cloze,rep_first,FALSE,daily,29,Male,PA,4-year college degree,Democrat,yes,yes,yes,Kamala Harris,yes,post
Sub2516,participant_3395,2020-11-09T01:17:42Z,event-cloze,rep_first,FALSE,daily,25,Male,other,4-year college degree,Other,no,yes,no,Mike Pence,yes,post
Sub2523,participant_3397,2020-11-09T01:25:12Z,event-spr,rep_first,FALSE,daily,49,Female,PA,4-year college degree,Republican,yes,yes,yes,I don't care,yes,post
Sub2525,participant_3398,2020-11-09T01:25:36Z,event-cloze,dem_first,FALSE,daily,35,Male,GA,4-year college degree,Republican,yes,yes,yes,Donald Trump,yes,post
Sub2527,participant_3399,2020-11-09T01:25:49Z,spr-event,rep_first,FALSE,monthly,30,Male,WA,High school graduate,None,yes,yes,yes,Kamala Harris,no,post
Sub2531,participant_3402,2020-11-09T01:33:38Z,maze-event,dem_first,FALSE,daily,27,Male,IL,Professional degree,Democrat,yes,yes,yes,Joe Biden,yes,post
Sub2532,participant_3403,2020-11-09T01:33:50Z,event-spr,dem_first,FALSE,daily,23,Female,VA,4-year college degree,Democrat,yes,yes,yes,Kamala Harris,yes,post
Sub2534,participant_3405,2020-11-09T01:34:45Z,mazerace-event,dem_first,FALSE,weekly,53,Female,MA,4-year college degree,Democrat,yes,yes,yes,Kamala Harris,yes,post
Sub2535,participant_3406,2020-11-09T01:35:03Z,mazerace-event,rep_first,FALSE,weekly,24,Male,TX,4-year college degree,Republican,yes,yes,yes,Donald Trump,yes,post
Sub2536,participant_3407,2020-11-09T01:36:16Z,mazerace-event,dem_first,FALSE,daily,24,Male,VA,4-year college degree,Republican,yes,yes,yes,Kamala Harris,yes,post
Sub2537,participant_3408,2020-11-09T01:37:09Z,event-cloze,rep_first,FALSE,daily,40,Male,PA,4-year college degree,Independent,yes,yes,yes,Kamala Harris,yes,post
Sub2542,participant_3411,2020-11-09T01:39:34Z,spr-event,rep_first,FALSE,daily,37,Female,NY,4-year college degree,Republican,yes,yes,yes,Donald Trump,yes,post
Sub2543,participant_3412,2020-11-09T01:39:45Z,event-cloze,dem_first,FALSE,daily,57,Female,PA,4-year college degree,Rather not say,yes,yes,yes,Kamala Harris,yes,post
Sub2545,participant_3413,2020-11-09T01:40:05Z,event-spr,rep_first,FALSE,daily,67,Male,WA,Some college,Democrat,yes,yes,yes,Joe Biden,yes,post
Sub2549,participant_3415,2020-11-09T01:43:47Z,mazerace-event,rep_first,FALSE,daily,31,Male,MI,4-year college degree,Independent,yes,yes,yes,I don't care,yes,post
Sub2550,participant_3416,2020-11-09T01:49:21Z,cloze-event,rep_first,FALSE,daily,33,Female,PA,4-year college degree,Republican,yes,yes,yes,Donald Trump,yes,post
Sub2551,participant_3417,2020-11-09T01:50:35Z,event-mazerace,dem_first,FALSE,daily,40,Female,MI,4-year college degree,None,yes,yes,yes,I don't care,yes,post
Sub2555,participant_3418,2020-11-09T01:53:21Z,maze-event,rep_first,FALSE,weekly,24,Male,TX,4-year college degree,Republican,yes,yes,yes,Mike Pence,yes,post
Sub2557,participant_3419,2020-11-09T01:53:42Z,cloze-event,dem_first,FALSE,daily,38,Female,KY,2-year college degree,Republican,yes,yes,yes,Donald Trump,yes,post
Sub2562,participant_3421,2020-11-09T02:00:05Z,spr-event,dem_first,FALSE,daily,42,Male,CA,Professional degree,Democrat,yes,yes,yes,Joe Biden,yes,post
Sub2563,participant_3422,2020-11-09T02:00:19Z,mazerace-event,dem_first,FALSE,daily,23,Female,KY,Professional degree,Democrat,yes,yes,no,Joe Biden,yes,post
Sub2564,participant_3423,2020-11-09T02:02:02Z,cloze-event,dem_first,FALSE,daily,36,Male,WI,4-year college degree,Democrat,yes,yes,yes,Kamala Harris,yes,post
Sub2567,participant_3425,2020-11-09T02:03:16Z,maze-event,rep_first,FALSE,monthly,46,Female,TX,High school graduate,Independent,yes,yes,yes,Mike Pence,yes,post
Sub2569,participant_3426,2020-11-09T02:06:17Z,mazerace-event,dem_first,FALSE,daily,38,Female,TX,4-year college degree,Republican,yes,yes,yes,I don't care,yes,post
Sub2570,participant_3427,2020-11-09T02:07:42Z,mazerace-event,rep_first,FALSE,daily,28,Female,OH,4-year college degree,Independent,yes,yes,yes,I don't care,yes,post
Sub2572,participant_3428,2020-11-09T02:08:02Z,maze-event,rep_first,FALSE,daily,25,Female,VA,2-year college degree,Independent,yes,yes,yes,Joe Biden,yes,post
Sub2571,participant_3429,2020-11-09T02:07:59Z,cloze-event,dem_first,FALSE,monthly,32,Male,CA,4-year college degree,Democrat,yes,yes,yes,Kamala Harris,yes,post
Sub2574,participant_3430,2020-11-09T02:09:01Z,event-spr,rep_first,FALSE,daily,44,Male,MI,4-year college degree,Democrat,yes,yes,yes,Kamala Harris,yes,post
Sub2575,participant_3431,2020-11-09T02:09:51Z,event-cloze,dem_first,FALSE,daily,19,Female,TX,Some college,Democrat,yes,yes,yes,Joe Biden,yes,post
Sub2577,participant_3432,2020-11-09T02:10:53Z,mazerace-event,dem_first,FALSE,weekly,40,Female,NY,4-year college degree,Republican,yes,yes,yes,Kamala Harris,yes,post
Sub2578,participant_3433,2020-11-09T02:11:14Z,maze-event,rep_first,FALSE,daily,34,Male,PA,High school graduate,Republican,yes,yes,yes,Mike Pence,yes,post
Sub2581,participant_3434,2020-11-09T02:12:17Z,maze-event,dem_first,FALSE,daily,35,Female,CO,4-year college degree,Independent,yes,yes,yes,Kamala Harris,yes,post
Sub2584,participant_3436,2020-11-09T02:15:40Z,mazerace-event,dem_first,FALSE,daily,30,Female,IA,4-year college degree,Democrat,yes,yes,yes,Joe Biden,yes,post
Sub2586,participant_3437,2020-11-09T02:18:10Z,spr-event,rep_first,FALSE,daily,21,Male,TX,Less than high school,Other,yes,yes,yes,I don't care,yes,post
Sub2593,participant_3438,2020-11-09T02:21:03Z,cloze-event,dem_first,FALSE,daily,44,Male,NY,High school graduate,Democrat,yes,yes,yes,Kamala Harris,yes,post
Sub2594,participant_3439,2020-11-09T02:21:06Z,mazerace-event,dem_first,FALSE,daily,30,Male,GA,4-year college degree,Republican,yes,yes,yes,Kamala Harris,yes,post
Sub2597,participant_3440,2020-11-09T02:21:52Z,event-mazerace,dem_first,FALSE,daily,52,Male,NJ,4-year college degree,Republican,yes,yes,yes,Mike Pence,yes,post
Sub2598,participant_3441,2020-11-09T02:22:05Z,event-cloze,dem_first,FALSE,daily,44,Male,HI,High school graduate,Other,yes,yes,yes,Joe Biden,yes,post
Sub2603,participant_3443,2020-11-09T02:27:51Z,cloze-event,dem_first,FALSE,daily,NA,Male,NC,4-year college degree,Democrat,yes,yes,yes,Kamala Harris,yes,post
Sub2604,participant_3444,2020-11-09T02:28:07Z,spr-event,rep_first,FALSE,daily,26,Male,VA,4-year college degree,Republican,yes,yes,yes,Kamala Harris,yes,post
Sub2605,participant_3445,2020-11-09T02:28:38Z,spr-event,dem_first,FALSE,daily,35,Male,MO,Professional degree,Independent,yes,yes,yes,Mike Pence,yes,post
Sub2608,participant_3446,2020-11-09T02:30:16Z,mazerace-event,dem_first,FALSE,daily,24,Male,TX,4-year college degree,Democrat,yes,yes,yes,Joe Biden,yes,post
Sub2609,participant_3447,2020-11-09T02:32:56Z,cloze-event,dem_first,FALSE,monthly,50,Male,WA,4-year college degree,Republican,yes,yes,yes,Donald Trump,yes,post
Sub2611,participant_3448,2020-11-09T02:34:50Z,event-cloze,rep_first,FALSE,daily,49,Male,TX,Some college,Democrat,yes,yes,yes,Joe Biden,yes,post
Sub2614,participant_3449,2020-11-09T02:36:46Z,event-maze,rep_first,FALSE,daily,31,Female,CO,4-year college degree,Republican,yes,yes,yes,Mike Pence,yes,post
Sub2616,participant_3450,2020-11-09T02:37:22Z,maze-event,rep_first,FALSE,daily,28,Male,CA,4-year college degree,Democrat,no,yes,no,Joe Biden,no,post
Sub2617,participant_3451,2020-11-09T02:37:50Z,spr-event,dem_first,FALSE,monthly,45,Male,CT,Professional degree,Democrat,yes,yes,yes,Joe Biden,yes,post
Sub2621,participant_3453,2020-11-09T02:39:17Z,spr-event,dem_first,FALSE,daily,56,Female,CO,Professional degree,Independent,yes,yes,yes,Kamala Harris,yes,post
Sub2624,participant_3454,2020-11-09T02:42:41Z,spr-event,dem_first,FALSE,daily,35,Male,TX,Professional degree,Democrat,yes,yes,yes,Joe Biden,yes,post
Sub2626,participant_3455,2020-11-09T02:42:50Z,event-maze,dem_first,FALSE,daily,NA,Male,other,High school graduate,Democrat,yes,yes,yes,Kamala Harris,yes,post
Sub2630,participant_3458,2020-11-09T02:44:44Z,event-spr,rep_first,FALSE,daily,24,Female,MN,2-year college degree,Independent,yes,yes,yes,Mike Pence,yes,post
Sub2634,participant_3459,2020-11-09T02:45:48Z,mazerace-event,dem_first,FALSE,daily,25,Male,MD,4-year college degree,Democrat,yes,yes,yes,Kamala Harris,yes,post
Sub2635,participant_3460,2020-11-09T02:46:00Z,cloze-event,rep_first,FALSE,daily,33,Female,CT,4-year college degree,Democrat,yes,yes,yes,Kamala Harris,yes,post
Sub2637,participant_3462,2020-11-09T02:46:38Z,event-mazerace,dem_first,FALSE,daily,28,Male,IL,Professional degree,Democrat,yes,yes,yes,Joe Biden,yes,post
Sub2650,participant_3468,2020-11-09T02:57:13Z,event-mazerace,dem_first,FALSE,daily,46,Female,CA,4-year college degree,Democrat,yes,yes,yes,Kamala Harris,yes,post
Sub2666,participant_3474,2020-11-09T03:08:18Z,spr-event,rep_first,FALSE,daily,41,Male,WI,4-year college degree,Independent,yes,yes,yes,Joe Biden,yes,post
Sub2675,participant_3476,2020-11-09T03:13:07Z,event-maze,rep_first,FALSE,daily,26,Male,NC,4-year college degree,Republican,yes,yes,yes,Kamala Harris,yes,post
Sub2676,participant_3477,2020-11-09T03:13:10Z,maze-event,rep_first,FALSE,daily,27,Male,AZ,4-year college degree,Democrat,yes,yes,yes,Joe Biden,yes,post
Sub2679,participant_3478,2020-11-09T03:14:13Z,event-maze,dem_first,FALSE,daily,39,Female,OR,Some college,Republican,yes,yes,yes,Mike Pence,yes,post
Sub2681,participant_3479,2020-11-09T03:15:25Z,maze-event,rep_first,FALSE,daily,39,Female,IL,4-year college degree,Democrat,yes,yes,yes,Joe Biden,yes,post
Sub2683,participant_3480,2020-11-09T03:16:30Z,maze-event,dem_first,FALSE,daily,36,Female,NY,Professional degree,Democrat,yes,yes,yes,Joe Biden,yes,post
Sub2687,participant_3482,2020-11-09T03:16:42Z,event-maze,dem_first,FALSE,daily,20,Female,OH,Some college,Democrat,yes,yes,yes,Joe Biden,yes,post
Sub2690,participant_3485,2020-11-09T03:17:10Z,spr-event,dem_first,FALSE,daily,29,Male,PA,4-year college degree,Democrat,yes,yes,yes,Joe Biden,yes,post
Sub2697,participant_3489,2020-11-09T03:18:45Z,maze-event,dem_first,FALSE,daily,30,Female,MA,4-year college degree,Democrat,yes,yes,yes,Joe Biden,yes,post
Sub2705,participant_3492,2020-11-09T03:21:18Z,maze-event,rep_first,FALSE,daily,27,Male,CA,Some college,Democrat,yes,yes,yes,Kamala Harris,yes,post
Sub2707,participant_3493,2020-11-09T03:21:31Z,spr-event,dem_first,FALSE,monthly,29,Female,NC,4-year college degree,Republican,yes,yes,yes,Joe Biden,yes,post
Sub2708,participant_3494,2020-11-09T03:21:31Z,spr-event,rep_first,FALSE,daily,33,Male,CO,Doctorate,Democrat,yes,yes,yes,Joe Biden,yes,post
Sub2709,participant_3495,2020-11-09T03:21:40Z,mazerace-event,dem_first,FALSE,daily,25,Female,NJ,4-year college degree,Democrat,yes,yes,yes,Joe Biden,yes,post
Sub2713,participant_3497,2020-11-09T03:22:59Z,spr-event,dem_first,FALSE,daily,34,Female,MA,4-year college degree,Democrat,yes,yes,yes,Joe Biden,yes,post
Sub2724,participant_3500,2020-11-09T03:28:30Z,event-maze,dem_first,FALSE,weekly,25,Male,UT,4-year college degree,Democrat,yes,yes,yes,Joe Biden,yes,post
Sub2726,participant_3501,2020-11-09T03:28:59Z,spr-event,dem_first,FALSE,weekly,25,Male,NY,4-year college degree,Democrat,yes,yes,yes,Joe Biden,yes,post
Sub2728,participant_3502,2020-11-09T03:31:27Z,event-spr,dem_first,FALSE,daily,43,Male,CT,4-year college degree,Democrat,yes,yes,yes,Joe Biden,yes,post
Sub2741,participant_3504,2020-11-09T03:39:18Z,spr-event,dem_first,FALSE,daily,25,Female,CT,Professional degree,Democrat,yes,yes,yes,Kamala Harris,yes,post
Sub2745,participant_3506,2020-11-09T03:40:16Z,mazerace-event,rep_first,FALSE,daily,51,Rather not say,AR,Less than high school,Democrat,yes,yes,yes,Joe Biden,yes,post
Sub2753,participant_3508,2020-11-09T03:44:35Z,event-cloze,dem_first,FALSE,weekly,45,Female,TX,High school graduate,Republican,yes,yes,yes,Mike Pence,yes,post
Sub2754,participant_3509,2020-11-09T03:45:18Z,cloze-event,rep_first,FALSE,daily,22,Male,CO,2-year college degree,Democrat,yes,yes,yes,Kamala Harris,yes,post
Sub2756,participant_3510,2020-11-09T03:45:35Z,cloze-event,dem_first,FALSE,daily,28,Male,NY,4-year college degree,Democrat,yes,yes,yes,Mike Pence,yes,post
Sub2758,participant_3511,2020-11-09T03:46:08Z,event-spr,dem_first,FALSE,monthly,30,Male,CA,2-year college degree,Democrat,yes,yes,yes,Joe Biden,yes,post
Sub2764,participant_3513,2020-11-09T03:47:29Z,event-cloze,rep_first,FALSE,daily,28,Male,AL,2-year college degree,Democrat,no,yes,no,Joe Biden,no,post
Sub2768,participant_3515,2020-11-09T03:48:53Z,event-mazerace,rep_first,FALSE,daily,44,Female,OH,4-year college degree,Democrat,yes,yes,yes,Joe Biden,yes,post
Sub2772,participant_3517,2020-11-09T03:50:40Z,spr-event,rep_first,FALSE,daily,39,Male,WV,Less than high school,Democrat,yes,yes,yes,Joe Biden,yes,post
Sub2790,participant_3519,2020-11-09T04:00:51Z,event-cloze,dem_first,FALSE,daily,31,Female,MI,High school graduate,Democrat,yes,yes,yes,Joe Biden,yes,post
Sub2791,participant_3520,2020-11-09T04:01:18Z,mazerace-event,rep_first,FALSE,daily,45,Female,IL,Some college,Independent,yes,yes,yes,Joe Biden,yes,post
Sub2793,participant_3521,2020-11-09T04:01:38Z,spr-event,rep_first,FALSE,daily,34,Female,PA,4-year college degree,Democrat,yes,yes,yes,Joe Biden,yes,post
Sub2794,participant_3522,2020-11-09T04:01:46Z,event-cloze,dem_first,FALSE,daily,39,Female,CA,4-year college degree,Democrat,yes,yes,yes,Joe Biden,yes,post
Sub2806,participant_3527,2020-11-09T04:06:09Z,mazerace-event,dem_first,FALSE,daily,25,Male,TX,4-year college degree,Republican,yes,yes,yes,I don't care,yes,post
Sub2807,participant_3528,2020-11-09T04:06:19Z,event-mazerace,dem_first,FALSE,daily,37,Male,TX,Some college,Democrat,yes,yes,yes,Joe Biden,yes,post
Sub2810,participant_3529,2020-11-09T04:08:13Z,event-maze,rep_first,FALSE,daily,32,Female,PA,4-year college degree,Democrat,yes,yes,yes,Joe Biden,yes,post
Sub2812,participant_3530,2020-11-09T04:10:17Z,maze-event,dem_first,FALSE,daily,37,Male,TX,2-year college degree,Democrat,yes,yes,yes,Kamala Harris,yes,post
Sub2813,participant_3531,2020-11-09T04:10:23Z,event-mazerace,dem_first,FALSE,daily,56,Male,IL,Professional degree,Democrat,yes,yes,yes,Kamala Harris,yes,post
Sub2815,participant_3532,2020-11-09T04:10:42Z,maze-event,dem_first,FALSE,daily,38,Female,MO,2-year college degree,Republican,yes,yes,yes,Donald Trump,yes,post
Sub2818,participant_3534,2020-11-09T04:11:27Z,cloze-event,dem_first,FALSE,daily,31,Female,FL,4-year college degree,Democrat,yes,yes,yes,Joe Biden,yes,post
Sub2820,participant_3535,2020-11-09T04:12:19Z,cloze-event,rep_first,FALSE,daily,31,Female,FL,Some college,Republican,yes,yes,yes,Mike Pence,yes,post
Sub2825,participant_3537,2020-11-09T04:14:11Z,cloze-event,rep_first,FALSE,daily,26,Male,WI,Some college,Independent,yes,yes,yes,Kamala Harris,yes,post
Sub2827,participant_3538,2020-11-09T04:15:08Z,spr-event,rep_first,FALSE,daily,35,Male,CA,4-year college degree,Democrat,yes,yes,yes,Joe Biden,yes,post
Sub2832,participant_3540,2020-11-09T04:17:00Z,spr-event,rep_first,FALSE,weekly,37,Male,GA,Some college,Democrat,yes,yes,yes,Kamala Harris,yes,post
Sub2834,participant_3541,2020-11-09T04:18:59Z,maze-event,rep_first,FALSE,daily,30,Male,NJ,High school graduate,Democrat,yes,yes,yes,Joe Biden,yes,post
Sub2843,participant_3542,2020-11-09T04:22:08Z,mazerace-event,dem_first,FALSE,daily,29,Male,MI,2-year college degree,Democrat,yes,yes,yes,Joe Biden,yes,post
Sub2845,participant_3543,2020-11-09T04:23:46Z,event-maze,dem_first,FALSE,weekly,20,Female,NC,Some college,Democrat,yes,yes,yes,Joe Biden,yes,post
Sub2851,participant_3545,2020-11-09T04:26:27Z,cloze-event,dem_first,FALSE,daily,22,Female,NY,4-year college degree,Independent,yes,yes,yes,Kamala Harris,yes,post
Sub2853,participant_3547,2020-11-09T04:26:41Z,cloze-event,rep_first,FALSE,weekly,37,Male,GA,Some college,Democrat,yes,yes,yes,Joe Biden,yes,post
Sub2858,participant_3548,2020-11-09T04:29:44Z,event-spr,rep_first,FALSE,daily,45,Female,FL,4-year college degree,Independent,yes,yes,yes,Kamala Harris,yes,post
Sub2859,participant_3549,2020-11-09T04:29:52Z,mazerace-event,rep_first,FALSE,daily,29,Female,CA,Some college,Independent,yes,yes,yes,Joe Biden,yes,post
Sub2862,participant_3550,2020-11-09T04:31:04Z,mazerace-event,rep_first,FALSE,daily,38,Female,MD,2-year college degree,Democrat,yes,yes,yes,Donald Trump,yes,post
Sub2863,participant_3551,2020-11-09T04:31:08Z,mazerace-event,dem_first,FALSE,daily,30,Male,IN,Professional degree,Democrat,yes,yes,yes,Kamala Harris,yes,post
Sub2865,participant_3552,2020-11-09T04:35:48Z,event-spr,rep_first,FALSE,daily,48,Male,NC,4-year college degree,Republican,yes,yes,yes,Mike Pence,yes,post
Sub2867,participant_3553,2020-11-09T04:36:24Z,event-mazerace,rep_first,FALSE,daily,56,Female,CA,Some college,Democrat,yes,yes,yes,Kamala Harris,yes,post
Sub2868,participant_3554,2020-11-09T04:37:04Z,event-mazerace,dem_first,FALSE,daily,22,Male,MI,Some college,Republican,yes,yes,yes,Donald Trump,yes,post
Sub2870,participant_3556,2020-11-09T04:37:25Z,event-spr,dem_first,FALSE,daily,56,Male,NY,Some college,Democrat,yes,yes,yes,Joe Biden,yes,post
Sub2871,participant_3557,2020-11-09T04:38:45Z,event-cloze,rep_first,FALSE,daily,42,Female,PA,Professional degree,Democrat,yes,yes,yes,Joe Biden,yes,post
Sub2873,participant_3559,2020-11-09T04:40:08Z,mazerace-event,rep_first,FALSE,weekly,50,Male,CA,4-year college degree,Republican,yes,yes,yes,Joe Biden,yes,post
Sub2874,participant_3560,2020-11-09T04:40:20Z,spr-event,dem_first,FALSE,weekly,47,Female,NJ,4-year college degree,None,yes,yes,yes,Joe Biden,yes,post
Sub2877,participant_3562,2020-11-09T04:43:05Z,maze-event,rep_first,FALSE,monthly,23,Female,TN,4-year college degree,Democrat,yes,yes,no,Kamala Harris,yes,post
Sub2878,participant_3563,2020-11-09T04:43:29Z,cloze-event,dem_first,FALSE,never,25,Male,CO,Professional degree,Republican,yes,yes,yes,Donald Trump,yes,post
Sub2882,participant_3564,2020-11-09T04:43:46Z,spr-event,rep_first,FALSE,daily,29,Male,MD,Some college,Democrat,yes,yes,yes,Joe Biden,yes,post
Sub2890,participant_3566,2020-11-09T04:47:10Z,event-spr,rep_first,FALSE,daily,28,Female,CA,4-year college degree,Democrat,yes,yes,yes,Kamala Harris,yes,post
Sub2893,participant_3568,2020-11-09T04:47:21Z,event-maze,dem_first,FALSE,weekly,27,Male,TN,2-year college degree,Independent,no,yes,no,Donald Trump,yes,post
Sub2894,participant_3569,2020-11-09T04:47:24Z,event-spr,rep_first,FALSE,daily,22,Female,CA,Some college,Democrat,yes,yes,yes,Joe Biden,yes,post
Sub2899,participant_3572,2020-11-09T04:48:55Z,spr-event,rep_first,FALSE,daily,23,Male,CA,4-year college degree,Democrat,yes,yes,yes,Joe Biden,yes,post
Sub2904,participant_3575,2020-11-09T04:50:24Z,event-maze,rep_first,FALSE,daily,32,Female,VA,4-year college degree,Independent,yes,yes,yes,Kamala Harris,yes,post
Sub2907,participant_3576,2020-11-09T04:53:28Z,event-spr,dem_first,FALSE,daily,64,Female,FL,Professional degree,Republican,yes,yes,yes,Kamala Harris,yes,post
Sub2908,participant_3577,2020-11-09T04:53:51Z,mazerace-event,rep_first,FALSE,daily,56,Male,GA,4-year college degree,Republican,yes,yes,yes,Donald Trump,yes,post
Sub2909,participant_3578,2020-11-09T04:53:58Z,mazerace-event,dem_first,FALSE,weekly,32,Male,GA,4-year college degree,Republican,yes,yes,yes,Kamala Harris,yes,post
Sub2913,participant_3582,2020-11-09T04:55:15Z,event-maze,dem_first,FALSE,daily,23,Male,FL,4-year college degree,Democrat,yes,yes,yes,Joe Biden,yes,post
Sub2916,participant_3584,2020-11-09T04:57:16Z,event-maze,rep_first,FALSE,daily,30,Male,TX,Professional degree,Independent,yes,yes,yes,Joe Biden,yes,post
Sub2917,participant_3585,2020-11-09T04:58:37Z,mazerace-event,rep_first,FALSE,daily,31,Female,KY,4-year college degree,Democrat,yes,yes,yes,Joe Biden,yes,post
Sub2919,participant_3586,2020-11-09T04:59:59Z,cloze-event,dem_first,FALSE,daily,52,Female,ID,4-year college degree,Democrat,yes,yes,yes,Joe Biden,yes,post
Sub2921,participant_3587,2020-11-09T05:00:01Z,mazerace-event,dem_first,FALSE,weekly,55,Male,NJ,4-year college degree,Democrat,yes,yes,yes,Kamala Harris,yes,post
Sub2920,participant_3588,2020-11-09T05:00:00Z,maze-event,dem_first,FALSE,weekly,50,Male,NJ,4-year college degree,Democrat,yes,yes,yes,Joe Biden,yes,post
Sub2922,participant_3589,2020-11-09T05:00:03Z,maze-event,dem_first,FALSE,daily,24,Female,other,4-year college degree,Republican,yes,yes,yes,Donald Trump,yes,post
Sub2926,participant_3590,2020-11-09T05:02:59Z,event-maze,dem_first,FALSE,daily,31,Female,KY,4-year college degree,Republican,yes,yes,yes,Mike Pence,yes,post
Sub2932,participant_3592,2020-11-09T05:05:35Z,event-cloze,rep_first,FALSE,daily,46,Male,VA,Some college,Republican,yes,yes,yes,Mike Pence,yes,post
Sub2934,participant_3593,2020-11-09T05:06:08Z,event-spr,rep_first,FALSE,weekly,27,Male,SD,4-year college degree,Independent,no,yes,yes,I don't care,yes,post
Sub2936,participant_3594,2020-11-09T05:06:45Z,spr-event,rep_first,FALSE,weekly,29,Male,FL,4-year college degree,Republican,yes,yes,yes,Joe Biden,yes,post
Sub2938,participant_3596,2020-11-09T05:08:23Z,event-spr,rep_first,FALSE,weekly,28,Male,CA,4-year college degree,Democrat,yes,yes,yes,Kamala Harris,yes,post
Sub2953,participant_3598,2020-11-09T05:18:05Z,cloze-event,dem_first,FALSE,daily,56,Female,CA,Some college,Democrat,yes,yes,yes,Kamala Harris,yes,post
Sub2955,participant_3599,2020-11-09T05:18:43Z,event-cloze,dem_first,FALSE,daily,35,Male,PA,High school graduate,None,yes,yes,yes,I'd rather not say,yes,post
Sub2968,participant_3605,2020-11-09T05:31:28Z,maze-event,rep_first,FALSE,daily,52,Male,WA,Some college,Democrat,yes,yes,yes,Joe Biden,yes,post
Sub2975,participant_3607,2020-11-09T05:36:31Z,mazerace-event,rep_first,FALSE,weekly,30,Female,CA,4-year college degree,Republican,yes,yes,yes,Kamala Harris,yes,post
Sub2981,participant_3608,2020-11-09T05:39:08Z,event-spr,dem_first,FALSE,daily,41,Female,AL,4-year college degree,Republican,yes,yes,yes,Donald Trump,yes,post
Sub2988,participant_3610,2020-11-09T05:43:37Z,mazerace-event,dem_first,FALSE,daily,38,Male,CA,4-year college degree,Democrat,yes,yes,yes,I don't care,yes,post
Sub3011,participant_3612,2020-11-09T07:03:31Z,cloze-event,rep_first,FALSE,daily,36,Male,HI,4-year college degree,Democrat,yes,yes,yes,Joe Biden,yes,post
Sub3012,participant_3613,2020-11-09T07:33:20Z,event-maze,dem_first,FALSE,weekly,39,Male,PA,4-year college degree,Democrat,yes,yes,yes,Kamala Harris,yes,post
Sub3013,participant_3614,2020-11-09T08:22:56Z,cloze-event,rep_first,FALSE,daily,46,Male,GA,High school graduate,Independent,yes,yes,yes,I don't care,yes,post
Sub3014,participant_3615,2020-11-09T10:40:52Z,cloze-event,rep_first,FALSE,daily,42,Male,OH,Some college,None,no,yes,yes,Donald Trump,yes,post
Sub3016,participant_3617,2020-11-09T12:54:13Z,spr-event,dem_first,FALSE,daily,44,Female,MI,4-year college degree,Democrat,yes,yes,yes,Joe Biden,yes,post
Sub3018,participant_3619,2020-11-09T13:07:18Z,maze-event,dem_first,FALSE,daily,61,Female,OH,4-year college degree,Democrat,yes,yes,yes,Kamala Harris,yes,post
Sub3019,participant_3620,2020-11-09T13:17:51Z,maze-event,dem_first,FALSE,daily,34,Female,GA,4-year college degree,Democrat,yes,yes,yes,I don't care,yes,post
Sub3026,participant_3621,2020-11-09T13:39:17Z,mazerace-event,dem_first,FALSE,daily,35,Female,NY,4-year college degree,Democrat,yes,yes,yes,Kamala Harris,yes,post
Sub3029,participant_3622,2020-11-09T13:41:09Z,mazerace-event,rep_first,FALSE,daily,53,Male,TN,4-year college degree,Independent,yes,yes,yes,Joe Biden,yes,post
Sub3030,participant_3623,2020-11-09T13:41:53Z,event-spr,rep_first,FALSE,daily,54,Female,other,Some college,Independent,no,yes,yes,Kamala Harris,yes,post
Sub3035,participant_3625,2020-11-09T13:44:26Z,event-mazerace,rep_first,FALSE,daily,27,Female,NC,4-year college degree,Democrat,yes,yes,yes,Joe Biden,yes,post
Sub3037,participant_3626,2020-11-09T13:46:15Z,event-cloze,dem_first,FALSE,monthly,52,Male,PA,4-year college degree,Democrat,yes,yes,yes,Kamala Harris,yes,post
Sub3038,participant_3627,2020-11-09T13:46:52Z,event-cloze,rep_first,FALSE,daily,35,Female,WA,4-year college degree,Democrat,yes,yes,yes,Mike Pence,yes,post
Sub3040,participant_3628,2020-11-09T13:51:02Z,mazerace-event,dem_first,FALSE,weekly,30,Male,CA,4-year college degree,Democrat,yes,yes,yes,Joe Biden,yes,post
Sub3041,participant_3629,2020-11-09T13:52:19Z,event-maze,dem_first,FALSE,daily,32,Male,MD,Some college,Rather not say,yes,yes,yes,I'd rather not say,no,post
Sub3044,participant_3630,2020-11-09T13:54:58Z,maze-event,dem_first,FALSE,weekly,44,Female,KY,2-year college degree,Independent,yes,yes,yes,Kamala Harris,no,post
Sub3048,participant_3633,2020-11-09T13:57:27Z,maze-event,dem_first,FALSE,daily,49,Female,PA,Less than high school,Democrat,yes,yes,yes,Kamala Harris,yes,post
Sub3049,participant_3634,2020-11-09T13:57:41Z,event-cloze,dem_first,FALSE,weekly,52,Male,CA,4-year college degree,Democrat,yes,yes,yes,Joe Biden,yes,post
Sub3053,participant_3636,2020-11-09T13:59:02Z,maze-event,rep_first,FALSE,daily,43,Female,PA,High school graduate,Republican,yes,yes,yes,Donald Trump,yes,post
Sub3054,participant_3637,2020-11-09T13:59:48Z,spr-event,rep_first,FALSE,daily,32,Male,KY,Some college,Democrat,yes,yes,yes,Joe Biden,yes,post
Sub3055,participant_3638,2020-11-09T14:00:51Z,cloze-event,dem_first,FALSE,weekly,45,Male,WA,4-year college degree,Republican,yes,yes,yes,Kamala Harris,yes,post
Sub3056,participant_3639,2020-11-09T14:00:58Z,maze-event,dem_first,FALSE,daily,24,Male,TN,High school graduate,Democrat,yes,yes,yes,Kamala Harris,yes,post
Sub3057,participant_3640,2020-11-09T14:01:17Z,event-maze,dem_first,FALSE,daily,36,Male,OH,4-year college degree,Democrat,yes,yes,yes,Kamala Harris,yes,post
Sub3064,participant_3644,2020-11-09T14:08:57Z,maze-event,dem_first,FALSE,daily,56,Female,SC,4-year college degree,Democrat,yes,yes,yes,Kamala Harris,yes,post
Sub3067,participant_3645,2020-11-09T14:10:26Z,cloze-event,rep_first,FALSE,weekly,35,Male,IN,Professional degree,Democrat,no,yes,no,Kamala Harris,yes,post
Sub3068,participant_3646,2020-11-09T14:10:51Z,maze-event,dem_first,FALSE,monthly,30,Male,CA,4-year college degree,Democrat,yes,yes,yes,Kamala Harris,yes,post
Sub3070,participant_3647,2020-11-09T14:11:35Z,event-maze,dem_first,FALSE,daily,52,Female,MN,4-year college degree,Independent,yes,yes,yes,Kamala Harris,yes,post
Sub3071,participant_3648,2020-11-09T14:12:28Z,event-spr,dem_first,FALSE,daily,28,Male,IN,Some college,Independent,yes,yes,yes,Joe Biden,yes,post
Sub3072,participant_3649,2020-11-09T14:12:49Z,cloze-event,rep_first,FALSE,weekly,40,Male,other,4-year college degree,Democrat,no,yes,no,Joe Biden,yes,post
Sub3075,participant_3650,2020-11-09T14:14:12Z,maze-event,rep_first,FALSE,daily,42,Male,CA,4-year college degree,Democrat,yes,yes,yes,Joe Biden,yes,post
Sub3080,participant_3652,2020-11-09T14:16:08Z,event-cloze,rep_first,FALSE,weekly,35,Male,other,4-year college degree,Democrat,no,yes,no,Kamala Harris,yes,post
Sub3084,participant_3654,2020-11-09T14:17:37Z,event-maze,rep_first,FALSE,daily,57,Male,IN,4-year college degree,Independent,yes,yes,yes,Joe Biden,yes,post
Sub3086,participant_3655,2020-11-09T14:18:37Z,cloze-event,rep_first,FALSE,daily,37,Male,TX,4-year college degree,Republican,yes,yes,yes,Joe Biden,yes,post
Sub3097,participant_3658,2020-11-09T14:24:35Z,maze-event,rep_first,FALSE,daily,43,Female,FL,Some college,Other,yes,yes,yes,Kamala Harris,yes,post
Sub3101,participant_3660,2020-11-09T14:26:59Z,maze-event,rep_first,FALSE,daily,50,Male,FL,Some college,Independent,yes,yes,yes,Mike Pence,yes,post
Sub3107,participant_3663,2020-11-09T14:28:04Z,cloze-event,rep_first,FALSE,daily,NA,Male,CA,4-year college degree,Republican,yes,yes,yes,Donald Trump,yes,post
Sub3111,participant_3664,2020-11-09T14:29:49Z,mazerace-event,rep_first,FALSE,daily,42,Male,MN,4-year college degree,Republican,yes,yes,yes,Kamala Harris,yes,post
Sub3114,participant_3665,2020-11-09T14:31:30Z,mazerace-event,rep_first,FALSE,daily,28,Female,TX,2-year college degree,Independent,yes,yes,yes,Kamala Harris,yes,post
Sub3124,participant_3668,2020-11-09T14:37:15Z,mazerace-event,dem_first,FALSE,daily,32,Male,IN,Some college,Democrat,yes,yes,yes,Kamala Harris,yes,post
Sub3128,participant_3669,2020-11-09T14:38:13Z,spr-event,dem_first,FALSE,daily,39,Male,OH,Some college,Independent,yes,yes,yes,Donald Trump,yes,post
Sub3129,participant_3670,2020-11-09T14:38:38Z,event-maze,dem_first,FALSE,daily,23,Male,GA,High school graduate,Democrat,yes,yes,yes,Kamala Harris,yes,post
Sub3132,participant_3671,2020-11-09T14:40:18Z,cloze-event,rep_first,FALSE,daily,41,Male,AL,4-year college degree,Independent,yes,yes,yes,Mike Pence,yes,post
Sub3135,participant_3673,2020-11-09T14:40:32Z,spr-event,dem_first,FALSE,daily,34,Male,CA,4-year college degree,Democrat,yes,yes,yes,Kamala Harris,yes,post
Sub3136,participant_3674,2020-11-09T14:40:35Z,spr-event,dem_first,FALSE,daily,26,Female,CA,4-year college degree,Democrat,yes,yes,yes,Kamala Harris,yes,post
Sub3142,participant_3677,2020-11-09T14:45:49Z,cloze-event,rep_first,FALSE,daily,30,Male,FL,Some college,Democrat,yes,yes,yes,Joe Biden,yes,post
Sub3144,participant_3678,2020-11-09T14:46:35Z,maze-event,dem_first,FALSE,daily,46,Male,TX,Professional degree,Democrat,yes,yes,yes,Joe Biden,yes,post
Sub3145,participant_3679,2020-11-09T14:46:40Z,maze-event,rep_first,FALSE,daily,40,Female,TN,4-year college degree,Democrat,yes,yes,yes,Kamala Harris,yes,post
Sub3148,participant_3681,2020-11-09T14:48:19Z,event-cloze,rep_first,FALSE,weekly,70,Male,TX,Professional degree,Republican,yes,yes,yes,Joe Biden,yes,post
Sub3150,participant_3682,2020-11-09T14:48:34Z,mazerace-event,dem_first,FALSE,daily,36,Female,SC,4-year college degree,Independent,yes,yes,yes,Kamala Harris,yes,post
Sub3152,participant_3684,2020-11-09T14:49:35Z,mazerace-event,rep_first,FALSE,daily,36,Male,OR,4-year college degree,Democrat,yes,yes,yes,Joe Biden,yes,post
Sub3154,participant_3685,2020-11-09T14:50:50Z,maze-event,rep_first,FALSE,daily,39,Female,CT,High school graduate,Other,yes,yes,yes,I don't care,yes,post
Sub3158,participant_3688,2020-11-09T14:52:53Z,event-cloze,dem_first,FALSE,daily,30,Male,KY,4-year college degree,Independent,yes,yes,yes,I'd rather not say,yes,post
Sub3160,participant_3689,2020-11-09T14:53:14Z,event-mazerace,rep_first,FALSE,less than monthly,32,Male,CA,Some college,None,yes,yes,yes,I don't care,yes,post
Sub3166,participant_3690,2020-11-09T14:55:20Z,event-cloze,dem_first,FALSE,daily,31,Male,NY,Some college,Democrat,yes,yes,yes,Joe Biden,yes,post
Sub3169,participant_3691,2020-11-09T14:55:45Z,cloze-event,rep_first,FALSE,daily,32,Female,TX,High school graduate,Republican,yes,yes,yes,Kamala Harris,yes,post
Sub3170,participant_3692,2020-11-09T14:56:57Z,spr-event,rep_first,FALSE,daily,59,Female,CA,4-year college degree,Democrat,yes,yes,yes,Joe Biden,yes,post
Sub3172,participant_3693,2020-11-09T15:01:12Z,event-maze,rep_first,FALSE,weekly,33,Male,FL,4-year college degree,None,yes,yes,yes,I don't care,yes,post
Sub3174,participant_3695,2020-11-09T15:04:23Z,event-spr,dem_first,FALSE,daily,64,Male,MA,4-year college degree,Independent,yes,yes,yes,Joe Biden,yes,post
Sub3179,participant_3696,2020-11-09T15:07:52Z,event-spr,dem_first,FALSE,monthly,30,Male,WA,4-year college degree,Democrat,yes,yes,yes,Joe Biden,yes,post
Sub3181,participant_3697,2020-11-09T15:08:41Z,event-spr,rep_first,FALSE,daily,38,Female,NY,4-year college degree,Independent,yes,yes,yes,Joe Biden,yes,post
Sub3182,participant_3698,2020-11-09T15:09:37Z,event-spr,rep_first,FALSE,daily,34,Female,VA,High school graduate,Republican,yes,yes,yes,Donald Trump,yes,post
Sub3183,participant_3699,2020-11-09T15:09:42Z,spr-event,rep_first,FALSE,daily,31,Female,MI,Some college,Democrat,yes,yes,yes,Kamala Harris,yes,post
Sub3187,participant_3700,2020-11-09T15:11:33Z,event-maze,rep_first,FALSE,daily,49,Male,IL,4-year college degree,Republican,yes,yes,yes,Donald Trump,yes,post
Sub3190,participant_3702,2020-11-09T15:15:25Z,event-maze,dem_first,FALSE,daily,26,Male,MD,4-year college degree,Democrat,yes,yes,yes,Joe Biden,yes,post
Sub3194,participant_3705,2020-11-09T15:19:05Z,event-maze,rep_first,FALSE,daily,36,Female,MO,High school graduate,None,yes,yes,yes,Joe Biden,yes,post
Sub3199,participant_3707,2020-11-09T15:21:35Z,event-spr,dem_first,FALSE,daily,46,Female,MN,2-year college degree,Democrat,yes,yes,yes,Joe Biden,yes,post
Sub3203,participant_3708,2020-11-09T15:23:58Z,event-mazerace,dem_first,FALSE,weekly,38,Male,NE,High school graduate,None,no,yes,no,I don't care,yes,post
Sub3206,participant_3710,2020-11-09T15:25:09Z,event-maze,dem_first,FALSE,daily,28,Male,SC,2-year college degree,Independent,yes,yes,yes,Mike Pence,yes,post
Sub3208,participant_3711,2020-11-09T15:25:48Z,mazerace-event,rep_first,FALSE,daily,39,Female,MT,4-year college degree,Independent,yes,yes,yes,Kamala Harris,yes,post
Sub3210,participant_3712,2020-11-09T15:26:43Z,mazerace-event,rep_first,FALSE,daily,45,Male,MO,4-year college degree,Democrat,yes,yes,yes,Joe Biden,yes,post
Sub3213,participant_3714,2020-11-09T15:28:14Z,event-spr,rep_first,FALSE,daily,59,Female,CO,4-year college degree,Independent,yes,yes,yes,Mike Pence,yes,post
Sub3217,participant_3715,2020-11-09T15:29:53Z,spr-event,dem_first,FALSE,daily,34,Male,OH,2-year college degree,Democrat,yes,yes,yes,Kamala Harris,yes,post
Sub3226,participant_3717,2020-11-09T15:35:49Z,maze-event,dem_first,FALSE,daily,31,Male,GA,4-year college degree,Democrat,yes,yes,yes,Kamala Harris,yes,post
Sub3231,participant_3719,2020-11-09T15:39:38Z,event-maze,rep_first,FALSE,weekly,30,Male,PA,4-year college degree,Independent,yes,yes,yes,Mike Pence,yes,post
Sub3232,participant_3720,2020-11-09T15:39:44Z,cloze-event,dem_first,FALSE,daily,51,Male,GA,4-year college degree,Democrat,yes,yes,yes,Kamala Harris,yes,post
Sub3239,participant_3721,2020-11-09T15:41:23Z,maze-event,rep_first,FALSE,daily,45,Male,MO,4-year college degree,Democrat,yes,yes,yes,Joe Biden,yes,post
Sub3241,participant_3722,2020-11-09T15:43:05Z,maze-event,dem_first,FALSE,daily,37,Female,NY,2-year college degree,Democrat,yes,yes,yes,Kamala Harris,yes,post
Sub3243,participant_3723,2020-11-09T15:43:33Z,spr-event,dem_first,FALSE,daily,45,Female,MO,4-year college degree,Democrat,yes,yes,yes,Joe Biden,yes,post
Sub3258,participant_3725,2020-11-09T15:51:02Z,maze-event,rep_first,FALSE,daily,30,Female,other,4-year college degree,Democrat,yes,yes,yes,Kamala Harris,yes,post
Sub3264,participant_3726,2020-11-09T15:55:30Z,spr-event,dem_first,FALSE,daily,35,Male,CA,High school graduate,Independent,yes,yes,yes,Joe Biden,yes,post
Sub3265,participant_3727,2020-11-09T15:56:03Z,cloze-event,dem_first,FALSE,daily,54,Female,WA,2-year college degree,Democrat,no,yes,yes,Kamala Harris,yes,post
Sub3267,participant_3728,2020-11-09T15:56:48Z,cloze-event,rep_first,FALSE,weekly,36,Female,CO,4-year college degree,Democrat,yes,yes,yes,Kamala Harris,yes,post
Sub3268,participant_3729,2020-11-09T15:56:52Z,event-mazerace,rep_first,FALSE,daily,25,Female,NY,4-year college degree,Democrat,yes,yes,yes,Joe Biden,yes,post
Sub3280,participant_3733,2020-11-09T16:01:43Z,spr-event,dem_first,FALSE,daily,32,Male,other,High school graduate,Independent,no,yes,no,I don't care,yes,post
Sub3282,participant_3734,2020-11-09T16:02:26Z,event-maze,dem_first,FALSE,daily,29,Male,NY,Some college,Independent,yes,yes,yes,I don't care,yes,post
Sub3283,participant_3735,2020-11-09T16:02:32Z,event-mazerace,rep_first,FALSE,daily,33,Female,KY,2-year college degree,Republican,yes,yes,yes,Donald Trump,yes,post
Sub3299,participant_3737,2020-11-09T16:12:38Z,event-mazerace,dem_first,FALSE,daily,36,Male,NV,4-year college degree,Independent,yes,yes,yes,Joe Biden,yes,post
Sub3302,participant_3738,2020-11-09T16:13:26Z,event-mazerace,rep_first,FALSE,daily,30,Female,NY,4-year college degree,Democrat,yes,yes,yes,Kamala Harris,yes,post
Sub3304,participant_3739,2020-11-09T16:14:11Z,event-cloze,rep_first,FALSE,daily,43,Female,VA,Less than high school,Democrat,yes,yes,yes,Kamala Harris,yes,post
Sub3305,participant_3740,2020-11-09T16:14:18Z,mazerace-event,dem_first,FALSE,daily,48,Female,SC,4-year college degree,Republican,yes,yes,yes,Mike Pence,yes,post
Sub3315,participant_3742,2020-11-09T16:21:38Z,spr-event,dem_first,FALSE,weekly,19,Male,NY,Some college,Democrat,yes,yes,yes,Joe Biden,yes,post
Sub3322,participant_3744,2020-11-09T16:26:13Z,event-cloze,dem_first,FALSE,daily,27,Male,NY,4-year college degree,Independent,no,yes,no,Joe Biden,yes,post
Sub3325,participant_3746,2020-11-09T16:27:15Z,spr-event,rep_first,FALSE,daily,37,Female,NY,4-year college degree,Independent,yes,yes,yes,I'd rather not say,yes,post
Sub3331,participant_3749,2020-11-09T16:33:32Z,maze-event,dem_first,FALSE,daily,28,Male,FL,High school graduate,Independent,yes,yes,yes,I don't care,yes,post
Sub3335,participant_3751,2020-11-09T16:36:48Z,cloze-event,dem_first,FALSE,daily,43,Female,MI,4-year college degree,Republican,yes,yes,yes,Joe Biden,yes,post
Sub3339,participant_3753,2020-11-09T16:37:23Z,event-spr,rep_first,FALSE,daily,33,Male,TX,4-year college degree,Independent,yes,yes,yes,Joe Biden,yes,post
Sub3348,participant_3757,2020-11-09T16:42:51Z,event-maze,dem_first,FALSE,daily,31,Male,TX,High school graduate,Democrat,yes,yes,yes,Joe Biden,yes,post
Sub3349,participant_3758,2020-11-09T16:43:04Z,mazerace-event,rep_first,FALSE,daily,25,Male,IL,4-year college degree,Democrat,yes,yes,yes,Joe Biden,yes,post
Sub3350,participant_3759,2020-11-09T16:44:21Z,spr-event,dem_first,FALSE,daily,24,Male,WV,High school graduate,Independent,yes,yes,yes,Kamala Harris,yes,post
Sub3352,participant_3760,2020-11-09T16:45:09Z,spr-event,dem_first,FALSE,daily,47,Male,GA,Some college,Democrat,yes,yes,yes,Kamala Harris,yes,post
Sub3353,participant_3761,2020-11-09T16:46:47Z,event-cloze,rep_first,FALSE,daily,41,Female,FL,High school graduate,Independent,yes,yes,yes,Kamala Harris,yes,post
Sub3355,participant_3762,2020-11-09T16:47:11Z,maze-event,rep_first,FALSE,daily,37,Male,MI,Professional degree,Democrat,yes,yes,yes,Joe Biden,yes,post
Sub3362,participant_3763,2020-11-09T16:53:30Z,spr-event,rep_first,FALSE,daily,32,Female,IL,2-year college degree,Republican,yes,yes,yes,Donald Trump,yes,post
Sub3372,participant_3764,2020-11-09T16:57:50Z,event-spr,rep_first,FALSE,daily,33,Female,NY,4-year college degree,Republican,yes,yes,yes,Mike Pence,yes,post
Sub3377,participant_3765,2020-11-09T16:59:26Z,event-mazerace,rep_first,FALSE,daily,33,Male,MN,4-year college degree,Other,yes,yes,yes,Joe Biden,yes,post
Sub3378,participant_3766,2020-11-09T16:59:41Z,maze-event,dem_first,FALSE,daily,37,Male,OH,High school graduate,Democrat,yes,yes,yes,Joe Biden,yes,post
Sub3379,participant_3767,2020-11-09T16:59:59Z,event-maze,rep_first,FALSE,daily,22,Female,AZ,High school graduate,Independent,yes,yes,yes,Joe Biden,yes,post
Sub3386,participant_3769,2020-11-09T17:02:36Z,maze-event,dem_first,FALSE,daily,38,Female,CT,Some college,Independent,no,yes,yes,Kamala Harris,yes,post
Sub3389,participant_3771,2020-11-09T17:04:24Z,cloze-event,rep_first,FALSE,daily,57,Male,FL,4-year college degree,Independent,yes,yes,yes,Kamala Harris,yes,post
Sub3397,participant_3774,2020-11-09T17:08:37Z,cloze-event,rep_first,FALSE,daily,50,Female,CA,4-year college degree,Democrat,yes,yes,yes,Joe Biden,yes,post
Sub3398,participant_3775,2020-11-09T17:09:36Z,cloze-event,rep_first,FALSE,monthly,34,Male,CO,4-year college degree,Republican,yes,yes,yes,Joe Biden,yes,post
Sub3402,participant_3776,2020-11-09T17:13:22Z,mazerace-event,dem_first,FALSE,weekly,29,Male,PA,4-year college degree,Democrat,yes,yes,yes,Kamala Harris,yes,post
Sub3404,participant_3777,2020-11-09T17:13:55Z,maze-event,rep_first,FALSE,daily,42,Female,CA,4-year college degree,Independent,yes,yes,yes,I don't care,yes,post
Sub3430,participant_3780,2020-11-09T17:23:45Z,event-maze,dem_first,FALSE,daily,38,Male,OH,High school graduate,Independent,yes,yes,yes,Kamala Harris,yes,post
Sub3432,participant_3781,2020-11-09T17:24:14Z,spr-event,rep_first,FALSE,daily,42,Male,LA,4-year college degree,Democrat,yes,yes,yes,Joe Biden,yes,post
Sub3437,participant_3783,2020-11-09T17:29:00Z,maze-event,dem_first,FALSE,daily,37,Male,NY,Some college,Independent,yes,yes,yes,Kamala Harris,yes,post
Sub3439,participant_3784,2020-11-09T17:30:54Z,event-cloze,rep_first,FALSE,daily,30,Male,NY,4-year college degree,Democrat,yes,yes,yes,Joe Biden,yes,post
Sub3442,participant_3785,2020-11-09T17:32:43Z,event-cloze,rep_first,FALSE,daily,36,Female,FL,2-year college degree,Democrat,yes,yes,yes,Joe Biden,yes,post
Sub3443,participant_3786,2020-11-09T17:32:50Z,event-cloze,dem_first,FALSE,daily,47,Male,TX,2-year college degree,Independent,yes,yes,yes,Joe Biden,yes,post
Sub3448,participant_3787,2020-11-09T17:35:22Z,event-mazerace,rep_first,FALSE,daily,29,Male,CA,4-year college degree,Democrat,yes,yes,yes,Joe Biden,yes,post
Sub3451,participant_3789,2020-11-09T17:36:56Z,spr-event,rep_first,FALSE,daily,27,Female,WA,4-year college degree,Independent,yes,yes,yes,Joe Biden,yes,post
Sub3456,participant_3790,2020-11-09T17:38:54Z,spr-event,rep_first,FALSE,daily,44,Female,CA,High school graduate,Democrat,yes,yes,yes,Kamala Harris,yes,post
Sub3457,participant_3791,2020-11-09T17:38:55Z,spr-event,dem_first,FALSE,daily,60,Male,MO,Some college,Independent,yes,yes,yes,Kamala Harris,yes,post
Sub3460,participant_3792,2020-11-09T17:40:06Z,cloze-event,rep_first,FALSE,weekly,30,Female,other,Professional degree,Democrat,no,yes,no,Kamala Harris,yes,post
Sub3469,participant_3793,2020-11-09T17:44:04Z,event-mazerace,rep_first,FALSE,daily,32,Male,TX,2-year college degree,Other,yes,yes,yes,Joe Biden,yes,post
Sub3470,participant_3794,2020-11-09T17:44:06Z,cloze-event,rep_first,FALSE,weekly,63,Male,OH,4-year college degree,Democrat,yes,yes,yes,Joe Biden,yes,post
Sub3472,participant_3796,2020-11-09T17:44:11Z,cloze-event,rep_first,FALSE,daily,27,Male,CA,4-year college degree,Democrat,yes,yes,yes,Joe Biden,yes,post
Sub3473,participant_3797,2020-11-09T17:44:12Z,event-maze,dem_first,FALSE,daily,52,Male,VA,Some college,Democrat,yes,yes,yes,Kamala Harris,yes,post
Sub3475,participant_3798,2020-11-09T17:44:21Z,cloze-event,rep_first,FALSE,daily,42,Male,SC,High school graduate,Democrat,yes,yes,yes,Joe Biden,yes,post
Sub3479,participant_3801,2020-11-09T17:47:33Z,mazerace-event,dem_first,FALSE,daily,32,Male,CO,Some college,Democrat,yes,yes,yes,Kamala Harris,yes,post
Sub3490,participant_3804,2020-11-09T17:53:01Z,maze-event,dem_first,FALSE,daily,35,Female,GA,2-year college degree,Republican,yes,yes,yes,Mike Pence,yes,post
Sub3492,participant_3805,2020-11-09T17:53:13Z,event-spr,rep_first,FALSE,daily,45,Male,VA,2-year college degree,Independent,yes,yes,yes,Joe Biden,yes,post
Sub3515,participant_3807,2020-11-09T18:06:33Z,maze-event,rep_first,FALSE,daily,43,Female,PA,2-year college degree,Democrat,yes,yes,yes,Joe Biden,yes,post
Sub3516,participant_3808,2020-11-09T18:07:36Z,event-maze,dem_first,FALSE,monthly,25,Male,CA,Professional degree,Democrat,yes,yes,yes,I don't care,yes,post
Sub3521,participant_3810,2020-11-09T18:09:11Z,event-maze,rep_first,FALSE,daily,34,Male,NE,Some college,Independent,yes,yes,yes,Joe Biden,yes,post
Sub3523,participant_3811,2020-11-09T18:10:13Z,mazerace-event,dem_first,FALSE,daily,29,Male,IL,Some college,Republican,yes,yes,yes,Donald Trump,yes,post
Sub3526,participant_3812,2020-11-09T18:11:08Z,spr-event,dem_first,FALSE,daily,28,Male,FL,Some college,None,no,yes,yes,Kamala Harris,yes,post
Sub3528,participant_3813,2020-11-09T18:11:44Z,maze-event,rep_first,FALSE,daily,30,Male,CT,4-year college degree,Democrat,yes,yes,yes,Kamala Harris,yes,post
Sub3529,participant_3814,2020-11-09T18:12:12Z,event-spr,dem_first,FALSE,daily,49,Male,CA,4-year college degree,Democrat,yes,yes,yes,Kamala Harris,yes,post
Sub3535,participant_3816,2020-11-09T18:18:03Z,event-mazerace,dem_first,FALSE,daily,40,Male,NY,4-year college degree,Independent,yes,yes,yes,Joe Biden,yes,post
Sub3538,participant_3817,2020-11-09T18:19:11Z,event-maze,rep_first,FALSE,daily,39,Male,MN,2-year college degree,Independent,yes,yes,yes,Donald Trump,yes,post
Sub3541,participant_3818,2020-11-09T18:21:51Z,cloze-event,dem_first,FALSE,daily,67,Female,MN,Some college,Democrat,yes,yes,yes,Kamala Harris,yes,post
Sub3543,participant_3819,2020-11-09T18:22:54Z,cloze-event,rep_first,FALSE,daily,26,Male,NV,Some college,Republican,yes,yes,yes,Donald Trump,yes,post
Sub3550,participant_3821,2020-11-09T18:26:54Z,mazerace-event,dem_first,FALSE,daily,48,Female,KY,Some college,Republican,yes,yes,yes,Donald Trump,yes,post
Sub3553,participant_3822,2020-11-09T18:29:29Z,event-spr,dem_first,FALSE,daily,54,Female,VA,4-year college degree,Republican,yes,yes,yes,Mike Pence,yes,post
Sub3554,participant_3823,2020-11-09T18:30:31Z,event-cloze,rep_first,FALSE,daily,60,Male,WA,4-year college degree,Republican,yes,yes,yes,Donald Trump,yes,post
Sub3558,participant_3824,2020-11-09T18:32:17Z,spr-event,dem_first,FALSE,weekly,54,Male,NY,4-year college degree,Democrat,yes,yes,yes,Kamala Harris,yes,post
Sub3576,participant_3827,2020-11-09T18:41:06Z,event-cloze,dem_first,FALSE,daily,34,Female,MA,4-year college degree,Democrat,yes,yes,yes,Kamala Harris,yes,post
Sub3581,participant_3828,2020-11-09T18:42:33Z,maze-event,dem_first,FALSE,daily,22,Non-binary,OK,Some college,Democrat,yes,yes,yes,Joe Biden,yes,post
Sub3583,participant_3829,2020-11-09T18:42:51Z,event-maze,dem_first,FALSE,daily,32,Male,MO,4-year college degree,Democrat,yes,yes,yes,Joe Biden,yes,post
Sub3595,participant_3833,2020-11-09T18:48:28Z,event-spr,dem_first,FALSE,daily,39,Male,MI,Professional degree,Republican,yes,yes,yes,Mike Pence,yes,post
Sub3600,participant_3834,2020-11-09T18:50:15Z,maze-event,rep_first,FALSE,weekly,30,Male,TN,4-year college degree,Democrat,yes,yes,yes,Joe Biden,yes,post
Sub3602,participant_3835,2020-11-09T18:51:47Z,cloze-event,dem_first,FALSE,daily,34,Male,DC,4-year college degree,Democrat,yes,yes,yes,Kamala Harris,yes,post
Sub3605,participant_3836,2020-11-09T18:53:42Z,mazerace-event,rep_first,FALSE,daily,19,Male,AL,Some college,Democrat,yes,yes,yes,Kamala Harris,yes,post
Sub3610,participant_3839,2020-11-09T18:57:31Z,cloze-event,rep_first,FALSE,daily,35,Male,other,Professional degree,Independent,yes,yes,yes,Joe Biden,yes,post
Sub3618,participant_3840,2020-11-09T19:03:45Z,cloze-event,dem_first,FALSE,daily,55,Female,CA,Some college,Democrat,yes,yes,yes,Joe Biden,yes,post
Sub3624,participant_3842,2020-11-09T19:07:04Z,cloze-event,rep_first,FALSE,daily,33,Female,MI,4-year college degree,None,yes,yes,yes,Kamala Harris,yes,post
Sub3629,participant_3845,2020-11-09T19:08:39Z,maze-event,dem_first,FALSE,daily,24,Male,CA,4-year college degree,Democrat,no,yes,no,Joe Biden,yes,post
Sub3645,participant_3850,2020-11-09T19:20:38Z,cloze-event,rep_first,FALSE,daily,40,Male,MO,Professional degree,Democrat,yes,yes,yes,Joe Biden,yes,post
Sub3650,participant_3854,2020-11-09T19:23:21Z,maze-event,rep_first,FALSE,daily,36,Male,CO,4-year college degree,Democrat,yes,yes,yes,Kamala Harris,yes,post
Sub3655,participant_3856,2020-11-09T19:27:45Z,event-spr,dem_first,FALSE,weekly,33,Female,IN,4-year college degree,Democrat,no,yes,no,Kamala Harris,yes,post
Sub3656,participant_3857,2020-11-09T19:28:58Z,maze-event,dem_first,FALSE,daily,31,Male,NJ,4-year college degree,Democrat,yes,yes,yes,Kamala Harris,no,post
Sub3668,participant_3858,2020-11-09T19:43:10Z,mazerace-event,rep_first,FALSE,daily,26,Female,AZ,4-year college degree,Democrat,yes,yes,yes,Kamala Harris,yes,post
Sub3669,participant_3859,2020-11-09T19:43:27Z,cloze-event,dem_first,FALSE,daily,64,Male,FL,Some college,Independent,yes,yes,yes,Kamala Harris,yes,post
Sub3672,participant_3860,2020-11-09T19:45:03Z,maze-event,rep_first,FALSE,weekly,31,Male,CA,High school graduate,Democrat,yes,yes,yes,Kamala Harris,yes,post
Sub3674,participant_3861,2020-11-09T19:46:32Z,spr-event,dem_first,FALSE,daily,42,Female,PA,2-year college degree,Democrat,yes,yes,yes,Joe Biden,yes,post
Sub3678,participant_3862,2020-11-09T19:49:20Z,maze-event,rep_first,FALSE,daily,41,Male,IL,Professional degree,Democrat,yes,yes,yes,Kamala Harris,yes,post
Sub3687,participant_3864,2020-11-09T19:54:26Z,event-cloze,dem_first,FALSE,daily,25,Male,IN,High school graduate,Democrat,yes,yes,yes,Joe Biden,yes,post
Sub3697,participant_3866,2020-11-09T20:02:10Z,event-maze,dem_first,FALSE,weekly,42,Female,TN,High school graduate,Republican,yes,yes,yes,Donald Trump,yes,post
Sub3701,participant_3867,2020-11-09T20:04:49Z,cloze-event,dem_first,FALSE,daily,31,Female,AZ,4-year college degree,Republican,yes,yes,yes,Mike Pence,yes,post
Sub3707,participant_3868,2020-11-09T20:09:30Z,event-maze,rep_first,FALSE,daily,32,Male,FL,4-year college degree,Republican,yes,yes,yes,Joe Biden,yes,post
Sub3713,participant_3869,2020-11-09T20:13:47Z,spr-event,rep_first,FALSE,daily,36,Female,TX,4-year college degree,Democrat,yes,yes,yes,Kamala Harris,yes,post
Sub3714,participant_3870,2020-11-09T20:13:59Z,event-cloze,dem_first,FALSE,daily,47,Female,KS,Professional degree,Other,yes,yes,yes,Joe Biden,yes,post
Sub3731,participant_3871,2020-11-09T20:27:34Z,cloze-event,rep_first,FALSE,daily,33,Male,CA,Doctorate,Republican,yes,yes,yes,Joe Biden,yes,post
Sub3750,participant_3873,2020-11-09T20:35:23Z,event-spr,dem_first,FALSE,weekly,21,Male,other,High school graduate,Democrat,no,yes,no,Joe Biden,no,post
Sub3757,participant_3875,2020-11-09T20:38:56Z,cloze-event,rep_first,FALSE,daily,40,Female,NY,4-year college degree,Republican,yes,yes,yes,Joe Biden,yes,post
Sub3761,participant_3876,2020-11-09T20:40:23Z,mazerace-event,dem_first,FALSE,daily,43,Male,SC,4-year college degree,Democrat,yes,yes,yes,Kamala Harris,yes,post
Sub3777,participant_3877,2020-11-09T20:46:58Z,maze-event,dem_first,FALSE,daily,25,Male,FL,Professional degree,Democrat,yes,yes,yes,Joe Biden,yes,post
Sub3782,participant_3879,2020-11-09T20:49:29Z,mazerace-event,dem_first,FALSE,daily,44,Female,TX,Some college,Independent,yes,yes,yes,Joe Biden,yes,post
Sub3784,participant_3880,2020-11-09T20:50:26Z,event-cloze,rep_first,FALSE,daily,55,Female,IL,Some college,Independent,yes,yes,yes,Joe Biden,yes,post
Sub3797,participant_3881,2020-11-09T20:56:41Z,event-mazerace,dem_first,FALSE,daily,38,Male,MI,High school graduate,Democrat,yes,yes,yes,Kamala Harris,yes,post
Sub3800,participant_3882,2020-11-09T20:58:10Z,spr-event,dem_first,FALSE,daily,30,Male,PA,High school graduate,Democrat,yes,yes,yes,Joe Biden,yes,post
Sub3812,participant_3883,2020-11-09T21:04:58Z,event-mazerace,dem_first,FALSE,daily,33,Female,NY,Some college,Democrat,yes,yes,yes,I don't care,yes,post
Sub3827,participant_3886,2020-11-09T21:16:23Z,spr-event,rep_first,FALSE,daily,65,Male,FL,Professional degree,Republican,yes,yes,yes,Donald Trump,yes,post
Sub3828,participant_3887,2020-11-09T21:16:34Z,event-maze,dem_first,FALSE,daily,43,Female,PA,Professional degree,Democrat,yes,yes,yes,Kamala Harris,yes,post
Sub3831,participant_3888,2020-11-09T21:17:02Z,maze-event,dem_first,FALSE,daily,56,Female,other,4-year college degree,Democrat,no,yes,no,Kamala Harris,yes,post
Sub3838,participant_3889,2020-11-09T21:20:12Z,cloze-event,dem_first,FALSE,never,35,Male,TN,4-year college degree,Republican,no,yes,no,Kamala Harris,yes,post
Sub3839,participant_3890,2020-11-09T21:20:22Z,event-mazerace,dem_first,FALSE,daily,31,Female,MD,Some college,Democrat,yes,yes,yes,Kamala Harris,yes,post
Sub3851,participant_3891,2020-11-09T21:27:36Z,event-spr,rep_first,FALSE,daily,34,Male,IL,4-year college degree,Democrat,yes,yes,yes,Kamala Harris,yes,post
Sub3854,participant_3892,2020-11-09T21:29:15Z,maze-event,dem_first,FALSE,daily,30,Female,NJ,Professional degree,Democrat,yes,yes,yes,Joe Biden,yes,post
Sub3860,participant_3893,2020-11-09T21:36:07Z,spr-event,rep_first,FALSE,daily,30,Female,FL,2-year college degree,Independent,yes,yes,yes,Kamala Harris,yes,post
Sub3868,participant_3895,2020-11-09T21:45:52Z,spr-event,dem_first,FALSE,daily,66,Female,VA,High school graduate,Democrat,yes,yes,yes,Kamala Harris,yes,post
Sub3879,participant_3898,2020-11-09T21:51:15Z,maze-event,rep_first,FALSE,daily,29,Male,AR,4-year college degree,Independent,yes,yes,yes,Joe Biden,yes,post
Sub3901,participant_3900,2020-11-09T22:01:46Z,maze-event,rep_first,FALSE,daily,37,Female,NY,4-year college degree,Democrat,yes,yes,yes,Joe Biden,yes,post
Sub3908,participant_3901,2020-11-09T22:10:02Z,mazerace-event,dem_first,FALSE,weekly,30,Female,OK,High school graduate,Democrat,yes,yes,yes,Joe Biden,yes,post
Sub3913,participant_3903,2020-11-09T22:15:40Z,event-cloze,rep_first,FALSE,daily,32,Male,LA,High school graduate,Independent,yes,yes,yes,Joe Biden,yes,post
Sub3921,participant_3904,2020-11-09T22:19:50Z,maze-event,rep_first,FALSE,daily,33,Male,CA,4-year college degree,Democrat,yes,yes,yes,Kamala Harris,yes,post
Sub3922,participant_3905,2020-11-09T22:22:19Z,event-cloze,rep_first,FALSE,weekly,31,Male,FL,High school graduate,Independent,yes,yes,yes,Joe Biden,yes,post
Sub3925,participant_3906,2020-11-09T22:26:43Z,cloze-event,dem_first,FALSE,weekly,54,Female,TX,Professional degree,Democrat,yes,yes,yes,Joe Biden,yes,post
Sub3931,participant_3908,2020-11-09T22:29:50Z,event-mazerace,rep_first,FALSE,daily,29,Male,PA,2-year college degree,Democrat,yes,yes,yes,Joe Biden,yes,post
Sub3936,participant_3909,2020-11-09T22:33:33Z,maze-event,rep_first,FALSE,daily,27,Male,OR,High school graduate,Democrat,yes,yes,yes,Kamala Harris,yes,post
Sub3937,participant_3910,2020-11-09T22:34:14Z,maze-event,rep_first,FALSE,daily,30,Male,GA,High school graduate,Independent,yes,yes,yes,Joe Biden,yes,post
Sub3941,participant_3911,2020-11-09T22:36:05Z,mazerace-event,dem_first,FALSE,weekly,32,Male,NY,4-year college degree,Democrat,yes,yes,yes,Kamala Harris,yes,post
Sub3947,participant_3912,2020-11-09T22:38:21Z,mazerace-event,dem_first,FALSE,daily,21,Male,TX,Some college,Democrat,yes,yes,yes,Kamala Harris,yes,post
Sub3961,participant_3913,2020-11-09T22:46:37Z,spr-event,rep_first,FALSE,daily,45,Male,FL,Some college,Democrat,yes,yes,yes,Joe Biden,yes,post
Sub3985,participant_3915,2020-11-09T22:58:11Z,maze-event,rep_first,FALSE,daily,43,Female,MI,Some college,Independent,yes,yes,yes,Mike Pence,yes,post
Sub4001,participant_3917,2020-11-09T23:07:54Z,event-maze,rep_first,FALSE,daily,71,Female,CA,4-year college degree,Democrat,yes,yes,yes,Joe Biden,yes,post
Sub4011,participant_3920,2020-11-09T23:17:11Z,spr-event,rep_first,FALSE,monthly,35,Female,IN,4-year college degree,Independent,no,yes,no,Kamala Harris,yes,post
Sub4015,participant_3921,2020-11-09T23:20:44Z,spr-event,dem_first,FALSE,daily,36,Male,KS,4-year college degree,Democrat,yes,yes,yes,Joe Biden,yes,post
Sub4016,participant_3922,2020-11-09T23:21:45Z,cloze-event,dem_first,FALSE,daily,35,Male,other,Some college,Independent,yes,yes,yes,Kamala Harris,yes,post
Sub4019,participant_3923,2020-11-09T23:25:03Z,event-spr,dem_first,FALSE,daily,34,Female,other,Professional degree,Democrat,yes,yes,yes,Joe Biden,yes,post
Sub4045,participant_3926,2020-11-09T23:41:01Z,mazerace-event,rep_first,FALSE,daily,30,Male,NC,High school graduate,Republican,yes,yes,yes,Mike Pence,yes,post
Sub4065,participant_3929,2020-11-09T23:48:14Z,cloze-event,dem_first,FALSE,daily,37,Male,WI,Professional degree,Independent,yes,yes,yes,Joe Biden,yes,post
Sub4066,participant_3930,2020-11-09T23:48:21Z,event-mazerace,dem_first,FALSE,daily,25,Male,NY,Professional degree,Other,no,yes,no,I'd rather not say,yes,post
Sub4070,participant_3931,2020-11-09T23:50:27Z,spr-event,dem_first,FALSE,daily,32,Female,MO,Some college,Democrat,yes,yes,yes,Kamala Harris,yes,post
Sub4072,participant_3932,2020-11-09T23:50:37Z,cloze-event,rep_first,FALSE,daily,28,Female,MD,4-year college degree,Democrat,yes,yes,yes,Kamala Harris,yes,post
Sub4105,participant_3934,2020-11-10T00:06:30Z,spr-event,dem_first,FALSE,monthly,43,Male,NY,Professional degree,Independent,no,yes,yes,I don't care,yes,post
Sub4134,participant_3936,2020-11-10T00:27:42Z,mazerace-event,dem_first,FALSE,weekly,30,Male,CO,4-year college degree,Independent,yes,yes,yes,Donald Trump,yes,post
Sub4138,participant_3937,2020-11-10T00:29:57Z,mazerace-event,dem_first,FALSE,weekly,28,Female,CO,4-year college degree,Independent,yes,yes,no,Donald Trump,yes,post
Sub4143,participant_3938,2020-11-10T00:33:40Z,cloze-event,dem_first,FALSE,daily,35,Female,IA,Some college,Independent,yes,yes,yes,Kamala Harris,yes,post
Sub4155,participant_3940,2020-11-10T00:40:04Z,event-maze,rep_first,FALSE,weekly,22,Male,CA,4-year college degree,Democrat,yes,yes,yes,I don't care,no,post
Sub4159,participant_3942,2020-11-10T00:42:40Z,event-spr,rep_first,FALSE,daily,29,Female,OH,High school graduate,Democrat,yes,yes,yes,Joe Biden,yes,post
Sub4166,participant_3945,2020-11-10T00:46:20Z,event-mazerace,rep_first,FALSE,daily,45,Male,MO,2-year college degree,Democrat,yes,yes,yes,Joe Biden,yes,post
Sub4179,participant_3946,2020-11-10T00:50:55Z,event-mazerace,rep_first,FALSE,daily,45,Male,MI,4-year college degree,Democrat,yes,yes,yes,Kamala Harris,yes,post
Sub4194,participant_3947,2020-11-10T00:57:22Z,spr-event,rep_first,FALSE,daily,43,Female,TX,High school graduate,Independent,yes,yes,yes,Donald Trump,yes,post
Sub4207,participant_3948,2020-11-10T01:04:06Z,event-mazerace,dem_first,FALSE,daily,25,Male,CA,Some college,Republican,yes,yes,yes,Kamala Harris,yes,post
Sub4220,participant_3949,2020-11-10T01:17:40Z,mazerace-event,rep_first,FALSE,daily,38,Male,IN,Professional degree,Independent,yes,yes,yes,Joe Biden,yes,post
Sub4269,participant_3951,2020-11-10T01:38:37Z,mazerace-event,rep_first,FALSE,daily,36,Male,PA,4-year college degree,Democrat,yes,yes,yes,Donald Trump,yes,post
Sub4296,participant_3959,2020-11-10T02:07:18Z,mazerace-event,rep_first,FALSE,daily,31,Male,NY,2-year college degree,Independent,yes,yes,yes,Joe Biden,yes,post
Sub4297,participant_3960,2020-11-10T02:07:53Z,event-cloze,rep_first,FALSE,daily,26,Male,AL,4-year college degree,Independent,yes,yes,yes,Kamala Harris,yes,post
Sub4299,participant_3961,2020-11-10T02:08:43Z,mazerace-event,rep_first,FALSE,monthly,33,Male,IN,Some college,Republican,no,yes,no,Joe Biden,yes,post
Sub4302,participant_3963,2020-11-10T02:10:26Z,mazerace-event,dem_first,FALSE,daily,42,Male,GA,2-year college degree,Independent,yes,yes,yes,I don't care,yes,post
Sub4303,participant_3964,2020-11-10T02:10:49Z,spr-event,rep_first,FALSE,daily,24,Male,MI,Some college,Independent,yes,yes,yes,Kamala Harris,yes,post
Sub4308,participant_3967,2020-11-10T02:16:27Z,cloze-event,rep_first,FALSE,daily,50,Female,OK,4-year college degree,Independent,yes,yes,yes,Kamala Harris,yes,post
Sub4317,participant_3971,2020-11-10T02:23:26Z,mazerace-event,rep_first,FALSE,daily,29,Male,other,2-year college degree,Democrat,yes,yes,yes,Joe Biden,yes,post
Sub4319,participant_3972,2020-11-10T02:23:45Z,cloze-event,rep_first,FALSE,weekly,25,Male,CT,High school graduate,Independent,yes,yes,yes,Joe Biden,yes,post
Sub4321,participant_3974,2020-11-10T02:25:10Z,event-maze,dem_first,FALSE,daily,35,Male,WA,Some college,None,yes,yes,no,Kamala Harris,yes,post
Sub4325,participant_3976,2020-11-10T02:26:51Z,spr-event,dem_first,FALSE,weekly,44,Male,NY,Professional degree,Democrat,yes,yes,yes,I'd rather not say,yes,post
Sub4326,participant_3977,2020-11-10T02:29:05Z,mazerace-event,rep_first,FALSE,daily,33,Female,WV,4-year college degree,Democrat,yes,yes,yes,Joe Biden,yes,post
Sub4329,participant_3979,2020-11-10T02:35:58Z,cloze-event,rep_first,FALSE,monthly,27,Female,IN,Professional degree,Republican,yes,yes,yes,Kamala Harris,yes,post
Sub4330,participant_3980,2020-11-10T02:36:58Z,maze-event,rep_first,FALSE,daily,33,Male,FL,High school graduate,Democrat,yes,yes,yes,Joe Biden,yes,post
Sub4335,participant_3982,2020-11-10T02:43:04Z,cloze-event,rep_first,FALSE,daily,39,Female,KS,Professional degree,Republican,yes,yes,yes,Donald Trump,yes,post
Sub4337,participant_3983,2020-11-10T02:45:39Z,maze-event,dem_first,FALSE,daily,38,Female,MI,4-year college degree,Republican,yes,yes,yes,Donald Trump,yes,post
Sub4339,participant_3984,2020-11-10T02:48:15Z,event-maze,rep_first,FALSE,daily,25,Rather not say,VA,4-year college degree,Democrat,yes,yes,yes,Kamala Harris,yes,post
Sub4344,participant_3986,2020-11-10T02:51:09Z,spr-event,rep_first,FALSE,monthly,42,Male,FL,2-year college degree,Democrat,yes,yes,yes,Kamala Harris,yes,post
Sub4345,participant_3987,2020-11-10T02:51:40Z,event-spr,dem_first,FALSE,daily,35,Female,NY,4-year college degree,Democrat,yes,yes,yes,Kamala Harris,yes,post
Sub4350,participant_3988,2020-11-10T02:56:14Z,maze-event,dem_first,FALSE,weekly,45,Male,PA,Some college,Democrat,yes,yes,yes,Joe Biden,yes,post
Sub4353,participant_3989,2020-11-10T02:57:40Z,maze-event,dem_first,FALSE,daily,37,Male,NY,Doctorate,Democrat,yes,yes,yes,Joe Biden,yes,post
Sub4356,participant_3990,2020-11-10T03:01:21Z,spr-event,dem_first,FALSE,daily,26,Female,TX,4-year college degree,Independent,yes,yes,yes,Joe Biden,yes,post
Sub4372,participant_3994,2020-11-10T03:10:24Z,event-cloze,rep_first,FALSE,monthly,40,Female,TN,2-year college degree,Democrat,yes,yes,yes,Joe Biden,yes,post
Sub4388,participant_3996,2020-11-10T03:21:59Z,cloze-event,dem_first,FALSE,daily,37,Female,CA,4-year college degree,Democrat,yes,yes,yes,Joe Biden,yes,post
Sub4393,participant_3997,2020-11-10T03:23:35Z,event-spr,rep_first,FALSE,daily,25,Male,SC,High school graduate,None,yes,yes,yes,I'd rather not say,yes,post
Sub4401,participant_4001,2020-11-10T03:27:23Z,event-maze,rep_first,FALSE,daily,61,Male,TX,Some college,Democrat,yes,yes,yes,Kamala Harris,yes,post
Sub4403,participant_4002,2020-11-10T03:27:48Z,cloze-event,rep_first,FALSE,weekly,45,Male,IA,4-year college degree,Democrat,yes,yes,yes,Mike Pence,yes,post
Sub4431,participant_4005,2020-11-10T03:40:08Z,event-spr,dem_first,FALSE,daily,36,Female,CT,4-year college degree,Democrat,yes,yes,yes,Mike Pence,no,post
Sub4456,participant_4009,2020-11-10T03:52:38Z,mazerace-event,rep_first,FALSE,weekly,34,Female,FL,4-year college degree,Democrat,yes,yes,yes,Joe Biden,yes,post
Sub4535,participant_4014,2020-11-10T04:49:03Z,event-maze,rep_first,FALSE,weekly,39,Female,TX,Professional degree,Democrat,yes,yes,yes,Joe Biden,yes,post
Sub4540,participant_4016,2020-11-10T08:27:42Z,event-mazerace,dem_first,FALSE,weekly,35,Male,other,Professional degree,Democrat,no,yes,no,Joe Biden,yes,post
Sub4541,participant_4017,2020-11-10T13:23:09Z,event-mazerace,dem_first,FALSE,daily,39,Female,CT,4-year college degree,Independent,yes,yes,yes,I don't care,yes,post
