sid,participant_id,submission_time,condition,display_order,asked_about_vp,news_consumption,age,gender,state,education,political_affiliation,citizen,native,resident,election_pref,aware,batch
Sub0001,pre_participant_0001,2020-10-30T14:22:24Z,event-cloze,dem_first,FALSE,daily,24,Male,NY,4-year college degree,Democrat,yes,yes,yes,Kamala Harris,NA,pre
Sub0003,pre_participant_0003,2020-10-30T14:29:12Z,cloze-event,rep_first,FALSE,weekly,44,Male,DE,Professional degree,Republican,yes,yes,yes,I don't care,NA,pre
Sub0005,pre_participant_0005,2020-10-30T14:29:33Z,cloze-event,rep_first,FALSE,daily,35,Female,CA,4-year college degree,Democrat,yes,yes,yes,Kamala Harris,NA,pre
Sub0007,pre_participant_0007,2020-10-30T14:31:00Z,cloze-event,dem_first,FALSE,daily,31,Male,AR,High school graduate,Democrat,yes,yes,yes,Mike Pence,NA,pre
Sub0008,pre_participant_0008,2020-10-30T14:31:13Z,event-cloze,dem_first,FALSE,weekly,30,Female,WA,4-year college degree,Democrat,no,yes,no,Kamala Harris,NA,pre
Sub0009,pre_participant_0009,2020-10-30T14:31:47Z,cloze-event,dem_first,FALSE,weekly,30,Male,CO,4-year college degree,Republican,yes,yes,yes,I'd rather not say,NA,pre
Sub0011,pre_participant_0011,2020-10-30T14:32:32Z,cloze-event,dem_first,FALSE,monthly,24,Female,CT,2-year college degree,Democrat,yes,yes,yes,Kamala Harris,NA,pre
Sub0015,pre_participant_0015,2020-10-30T14:34:13Z,cloze-event,dem_first,FALSE,daily,37,Female,NJ,4-year college degree,Democrat,yes,yes,yes,Joe Biden,NA,pre
Sub0016,pre_participant_0016,2020-10-30T14:34:17Z,event-cloze,rep_first,FALSE,weekly,21,Male,CA,2-year college degree,None,yes,yes,yes,Kamala Harris,NA,pre
Sub0017,pre_participant_0017,2020-10-30T14:34:22Z,cloze-event,rep_first,FALSE,daily,29,Male,CA,4-year college degree,Independent,yes,yes,yes,Joe Biden,NA,pre
Sub0019,pre_participant_0019,2020-10-30T14:35:51Z,cloze-event,dem_first,FALSE,weekly,45,Male,other,4-year college degree,Republican,yes,yes,yes,Mike Pence,NA,pre
Sub0020,pre_participant_0020,2020-10-30T14:37:33Z,cloze-event,dem_first,FALSE,daily,55,Male,other,High school graduate,Democrat,no,yes,no,Mike Pence,NA,pre
Sub0021,pre_participant_0021,2020-10-30T14:39:00Z,event-maze,rep_first,FALSE,daily,22,Male,TX,Some college,Other,yes,yes,no,I don't care,NA,pre
Sub0022,pre_participant_0022,2020-10-30T14:39:59Z,event-cloze,rep_first,FALSE,daily,25,Male,TX,4-year college degree,Republican,yes,yes,yes,Donald Trump,NA,pre
Sub0023,pre_participant_0023,2020-10-30T14:40:17Z,cloze-event,dem_first,FALSE,daily,32,Male,UT,Professional degree,Republican,yes,yes,yes,Kamala Harris,NA,pre
Sub0024,pre_participant_0024,2020-10-30T14:40:27Z,event-mazerace,dem_first,FALSE,daily,24,Male,TX,4-year college degree,Republican,yes,yes,yes,Donald Trump,NA,pre
Sub0026,pre_participant_0026,2020-10-30T14:41:14Z,event-cloze,rep_first,FALSE,weekly,46,Female,OH,4-year college degree,Democrat,yes,yes,yes,Mike Pence,NA,pre
Sub0027,pre_participant_0027,2020-10-30T14:41:40Z,event-cloze,dem_first,FALSE,weekly,33,Male,FL,4-year college degree,Independent,yes,yes,yes,Joe Biden,NA,pre
Sub0028,pre_participant_0028,2020-10-30T14:43:42Z,cloze-event,rep_first,FALSE,monthly,66,Male,CA,4-year college degree,Democrat,yes,yes,yes,Kamala Harris,NA,pre
Sub0029,pre_participant_0029,2020-10-30T14:44:28Z,event-maze,dem_first,FALSE,daily,30,Male,AZ,4-year college degree,Democrat,yes,yes,yes,Joe Biden,NA,pre
Sub0030,pre_participant_0030,2020-10-30T14:44:35Z,cloze-event,dem_first,FALSE,monthly,38,Male,VA,4-year college degree,Democrat,yes,yes,yes,Joe Biden,NA,pre
Sub0033,pre_participant_0033,2020-10-30T14:46:10Z,cloze-event,rep_first,FALSE,monthly,26,Male,SD,4-year college degree,Rather not say,yes,yes,no,Mike Pence,NA,pre
Sub0034,pre_participant_0034,2020-10-30T14:46:32Z,cloze-event,rep_first,FALSE,weekly,30,Male,TN,Some college,Independent,yes,yes,yes,Kamala Harris,NA,pre
Sub0036,pre_participant_0036,2020-10-30T14:47:01Z,event-cloze,rep_first,FALSE,daily,53,Female,TX,2-year college degree,Republican,yes,yes,yes,Donald Trump,NA,pre
Sub0037,pre_participant_0037,2020-10-30T14:47:07Z,cloze-event,dem_first,FALSE,less than monthly,31,Male,IN,High school graduate,Democrat,yes,yes,yes,Kamala Harris,NA,pre
Sub0038,pre_participant_0038,2020-10-30T14:47:33Z,cloze-event,dem_first,FALSE,daily,30,Female,GA,High school graduate,Democrat,yes,yes,yes,Joe Biden,NA,pre
Sub0039,pre_participant_0039,2020-10-30T14:47:45Z,event-cloze,dem_first,FALSE,weekly,29,Male,IL,Some college,Republican,yes,yes,yes,Donald Trump,NA,pre
Sub0041,pre_participant_0041,2020-10-30T14:48:30Z,event-maze,rep_first,FALSE,weekly,30,Male,MD,Some college,Democrat,yes,yes,yes,Joe Biden,NA,pre
Sub0042,pre_participant_0042,2020-10-30T14:48:52Z,event-maze,rep_first,FALSE,daily,36,Male,NM,4-year college degree,Democrat,yes,yes,yes,Joe Biden,NA,pre
Sub0043,pre_participant_0043,2020-10-30T14:49:49Z,event-cloze,rep_first,FALSE,daily,40,Female,FL,4-year college degree,Democrat,yes,yes,yes,Joe Biden,NA,pre
Sub0044,pre_participant_0044,2020-10-30T14:51:27Z,cloze-event,rep_first,FALSE,daily,24,Male,CA,4-year college degree,Independent,yes,yes,yes,I don't care,NA,pre
Sub0045,pre_participant_0045,2020-10-30T14:51:40Z,spr-event,dem_first,FALSE,daily,34,Male,FL,High school graduate,Democrat,yes,yes,yes,Kamala Harris,NA,pre
Sub0046,pre_participant_0046,2020-10-30T14:51:57Z,cloze-event,dem_first,FALSE,daily,26,Male,ME,4-year college degree,Independent,yes,yes,yes,I don't care,NA,pre
Sub0049,pre_participant_0049,2020-10-30T14:55:10Z,event-spr,rep_first,FALSE,weekly,30,Female,FL,4-year college degree,Democrat,yes,yes,yes,Mike Pence,NA,pre
Sub0050,pre_participant_0050,2020-10-30T14:57:32Z,event-mazerace,dem_first,FALSE,daily,25,Female,TX,Professional degree,Republican,yes,yes,yes,I don't care,NA,pre
Sub0051,pre_participant_0051,2020-10-30T14:57:40Z,mazerace-event,dem_first,FALSE,daily,23,Male,TX,4-year college degree,Independent,yes,yes,yes,Joe Biden,NA,pre
Sub0054,pre_participant_0054,2020-10-30T15:02:07Z,cloze-event,dem_first,FALSE,weekly,35,Male,MI,Professional degree,Republican,yes,yes,yes,Kamala Harris,NA,pre
Sub0055,pre_participant_0055,2020-10-30T15:03:04Z,mazerace-event,dem_first,FALSE,daily,32,Female,ME,4-year college degree,Republican,yes,yes,yes,Donald Trump,NA,pre
Sub0056,pre_participant_0056,2020-10-30T15:03:43Z,cloze-event,rep_first,FALSE,weekly,32,Female,other,Some college,Other,yes,yes,yes,Kamala Harris,NA,pre
Sub0057,pre_participant_0057,2020-10-30T15:03:48Z,maze-event,rep_first,FALSE,daily,34,Male,AL,Professional degree,Republican,yes,yes,yes,Donald Trump,NA,pre
Sub0058,pre_participant_0058,2020-10-30T15:04:32Z,event-cloze,dem_first,FALSE,daily,25,Male,TX,4-year college degree,Republican,yes,yes,yes,Joe Biden,NA,pre
Sub0060,pre_participant_0060,2020-10-30T15:06:01Z,mazerace-event,dem_first,FALSE,daily,35,Female,WA,4-year college degree,Republican,yes,yes,yes,Donald Trump,NA,pre
Sub0062,pre_participant_0062,2020-10-30T15:07:08Z,spr-event,dem_first,FALSE,daily,25,Male,TX,4-year college degree,Republican,yes,yes,yes,Donald Trump,NA,pre
Sub0063,pre_participant_0063,2020-10-30T15:08:22Z,event-spr,rep_first,FALSE,daily,57,Female,VA,2-year college degree,Democrat,yes,yes,yes,Joe Biden,NA,pre
Sub0064,pre_participant_0064,2020-10-30T15:08:55Z,event-spr,dem_first,FALSE,weekly,28,Male,IN,Some college,Independent,yes,yes,yes,Kamala Harris,NA,pre
Sub0065,pre_participant_0065,2020-10-30T15:09:26Z,event-cloze,dem_first,FALSE,monthly,45,Male,MD,4-year college degree,Republican,yes,yes,yes,Mike Pence,NA,pre
Sub0067,pre_participant_0067,2020-10-30T15:10:11Z,cloze-event,rep_first,FALSE,weekly,30,Male,IN,4-year college degree,Independent,no,yes,no,Kamala Harris,NA,pre
Sub0070,pre_participant_0070,2020-10-30T15:11:10Z,event-maze,dem_first,FALSE,weekly,28,Male,TX,4-year college degree,Republican,yes,yes,yes,Donald Trump,NA,pre
Sub0071,pre_participant_0071,2020-10-30T15:12:05Z,spr-event,rep_first,FALSE,weekly,51,Male,GA,4-year college degree,Democrat,yes,yes,yes,Joe Biden,NA,pre
Sub0073,pre_participant_0072,2020-10-30T15:12:18Z,mazerace-event,rep_first,FALSE,daily,55,Male,other,High school graduate,None,no,yes,no,Joe Biden,NA,pre
Sub0074,pre_participant_0073,2020-10-30T15:12:34Z,mazerace-event,rep_first,FALSE,daily,58,Female,MI,Some college,Democrat,yes,yes,yes,Kamala Harris,NA,pre
Sub0075,pre_participant_0074,2020-10-30T15:12:37Z,maze-event,rep_first,FALSE,daily,42,Male,CA,4-year college degree,Republican,yes,yes,yes,Mike Pence,NA,pre
Sub0076,pre_participant_0075,2020-10-30T15:12:46Z,mazerace-event,rep_first,FALSE,daily,28,Female,MO,4-year college degree,Democrat,yes,yes,yes,Joe Biden,NA,pre
Sub0077,pre_participant_0076,2020-10-30T15:12:48Z,event-cloze,rep_first,FALSE,daily,25,Female,CT,4-year college degree,Democrat,yes,yes,yes,Joe Biden,NA,pre
Sub0087,pre_participant_0086,2020-10-30T15:15:56Z,spr-event,rep_first,FALSE,less than monthly,36,Male,PA,4-year college degree,Independent,yes,yes,yes,Donald Trump,NA,pre
Sub0090,pre_participant_0089,2020-10-30T15:18:03Z,cloze-event,dem_first,FALSE,monthly,NA,Male,TN,4-year college degree,Republican,no,yes,no,Kamala Harris,NA,pre
Sub0091,pre_participant_0090,2020-10-30T15:18:27Z,spr-event,rep_first,FALSE,daily,28,Female,IL,4-year college degree,Independent,yes,yes,yes,Kamala Harris,NA,pre
Sub0092,pre_participant_0091,2020-10-30T15:18:36Z,event-spr,dem_first,FALSE,daily,64,Male,MA,4-year college degree,Independent,yes,yes,yes,Joe Biden,NA,pre
Sub0093,pre_participant_0092,2020-10-30T15:18:55Z,event-mazerace,rep_first,FALSE,daily,25,Female,TX,4-year college degree,Republican,yes,yes,yes,Donald Trump,NA,pre
Sub0094,pre_participant_0093,2020-10-30T15:20:27Z,cloze-event,rep_first,FALSE,less than monthly,26,Female,MO,4-year college degree,Democrat,yes,yes,yes,Joe Biden,NA,pre
Sub0097,pre_participant_0096,2020-10-30T15:21:46Z,spr-event,dem_first,FALSE,daily,25,Male,MD,High school graduate,Democrat,yes,yes,yes,Joe Biden,NA,pre
Sub0098,pre_participant_0097,2020-10-30T15:21:54Z,cloze-event,dem_first,FALSE,daily,37,Female,NH,Professional degree,Democrat,no,yes,no,Kamala Harris,NA,pre
Sub0099,pre_participant_0098,2020-10-30T15:21:56Z,maze-event,dem_first,FALSE,daily,29,Female,IL,Professional degree,Democrat,yes,yes,yes,Kamala Harris,NA,pre
Sub0100,pre_participant_0099,2020-10-30T15:22:00Z,mazerace-event,rep_first,FALSE,daily,59,Female,IL,4-year college degree,Republican,yes,yes,yes,Mike Pence,NA,pre
Sub0101,pre_participant_0100,2020-10-30T15:22:19Z,mazerace-event,rep_first,FALSE,daily,25,Male,TX,4-year college degree,Republican,yes,yes,yes,Mike Pence,NA,pre
Sub0102,pre_participant_0101,2020-10-30T15:22:46Z,spr-event,dem_first,FALSE,daily,35,Male,FL,4-year college degree,Democrat,yes,yes,yes,Joe Biden,NA,pre
Sub0104,pre_participant_0103,2020-10-30T15:23:17Z,cloze-event,rep_first,FALSE,daily,41,Female,FL,High school graduate,Republican,yes,yes,yes,I'd rather not say,NA,pre
Sub0105,pre_participant_0104,2020-10-30T15:23:49Z,spr-event,rep_first,FALSE,daily,43,Male,TX,2-year college degree,Republican,yes,yes,no,Mike Pence,NA,pre
Sub0106,pre_participant_0105,2020-10-30T15:24:49Z,maze-event,dem_first,FALSE,weekly,35,Male,MI,Professional degree,Republican,yes,yes,yes,Joe Biden,NA,pre
Sub0110,pre_participant_0109,2020-10-30T15:25:20Z,spr-event,dem_first,FALSE,weekly,42,Male,VI,4-year college degree,Democrat,yes,yes,yes,Kamala Harris,NA,pre
Sub0114,pre_participant_0113,2020-10-30T15:27:00Z,event-maze,rep_first,FALSE,daily,24,Male,TX,4-year college degree,Republican,yes,yes,yes,Donald Trump,NA,pre
Sub0119,pre_participant_0117,2020-10-30T15:29:07Z,maze-event,dem_first,FALSE,daily,31,Male,CA,4-year college degree,Democrat,yes,yes,yes,Kamala Harris,NA,pre
Sub0120,pre_participant_0118,2020-10-30T15:29:33Z,mazerace-event,rep_first,FALSE,weekly,38,Male,IL,Professional degree,Democrat,yes,yes,yes,Joe Biden,NA,pre
Sub0121,pre_participant_0119,2020-10-30T15:30:05Z,event-maze,rep_first,FALSE,daily,32,Male,IL,High school graduate,Democrat,yes,yes,yes,Joe Biden,NA,pre
Sub0122,pre_participant_0120,2020-10-30T15:30:09Z,maze-event,rep_first,FALSE,daily,36,Male,TX,Professional degree,Republican,yes,yes,yes,Donald Trump,NA,pre
Sub0124,pre_participant_0122,2020-10-30T15:30:38Z,cloze-event,dem_first,FALSE,daily,55,Female,CA,4-year college degree,Democrat,yes,yes,yes,Kamala Harris,NA,pre
Sub0126,pre_participant_0124,2020-10-30T15:30:58Z,spr-event,dem_first,FALSE,daily,32,Male,TX,2-year college degree,Other,yes,yes,yes,Kamala Harris,NA,pre
Sub0128,pre_participant_0126,2020-10-30T15:32:41Z,cloze-event,dem_first,FALSE,daily,28,Male,CA,4-year college degree,Democrat,yes,yes,yes,I'd rather not say,NA,pre
Sub0130,pre_participant_0128,2020-10-30T15:32:54Z,cloze-event,rep_first,FALSE,weekly,52,Male,CA,4-year college degree,Republican,yes,yes,yes,Donald Trump,NA,pre
Sub0131,pre_participant_0129,2020-10-30T15:32:55Z,cloze-event,dem_first,FALSE,weekly,45,Male,CA,4-year college degree,Democrat,yes,yes,yes,Donald Trump,NA,pre
Sub0133,pre_participant_0131,2020-10-30T15:33:09Z,event-cloze,dem_first,FALSE,daily,30,Male,TX,4-year college degree,Democrat,yes,yes,yes,Kamala Harris,NA,pre
Sub0134,pre_participant_0133,2020-10-30T15:33:51Z,spr-event,rep_first,FALSE,daily,32,Female,WA,Some college,Democrat,yes,yes,yes,Joe Biden,NA,pre
Sub0136,pre_participant_0135,2020-10-30T15:34:26Z,event-cloze,dem_first,FALSE,monthly,25,Male,TX,4-year college degree,Republican,yes,yes,yes,Donald Trump,NA,pre
Sub0137,pre_participant_0136,2020-10-30T15:34:26Z,event-cloze,dem_first,FALSE,daily,24,Female,TX,Some college,Independent,yes,yes,yes,I don't care,NA,pre
Sub0139,pre_participant_0138,2020-10-30T15:35:09Z,event-mazerace,rep_first,FALSE,daily,27,Male,MO,4-year college degree,Democrat,yes,yes,yes,Kamala Harris,NA,pre
Sub0142,pre_participant_0141,2020-10-30T15:35:19Z,mazerace-event,dem_first,FALSE,daily,34,Male,other,High school graduate,None,no,yes,no,Joe Biden,NA,pre
Sub0143,pre_participant_0142,2020-10-30T15:35:23Z,spr-event,dem_first,FALSE,daily,27,Male,OK,Some college,Independent,yes,yes,yes,Donald Trump,NA,pre
Sub0144,pre_participant_0143,2020-10-30T15:35:23Z,cloze-event,dem_first,FALSE,daily,43,Female,ID,4-year college degree,Republican,yes,yes,yes,Kamala Harris,NA,pre
Sub0145,pre_participant_0144,2020-10-30T15:35:28Z,mazerace-event,rep_first,FALSE,daily,35,Male,NY,2-year college degree,Independent,yes,yes,yes,Joe Biden,NA,pre
Sub0147,pre_participant_0145,2020-10-30T15:36:18Z,cloze-event,rep_first,FALSE,daily,54,Male,VA,Some college,Independent,yes,yes,yes,Donald Trump,NA,pre
Sub0152,pre_participant_0149,2020-10-30T15:38:12Z,event-spr,rep_first,FALSE,daily,26,Male,TX,4-year college degree,Democrat,yes,yes,yes,Joe Biden,NA,pre
Sub0155,pre_participant_0151,2020-10-30T15:39:03Z,mazerace-event,dem_first,FALSE,daily,37,Male,CA,4-year college degree,Independent,yes,yes,yes,Joe Biden,NA,pre
Sub0159,pre_participant_0155,2020-10-30T15:40:50Z,cloze-event,rep_first,FALSE,daily,29,Male,OH,4-year college degree,Democrat,yes,yes,yes,Mike Pence,NA,pre
Sub0160,pre_participant_0156,2020-10-30T15:41:02Z,mazerace-event,dem_first,FALSE,weekly,47,Female,TX,4-year college degree,Republican,yes,yes,yes,Donald Trump,NA,pre
Sub0162,pre_participant_0158,2020-10-30T15:41:17Z,cloze-event,rep_first,FALSE,daily,33,Male,AL,4-year college degree,Republican,no,yes,yes,Joe Biden,NA,pre
Sub0163,pre_participant_0159,2020-10-30T15:41:29Z,mazerace-event,dem_first,FALSE,daily,24,Female,TX,4-year college degree,Republican,yes,yes,yes,Donald Trump,NA,pre
Sub0164,pre_participant_0160,2020-10-30T15:42:17Z,event-cloze,rep_first,FALSE,daily,33,Male,AZ,2-year college degree,Democrat,yes,yes,yes,Kamala Harris,NA,pre
Sub0169,pre_participant_0165,2020-10-30T15:44:04Z,cloze-event,rep_first,FALSE,daily,26,Male,CT,High school graduate,Democrat,yes,yes,yes,Joe Biden,NA,pre
Sub0175,pre_participant_0171,2020-10-30T15:44:49Z,spr-event,rep_first,FALSE,weekly,27,Male,UT,4-year college degree,None,yes,yes,yes,Mike Pence,NA,pre
Sub0178,pre_participant_0173,2020-10-30T15:45:26Z,mazerace-event,rep_first,FALSE,daily,20,Male,VT,Some college,Democrat,yes,yes,yes,Kamala Harris,NA,pre
Sub0180,pre_participant_0175,2020-10-30T15:45:57Z,cloze-event,dem_first,FALSE,weekly,33,Male,IN,4-year college degree,Republican,no,yes,yes,Mike Pence,NA,pre
Sub0181,pre_participant_0176,2020-10-30T15:46:21Z,maze-event,rep_first,FALSE,daily,24,Male,TX,4-year college degree,Republican,yes,yes,yes,Mike Pence,NA,pre
Sub0182,pre_participant_0177,2020-10-30T15:46:42Z,cloze-event,rep_first,FALSE,weekly,45,Male,CA,High school graduate,Democrat,yes,yes,yes,Kamala Harris,NA,pre
Sub0184,pre_participant_0179,2020-10-30T15:47:07Z,cloze-event,rep_first,FALSE,daily,30,Female,CO,Professional degree,Democrat,yes,yes,yes,Joe Biden,NA,pre
Sub0185,pre_participant_0180,2020-10-30T15:47:32Z,event-cloze,rep_first,FALSE,daily,37,Male,TX,Professional degree,Republican,yes,yes,yes,Donald Trump,NA,pre
Sub0187,pre_participant_0182,2020-10-30T15:48:08Z,event-maze,rep_first,FALSE,weekly,53,Female,TX,4-year college degree,Republican,yes,yes,yes,Mike Pence,NA,pre
Sub0191,pre_participant_0184,2020-10-30T15:49:03Z,cloze-event,dem_first,FALSE,daily,32,Male,MN,Professional degree,Democrat,yes,yes,yes,Joe Biden,NA,pre
Sub0192,pre_participant_0185,2020-10-30T15:49:16Z,cloze-event,dem_first,FALSE,weekly,20,Male,LA,Some college,Democrat,yes,yes,yes,Donald Trump,NA,pre
Sub0193,pre_participant_0186,2020-10-30T15:49:22Z,event-spr,dem_first,FALSE,daily,33,Male,NY,4-year college degree,Independent,yes,yes,yes,Joe Biden,NA,pre
Sub0194,pre_participant_0187,2020-10-30T15:49:27Z,event-maze,rep_first,FALSE,daily,38,Female,GA,4-year college degree,Democrat,yes,yes,yes,Kamala Harris,NA,pre
Sub0195,pre_participant_0188,2020-10-30T15:49:51Z,event-cloze,rep_first,FALSE,monthly,33,Male,FL,High school graduate,Democrat,yes,yes,yes,I don't care,NA,pre
Sub0199,pre_participant_0190,2020-10-30T15:50:53Z,event-cloze,rep_first,FALSE,weekly,30,Male,OK,4-year college degree,Republican,yes,yes,yes,Mike Pence,NA,pre
Sub0205,pre_participant_0194,2020-10-30T15:51:51Z,event-mazerace,rep_first,FALSE,daily,26,Female,AL,4-year college degree,Democrat,yes,yes,yes,Joe Biden,NA,pre
Sub0206,pre_participant_0195,2020-10-30T15:51:57Z,cloze-event,rep_first,FALSE,weekly,NA,Male,CA,4-year college degree,Republican,yes,yes,yes,Donald Trump,NA,pre
Sub0208,pre_participant_0198,2020-10-30T15:52:20Z,maze-event,dem_first,FALSE,weekly,35,Male,KY,Some college,Republican,yes,yes,yes,Mike Pence,NA,pre
Sub0209,pre_participant_0199,2020-10-30T15:52:25Z,maze-event,rep_first,FALSE,daily,43,Male,CA,4-year college degree,Democrat,yes,yes,yes,Joe Biden,NA,pre
Sub0210,pre_participant_0200,2020-10-30T15:52:25Z,maze-event,dem_first,FALSE,weekly,35,Male,MI,Professional degree,Republican,yes,yes,yes,Kamala Harris,NA,pre
Sub0211,pre_participant_0201,2020-10-30T15:52:32Z,event-cloze,dem_first,FALSE,daily,28,Male,CA,Professional degree,Republican,yes,yes,yes,Kamala Harris,NA,pre
Sub0213,pre_participant_0203,2020-10-30T15:52:32Z,spr-event,dem_first,FALSE,less than monthly,26,Male,MD,4-year college degree,Independent,yes,yes,yes,Joe Biden,NA,pre
Sub0214,pre_participant_0204,2020-10-30T15:52:36Z,event-cloze,rep_first,FALSE,daily,27,Male,ND,4-year college degree,Republican,yes,yes,yes,Donald Trump,NA,pre
Sub0217,pre_participant_0205,2020-10-30T15:53:49Z,spr-event,dem_first,FALSE,weekly,65,Male,CA,4-year college degree,Republican,yes,yes,yes,Mike Pence,NA,pre
Sub0218,pre_participant_0206,2020-10-30T15:54:03Z,cloze-event,dem_first,FALSE,weekly,30,Male,TX,4-year college degree,Democrat,yes,yes,yes,Kamala Harris,NA,pre
Sub0220,pre_participant_0208,2020-10-30T15:54:35Z,event-cloze,rep_first,FALSE,daily,24,Male,WA,4-year college degree,Republican,yes,yes,yes,Joe Biden,NA,pre
Sub0221,pre_participant_0209,2020-10-30T15:54:55Z,mazerace-event,rep_first,FALSE,weekly,30,Female,MI,4-year college degree,Republican,yes,yes,yes,Donald Trump,NA,pre
Sub0223,pre_participant_0212,2020-10-30T15:55:49Z,event-spr,dem_first,FALSE,weekly,29,Female,IN,Professional degree,Democrat,no,yes,yes,Joe Biden,NA,pre
Sub0225,pre_participant_0213,2020-10-30T15:56:46Z,mazerace-event,rep_first,FALSE,monthly,48,Female,SC,4-year college degree,Republican,yes,yes,yes,Donald Trump,NA,pre
Sub0227,pre_participant_0214,2020-10-30T15:57:04Z,spr-event,dem_first,FALSE,never,46,Male,CA,4-year college degree,Republican,yes,yes,yes,Kamala Harris,NA,pre
Sub0228,pre_participant_0215,2020-10-30T15:57:23Z,mazerace-event,rep_first,FALSE,daily,34,Female,MA,4-year college degree,Democrat,yes,yes,yes,Kamala Harris,NA,pre
Sub0231,pre_participant_0218,2020-10-30T15:58:39Z,mazerace-event,rep_first,FALSE,daily,20,Male,IL,Some college,None,yes,yes,yes,I don't care,NA,pre
Sub0234,pre_participant_0220,2020-10-30T15:59:08Z,spr-event,dem_first,FALSE,weekly,25,Female,TX,2-year college degree,Democrat,yes,yes,yes,Mike Pence,NA,pre
Sub0235,pre_participant_0221,2020-10-30T15:59:11Z,event-spr,rep_first,FALSE,daily,21,Male,AL,4-year college degree,Democrat,yes,yes,yes,Kamala Harris,NA,pre
Sub0238,pre_participant_0224,2020-10-30T15:59:22Z,cloze-event,dem_first,FALSE,weekly,34,Female,IN,Professional degree,Democrat,no,yes,yes,Joe Biden,NA,pre
Sub0239,pre_participant_0225,2020-10-30T15:59:40Z,mazerace-event,dem_first,FALSE,weekly,36,Male,NY,4-year college degree,Republican,yes,yes,yes,I don't care,NA,pre
Sub0244,pre_participant_0230,2020-10-30T16:00:27Z,event-cloze,dem_first,FALSE,weekly,28,Female,CA,Professional degree,Republican,yes,yes,yes,Mike Pence,NA,pre
Sub0245,pre_participant_0231,2020-10-30T16:00:35Z,cloze-event,rep_first,FALSE,daily,32,Male,CA,High school graduate,Democrat,yes,yes,yes,Kamala Harris,NA,pre
Sub0249,pre_participant_0234,2020-10-30T16:01:13Z,maze-event,rep_first,FALSE,daily,32,Male,TX,4-year college degree,Democrat,yes,yes,yes,Kamala Harris,NA,pre
Sub0250,pre_participant_0235,2020-10-30T16:02:14Z,event-cloze,dem_first,FALSE,daily,34,Male,OR,High school graduate,Democrat,yes,yes,yes,I don't care,NA,pre
Sub0253,pre_participant_0237,2020-10-30T16:02:44Z,cloze-event,rep_first,FALSE,daily,28,Female,TN,Professional degree,Independent,yes,yes,yes,Joe Biden,NA,pre
Sub0254,pre_participant_0238,2020-10-30T16:02:54Z,maze-event,rep_first,FALSE,daily,49,Male,IL,4-year college degree,Republican,yes,yes,yes,Donald Trump,NA,pre
Sub0256,pre_participant_0240,2020-10-30T16:03:29Z,cloze-event,rep_first,FALSE,daily,29,Male,AZ,Some college,Democrat,yes,yes,yes,I don't care,NA,pre
Sub0257,pre_participant_0241,2020-10-30T16:03:52Z,maze-event,rep_first,FALSE,daily,50,Female,WI,High school graduate,Independent,yes,yes,yes,Donald Trump,NA,pre
Sub0261,pre_participant_0244,2020-10-30T16:04:31Z,spr-event,rep_first,FALSE,daily,54,Male,FL,2-year college degree,Republican,yes,yes,yes,Mike Pence,NA,pre
Sub0262,pre_participant_0245,2020-10-30T16:04:34Z,event-maze,dem_first,FALSE,daily,52,Male,TX,Professional degree,Republican,yes,yes,yes,Donald Trump,NA,pre
Sub0265,pre_participant_0247,2020-10-30T16:04:58Z,event-cloze,dem_first,FALSE,daily,27,Female,GA,4-year college degree,Independent,yes,yes,yes,Joe Biden,NA,pre
Sub0266,pre_participant_0248,2020-10-30T16:04:58Z,maze-event,dem_first,FALSE,monthly,20,Male,SD,High school graduate,Other,yes,yes,yes,Kamala Harris,NA,pre
Sub0267,pre_participant_0249,2020-10-30T16:05:23Z,cloze-event,rep_first,FALSE,daily,27,Male,IN,Professional degree,Democrat,yes,yes,yes,Donald Trump,NA,pre
Sub0268,pre_participant_0250,2020-10-30T16:05:46Z,spr-event,rep_first,FALSE,daily,33,Male,NJ,4-year college degree,Democrat,yes,yes,yes,Joe Biden,NA,pre
Sub0269,pre_participant_0251,2020-10-30T16:06:01Z,mazerace-event,rep_first,FALSE,weekly,32,Female,MI,4-year college degree,Democrat,yes,yes,yes,I don't care,NA,pre
Sub0270,pre_participant_0252,2020-10-30T16:06:19Z,mazerace-event,dem_first,FALSE,daily,23,Male,IL,Some college,Republican,yes,yes,no,Donald Trump,NA,pre
Sub0271,pre_participant_0253,2020-10-30T16:06:32Z,cloze-event,dem_first,FALSE,weekly,50,Male,TX,4-year college degree,Republican,yes,yes,yes,Mike Pence,NA,pre
Sub0274,pre_participant_0255,2020-10-30T16:07:40Z,cloze-event,dem_first,FALSE,weekly,40,Female,NY,4-year college degree,Democrat,yes,yes,yes,Joe Biden,NA,pre
Sub0275,pre_participant_0256,2020-10-30T16:07:51Z,event-mazerace,rep_first,FALSE,daily,27,Female,MA,4-year college degree,Independent,yes,yes,yes,Kamala Harris,NA,pre
Sub0277,pre_participant_0258,2020-10-30T16:08:25Z,cloze-event,rep_first,FALSE,daily,41,Male,MN,Some college,None,no,yes,no,Joe Biden,NA,pre
Sub0278,pre_participant_0259,2020-10-30T16:08:45Z,event-mazerace,dem_first,FALSE,monthly,42,Male,TX,Professional degree,Republican,yes,yes,yes,Kamala Harris,NA,pre
Sub0279,pre_participant_0260,2020-10-30T16:08:45Z,mazerace-event,dem_first,FALSE,weekly,32,Male,IN,4-year college degree,Republican,no,yes,no,Donald Trump,NA,pre
Sub0290,pre_participant_0269,2020-10-30T16:10:50Z,spr-event,rep_first,FALSE,daily,30,Male,VA,Some college,Independent,yes,yes,yes,Mike Pence,NA,pre
Sub0291,pre_participant_0270,2020-10-30T16:10:51Z,mazerace-event,rep_first,FALSE,daily,36,Male,MA,4-year college degree,Democrat,yes,yes,yes,Joe Biden,NA,pre
Sub0295,pre_participant_0273,2020-10-30T16:11:18Z,cloze-event,rep_first,FALSE,daily,32,Female,CA,4-year college degree,Democrat,yes,yes,yes,Joe Biden,NA,pre
Sub0299,pre_participant_0276,2020-10-30T16:12:03Z,event-spr,dem_first,FALSE,daily,28,Male,SC,Some college,Republican,yes,yes,yes,Donald Trump,NA,pre
Sub0298,pre_participant_0277,2020-10-30T16:12:01Z,event-spr,dem_first,FALSE,weekly,29,Male,GA,Professional degree,Democrat,yes,yes,yes,Mike Pence,NA,pre
Sub0304,pre_participant_0279,2020-10-30T16:12:43Z,cloze-event,rep_first,FALSE,monthly,32,Male,AZ,4-year college degree,Independent,yes,yes,yes,Joe Biden,NA,pre
Sub0306,pre_participant_0281,2020-10-30T16:13:03Z,maze-event,dem_first,FALSE,weekly,32,Rather not say,NY,Some college,Democrat,yes,yes,yes,Joe Biden,NA,pre
Sub0307,pre_participant_0282,2020-10-30T16:13:05Z,event-cloze,rep_first,FALSE,weekly,27,Male,ID,Professional degree,Democrat,yes,yes,yes,Donald Trump,NA,pre
Sub0309,pre_participant_0284,2020-10-30T16:13:14Z,maze-event,rep_first,FALSE,daily,39,Female,GA,4-year college degree,Democrat,yes,yes,yes,Kamala Harris,NA,pre
Sub0310,pre_participant_0285,2020-10-30T16:13:18Z,spr-event,rep_first,FALSE,daily,44,Female,LA,4-year college degree,Republican,yes,yes,yes,Donald Trump,NA,pre
Sub0311,pre_participant_0286,2020-10-30T16:13:38Z,cloze-event,dem_first,FALSE,daily,27,Male,IN,4-year college degree,Democrat,yes,yes,yes,Donald Trump,NA,pre
Sub0315,pre_participant_0288,2020-10-30T16:14:34Z,cloze-event,dem_first,FALSE,daily,49,Female,CA,Professional degree,Republican,yes,yes,yes,Donald Trump,NA,pre
Sub0317,pre_participant_0290,2020-10-30T16:14:47Z,event-mazerace,rep_first,FALSE,daily,37,Female,CA,High school graduate,Independent,yes,yes,yes,Kamala Harris,NA,pre
Sub0319,pre_participant_0292,2020-10-30T16:14:51Z,event-spr,rep_first,FALSE,daily,33,Male,FL,Some college,Democrat,yes,yes,yes,Joe Biden,NA,pre
Sub0321,pre_participant_0294,2020-10-30T16:15:10Z,event-mazerace,dem_first,FALSE,weekly,33,Female,OR,Professional degree,Independent,no,yes,no,I'd rather not say,NA,pre
Sub0322,pre_participant_0295,2020-10-30T16:15:12Z,mazerace-event,dem_first,FALSE,daily,25,Female,MO,4-year college degree,Democrat,yes,yes,yes,Kamala Harris,NA,pre
Sub0329,pre_participant_0301,2020-10-30T16:16:10Z,cloze-event,dem_first,FALSE,daily,27,Male,IN,4-year college degree,Democrat,yes,yes,yes,Donald Trump,NA,pre
Sub0334,pre_participant_0305,2020-10-30T16:16:47Z,event-cloze,dem_first,FALSE,weekly,30,Male,FL,4-year college degree,Republican,yes,yes,yes,Kamala Harris,NA,pre
Sub0340,pre_participant_0308,2020-10-30T16:17:37Z,event-mazerace,dem_first,FALSE,weekly,30,Male,CO,4-year college degree,Independent,yes,yes,yes,Kamala Harris,NA,pre
Sub0342,pre_participant_0310,2020-10-30T16:17:51Z,event-maze,rep_first,FALSE,daily,55,Male,MI,4-year college degree,Democrat,yes,yes,yes,Kamala Harris,NA,pre
Sub0343,pre_participant_0311,2020-10-30T16:17:51Z,event-spr,rep_first,FALSE,daily,36,Male,CA,Some college,Democrat,yes,yes,yes,Joe Biden,NA,pre
Sub0347,pre_participant_0315,2020-10-30T16:18:21Z,event-spr,dem_first,FALSE,weekly,26,Male,MD,High school graduate,Democrat,yes,yes,yes,Kamala Harris,NA,pre
Sub0349,pre_participant_0316,2020-10-30T16:18:37Z,mazerace-event,rep_first,FALSE,daily,43,Female,AL,4-year college degree,Democrat,yes,yes,yes,Joe Biden,NA,pre
Sub0350,pre_participant_0317,2020-10-30T16:18:40Z,cloze-event,dem_first,FALSE,daily,32,Female,MO,4-year college degree,Republican,yes,yes,yes,Mike Pence,NA,pre
Sub0353,pre_participant_0319,2020-10-30T16:18:53Z,event-maze,dem_first,FALSE,daily,44,Female,MD,4-year college degree,Republican,yes,yes,yes,Joe Biden,NA,pre
Sub0354,pre_participant_0320,2020-10-30T16:18:54Z,event-mazerace,dem_first,FALSE,weekly,33,Female,PA,4-year college degree,Republican,yes,yes,yes,Mike Pence,NA,pre
Sub0356,pre_participant_0322,2020-10-30T16:19:36Z,maze-event,rep_first,FALSE,less than monthly,28,Female,AL,Professional degree,Rather not say,no,yes,no,Joe Biden,NA,pre
Sub0357,pre_participant_0323,2020-10-30T16:19:42Z,event-cloze,rep_first,FALSE,daily,30,Female,TN,Some college,Independent,yes,yes,yes,Joe Biden,NA,pre
Sub0361,pre_participant_0327,2020-10-30T16:19:59Z,cloze-event,rep_first,FALSE,daily,30,Female,CO,4-year college degree,None,yes,yes,yes,I don't care,NA,pre
Sub0362,pre_participant_0328,2020-10-30T16:20:10Z,spr-event,dem_first,FALSE,daily,30,Female,NY,Professional degree,Democrat,yes,yes,yes,Mike Pence,NA,pre
Sub0366,pre_participant_0330,2020-10-30T16:20:36Z,cloze-event,dem_first,FALSE,daily,55,Male,MD,4-year college degree,Democrat,yes,yes,yes,Kamala Harris,NA,pre
Sub0367,pre_participant_0331,2020-10-30T16:20:39Z,cloze-event,dem_first,FALSE,daily,52,Male,SC,4-year college degree,Republican,yes,yes,yes,Donald Trump,NA,pre
Sub0369,pre_participant_0332,2020-10-30T16:20:56Z,event-cloze,rep_first,FALSE,monthly,42,Female,NJ,4-year college degree,Republican,yes,yes,yes,Donald Trump,NA,pre
Sub0377,pre_participant_0336,2020-10-30T16:22:01Z,cloze-event,dem_first,FALSE,daily,59,Female,other,4-year college degree,Democrat,yes,yes,yes,Kamala Harris,NA,pre
Sub0386,pre_participant_0342,2020-10-30T16:22:42Z,maze-event,dem_first,FALSE,monthly,25,Male,SC,Some college,Republican,yes,yes,yes,Mike Pence,NA,pre
Sub0388,pre_participant_0344,2020-10-30T16:22:52Z,cloze-event,dem_first,FALSE,daily,64,Male,TX,4-year college degree,Republican,yes,yes,yes,Joe Biden,NA,pre
Sub0389,pre_participant_0345,2020-10-30T16:23:14Z,spr-event,dem_first,FALSE,weekly,29,Female,IN,Professional degree,Independent,yes,yes,yes,Mike Pence,NA,pre
Sub0391,pre_participant_0347,2020-10-30T16:23:21Z,event-spr,dem_first,FALSE,weekly,33,Male,WA,High school graduate,Independent,yes,yes,yes,Mike Pence,NA,pre
Sub0392,pre_participant_0348,2020-10-30T16:23:32Z,maze-event,dem_first,FALSE,daily,46,Female,TN,2-year college degree,Democrat,yes,yes,yes,Donald Trump,NA,pre
Sub0395,pre_participant_0349,2020-10-30T16:23:54Z,event-spr,dem_first,FALSE,less than monthly,21,Male,other,High school graduate,Republican,no,yes,no,I don't care,NA,pre
Sub0403,pre_participant_0353,2020-10-30T16:25:11Z,spr-event,rep_first,FALSE,daily,54,Female,KY,Some college,Republican,yes,yes,yes,Mike Pence,NA,pre
Sub0405,pre_participant_0355,2020-10-30T16:25:36Z,mazerace-event,rep_first,FALSE,daily,26,Female,VT,4-year college degree,Democrat,yes,yes,yes,Kamala Harris,NA,pre
Sub0406,pre_participant_0356,2020-10-30T16:25:58Z,spr-event,dem_first,FALSE,daily,30,Male,MD,4-year college degree,Democrat,yes,yes,yes,Mike Pence,NA,pre
Sub0408,pre_participant_0358,2020-10-30T16:26:06Z,maze-event,rep_first,FALSE,daily,42,Male,MN,4-year college degree,Republican,yes,yes,yes,Mike Pence,NA,pre
Sub0413,pre_participant_0360,2020-10-30T16:26:32Z,event-maze,dem_first,FALSE,daily,19,Female,IL,Some college,Democrat,yes,yes,yes,Joe Biden,NA,pre
Sub0414,pre_participant_0361,2020-10-30T16:26:33Z,mazerace-event,rep_first,FALSE,daily,26,Male,FL,4-year college degree,Republican,yes,yes,no,Mike Pence,NA,pre
Sub0417,pre_participant_0363,2020-10-30T16:26:49Z,event-maze,rep_first,FALSE,less than monthly,29,Male,IL,4-year college degree,None,yes,yes,yes,I don't care,NA,pre
Sub0420,pre_participant_0365,2020-10-30T16:27:00Z,event-cloze,dem_first,FALSE,daily,63,Male,PA,4-year college degree,Democrat,yes,yes,yes,Kamala Harris,NA,pre
Sub0421,pre_participant_0366,2020-10-30T16:27:06Z,mazerace-event,rep_first,FALSE,daily,25,Male,UT,4-year college degree,Republican,yes,yes,yes,Donald Trump,NA,pre
Sub0428,pre_participant_0369,2020-10-30T16:28:43Z,event-mazerace,rep_first,FALSE,daily,50,Male,NY,4-year college degree,Democrat,yes,yes,yes,Joe Biden,NA,pre
Sub0430,pre_participant_0370,2020-10-30T16:29:03Z,mazerace-event,dem_first,FALSE,daily,49,Female,PA,Less than high school,Democrat,yes,yes,yes,Joe Biden,NA,pre
Sub0432,pre_participant_0371,2020-10-30T16:29:08Z,event-mazerace,dem_first,FALSE,daily,47,Male,IL,4-year college degree,Democrat,yes,yes,yes,Kamala Harris,NA,pre
Sub0435,pre_participant_0373,2020-10-30T16:29:34Z,maze-event,rep_first,FALSE,daily,45,Male,LA,4-year college degree,Democrat,yes,yes,yes,Kamala Harris,NA,pre
Sub0436,pre_participant_0374,2020-10-30T16:29:50Z,cloze-event,rep_first,FALSE,daily,64,Female,TN,4-year college degree,Republican,yes,yes,yes,Donald Trump,NA,pre
Sub0438,pre_participant_0375,2020-10-30T16:30:13Z,cloze-event,rep_first,FALSE,daily,45,Male,MD,2-year college degree,Democrat,yes,yes,yes,Kamala Harris,NA,pre
Sub0441,pre_participant_0377,2020-10-30T16:30:36Z,cloze-event,rep_first,FALSE,daily,23,Male,AL,4-year college degree,Democrat,no,yes,no,Joe Biden,NA,pre
Sub0442,pre_participant_0378,2020-10-30T16:30:46Z,event-spr,dem_first,FALSE,weekly,44,Female,IA,2-year college degree,Democrat,yes,yes,yes,Kamala Harris,NA,pre
Sub0443,pre_participant_0379,2020-10-30T16:30:51Z,event-cloze,dem_first,FALSE,daily,36,Male,TX,Some college,Republican,yes,yes,yes,Donald Trump,NA,pre
Sub0444,pre_participant_0380,2020-10-30T16:30:53Z,event-mazerace,rep_first,FALSE,daily,20,Male,PA,Some college,Independent,yes,yes,yes,Mike Pence,NA,pre
Sub0446,pre_participant_0381,2020-10-30T16:30:55Z,event-spr,rep_first,FALSE,daily,24,Male,VI,High school graduate,Republican,yes,yes,yes,Donald Trump,NA,pre
Sub0448,pre_participant_0383,2020-10-30T16:31:09Z,event-spr,rep_first,FALSE,weekly,35,Male,OH,2-year college degree,Republican,yes,yes,yes,Donald Trump,NA,pre
Sub0449,pre_participant_0384,2020-10-30T16:31:17Z,mazerace-event,dem_first,FALSE,daily,42,Female,IN,Professional degree,Democrat,yes,yes,yes,Joe Biden,NA,pre
Sub0453,pre_participant_0386,2020-10-30T16:31:39Z,event-cloze,rep_first,FALSE,daily,27,Male,TX,High school graduate,Democrat,yes,yes,yes,Kamala Harris,NA,pre
Sub0456,pre_participant_0389,2020-10-30T16:31:47Z,spr-event,rep_first,FALSE,daily,24,Female,FL,4-year college degree,Democrat,yes,yes,yes,Joe Biden,NA,pre
Sub0457,pre_participant_0390,2020-10-30T16:31:48Z,event-spr,rep_first,FALSE,daily,25,Female,NJ,4-year college degree,Democrat,yes,yes,yes,Mike Pence,NA,pre
Sub0460,pre_participant_0392,2020-10-30T16:32:49Z,event-spr,dem_first,FALSE,daily,27,Male,AL,High school graduate,Democrat,yes,yes,yes,Joe Biden,NA,pre
Sub0461,pre_participant_0393,2020-10-30T16:32:52Z,cloze-event,dem_first,FALSE,weekly,50,Male,NV,4-year college degree,Democrat,yes,yes,yes,Kamala Harris,NA,pre
Sub0465,pre_participant_0395,2020-10-30T16:33:29Z,event-mazerace,rep_first,FALSE,daily,40,Female,PA,4-year college degree,Democrat,yes,yes,yes,Joe Biden,NA,pre
Sub0466,pre_participant_0397,2020-10-30T16:34:04Z,maze-event,dem_first,FALSE,daily,30,Female,TX,4-year college degree,Democrat,yes,yes,yes,Joe Biden,NA,pre
Sub0474,pre_participant_0402,2020-10-30T16:35:13Z,event-maze,dem_first,FALSE,daily,29,Male,CA,4-year college degree,Rather not say,yes,yes,yes,Joe Biden,NA,pre
Sub0476,pre_participant_0404,2020-10-30T16:35:29Z,event-mazerace,rep_first,FALSE,daily,38,Female,MI,Some college,Democrat,yes,yes,yes,Joe Biden,NA,pre
Sub0479,pre_participant_0407,2020-10-30T16:36:18Z,maze-event,dem_first,FALSE,daily,33,Male,IL,4-year college degree,Democrat,yes,yes,yes,Kamala Harris,NA,pre
Sub0484,pre_participant_0411,2020-10-30T16:36:43Z,mazerace-event,dem_first,FALSE,daily,57,Male,MN,Some college,Independent,yes,yes,yes,Donald Trump,NA,pre
Sub0487,pre_participant_0413,2020-10-30T16:36:58Z,event-mazerace,rep_first,FALSE,daily,40,Female,AL,4-year college degree,Democrat,yes,yes,yes,Kamala Harris,NA,pre
Sub0489,pre_participant_0415,2020-10-30T16:37:04Z,mazerace-event,rep_first,FALSE,daily,37,Male,TX,2-year college degree,Republican,yes,yes,yes,Donald Trump,NA,pre
Sub0491,pre_participant_0417,2020-10-30T16:37:14Z,mazerace-event,rep_first,FALSE,daily,33,Male,OR,4-year college degree,Democrat,yes,yes,yes,Joe Biden,NA,pre
Sub0492,pre_participant_0418,2020-10-30T16:37:16Z,spr-event,rep_first,FALSE,daily,32,Male,WA,High school graduate,Independent,yes,yes,yes,Kamala Harris,NA,pre
Sub0495,pre_participant_0419,2020-10-30T16:37:28Z,spr-event,rep_first,FALSE,daily,31,Male,FL,4-year college degree,Independent,yes,yes,yes,Mike Pence,NA,pre
Sub0496,pre_participant_0420,2020-10-30T16:37:50Z,cloze-event,dem_first,FALSE,daily,30,Male,SC,Some college,Democrat,yes,yes,yes,Joe Biden,NA,pre
Sub0497,pre_participant_0421,2020-10-30T16:38:02Z,event-cloze,dem_first,FALSE,daily,32,Male,CA,High school graduate,Democrat,yes,yes,yes,Kamala Harris,NA,pre
Sub0505,pre_participant_0425,2020-10-30T16:38:39Z,event-maze,rep_first,FALSE,daily,30,Male,TX,4-year college degree,Democrat,yes,yes,yes,Kamala Harris,NA,pre
Sub0504,pre_participant_0426,2020-10-30T16:38:38Z,event-spr,dem_first,FALSE,monthly,28,Male,AL,4-year college degree,Democrat,yes,yes,yes,Mike Pence,NA,pre
Sub0506,pre_participant_0427,2020-10-30T16:38:44Z,event-cloze,rep_first,FALSE,daily,44,Female,FL,2-year college degree,Independent,yes,yes,yes,Joe Biden,NA,pre
Sub0509,pre_participant_0428,2020-10-30T16:39:36Z,cloze-event,rep_first,FALSE,daily,35,Male,GA,Some college,Democrat,yes,yes,yes,Donald Trump,NA,pre
Sub0512,pre_participant_0429,2020-10-30T16:39:54Z,cloze-event,dem_first,FALSE,monthly,63,Female,NY,4-year college degree,Republican,yes,yes,yes,Donald Trump,NA,pre
Sub0514,pre_participant_0430,2020-10-30T16:39:59Z,spr-event,dem_first,FALSE,daily,36,Female,SC,2-year college degree,Independent,yes,yes,yes,Mike Pence,NA,pre
Sub0516,pre_participant_0431,2020-10-30T16:40:29Z,spr-event,rep_first,FALSE,weekly,37,Male,NJ,4-year college degree,Democrat,yes,yes,yes,Kamala Harris,NA,pre
Sub0517,pre_participant_0432,2020-10-30T16:40:36Z,mazerace-event,dem_first,FALSE,daily,34,Male,CA,Professional degree,Republican,yes,yes,yes,Donald Trump,NA,pre
Sub0519,pre_participant_0433,2020-10-30T16:40:42Z,cloze-event,rep_first,FALSE,daily,25,Male,IL,4-year college degree,Democrat,yes,yes,yes,Kamala Harris,NA,pre
Sub0520,pre_participant_0435,2020-10-30T16:40:46Z,maze-event,rep_first,FALSE,daily,41,Female,other,4-year college degree,Democrat,yes,yes,yes,Joe Biden,NA,pre
Sub0522,pre_participant_0436,2020-10-30T16:40:56Z,maze-event,dem_first,FALSE,daily,52,Male,VA,Some college,Democrat,yes,yes,yes,Joe Biden,NA,pre
Sub0527,pre_participant_0438,2020-10-30T16:41:38Z,mazerace-event,rep_first,FALSE,weekly,26,Male,NY,4-year college degree,Independent,yes,yes,yes,Joe Biden,NA,pre
Sub0530,pre_participant_0440,2020-10-30T16:41:48Z,event-cloze,rep_first,FALSE,weekly,26,Male,VA,Some college,Republican,yes,yes,yes,Kamala Harris,NA,pre
Sub0531,pre_participant_0441,2020-10-30T16:41:48Z,maze-event,dem_first,FALSE,daily,30,Female,NC,4-year college degree,Republican,yes,yes,yes,Donald Trump,NA,pre
Sub0532,pre_participant_0442,2020-10-30T16:42:25Z,event-cloze,dem_first,FALSE,weekly,32,Female,IN,4-year college degree,Republican,yes,yes,yes,Mike Pence,NA,pre
Sub0535,pre_participant_0443,2020-10-30T16:43:20Z,event-spr,rep_first,FALSE,daily,55,Female,FL,4-year college degree,Democrat,yes,yes,yes,Joe Biden,NA,pre
Sub0540,pre_participant_0445,2020-10-30T16:43:37Z,cloze-event,dem_first,FALSE,weekly,35,Male,IL,4-year college degree,Republican,yes,yes,yes,Donald Trump,NA,pre
Sub0546,pre_participant_0449,2020-10-30T16:44:21Z,event-maze,rep_first,FALSE,weekly,25,Male,FL,Professional degree,Republican,yes,yes,yes,Kamala Harris,NA,pre
Sub0553,pre_participant_0453,2020-10-30T16:44:46Z,event-cloze,rep_first,FALSE,weekly,30,Male,TX,4-year college degree,Independent,yes,yes,yes,Joe Biden,NA,pre
Sub0556,pre_participant_0456,2020-10-30T16:45:09Z,spr-event,dem_first,FALSE,daily,30,Male,FL,Professional degree,Democrat,yes,yes,yes,Joe Biden,NA,pre
Sub0561,pre_participant_0458,2020-10-30T16:45:54Z,cloze-event,dem_first,FALSE,weekly,30,Male,IL,4-year college degree,None,yes,yes,yes,I don't care,NA,pre
Sub0562,pre_participant_0459,2020-10-30T16:45:54Z,event-mazerace,rep_first,FALSE,daily,42,Male,OH,2-year college degree,Independent,yes,yes,yes,Kamala Harris,NA,pre
Sub0564,pre_participant_0461,2020-10-30T16:46:06Z,cloze-event,dem_first,FALSE,daily,40,Female,CA,Less than high school,Democrat,yes,yes,yes,Donald Trump,NA,pre
Sub0568,pre_participant_0463,2020-10-30T16:46:22Z,cloze-event,rep_first,FALSE,weekly,30,Male,CA,Professional degree,Republican,yes,yes,yes,Mike Pence,NA,pre
Sub0581,pre_participant_0472,2020-10-30T16:47:20Z,spr-event,rep_first,FALSE,daily,50,Female,MA,4-year college degree,Independent,yes,yes,yes,Joe Biden,NA,pre
Sub0582,pre_participant_0473,2020-10-30T16:47:21Z,cloze-event,rep_first,FALSE,weekly,33,Female,WA,Some college,Democrat,yes,yes,yes,Joe Biden,NA,pre
Sub0585,pre_participant_0475,2020-10-30T16:47:25Z,spr-event,rep_first,FALSE,daily,31,Female,CT,4-year college degree,Republican,yes,yes,yes,Mike Pence,NA,pre
Sub0586,pre_participant_0476,2020-10-30T16:47:29Z,event-maze,rep_first,FALSE,daily,38,Male,MI,Professional degree,Democrat,yes,yes,yes,Joe Biden,NA,pre
Sub0588,pre_participant_0477,2020-10-30T16:47:31Z,cloze-event,rep_first,FALSE,daily,44,Male,CA,4-year college degree,Republican,yes,yes,yes,Donald Trump,NA,pre
Sub0590,pre_participant_0479,2020-10-30T16:47:52Z,maze-event,rep_first,FALSE,weekly,30,Female,CA,4-year college degree,Republican,yes,yes,yes,Mike Pence,NA,pre
Sub0594,pre_participant_0481,2020-10-30T16:48:08Z,cloze-event,dem_first,FALSE,weekly,34,Male,TX,Professional degree,Democrat,yes,yes,yes,Mike Pence,NA,pre
Sub0595,pre_participant_0482,2020-10-30T16:48:14Z,event-maze,dem_first,FALSE,daily,23,Female,other,4-year college degree,Democrat,no,yes,no,Joe Biden,NA,pre
Sub0600,pre_participant_0485,2020-10-30T16:48:29Z,maze-event,dem_first,FALSE,monthly,30,Male,FL,Professional degree,Democrat,yes,yes,yes,Donald Trump,NA,pre
Sub0603,pre_participant_0487,2020-10-30T16:48:53Z,spr-event,rep_first,FALSE,daily,46,Male,UT,4-year college degree,Democrat,yes,yes,yes,Kamala Harris,NA,pre
Sub0604,pre_participant_0488,2020-10-30T16:49:09Z,cloze-event,dem_first,FALSE,daily,65,Female,other,4-year college degree,Independent,yes,yes,yes,Kamala Harris,NA,pre
Sub0606,pre_participant_0490,2020-10-30T16:49:14Z,mazerace-event,dem_first,FALSE,daily,18,Male,CA,High school graduate,Democrat,yes,yes,yes,Joe Biden,NA,pre
Sub0608,pre_participant_0492,2020-10-30T16:49:23Z,event-cloze,dem_first,FALSE,weekly,35,Female,TX,4-year college degree,Republican,yes,yes,yes,Donald Trump,NA,pre
Sub0614,pre_participant_0495,2020-10-30T16:50:03Z,maze-event,rep_first,FALSE,daily,27,Male,AZ,4-year college degree,Democrat,yes,yes,yes,Joe Biden,NA,pre
Sub0615,pre_participant_0496,2020-10-30T16:50:04Z,event-maze,dem_first,FALSE,daily,25,Male,CA,4-year college degree,Democrat,yes,yes,yes,Kamala Harris,NA,pre
Sub0620,pre_participant_0499,2020-10-30T16:50:41Z,maze-event,dem_first,FALSE,daily,46,Male,OR,4-year college degree,Independent,yes,yes,yes,Kamala Harris,NA,pre
Sub0622,pre_participant_0501,2020-10-30T16:50:45Z,mazerace-event,dem_first,FALSE,daily,55,Female,MD,Some college,Democrat,yes,yes,yes,Kamala Harris,NA,pre
Sub0624,pre_participant_0502,2020-10-30T16:51:01Z,event-cloze,rep_first,FALSE,daily,55,Male,CA,2-year college degree,Independent,yes,yes,yes,Kamala Harris,NA,pre
Sub0628,pre_participant_0505,2020-10-30T16:51:32Z,event-maze,rep_first,FALSE,daily,23,Female,PA,4-year college degree,Democrat,yes,yes,yes,Joe Biden,NA,pre
Sub0629,pre_participant_0506,2020-10-30T16:51:39Z,maze-event,rep_first,FALSE,monthly,30,Male,AZ,4-year college degree,Republican,yes,yes,yes,Mike Pence,NA,pre
Sub0631,pre_participant_0508,2020-10-30T16:51:58Z,spr-event,dem_first,FALSE,daily,36,Male,PA,4-year college degree,Democrat,yes,yes,yes,Kamala Harris,NA,pre
Sub0632,pre_participant_0509,2020-10-30T16:51:58Z,mazerace-event,dem_first,FALSE,daily,34,Male,PA,4-year college degree,Democrat,yes,yes,yes,Joe Biden,NA,pre
Sub0635,pre_participant_0511,2020-10-30T16:52:38Z,mazerace-event,dem_first,FALSE,weekly,31,Male,CA,4-year college degree,Republican,yes,yes,yes,Mike Pence,NA,pre
Sub0636,pre_participant_0512,2020-10-30T16:52:40Z,event-maze,rep_first,FALSE,daily,35,Male,TX,Some college,Democrat,yes,yes,yes,Joe Biden,NA,pre
Sub0641,pre_participant_0516,2020-10-30T16:53:02Z,spr-event,dem_first,FALSE,daily,25,Male,CA,4-year college degree,Republican,yes,yes,yes,Donald Trump,NA,pre
Sub0643,pre_participant_0517,2020-10-30T16:53:16Z,event-cloze,dem_first,FALSE,daily,28,Male,PA,High school graduate,Independent,yes,yes,yes,Mike Pence,NA,pre
Sub0647,pre_participant_0520,2020-10-30T16:53:40Z,spr-event,dem_first,FALSE,daily,22,Male,CA,2-year college degree,Independent,yes,yes,yes,Mike Pence,NA,pre
Sub0648,pre_participant_0521,2020-10-30T16:53:42Z,maze-event,rep_first,FALSE,daily,41,Female,CA,2-year college degree,Republican,yes,yes,yes,Mike Pence,NA,pre
Sub0656,pre_participant_0527,2020-10-30T16:54:41Z,maze-event,rep_first,FALSE,daily,29,Female,other,4-year college degree,Democrat,no,yes,no,Kamala Harris,NA,pre
Sub0657,pre_participant_0528,2020-10-30T16:54:47Z,spr-event,dem_first,FALSE,daily,25,Female,NY,4-year college degree,Democrat,yes,yes,yes,Joe Biden,NA,pre
Sub0662,pre_participant_0529,2020-10-30T16:55:49Z,event-spr,dem_first,FALSE,daily,50,Male,FL,4-year college degree,Independent,yes,yes,yes,Joe Biden,NA,pre
Sub0663,pre_participant_0530,2020-10-30T16:56:09Z,spr-event,rep_first,FALSE,daily,43,Female,NC,High school graduate,Democrat,yes,yes,yes,Kamala Harris,NA,pre
Sub0668,pre_participant_0533,2020-10-30T16:56:37Z,event-maze,dem_first,FALSE,daily,26,Female,CT,Some college,Democrat,yes,yes,yes,Joe Biden,NA,pre
Sub0672,pre_participant_0537,2020-10-30T16:57:05Z,spr-event,rep_first,FALSE,weekly,29,Female,NY,4-year college degree,Republican,yes,yes,yes,Mike Pence,NA,pre
Sub0675,pre_participant_0539,2020-10-30T16:57:11Z,event-mazerace,rep_first,FALSE,daily,23,Male,AZ,4-year college degree,Democrat,yes,yes,no,Kamala Harris,NA,pre
Sub0678,pre_participant_0542,2020-10-30T16:57:38Z,maze-event,dem_first,FALSE,daily,42,Female,FL,Professional degree,Democrat,yes,yes,yes,Joe Biden,NA,pre
Sub0680,pre_participant_0543,2020-10-30T16:57:42Z,maze-event,rep_first,FALSE,monthly,30,Male,FL,Professional degree,Democrat,yes,yes,yes,Donald Trump,NA,pre
Sub0681,pre_participant_0544,2020-10-30T16:57:54Z,maze-event,rep_first,FALSE,weekly,30,Male,VA,4-year college degree,Democrat,yes,yes,yes,Joe Biden,NA,pre
Sub0683,pre_participant_0545,2020-10-30T16:58:18Z,cloze-event,rep_first,FALSE,daily,25,Male,IL,2-year college degree,Democrat,yes,yes,yes,I don't care,NA,pre
Sub0684,pre_participant_0546,2020-10-30T16:58:18Z,event-spr,dem_first,FALSE,daily,29,Male,other,2-year college degree,Republican,yes,yes,yes,Mike Pence,NA,pre
Sub0688,pre_participant_0548,2020-10-30T16:59:12Z,event-cloze,rep_first,FALSE,monthly,35,Male,TN,2-year college degree,Republican,no,yes,no,I'd rather not say,NA,pre
Sub0689,pre_participant_0549,2020-10-30T16:59:14Z,maze-event,rep_first,FALSE,daily,42,Male,CO,Professional degree,Republican,yes,yes,yes,Joe Biden,NA,pre
Sub0692,pre_participant_0552,2020-10-30T16:59:29Z,event-spr,rep_first,FALSE,monthly,30,Male,TX,4-year college degree,Republican,yes,yes,yes,Joe Biden,NA,pre
Sub0694,pre_participant_0553,2020-10-30T16:59:42Z,event-cloze,rep_first,FALSE,weekly,27,Male,CT,Some college,Democrat,yes,yes,yes,Mike Pence,NA,pre
Sub0695,pre_participant_0554,2020-10-30T16:59:47Z,spr-event,rep_first,FALSE,daily,36,Male,CO,4-year college degree,Independent,yes,yes,yes,Joe Biden,NA,pre
Sub0698,pre_participant_0557,2020-10-30T16:59:57Z,cloze-event,dem_first,FALSE,daily,48,Female,TX,Professional degree,Republican,yes,yes,yes,Joe Biden,NA,pre
Sub0700,pre_participant_0559,2020-10-30T17:00:05Z,spr-event,rep_first,FALSE,daily,27,Male,FL,Professional degree,Democrat,yes,yes,yes,Kamala Harris,NA,pre
Sub0702,pre_participant_0560,2020-10-30T17:00:25Z,cloze-event,rep_first,FALSE,monthly,31,Male,TX,4-year college degree,Democrat,yes,yes,yes,Joe Biden,NA,pre
Sub0704,pre_participant_0561,2020-10-30T17:00:33Z,event-cloze,dem_first,FALSE,daily,32,Female,AR,High school graduate,Rather not say,yes,yes,yes,I don't care,NA,pre
Sub0709,pre_participant_0564,2020-10-30T17:01:25Z,event-cloze,rep_first,FALSE,weekly,NA,Female,other,4-year college degree,Republican,yes,yes,yes,Mike Pence,NA,pre
Sub0714,pre_participant_0568,2020-10-30T17:01:49Z,event-cloze,rep_first,FALSE,monthly,36,Female,CA,4-year college degree,Republican,yes,yes,yes,Kamala Harris,NA,pre
Sub0715,pre_participant_0570,2020-10-30T17:01:49Z,maze-event,dem_first,FALSE,weekly,57,Male,MI,High school graduate,Independent,yes,yes,yes,Kamala Harris,NA,pre
Sub0719,pre_participant_0572,2020-10-30T17:02:19Z,cloze-event,dem_first,FALSE,daily,19,Female,TX,Some college,Democrat,yes,yes,yes,Joe Biden,NA,pre
Sub0723,pre_participant_0575,2020-10-30T17:02:36Z,spr-event,dem_first,FALSE,daily,24,Male,CA,Some college,Democrat,yes,yes,no,Kamala Harris,NA,pre
Sub0725,pre_participant_0577,2020-10-30T17:02:38Z,mazerace-event,dem_first,FALSE,daily,37,Female,CA,4-year college degree,Democrat,yes,yes,yes,Kamala Harris,NA,pre
Sub0730,pre_participant_0578,2020-10-30T17:02:54Z,maze-event,dem_first,FALSE,daily,26,Male,TX,2-year college degree,Republican,yes,yes,yes,Donald Trump,NA,pre
Sub0731,pre_participant_0579,2020-10-30T17:02:56Z,event-mazerace,dem_first,FALSE,daily,48,Male,MO,Some college,Democrat,yes,yes,yes,Joe Biden,NA,pre
Sub0733,pre_participant_0580,2020-10-30T17:03:18Z,cloze-event,rep_first,FALSE,weekly,35,Female,other,4-year college degree,Independent,yes,yes,yes,Kamala Harris,NA,pre
Sub0738,pre_participant_0583,2020-10-30T17:03:38Z,event-maze,rep_first,FALSE,daily,51,Female,MS,High school graduate,Democrat,yes,yes,yes,Kamala Harris,NA,pre
Sub0740,pre_participant_0585,2020-10-30T17:03:45Z,cloze-event,rep_first,FALSE,daily,44,Male,OH,4-year college degree,Democrat,yes,yes,yes,Mike Pence,NA,pre
Sub0743,pre_participant_0587,2020-10-30T17:03:57Z,mazerace-event,dem_first,FALSE,daily,47,Male,PA,High school graduate,Democrat,yes,yes,yes,Joe Biden,NA,pre
Sub0745,pre_participant_0589,2020-10-30T17:04:00Z,mazerace-event,rep_first,FALSE,daily,26,Male,FL,High school graduate,Independent,yes,yes,yes,Donald Trump,NA,pre
Sub0746,pre_participant_0590,2020-10-30T17:04:30Z,cloze-event,dem_first,FALSE,daily,46,Female,KY,Professional degree,Republican,yes,yes,yes,Mike Pence,NA,pre
Sub0747,pre_participant_0591,2020-10-30T17:04:35Z,cloze-event,rep_first,FALSE,daily,33,Female,IN,4-year college degree,Republican,yes,yes,yes,Donald Trump,NA,pre
Sub0749,pre_participant_0593,2020-10-30T17:04:39Z,cloze-event,rep_first,FALSE,daily,46,Female,OH,4-year college degree,Republican,yes,yes,yes,Donald Trump,NA,pre
Sub0755,pre_participant_0597,2020-10-30T17:05:11Z,cloze-event,dem_first,FALSE,daily,89,Female,FL,4-year college degree,Republican,yes,yes,yes,Mike Pence,NA,pre
Sub0756,pre_participant_0598,2020-10-30T17:05:14Z,spr-event,rep_first,FALSE,daily,33,Male,FL,Some college,Independent,yes,yes,yes,Donald Trump,NA,pre
Sub0757,pre_participant_0599,2020-10-30T17:05:17Z,maze-event,rep_first,FALSE,weekly,35,Male,other,Some college,Republican,yes,yes,yes,Donald Trump,NA,pre
Sub0758,pre_participant_0600,2020-10-30T17:05:17Z,mazerace-event,dem_first,FALSE,daily,57,Male,AZ,4-year college degree,Republican,yes,yes,yes,Mike Pence,NA,pre
Sub0760,pre_participant_0602,2020-10-30T17:05:21Z,event-spr,rep_first,FALSE,daily,24,Male,AZ,2-year college degree,Democrat,yes,yes,yes,Joe Biden,NA,pre
Sub0764,pre_participant_0605,2020-10-30T17:05:35Z,spr-event,rep_first,FALSE,daily,41,Female,FL,4-year college degree,Independent,yes,yes,yes,Mike Pence,NA,pre
Sub0766,pre_participant_0606,2020-10-30T17:05:54Z,event-mazerace,dem_first,FALSE,daily,37,Male,NJ,Some college,Republican,yes,yes,yes,Mike Pence,NA,pre
Sub0771,pre_participant_0609,2020-10-30T17:06:57Z,maze-event,rep_first,FALSE,monthly,31,Female,MA,4-year college degree,Democrat,yes,yes,yes,Kamala Harris,NA,pre
Sub0775,pre_participant_0610,2020-10-30T17:07:03Z,maze-event,rep_first,FALSE,daily,31,Male,SC,4-year college degree,Independent,yes,yes,yes,Mike Pence,NA,pre
Sub0776,pre_participant_0611,2020-10-30T17:07:07Z,spr-event,rep_first,FALSE,daily,36,Male,SC,2-year college degree,Republican,yes,yes,yes,Donald Trump,NA,pre
Sub0779,pre_participant_0613,2020-10-30T17:07:21Z,cloze-event,rep_first,FALSE,daily,33,Female,CA,Some college,Democrat,yes,yes,yes,Joe Biden,NA,pre
Sub0783,pre_participant_0614,2020-10-30T17:07:57Z,mazerace-event,dem_first,FALSE,monthly,41,Male,MO,4-year college degree,Republican,yes,yes,yes,Donald Trump,NA,pre
Sub0785,pre_participant_0616,2020-10-30T17:08:02Z,spr-event,rep_first,FALSE,daily,32,Female,TX,Some college,Republican,yes,yes,yes,Donald Trump,NA,pre
Sub0787,pre_participant_0617,2020-10-30T17:08:08Z,event-maze,rep_first,FALSE,weekly,42,Male,OH,High school graduate,Independent,yes,yes,yes,Joe Biden,NA,pre
Sub0789,pre_participant_0618,2020-10-30T17:08:11Z,event-maze,dem_first,FALSE,daily,38,Male,VA,Professional degree,Democrat,yes,yes,yes,Joe Biden,NA,pre
Sub0791,pre_participant_0620,2020-10-30T17:08:34Z,maze-event,dem_first,FALSE,daily,30,Male,PA,Professional degree,Republican,yes,yes,yes,Donald Trump,NA,pre
Sub0792,pre_participant_0621,2020-10-30T17:08:35Z,mazerace-event,dem_first,FALSE,daily,45,Female,other,4-year college degree,Democrat,no,yes,no,Joe Biden,NA,pre
Sub0793,pre_participant_0622,2020-10-30T17:08:36Z,spr-event,rep_first,FALSE,daily,64,Female,AR,Some college,Independent,no,yes,yes,Mike Pence,NA,pre
Sub0795,pre_participant_0623,2020-10-30T17:08:41Z,event-cloze,dem_first,FALSE,daily,33,Male,PA,Some college,Independent,yes,yes,yes,Donald Trump,NA,pre
Sub0798,pre_participant_0625,2020-10-30T17:09:07Z,event-maze,dem_first,FALSE,daily,37,Female,GA,2-year college degree,Democrat,yes,yes,yes,Joe Biden,NA,pre
Sub0802,pre_participant_0627,2020-10-30T17:09:16Z,cloze-event,rep_first,FALSE,daily,35,Male,CA,High school graduate,Republican,yes,yes,no,Mike Pence,NA,pre
Sub0803,pre_participant_0629,2020-10-30T17:09:18Z,spr-event,dem_first,FALSE,weekly,43,Male,NY,Professional degree,Democrat,no,yes,yes,Kamala Harris,NA,pre
Sub0807,pre_participant_0631,2020-10-30T17:09:29Z,event-maze,rep_first,FALSE,daily,36,Male,CA,4-year college degree,Independent,yes,yes,yes,I don't care,NA,pre
Sub0808,pre_participant_0632,2020-10-30T17:09:37Z,spr-event,rep_first,FALSE,daily,45,Female,PA,Some college,Democrat,yes,yes,yes,Joe Biden,NA,pre
Sub0809,pre_participant_0633,2020-10-30T17:09:38Z,event-maze,rep_first,FALSE,daily,47,Female,other,4-year college degree,Democrat,no,yes,no,Joe Biden,NA,pre
Sub0811,pre_participant_0635,2020-10-30T17:09:50Z,spr-event,dem_first,FALSE,daily,45,Female,NY,4-year college degree,Democrat,yes,yes,yes,Kamala Harris,NA,pre
Sub0814,pre_participant_0637,2020-10-30T17:09:59Z,spr-event,dem_first,FALSE,daily,61,Non-binary,NV,Some college,Independent,yes,yes,yes,Kamala Harris,NA,pre
Sub0820,pre_participant_0641,2020-10-30T17:11:00Z,mazerace-event,dem_first,FALSE,daily,35,Male,FL,Professional degree,Republican,yes,yes,yes,Joe Biden,NA,pre
Sub0821,pre_participant_0642,2020-10-30T17:11:06Z,maze-event,dem_first,FALSE,daily,50,Female,other,4-year college degree,Republican,yes,yes,yes,Donald Trump,NA,pre
Sub0824,pre_participant_0644,2020-10-30T17:11:16Z,mazerace-event,rep_first,FALSE,weekly,30,Male,CA,4-year college degree,Republican,yes,yes,yes,Joe Biden,NA,pre
Sub0828,pre_participant_0647,2020-10-30T17:11:54Z,maze-event,dem_first,FALSE,daily,37,Male,TX,4-year college degree,Independent,yes,yes,yes,Kamala Harris,NA,pre
Sub0832,pre_participant_0648,2020-10-30T17:12:18Z,cloze-event,dem_first,FALSE,weekly,30,Male,KY,4-year college degree,Republican,yes,yes,yes,I don't care,NA,pre
Sub0833,pre_participant_0649,2020-10-30T17:12:21Z,event-maze,dem_first,FALSE,daily,37,Male,IN,4-year college degree,Democrat,yes,yes,yes,Kamala Harris,NA,pre
Sub0834,pre_participant_0650,2020-10-30T17:12:22Z,spr-event,dem_first,FALSE,weekly,29,Male,TX,4-year college degree,Republican,yes,yes,yes,Donald Trump,NA,pre
Sub0835,pre_participant_0651,2020-10-30T17:12:24Z,event-cloze,dem_first,FALSE,daily,36,Female,CA,4-year college degree,Democrat,yes,yes,yes,Joe Biden,NA,pre
Sub0839,pre_participant_0655,2020-10-30T17:12:38Z,mazerace-event,dem_first,FALSE,daily,36,Male,TX,4-year college degree,Republican,yes,yes,no,Donald Trump,NA,pre
Sub0843,pre_participant_0659,2020-10-30T17:13:03Z,event-mazerace,rep_first,FALSE,daily,41,Female,FL,High school graduate,Republican,yes,yes,yes,Kamala Harris,NA,pre
Sub0845,pre_participant_0660,2020-10-30T17:13:12Z,event-mazerace,dem_first,FALSE,daily,51,Male,NY,Some college,Democrat,yes,yes,yes,Kamala Harris,NA,pre
Sub0846,pre_participant_0661,2020-10-30T17:13:19Z,event-cloze,rep_first,FALSE,daily,53,Female,TX,4-year college degree,Democrat,yes,yes,yes,Mike Pence,NA,pre
Sub0847,pre_participant_0662,2020-10-30T17:13:21Z,event-cloze,rep_first,FALSE,daily,41,Male,OH,2-year college degree,Democrat,yes,yes,yes,Joe Biden,NA,pre
Sub0848,pre_participant_0663,2020-10-30T17:13:28Z,spr-event,rep_first,FALSE,daily,41,Female,MA,Professional degree,Independent,yes,yes,yes,Joe Biden,NA,pre
Sub0850,pre_participant_0664,2020-10-30T17:13:47Z,cloze-event,rep_first,FALSE,daily,38,Female,TX,4-year college degree,Democrat,yes,yes,yes,Donald Trump,NA,pre
Sub0851,pre_participant_0665,2020-10-30T17:13:54Z,event-cloze,rep_first,FALSE,weekly,43,Male,CA,4-year college degree,Republican,yes,yes,yes,Mike Pence,NA,pre
Sub0854,pre_participant_0666,2020-10-30T17:13:57Z,maze-event,rep_first,FALSE,weekly,NA,Male,CA,2-year college degree,None,yes,yes,yes,I'd rather not say,NA,pre
Sub0856,pre_participant_0668,2020-10-30T17:14:00Z,maze-event,rep_first,FALSE,daily,39,Male,MO,Professional degree,Independent,yes,yes,yes,Joe Biden,NA,pre
Sub0857,pre_participant_0669,2020-10-30T17:14:01Z,event-spr,rep_first,FALSE,daily,25,Male,GA,High school graduate,Democrat,yes,yes,yes,Kamala Harris,NA,pre
Sub0858,pre_participant_0670,2020-10-30T17:14:01Z,maze-event,rep_first,FALSE,daily,37,Male,AL,Professional degree,Independent,yes,yes,yes,Mike Pence,NA,pre
Sub0859,pre_participant_0671,2020-10-30T17:14:01Z,spr-event,dem_first,FALSE,weekly,49,Male,IN,4-year college degree,Independent,yes,yes,yes,Joe Biden,NA,pre
Sub0862,pre_participant_0673,2020-10-30T17:14:18Z,event-mazerace,rep_first,FALSE,daily,24,Female,NY,Professional degree,Democrat,yes,yes,yes,Joe Biden,NA,pre
Sub0864,pre_participant_0674,2020-10-30T17:14:37Z,event-spr,dem_first,FALSE,daily,38,Male,ID,Professional degree,Independent,yes,yes,yes,Mike Pence,NA,pre
Sub0867,pre_participant_0677,2020-10-30T17:14:53Z,mazerace-event,rep_first,FALSE,daily,32,Female,IN,4-year college degree,Republican,no,yes,no,I don't care,NA,pre
Sub0869,pre_participant_0678,2020-10-30T17:15:01Z,spr-event,dem_first,FALSE,daily,19,Male,FL,High school graduate,Republican,yes,yes,no,Donald Trump,NA,pre
Sub0872,pre_participant_0679,2020-10-30T17:15:13Z,event-spr,rep_first,FALSE,daily,43,Female,other,4-year college degree,Republican,no,yes,no,Joe Biden,NA,pre
Sub0876,pre_participant_0682,2020-10-30T17:15:42Z,maze-event,dem_first,FALSE,weekly,25,Female,IN,Some college,Democrat,yes,yes,yes,Joe Biden,NA,pre
Sub0877,pre_participant_0683,2020-10-30T17:15:50Z,spr-event,dem_first,FALSE,daily,57,Female,NM,Professional degree,Independent,yes,yes,yes,Mike Pence,NA,pre
Sub0878,pre_participant_0684,2020-10-30T17:15:51Z,spr-event,rep_first,FALSE,daily,36,Male,FL,4-year college degree,Independent,yes,yes,no,Mike Pence,NA,pre
Sub0880,pre_participant_0686,2020-10-30T17:16:10Z,event-spr,dem_first,FALSE,daily,42,Female,PA,Professional degree,Democrat,yes,yes,yes,Joe Biden,NA,pre
Sub0882,pre_participant_0688,2020-10-30T17:16:22Z,maze-event,dem_first,FALSE,daily,24,Female,NY,Professional degree,Democrat,yes,yes,yes,Kamala Harris,NA,pre
Sub0883,pre_participant_0689,2020-10-30T17:16:27Z,cloze-event,rep_first,FALSE,daily,56,Female,DE,High school graduate,Republican,yes,yes,yes,Mike Pence,NA,pre
Sub0885,pre_participant_0690,2020-10-30T17:16:32Z,event-cloze,rep_first,FALSE,daily,58,Female,OH,Professional degree,Republican,yes,yes,yes,Donald Trump,NA,pre
Sub0886,pre_participant_0691,2020-10-30T17:16:43Z,spr-event,dem_first,FALSE,daily,65,Male,CA,4-year college degree,Republican,yes,yes,yes,Mike Pence,NA,pre
Sub0887,pre_participant_0692,2020-10-30T17:16:49Z,maze-event,dem_first,FALSE,weekly,32,Rather not say,other,Some college,Rather not say,no,yes,no,I don't care,NA,pre
Sub0888,pre_participant_0693,2020-10-30T17:16:51Z,maze-event,rep_first,FALSE,daily,25,Male,TX,2-year college degree,Independent,no,yes,yes,Kamala Harris,NA,pre
Sub0892,pre_participant_0694,2020-10-30T17:17:37Z,cloze-event,dem_first,FALSE,daily,33,Female,NY,Some college,Democrat,yes,yes,yes,I don't care,NA,pre
Sub0898,pre_participant_0698,2020-10-30T17:18:09Z,event-cloze,dem_first,FALSE,daily,63,Female,NC,2-year college degree,Independent,yes,yes,yes,Kamala Harris,NA,pre
Sub0899,pre_participant_0699,2020-10-30T17:18:27Z,event-cloze,dem_first,FALSE,daily,30,Female,TX,4-year college degree,Republican,yes,yes,yes,Mike Pence,NA,pre
Sub0902,pre_participant_0700,2020-10-30T17:18:45Z,cloze-event,rep_first,FALSE,daily,25,Female,NJ,High school graduate,Democrat,yes,yes,yes,Kamala Harris,NA,pre
Sub0906,pre_participant_0702,2020-10-30T17:19:07Z,event-cloze,dem_first,FALSE,weekly,38,Female,MD,2-year college degree,Democrat,yes,yes,yes,Joe Biden,NA,pre
Sub0908,pre_participant_0703,2020-10-30T17:19:15Z,cloze-event,dem_first,FALSE,daily,37,Female,MS,Some college,Independent,yes,yes,yes,Joe Biden,NA,pre
Sub0909,pre_participant_0704,2020-10-30T17:19:25Z,event-cloze,rep_first,FALSE,daily,38,Female,other,Some college,Democrat,yes,yes,yes,Joe Biden,NA,pre
Sub0910,pre_participant_0705,2020-10-30T17:19:32Z,spr-event,dem_first,FALSE,weekly,33,Female,PA,4-year college degree,Republican,yes,yes,yes,Donald Trump,NA,pre
Sub0913,pre_participant_0708,2020-10-30T17:19:49Z,cloze-event,dem_first,FALSE,weekly,23,Female,CA,4-year college degree,None,yes,yes,yes,Kamala Harris,NA,pre
Sub0914,pre_participant_0709,2020-10-30T17:19:50Z,mazerace-event,rep_first,FALSE,daily,48,Male,TX,Professional degree,Independent,yes,yes,yes,I don't care,NA,pre
Sub0915,pre_participant_0710,2020-10-30T17:19:51Z,mazerace-event,rep_first,FALSE,daily,53,Female,MA,Professional degree,Democrat,yes,yes,yes,Kamala Harris,NA,pre
Sub0920,pre_participant_0712,2020-10-30T17:20:11Z,cloze-event,dem_first,FALSE,daily,46,Male,CA,High school graduate,None,no,yes,no,I don't care,NA,pre
Sub0921,pre_participant_0713,2020-10-30T17:20:15Z,event-mazerace,rep_first,FALSE,daily,34,Male,NE,Some college,Independent,yes,yes,yes,Kamala Harris,NA,pre
Sub0923,pre_participant_0714,2020-10-30T17:20:27Z,spr-event,dem_first,FALSE,daily,29,Female,MI,2-year college degree,Democrat,yes,yes,yes,Joe Biden,NA,pre
Sub0924,pre_participant_0715,2020-10-30T17:20:32Z,event-spr,rep_first,FALSE,daily,29,Male,OH,Some college,Democrat,yes,yes,yes,Joe Biden,NA,pre
Sub0926,pre_participant_0717,2020-10-30T17:20:42Z,mazerace-event,rep_first,FALSE,daily,30,Female,WI,Some college,Republican,yes,yes,yes,I don't care,NA,pre
Sub0927,pre_participant_0718,2020-10-30T17:21:01Z,event-cloze,dem_first,FALSE,weekly,45,Male,PA,Some college,Democrat,yes,yes,yes,Joe Biden,NA,pre
Sub0930,pre_participant_0720,2020-10-30T17:21:11Z,maze-event,dem_first,FALSE,weekly,54,Male,NY,4-year college degree,Democrat,yes,yes,yes,Donald Trump,NA,pre
Sub0931,pre_participant_0721,2020-10-30T17:21:20Z,event-maze,dem_first,FALSE,daily,32,Male,TX,Professional degree,Democrat,yes,yes,yes,Kamala Harris,NA,pre
Sub0937,pre_participant_0724,2020-10-30T17:22:11Z,spr-event,dem_first,FALSE,weekly,30,Male,AL,Professional degree,Democrat,yes,yes,yes,Joe Biden,NA,pre
Sub0938,pre_participant_0725,2020-10-30T17:22:23Z,maze-event,rep_first,FALSE,daily,25,Male,TX,4-year college degree,Democrat,yes,yes,yes,Donald Trump,NA,pre
Sub0939,pre_participant_0726,2020-10-30T17:22:30Z,mazerace-event,rep_first,FALSE,daily,18,Female,FL,High school graduate,Democrat,yes,yes,yes,Kamala Harris,NA,pre
Sub0942,pre_participant_0727,2020-10-30T17:22:40Z,spr-event,dem_first,FALSE,daily,25,Male,PA,4-year college degree,Democrat,yes,yes,yes,Kamala Harris,NA,pre
Sub0945,pre_participant_0729,2020-10-30T17:22:52Z,spr-event,rep_first,FALSE,weekly,36,Female,FL,Professional degree,Independent,yes,yes,yes,Mike Pence,NA,pre
Sub0947,pre_participant_0730,2020-10-30T17:23:05Z,event-cloze,dem_first,FALSE,weekly,35,Male,VA,4-year college degree,Republican,yes,yes,yes,Mike Pence,NA,pre
Sub0951,pre_participant_0732,2020-10-30T17:23:19Z,spr-event,dem_first,FALSE,daily,66,Female,FL,4-year college degree,Democrat,yes,yes,yes,Kamala Harris,NA,pre
Sub0953,pre_participant_0734,2020-10-30T17:23:37Z,spr-event,rep_first,FALSE,daily,49,Female,PA,4-year college degree,Democrat,yes,yes,yes,Joe Biden,NA,pre
Sub0954,pre_participant_0735,2020-10-30T17:23:40Z,spr-event,rep_first,FALSE,daily,27,Female,NY,4-year college degree,Rather not say,yes,yes,yes,I don't care,NA,pre
Sub0955,pre_participant_0736,2020-10-30T17:23:41Z,spr-event,rep_first,FALSE,daily,30,Male,CO,Some college,Independent,yes,yes,yes,Joe Biden,NA,pre
Sub0957,pre_participant_0738,2020-10-30T17:23:51Z,maze-event,dem_first,FALSE,daily,30,Male,MI,Some college,Democrat,yes,yes,yes,Joe Biden,NA,pre
Sub0965,pre_participant_0742,2020-10-30T17:24:33Z,event-cloze,rep_first,FALSE,daily,38,Male,IN,High school graduate,Republican,yes,yes,yes,Donald Trump,NA,pre
Sub0971,pre_participant_0745,2020-10-30T17:25:20Z,cloze-event,dem_first,FALSE,weekly,34,Male,NY,4-year college degree,Republican,yes,yes,yes,Donald Trump,NA,pre
Sub0972,pre_participant_0746,2020-10-30T17:25:34Z,cloze-event,rep_first,FALSE,daily,39,Male,AR,2-year college degree,Republican,yes,yes,yes,Mike Pence,NA,pre
Sub0973,pre_participant_0747,2020-10-30T17:25:35Z,cloze-event,dem_first,FALSE,daily,36,Male,CO,4-year college degree,Democrat,yes,yes,yes,Kamala Harris,NA,pre
Sub0978,pre_participant_0751,2020-10-30T17:26:03Z,cloze-event,dem_first,FALSE,weekly,26,Male,other,4-year college degree,Democrat,no,yes,no,Joe Biden,NA,pre
Sub0980,pre_participant_0753,2020-10-30T17:26:16Z,spr-event,rep_first,FALSE,daily,55,Female,SC,4-year college degree,Democrat,yes,yes,yes,Kamala Harris,NA,pre
Sub0981,pre_participant_0754,2020-10-30T17:26:24Z,event-cloze,dem_first,FALSE,daily,49,Male,CA,4-year college degree,Republican,yes,yes,yes,Joe Biden,NA,pre
Sub0982,pre_participant_0755,2020-10-30T17:26:39Z,mazerace-event,dem_first,FALSE,daily,45,Female,CA,4-year college degree,Democrat,yes,yes,yes,Donald Trump,NA,pre
Sub0983,pre_participant_0756,2020-10-30T17:26:42Z,mazerace-event,rep_first,FALSE,daily,64,Male,CA,4-year college degree,Republican,yes,yes,yes,Donald Trump,NA,pre
Sub0986,pre_participant_0758,2020-10-30T17:27:16Z,spr-event,rep_first,FALSE,daily,62,Female,other,High school graduate,Republican,yes,yes,yes,Joe Biden,NA,pre
Sub0992,pre_participant_0762,2020-10-30T17:27:54Z,event-cloze,dem_first,FALSE,daily,54,Female,FL,4-year college degree,Rather not say,yes,yes,yes,Joe Biden,NA,pre
Sub0993,pre_participant_0763,2020-10-30T17:27:55Z,spr-event,rep_first,FALSE,daily,25,Female,CT,4-year college degree,Democrat,yes,yes,yes,Kamala Harris,NA,pre
Sub0994,pre_participant_0764,2020-10-30T17:28:00Z,mazerace-event,dem_first,FALSE,daily,30,Male,WA,4-year college degree,Democrat,yes,yes,yes,Kamala Harris,NA,pre
Sub0995,pre_participant_0765,2020-10-30T17:28:01Z,spr-event,rep_first,FALSE,daily,56,Female,KY,4-year college degree,Democrat,yes,yes,yes,Joe Biden,NA,pre
Sub0996,pre_participant_0766,2020-10-30T17:28:04Z,cloze-event,dem_first,FALSE,daily,53,Male,SC,4-year college degree,Republican,yes,yes,yes,Kamala Harris,NA,pre
Sub1000,pre_participant_0768,2020-10-30T17:28:24Z,cloze-event,rep_first,FALSE,daily,65,Male,TX,4-year college degree,Democrat,yes,yes,yes,Joe Biden,NA,pre
Sub1001,pre_participant_0769,2020-10-30T17:28:34Z,event-cloze,dem_first,FALSE,daily,34,Male,DC,4-year college degree,Democrat,yes,yes,yes,Kamala Harris,NA,pre
Sub1002,pre_participant_0770,2020-10-30T17:28:45Z,maze-event,rep_first,FALSE,less than monthly,36,Male,NJ,4-year college degree,Democrat,yes,yes,yes,Kamala Harris,NA,pre
Sub1003,pre_participant_0771,2020-10-30T17:28:45Z,spr-event,dem_first,FALSE,daily,59,Male,CA,Doctorate,Democrat,yes,yes,yes,Joe Biden,NA,pre
Sub1005,pre_participant_0773,2020-10-30T17:28:48Z,mazerace-event,rep_first,FALSE,weekly,40,Male,LA,4-year college degree,Republican,yes,yes,yes,Kamala Harris,NA,pre
Sub1007,pre_participant_0774,2020-10-30T17:28:55Z,spr-event,dem_first,FALSE,daily,27,Male,FL,4-year college degree,Independent,yes,yes,yes,Joe Biden,NA,pre
Sub1010,pre_participant_0776,2020-10-30T17:29:14Z,maze-event,rep_first,FALSE,monthly,48,Female,other,Professional degree,Republican,yes,yes,yes,Donald Trump,NA,pre
Sub1011,pre_participant_0777,2020-10-30T17:29:19Z,mazerace-event,rep_first,FALSE,daily,22,Male,MD,2-year college degree,Independent,yes,yes,yes,Joe Biden,NA,pre
Sub1012,pre_participant_0778,2020-10-30T17:29:32Z,event-maze,dem_first,FALSE,weekly,21,Female,DE,High school graduate,Democrat,no,yes,yes,Kamala Harris,NA,pre
Sub1013,pre_participant_0779,2020-10-30T17:29:40Z,event-cloze,rep_first,FALSE,daily,68,Male,FL,Professional degree,Democrat,yes,yes,yes,Joe Biden,NA,pre
Sub1015,pre_participant_0780,2020-10-30T17:30:23Z,event-spr,rep_first,FALSE,daily,31,Male,NJ,Some college,None,yes,yes,yes,Kamala Harris,NA,pre
Sub1017,pre_participant_0781,2020-10-30T17:30:51Z,cloze-event,rep_first,FALSE,monthly,32,Male,AL,Professional degree,Republican,yes,yes,yes,Mike Pence,NA,pre
Sub1020,pre_participant_0783,2020-10-30T17:30:58Z,spr-event,dem_first,FALSE,daily,58,Female,NY,Professional degree,Democrat,yes,yes,yes,Kamala Harris,NA,pre
Sub1022,pre_participant_0785,2020-10-30T17:31:13Z,cloze-event,dem_first,FALSE,weekly,24,Male,TX,Some college,Republican,yes,yes,yes,Donald Trump,NA,pre
Sub1024,pre_participant_0786,2020-10-30T17:31:44Z,event-mazerace,dem_first,FALSE,daily,23,Female,NY,4-year college degree,Democrat,yes,yes,yes,Joe Biden,NA,pre
Sub1032,pre_participant_0790,2020-10-30T17:32:35Z,mazerace-event,rep_first,FALSE,daily,62,Female,TX,Professional degree,Independent,yes,yes,yes,Joe Biden,NA,pre
Sub1042,pre_participant_0795,2020-10-30T17:33:17Z,event-maze,rep_first,FALSE,daily,32,Female,TX,Some college,Independent,yes,yes,yes,Mike Pence,NA,pre
Sub1043,pre_participant_0796,2020-10-30T17:33:21Z,spr-event,rep_first,FALSE,weekly,30,Male,GA,4-year college degree,Independent,yes,yes,yes,I don't care,NA,pre
Sub1045,pre_participant_0798,2020-10-30T17:33:37Z,cloze-event,rep_first,FALSE,weekly,27,Male,NJ,High school graduate,Republican,yes,yes,yes,Mike Pence,NA,pre
Sub1047,pre_participant_0800,2020-10-30T17:33:55Z,mazerace-event,dem_first,FALSE,daily,24,Male,NY,4-year college degree,Democrat,yes,yes,yes,Kamala Harris,NA,pre
Sub1050,pre_participant_0802,2020-10-30T17:34:04Z,cloze-event,rep_first,FALSE,daily,66,Male,GA,Professional degree,Republican,yes,yes,yes,Donald Trump,NA,pre
Sub1051,pre_participant_0803,2020-10-30T17:34:06Z,spr-event,rep_first,FALSE,weekly,30,Male,CA,4-year college degree,Democrat,yes,yes,yes,Joe Biden,NA,pre
Sub1052,pre_participant_0804,2020-10-30T17:34:10Z,mazerace-event,dem_first,FALSE,daily,33,Female,MI,4-year college degree,Republican,yes,yes,yes,Joe Biden,NA,pre
Sub1054,pre_participant_0806,2020-10-30T17:34:14Z,event-mazerace,dem_first,FALSE,daily,24,Female,NY,Professional degree,Democrat,yes,yes,yes,Joe Biden,NA,pre
Sub1057,pre_participant_0808,2020-10-30T17:34:44Z,spr-event,dem_first,FALSE,daily,29,Female,TX,4-year college degree,Republican,yes,yes,yes,Mike Pence,NA,pre
Sub1061,pre_participant_0811,2020-10-30T17:35:01Z,cloze-event,dem_first,FALSE,daily,36,Male,IN,Professional degree,Democrat,yes,yes,yes,Joe Biden,NA,pre
Sub1065,pre_participant_0815,2020-10-30T17:35:19Z,event-cloze,dem_first,FALSE,daily,25,Male,FL,4-year college degree,Democrat,yes,yes,yes,Kamala Harris,NA,pre
Sub1067,pre_participant_0817,2020-10-30T17:35:37Z,mazerace-event,dem_first,FALSE,daily,46,Female,CA,4-year college degree,Republican,yes,yes,yes,Mike Pence,NA,pre
Sub1070,pre_participant_0819,2020-10-30T17:36:03Z,maze-event,rep_first,FALSE,daily,30,Male,WA,4-year college degree,Republican,yes,yes,yes,Mike Pence,NA,pre
Sub1076,pre_participant_0821,2020-10-30T17:37:11Z,event-spr,dem_first,FALSE,daily,28,Male,KY,4-year college degree,Republican,yes,yes,no,Mike Pence,NA,pre
Sub1081,pre_participant_0823,2020-10-30T17:37:45Z,spr-event,dem_first,FALSE,weekly,29,Male,OK,4-year college degree,Independent,yes,yes,no,Kamala Harris,NA,pre
Sub1104,pre_participant_0833,2020-10-30T17:40:15Z,cloze-event,rep_first,FALSE,monthly,35,Male,TX,Professional degree,Democrat,yes,yes,yes,Mike Pence,NA,pre
Sub1105,pre_participant_0834,2020-10-30T17:40:24Z,event-cloze,dem_first,FALSE,daily,47,Male,WA,4-year college degree,Republican,yes,yes,yes,Kamala Harris,NA,pre
Sub1106,pre_participant_0835,2020-10-30T17:40:33Z,spr-event,dem_first,FALSE,daily,62,Male,TN,High school graduate,Independent,yes,yes,yes,I'd rather not say,NA,pre
Sub1108,pre_participant_0836,2020-10-30T17:40:55Z,event-mazerace,dem_first,FALSE,daily,37,Male,WA,Some college,Independent,yes,yes,yes,Mike Pence,NA,pre
Sub1110,pre_participant_0837,2020-10-30T17:41:06Z,spr-event,dem_first,FALSE,weekly,31,Male,FL,4-year college degree,Republican,yes,yes,yes,Donald Trump,NA,pre
Sub1111,pre_participant_0838,2020-10-30T17:41:09Z,cloze-event,rep_first,FALSE,daily,32,Female,MI,4-year college degree,Independent,yes,yes,yes,Kamala Harris,NA,pre
Sub1115,pre_participant_0839,2020-10-30T17:41:42Z,event-cloze,dem_first,FALSE,daily,51,Male,other,Some college,Other,yes,yes,yes,I don't care,NA,pre
Sub1120,pre_participant_0841,2020-10-30T17:41:57Z,spr-event,dem_first,FALSE,daily,43,Male,MA,4-year college degree,Rather not say,yes,yes,yes,I'd rather not say,NA,pre
Sub1123,pre_participant_0842,2020-10-30T17:42:18Z,spr-event,rep_first,FALSE,daily,50,Female,KY,Some college,Republican,yes,yes,yes,Donald Trump,NA,pre
Sub1126,pre_participant_0845,2020-10-30T17:42:40Z,spr-event,rep_first,FALSE,daily,63,Female,NC,4-year college degree,Independent,yes,yes,yes,Kamala Harris,NA,pre
Sub1131,pre_participant_0847,2020-10-30T17:42:51Z,mazerace-event,dem_first,FALSE,daily,34,Female,other,Professional degree,Democrat,no,yes,no,Kamala Harris,NA,pre
Sub1134,pre_participant_0850,2020-10-30T17:43:13Z,cloze-event,rep_first,FALSE,weekly,40,Male,AR,4-year college degree,Democrat,yes,yes,yes,Kamala Harris,NA,pre
Sub1135,pre_participant_0851,2020-10-30T17:43:19Z,event-mazerace,dem_first,FALSE,daily,31,Female,FL,4-year college degree,Democrat,yes,yes,yes,Kamala Harris,NA,pre
Sub1140,pre_participant_0853,2020-10-30T17:43:44Z,cloze-event,dem_first,FALSE,daily,65,Female,NC,2-year college degree,Independent,yes,yes,yes,Joe Biden,NA,pre
Sub1141,pre_participant_0854,2020-10-30T17:43:44Z,event-cloze,rep_first,FALSE,daily,24,Female,NY,Professional degree,Democrat,yes,yes,yes,Joe Biden,NA,pre
Sub1149,pre_participant_0858,2020-10-30T17:45:10Z,mazerace-event,dem_first,FALSE,daily,40,Male,MA,Professional degree,Republican,yes,yes,yes,Mike Pence,NA,pre
Sub1151,pre_participant_0859,2020-10-30T17:45:16Z,maze-event,rep_first,FALSE,daily,38,Male,CA,Professional degree,None,yes,yes,no,Kamala Harris,NA,pre
Sub1152,pre_participant_0860,2020-10-30T17:45:17Z,maze-event,dem_first,FALSE,daily,27,Male,TX,4-year college degree,Independent,yes,yes,yes,Joe Biden,NA,pre
Sub1153,pre_participant_0861,2020-10-30T17:45:19Z,mazerace-event,dem_first,FALSE,weekly,36,Male,IL,4-year college degree,Other,yes,yes,yes,Donald Trump,NA,pre
Sub1154,pre_participant_0862,2020-10-30T17:45:32Z,mazerace-event,rep_first,FALSE,daily,28,Male,NJ,Some college,Independent,yes,yes,yes,Donald Trump,NA,pre
Sub1155,pre_participant_0863,2020-10-30T17:45:33Z,maze-event,rep_first,FALSE,weekly,37,Female,CA,Professional degree,Independent,yes,yes,yes,Kamala Harris,NA,pre
Sub1167,pre_participant_0866,2020-10-30T17:46:39Z,maze-event,dem_first,FALSE,daily,26,Female,CA,Professional degree,None,yes,yes,yes,Kamala Harris,NA,pre
Sub1168,pre_participant_0867,2020-10-30T17:46:41Z,event-spr,rep_first,FALSE,daily,27,Female,FL,Less than high school,Independent,yes,yes,no,Joe Biden,NA,pre
Sub1169,pre_participant_0868,2020-10-30T17:46:48Z,maze-event,dem_first,FALSE,daily,30,Female,FL,Some college,Republican,yes,yes,yes,Mike Pence,NA,pre
Sub1171,pre_participant_0869,2020-10-30T17:46:55Z,spr-event,dem_first,FALSE,daily,52,Male,PA,4-year college degree,Republican,yes,yes,yes,Donald Trump,NA,pre
Sub1173,pre_participant_0870,2020-10-30T17:46:58Z,event-mazerace,dem_first,FALSE,daily,42,Male,TN,2-year college degree,Independent,yes,yes,yes,Donald Trump,NA,pre
Sub1177,pre_participant_0871,2020-10-30T17:47:26Z,mazerace-event,dem_first,FALSE,daily,60,Female,OH,4-year college degree,Republican,yes,yes,yes,Kamala Harris,NA,pre
Sub1184,pre_participant_0875,2020-10-30T17:48:12Z,spr-event,dem_first,FALSE,daily,44,Female,TX,Professional degree,Republican,yes,yes,yes,Donald Trump,NA,pre
Sub1185,pre_participant_0876,2020-10-30T17:48:13Z,cloze-event,rep_first,FALSE,daily,24,Non-binary,NY,4-year college degree,Other,yes,yes,yes,Joe Biden,NA,pre
Sub1186,pre_participant_0877,2020-10-30T17:48:14Z,cloze-event,dem_first,FALSE,daily,27,Male,RI,Some college,Independent,yes,yes,yes,Joe Biden,NA,pre
Sub1188,pre_participant_0878,2020-10-30T17:48:19Z,spr-event,rep_first,FALSE,daily,46,Male,CA,4-year college degree,Democrat,yes,yes,yes,Kamala Harris,NA,pre
Sub1194,pre_participant_0882,2020-10-30T17:48:55Z,maze-event,rep_first,FALSE,daily,38,Female,PR,4-year college degree,Republican,yes,yes,yes,Joe Biden,NA,pre
Sub1199,pre_participant_0884,2020-10-30T17:49:06Z,mazerace-event,rep_first,FALSE,daily,37,Male,NY,Doctorate,Democrat,yes,yes,yes,Joe Biden,NA,pre
Sub1202,pre_participant_0886,2020-10-30T17:49:20Z,mazerace-event,dem_first,FALSE,daily,22,Non-binary,CT,High school graduate,Democrat,yes,yes,yes,Joe Biden,NA,pre
Sub1204,pre_participant_0887,2020-10-30T17:49:27Z,event-spr,rep_first,FALSE,weekly,30,Male,NY,4-year college degree,Republican,yes,yes,yes,Donald Trump,NA,pre
Sub1207,pre_participant_0888,2020-10-30T17:49:41Z,spr-event,dem_first,FALSE,daily,35,Male,IL,4-year college degree,Republican,yes,yes,yes,Donald Trump,NA,pre
Sub1209,pre_participant_0889,2020-10-30T17:49:48Z,mazerace-event,dem_first,FALSE,daily,37,Male,MO,Doctorate,Democrat,no,yes,no,Kamala Harris,NA,pre
Sub1210,pre_participant_0890,2020-10-30T17:49:54Z,cloze-event,dem_first,FALSE,daily,35,Male,CT,4-year college degree,Democrat,yes,yes,yes,Joe Biden,NA,pre
Sub1214,pre_participant_0891,2020-10-30T17:50:35Z,cloze-event,rep_first,FALSE,daily,39,Female,TX,Professional degree,Democrat,yes,yes,yes,I'd rather not say,NA,pre
Sub1215,pre_participant_0892,2020-10-30T17:50:37Z,event-cloze,dem_first,FALSE,daily,21,Male,CO,Less than high school,Democrat,yes,yes,yes,Kamala Harris,NA,pre
Sub1218,pre_participant_0893,2020-10-30T17:50:51Z,cloze-event,dem_first,FALSE,daily,47,Female,VA,2-year college degree,Democrat,yes,yes,yes,Joe Biden,NA,pre
Sub1220,pre_participant_0894,2020-10-30T17:51:03Z,event-mazerace,dem_first,FALSE,daily,50,Male,AZ,4-year college degree,Republican,yes,yes,yes,Donald Trump,NA,pre
Sub1221,pre_participant_0895,2020-10-30T17:51:12Z,spr-event,dem_first,FALSE,daily,36,Female,PA,Professional degree,Democrat,yes,yes,yes,Kamala Harris,NA,pre
Sub1223,pre_participant_0896,2020-10-30T17:52:05Z,cloze-event,dem_first,FALSE,weekly,18,Female,other,2-year college degree,Democrat,no,yes,no,Joe Biden,NA,pre
Sub1226,pre_participant_0898,2020-10-30T17:52:16Z,spr-event,dem_first,FALSE,weekly,22,Male,MI,Some college,Republican,yes,yes,yes,Donald Trump,NA,pre
Sub1232,pre_participant_0901,2020-10-30T17:52:56Z,maze-event,rep_first,FALSE,daily,53,Male,CA,2-year college degree,Democrat,yes,yes,yes,Kamala Harris,NA,pre
Sub1234,pre_participant_0902,2020-10-30T17:53:08Z,event-cloze,rep_first,FALSE,daily,27,Female,NY,2-year college degree,Republican,yes,yes,yes,Mike Pence,NA,pre
Sub1239,pre_participant_0905,2020-10-30T17:53:45Z,event-cloze,dem_first,FALSE,daily,31,Male,MA,Professional degree,Independent,yes,yes,yes,Kamala Harris,NA,pre
Sub1241,pre_participant_0907,2020-10-30T17:53:51Z,event-spr,dem_first,FALSE,daily,21,Male,other,High school graduate,Independent,no,yes,no,Kamala Harris,NA,pre
Sub1242,pre_participant_0908,2020-10-30T17:54:01Z,event-mazerace,rep_first,FALSE,weekly,29,Female,IN,Some college,Democrat,yes,yes,yes,Kamala Harris,NA,pre
Sub1243,pre_participant_0909,2020-10-30T17:54:03Z,maze-event,rep_first,FALSE,daily,32,Male,MN,4-year college degree,Democrat,yes,yes,yes,Joe Biden,NA,pre
Sub1246,pre_participant_0910,2020-10-30T17:54:46Z,mazerace-event,dem_first,FALSE,daily,36,Female,NJ,4-year college degree,Republican,yes,yes,yes,Mike Pence,NA,pre
Sub1247,pre_participant_0911,2020-10-30T17:54:46Z,maze-event,rep_first,FALSE,weekly,25,Female,FL,High school graduate,Democrat,yes,yes,yes,Joe Biden,NA,pre
Sub1253,pre_participant_0913,2020-10-30T17:55:11Z,event-cloze,rep_first,FALSE,daily,30,Female,NJ,Professional degree,Democrat,yes,yes,yes,Joe Biden,NA,pre
Sub1254,pre_participant_0914,2020-10-30T17:55:22Z,event-mazerace,dem_first,FALSE,daily,23,Female,PA,4-year college degree,Democrat,yes,yes,yes,Kamala Harris,NA,pre
Sub1255,pre_participant_0915,2020-10-30T17:55:25Z,event-mazerace,dem_first,FALSE,daily,68,Male,CA,2-year college degree,Republican,yes,yes,yes,Mike Pence,NA,pre
Sub1258,pre_participant_0918,2020-10-30T17:55:35Z,spr-event,dem_first,FALSE,daily,43,Female,TN,Some college,Independent,yes,yes,yes,Kamala Harris,NA,pre
Sub1259,pre_participant_0919,2020-10-30T17:55:38Z,event-cloze,dem_first,FALSE,daily,31,Male,other,Professional degree,Democrat,no,yes,no,Kamala Harris,NA,pre
Sub1262,pre_participant_0920,2020-10-30T17:55:46Z,mazerace-event,dem_first,FALSE,weekly,25,Male,AK,Professional degree,None,yes,yes,no,Kamala Harris,NA,pre
Sub1265,pre_participant_0923,2020-10-30T17:56:03Z,mazerace-event,rep_first,FALSE,weekly,28,Male,other,Professional degree,None,no,yes,no,Joe Biden,NA,pre
Sub1267,pre_participant_0924,2020-10-30T17:56:30Z,event-spr,dem_first,FALSE,daily,29,Non-binary,WA,2-year college degree,Democrat,yes,yes,yes,Joe Biden,NA,pre
Sub1269,pre_participant_0925,2020-10-30T17:56:50Z,event-maze,rep_first,FALSE,daily,40,Female,OH,Some college,Republican,yes,yes,yes,Mike Pence,NA,pre
Sub1270,pre_participant_0926,2020-10-30T17:56:54Z,event-maze,rep_first,FALSE,daily,30,Female,FL,Professional degree,Democrat,yes,yes,yes,Joe Biden,NA,pre
Sub1273,pre_participant_0928,2020-10-30T17:57:00Z,event-mazerace,rep_first,FALSE,daily,35,Male,WY,Professional degree,Republican,yes,yes,no,I don't care,NA,pre
Sub1276,pre_participant_0930,2020-10-30T17:57:05Z,spr-event,rep_first,FALSE,daily,36,Female,OR,4-year college degree,Democrat,yes,yes,yes,Kamala Harris,NA,pre
Sub1279,pre_participant_0933,2020-10-30T17:57:24Z,maze-event,rep_first,FALSE,daily,34,Male,FL,Professional degree,Democrat,yes,yes,yes,Joe Biden,NA,pre
Sub1283,pre_participant_0934,2020-10-30T17:57:54Z,spr-event,dem_first,FALSE,daily,31,Male,MN,4-year college degree,Independent,yes,yes,yes,Donald Trump,NA,pre
Sub1289,pre_participant_0937,2020-10-30T17:58:31Z,cloze-event,dem_first,FALSE,daily,31,Male,AZ,4-year college degree,Democrat,yes,yes,yes,Joe Biden,NA,pre
Sub1290,pre_participant_0938,2020-10-30T17:58:41Z,maze-event,rep_first,FALSE,daily,49,Female,NC,4-year college degree,Republican,yes,yes,yes,Donald Trump,NA,pre
Sub1295,pre_participant_0940,2020-10-30T17:59:26Z,cloze-event,dem_first,FALSE,weekly,25,Female,IN,Some college,Independent,yes,yes,yes,Donald Trump,NA,pre
Sub1299,pre_participant_0941,2020-10-30T17:59:32Z,spr-event,dem_first,FALSE,daily,28,Female,DC,2-year college degree,Democrat,yes,yes,yes,Kamala Harris,NA,pre
Sub1300,pre_participant_0942,2020-10-30T17:59:42Z,maze-event,dem_first,FALSE,weekly,28,Male,MI,Professional degree,Independent,yes,yes,yes,Donald Trump,NA,pre
Sub1302,pre_participant_0943,2020-10-30T17:59:46Z,event-cloze,rep_first,FALSE,daily,62,Male,FL,4-year college degree,Independent,yes,yes,yes,Donald Trump,NA,pre
Sub1306,pre_participant_0945,2020-10-30T18:00:02Z,maze-event,rep_first,FALSE,daily,24,Female,NY,Professional degree,Democrat,yes,yes,yes,Joe Biden,NA,pre
Sub1307,pre_participant_0946,2020-10-30T18:00:20Z,maze-event,dem_first,FALSE,daily,42,Female,AZ,High school graduate,Republican,yes,yes,yes,Mike Pence,NA,pre
Sub1308,pre_participant_0947,2020-10-30T18:00:22Z,event-mazerace,rep_first,FALSE,daily,34,Female,MN,4-year college degree,Democrat,yes,yes,yes,Kamala Harris,NA,pre
Sub1309,pre_participant_0948,2020-10-30T18:00:29Z,mazerace-event,rep_first,FALSE,daily,32,Male,CO,Some college,Democrat,yes,yes,yes,Kamala Harris,NA,pre
Sub1312,pre_participant_0950,2020-10-30T18:00:57Z,spr-event,rep_first,FALSE,daily,67,Female,TN,4-year college degree,Democrat,yes,yes,yes,Kamala Harris,NA,pre
Sub1315,pre_participant_0952,2020-10-30T18:01:32Z,spr-event,rep_first,FALSE,daily,43,Male,TN,4-year college degree,Republican,yes,yes,yes,Mike Pence,NA,pre
Sub1316,pre_participant_0953,2020-10-30T18:01:35Z,event-maze,rep_first,FALSE,weekly,20,Female,TN,High school graduate,Republican,yes,yes,yes,Donald Trump,NA,pre
Sub1317,pre_participant_0954,2020-10-30T18:01:38Z,cloze-event,rep_first,FALSE,daily,36,Male,IN,4-year college degree,Democrat,yes,yes,yes,Mike Pence,NA,pre
Sub1318,pre_participant_0955,2020-10-30T18:02:03Z,spr-event,dem_first,FALSE,weekly,42,Female,NC,High school graduate,Independent,yes,yes,yes,Mike Pence,NA,pre
Sub1321,pre_participant_0958,2020-10-30T18:02:31Z,maze-event,rep_first,FALSE,daily,36,Male,NJ,2-year college degree,Republican,yes,yes,yes,Mike Pence,NA,pre
Sub1322,pre_participant_0959,2020-10-30T18:02:44Z,event-cloze,rep_first,FALSE,weekly,34,Male,CO,2-year college degree,Democrat,yes,yes,yes,Joe Biden,NA,pre
Sub1324,pre_participant_0961,2020-10-30T18:02:55Z,mazerace-event,dem_first,FALSE,weekly,28,Male,TX,4-year college degree,Republican,yes,yes,yes,Donald Trump,NA,pre
Sub1326,pre_participant_0962,2020-10-30T18:03:07Z,event-spr,rep_first,FALSE,daily,51,Female,AZ,Some college,Republican,yes,yes,yes,Donald Trump,NA,pre
Sub1327,pre_participant_0963,2020-10-30T18:03:25Z,event-spr,rep_first,FALSE,weekly,32,Female,MA,4-year college degree,Democrat,yes,yes,yes,Joe Biden,NA,pre
Sub1331,pre_participant_0966,2020-10-30T18:03:58Z,spr-event,rep_first,FALSE,daily,60,Female,MO,4-year college degree,Democrat,yes,yes,yes,Joe Biden,NA,pre
Sub1332,pre_participant_0967,2020-10-30T18:04:01Z,event-maze,dem_first,FALSE,daily,32,Female,GA,Some college,Independent,yes,yes,yes,I don't care,NA,pre
Sub1334,pre_participant_0968,2020-10-30T18:04:08Z,event-mazerace,rep_first,FALSE,daily,45,Female,other,4-year college degree,Republican,yes,yes,yes,Donald Trump,NA,pre
Sub1335,pre_participant_0969,2020-10-30T18:04:10Z,event-spr,rep_first,FALSE,daily,63,Female,CA,2-year college degree,Democrat,yes,yes,yes,Joe Biden,NA,pre
Sub1333,pre_participant_0970,2020-10-30T18:04:02Z,mazerace-event,rep_first,FALSE,weekly,33,Male,TN,4-year college degree,Democrat,yes,yes,yes,Kamala Harris,NA,pre
Sub1336,pre_participant_0971,2020-10-30T18:05:19Z,cloze-event,rep_first,FALSE,daily,25,Female,other,High school graduate,Democrat,yes,yes,yes,Donald Trump,NA,pre
Sub1338,pre_participant_0972,2020-10-30T18:06:12Z,spr-event,rep_first,FALSE,daily,41,Male,OR,4-year college degree,Republican,yes,yes,yes,Donald Trump,NA,pre
Sub1339,pre_participant_0973,2020-10-30T18:06:25Z,spr-event,dem_first,FALSE,daily,53,Female,NC,Professional degree,Democrat,yes,yes,yes,Joe Biden,NA,pre
Sub1345,pre_participant_0976,2020-10-30T18:07:10Z,mazerace-event,rep_first,FALSE,daily,49,Female,CA,4-year college degree,Democrat,yes,yes,yes,Joe Biden,NA,pre
Sub1348,pre_participant_0979,2020-10-30T18:08:00Z,cloze-event,dem_first,FALSE,monthly,53,Female,SC,4-year college degree,Republican,yes,yes,yes,Mike Pence,NA,pre
Sub1354,pre_participant_0982,2020-10-30T18:08:34Z,cloze-event,rep_first,FALSE,never,27,Female,NC,2-year college degree,Other,yes,yes,yes,Kamala Harris,NA,pre
Sub1355,pre_participant_0983,2020-10-30T18:08:39Z,spr-event,dem_first,FALSE,daily,45,Female,NJ,Some college,Democrat,yes,yes,yes,Joe Biden,NA,pre
Sub1356,pre_participant_0984,2020-10-30T18:09:19Z,cloze-event,dem_first,FALSE,daily,29,Female,TX,4-year college degree,Democrat,yes,yes,yes,Joe Biden,NA,pre
Sub1359,pre_participant_0986,2020-10-30T18:10:29Z,event-cloze,rep_first,FALSE,weekly,29,Male,other,4-year college degree,Republican,no,yes,yes,Joe Biden,NA,pre
Sub1360,pre_participant_0987,2020-10-30T18:11:05Z,event-cloze,dem_first,FALSE,daily,20,Male,other,High school graduate,Democrat,no,yes,no,Joe Biden,NA,pre
Sub1361,pre_participant_0988,2020-10-30T18:11:21Z,spr-event,rep_first,FALSE,daily,40,Male,CO,Professional degree,Independent,yes,yes,yes,Joe Biden,NA,pre
Sub1363,pre_participant_0990,2020-10-30T18:12:08Z,spr-event,dem_first,FALSE,daily,31,Female,AZ,4-year college degree,Republican,yes,yes,yes,Donald Trump,NA,pre
Sub1366,pre_participant_0991,2020-10-30T18:12:38Z,spr-event,dem_first,FALSE,daily,34,Female,NY,Professional degree,Republican,yes,yes,yes,Mike Pence,NA,pre
Sub1367,pre_participant_0992,2020-10-30T18:12:52Z,event-mazerace,rep_first,FALSE,daily,37,Male,PA,Doctorate,Democrat,yes,yes,yes,Kamala Harris,NA,pre
Sub1368,pre_participant_0993,2020-10-30T18:13:02Z,event-cloze,dem_first,FALSE,weekly,52,Male,CA,4-year college degree,Republican,yes,yes,yes,Mike Pence,NA,pre
Sub1369,pre_participant_0994,2020-10-30T18:13:06Z,spr-event,dem_first,FALSE,daily,31,Female,MI,Some college,Democrat,yes,yes,yes,Kamala Harris,NA,pre
Sub1370,pre_participant_0995,2020-10-30T18:13:14Z,spr-event,rep_first,FALSE,daily,33,Female,NY,4-year college degree,Democrat,no,yes,no,Donald Trump,NA,pre
Sub1371,pre_participant_0996,2020-10-30T18:13:20Z,mazerace-event,dem_first,FALSE,daily,68,Female,NC,4-year college degree,Republican,yes,yes,yes,Donald Trump,NA,pre
Sub1373,pre_participant_0997,2020-10-30T18:13:30Z,mazerace-event,rep_first,FALSE,daily,32,Male,AZ,4-year college degree,Independent,yes,yes,yes,Joe Biden,NA,pre
Sub1375,pre_participant_0999,2020-10-30T18:13:39Z,spr-event,dem_first,FALSE,daily,26,Female,AL,4-year college degree,Democrat,yes,yes,no,Joe Biden,NA,pre
Sub1382,pre_participant_1003,2020-10-30T18:15:10Z,maze-event,rep_first,FALSE,daily,54,Female,MT,High school graduate,Republican,yes,yes,yes,Donald Trump,NA,pre
Sub1383,pre_participant_1004,2020-10-30T18:15:11Z,maze-event,dem_first,FALSE,weekly,23,Male,other,4-year college degree,Other,no,yes,no,Mike Pence,NA,pre
Sub1384,pre_participant_1005,2020-10-30T18:15:24Z,event-mazerace,dem_first,FALSE,daily,50,Female,GA,4-year college degree,Republican,yes,yes,yes,Donald Trump,NA,pre
Sub1386,pre_participant_1006,2020-10-30T18:15:54Z,mazerace-event,dem_first,FALSE,daily,52,Male,CA,Some college,Democrat,yes,yes,yes,Joe Biden,NA,pre
Sub1389,pre_participant_1007,2020-10-30T18:16:47Z,maze-event,rep_first,FALSE,daily,49,Male,CA,4-year college degree,Democrat,yes,yes,yes,Kamala Harris,NA,pre
Sub1390,pre_participant_1008,2020-10-30T18:17:02Z,cloze-event,dem_first,FALSE,daily,32,Male,WA,High school graduate,Democrat,yes,yes,yes,Kamala Harris,NA,pre
Sub1391,pre_participant_1009,2020-10-30T18:17:02Z,mazerace-event,rep_first,FALSE,daily,22,Male,CO,Some college,Republican,yes,yes,yes,Mike Pence,NA,pre
Sub1392,pre_participant_1010,2020-10-30T18:17:04Z,spr-event,rep_first,FALSE,daily,31,Male,OH,Doctorate,Republican,yes,yes,yes,Mike Pence,NA,pre
Sub1395,pre_participant_1011,2020-10-30T18:19:16Z,event-mazerace,dem_first,FALSE,daily,28,Male,WA,4-year college degree,Republican,yes,yes,yes,Mike Pence,NA,pre
Sub1396,pre_participant_1012,2020-10-30T18:19:20Z,spr-event,rep_first,FALSE,daily,37,Female,other,Professional degree,None,no,yes,no,Joe Biden,NA,pre
Sub1398,pre_participant_1013,2020-10-30T18:20:17Z,spr-event,rep_first,FALSE,daily,28,Female,CA,4-year college degree,Republican,yes,yes,yes,Mike Pence,NA,pre
Sub1399,pre_participant_1014,2020-10-30T18:20:33Z,maze-event,rep_first,FALSE,daily,31,Male,MI,Some college,Democrat,yes,yes,yes,Joe Biden,NA,pre
Sub1403,pre_participant_1015,2020-10-30T18:21:54Z,event-spr,dem_first,FALSE,daily,44,Male,CA,4-year college degree,Republican,yes,yes,yes,Mike Pence,NA,pre
Sub1404,pre_participant_1016,2020-10-30T18:21:57Z,event-cloze,dem_first,FALSE,daily,45,Female,CA,4-year college degree,Democrat,yes,yes,yes,Joe Biden,NA,pre
Sub1405,pre_participant_1017,2020-10-30T18:22:23Z,event-cloze,dem_first,FALSE,daily,68,Female,FL,High school graduate,Democrat,yes,yes,yes,Kamala Harris,NA,pre
Sub1411,pre_participant_1019,2020-10-30T18:24:02Z,spr-event,dem_first,FALSE,daily,31,Female,CA,Professional degree,Independent,yes,yes,yes,I don't care,NA,pre
Sub1412,pre_participant_1020,2020-10-30T18:24:13Z,cloze-event,rep_first,FALSE,weekly,27,Female,PA,4-year college degree,Republican,yes,yes,yes,Mike Pence,NA,pre
Sub1414,pre_participant_1021,2020-10-30T18:24:31Z,mazerace-event,rep_first,FALSE,daily,29,Female,NY,Professional degree,Democrat,yes,yes,yes,Kamala Harris,NA,pre
Sub1419,pre_participant_1023,2020-10-30T18:26:41Z,event-cloze,dem_first,FALSE,monthly,26,Female,CA,4-year college degree,Independent,yes,yes,yes,Donald Trump,NA,pre
Sub1422,pre_participant_1026,2020-10-30T18:26:59Z,maze-event,rep_first,FALSE,daily,25,Male,CA,4-year college degree,Republican,yes,yes,yes,Mike Pence,NA,pre
Sub1424,pre_participant_1028,2020-10-30T18:27:31Z,mazerace-event,dem_first,FALSE,daily,26,Male,MD,4-year college degree,Democrat,yes,yes,yes,Joe Biden,NA,pre
Sub1425,pre_participant_1029,2020-10-30T18:27:37Z,event-mazerace,rep_first,FALSE,daily,22,Male,NC,4-year college degree,Independent,yes,yes,yes,I don't care,NA,pre
Sub1427,pre_participant_1031,2020-10-30T18:28:10Z,event-spr,dem_first,FALSE,daily,50,Female,MI,High school graduate,Independent,yes,yes,yes,Donald Trump,NA,pre
Sub1428,pre_participant_1032,2020-10-30T18:28:13Z,mazerace-event,rep_first,FALSE,daily,24,Male,NY,Professional degree,Democrat,no,yes,no,Kamala Harris,NA,pre
Sub1429,pre_participant_1033,2020-10-30T18:28:21Z,cloze-event,dem_first,FALSE,daily,28,Female,CA,Professional degree,Democrat,yes,yes,yes,Joe Biden,NA,pre
Sub1430,pre_participant_1034,2020-10-30T18:28:35Z,mazerace-event,rep_first,FALSE,daily,33,Male,ID,4-year college degree,Independent,yes,yes,yes,Kamala Harris,NA,pre
Sub1433,pre_participant_1036,2020-10-30T18:29:14Z,maze-event,dem_first,FALSE,daily,19,Male,MO,High school graduate,Other,yes,yes,yes,Mike Pence,NA,pre
Sub1434,pre_participant_1037,2020-10-30T18:29:16Z,mazerace-event,dem_first,FALSE,weekly,29,Female,MO,High school graduate,Republican,yes,yes,yes,Donald Trump,NA,pre
Sub1437,pre_participant_1038,2020-10-30T18:29:47Z,maze-event,rep_first,FALSE,daily,51,Male,CA,4-year college degree,Independent,yes,yes,yes,Donald Trump,NA,pre
Sub1438,pre_participant_1039,2020-10-30T18:30:28Z,maze-event,rep_first,FALSE,daily,56,Male,CA,4-year college degree,Democrat,yes,yes,yes,Joe Biden,NA,pre
Sub1446,pre_participant_1043,2020-10-30T18:33:28Z,event-spr,rep_first,FALSE,daily,18,Male,NY,Some college,Republican,yes,yes,no,Mike Pence,NA,pre
Sub1447,pre_participant_1044,2020-10-30T18:33:35Z,event-maze,dem_first,FALSE,daily,39,Male,WI,4-year college degree,Republican,yes,yes,yes,Mike Pence,NA,pre
Sub1448,pre_participant_1045,2020-10-30T18:34:05Z,maze-event,rep_first,FALSE,daily,28,Female,CT,4-year college degree,Democrat,yes,yes,yes,Joe Biden,NA,pre
Sub1449,pre_participant_1046,2020-10-30T18:34:13Z,event-mazerace,rep_first,FALSE,daily,45,Female,CA,4-year college degree,Democrat,yes,yes,yes,Kamala Harris,NA,pre
Sub1454,pre_participant_1049,2020-10-30T18:35:50Z,mazerace-event,dem_first,FALSE,daily,56,Female,CA,4-year college degree,Democrat,yes,yes,yes,Joe Biden,NA,pre
Sub1456,pre_participant_1051,2020-10-30T18:36:43Z,cloze-event,rep_first,FALSE,daily,50,Female,NY,Professional degree,Democrat,yes,yes,yes,Joe Biden,NA,pre
Sub1461,pre_participant_1053,2020-10-30T18:38:40Z,mazerace-event,rep_first,FALSE,never,39,Female,IN,Professional degree,Democrat,no,yes,no,Joe Biden,NA,pre
Sub1468,pre_participant_1057,2020-10-30T18:40:26Z,cloze-event,rep_first,FALSE,daily,32,Male,CA,Professional degree,Other,yes,yes,yes,Kamala Harris,NA,pre
Sub1473,pre_participant_1061,2020-10-30T18:42:01Z,spr-event,rep_first,FALSE,daily,69,Male,NC,4-year college degree,Republican,yes,yes,yes,Mike Pence,NA,pre
Sub1482,pre_participant_1064,2020-10-30T18:44:50Z,event-spr,dem_first,FALSE,weekly,33,Male,FL,4-year college degree,Democrat,no,yes,yes,Donald Trump,NA,pre
Sub1483,pre_participant_1065,2020-10-30T18:44:53Z,maze-event,rep_first,FALSE,daily,34,Male,CA,High school graduate,Independent,yes,yes,yes,Kamala Harris,NA,pre
Sub1487,pre_participant_1068,2020-10-30T18:46:26Z,event-maze,dem_first,FALSE,daily,35,Female,NY,4-year college degree,Republican,yes,yes,yes,Donald Trump,NA,pre
Sub1488,pre_participant_1069,2020-10-30T18:47:15Z,event-mazerace,dem_first,FALSE,daily,44,Male,MI,4-year college degree,Democrat,yes,yes,yes,Joe Biden,NA,pre
Sub1496,pre_participant_1072,2020-10-30T18:49:20Z,spr-event,dem_first,FALSE,weekly,19,Female,LA,Some college,None,yes,yes,yes,Mike Pence,NA,pre
Sub1499,pre_participant_1074,2020-10-30T18:50:12Z,mazerace-event,dem_first,FALSE,daily,48,Female,MO,4-year college degree,Democrat,yes,yes,yes,Kamala Harris,NA,pre
Sub1500,pre_participant_1075,2020-10-30T18:50:53Z,spr-event,rep_first,FALSE,daily,68,Female,NY,4-year college degree,Democrat,yes,yes,yes,Joe Biden,NA,pre
Sub1501,pre_participant_1076,2020-10-30T18:51:44Z,event-mazerace,rep_first,FALSE,weekly,32,Male,FL,4-year college degree,Democrat,yes,yes,yes,Donald Trump,NA,pre
Sub1503,pre_participant_1077,2020-10-30T18:52:42Z,event-cloze,dem_first,FALSE,daily,37,Female,CA,4-year college degree,Democrat,yes,yes,yes,Joe Biden,NA,pre
Sub1505,pre_participant_1078,2020-10-30T18:53:28Z,mazerace-event,dem_first,FALSE,daily,35,Male,NJ,4-year college degree,Republican,yes,yes,yes,Joe Biden,NA,pre
Sub1506,pre_participant_1079,2020-10-30T18:54:06Z,maze-event,rep_first,FALSE,daily,50,Male,CO,Some college,Democrat,yes,yes,yes,Kamala Harris,NA,pre
Sub1512,pre_participant_1083,2020-10-30T18:56:35Z,event-maze,rep_first,FALSE,weekly,35,Female,NY,2-year college degree,Democrat,yes,yes,yes,Joe Biden,NA,pre
Sub1513,pre_participant_1084,2020-10-30T18:57:14Z,spr-event,dem_first,FALSE,weekly,45,Male,NY,4-year college degree,Democrat,yes,yes,yes,Kamala Harris,NA,pre
Sub1518,pre_participant_1088,2020-10-30T19:01:15Z,cloze-event,dem_first,FALSE,daily,49,Male,SC,High school graduate,Republican,yes,yes,yes,Donald Trump,NA,pre
Sub1525,pre_participant_1091,2020-10-30T19:06:55Z,mazerace-event,dem_first,FALSE,daily,36,Male,OR,Professional degree,Democrat,yes,yes,yes,Kamala Harris,NA,pre
Sub1528,pre_participant_1092,2020-10-30T19:09:01Z,event-mazerace,rep_first,FALSE,less than monthly,27,Male,MD,High school graduate,None,yes,yes,yes,I don't care,NA,pre
Sub1529,pre_participant_1093,2020-10-30T19:10:22Z,spr-event,rep_first,FALSE,weekly,24,Male,TX,High school graduate,Rather not say,yes,yes,yes,Joe Biden,NA,pre
Sub1533,pre_participant_1096,2020-10-30T19:14:27Z,event-maze,rep_first,FALSE,weekly,29,Female,VA,4-year college degree,Democrat,yes,yes,yes,Mike Pence,NA,pre
Sub1537,pre_participant_1098,2020-10-30T19:17:25Z,maze-event,dem_first,FALSE,weekly,43,Male,SC,4-year college degree,Democrat,yes,yes,yes,Joe Biden,NA,pre
Sub1539,pre_participant_1100,2020-10-30T19:18:19Z,event-maze,dem_first,FALSE,daily,32,Male,CA,Some college,Independent,yes,yes,yes,Kamala Harris,NA,pre
Sub1541,pre_participant_1101,2020-10-30T19:20:44Z,spr-event,rep_first,FALSE,daily,53,Male,GA,Professional degree,Democrat,yes,yes,yes,Joe Biden,NA,pre
Sub1544,pre_participant_1102,2020-10-30T19:23:22Z,event-spr,rep_first,FALSE,daily,54,Male,FL,4-year college degree,Republican,yes,yes,yes,Donald Trump,NA,pre
Sub1546,pre_participant_1104,2020-10-30T19:25:13Z,event-mazerace,dem_first,FALSE,daily,40,Female,FL,2-year college degree,Democrat,yes,yes,yes,Joe Biden,NA,pre
Sub1551,pre_participant_1105,2020-10-30T19:29:30Z,cloze-event,dem_first,FALSE,weekly,36,Male,NC,4-year college degree,Democrat,yes,yes,yes,Kamala Harris,NA,pre
Sub1553,pre_participant_1106,2020-10-30T19:34:37Z,cloze-event,dem_first,FALSE,daily,42,Female,other,4-year college degree,Democrat,no,yes,no,Joe Biden,NA,pre
Sub1556,pre_participant_1108,2020-10-30T19:36:13Z,mazerace-event,rep_first,FALSE,daily,30,Male,TX,4-year college degree,Independent,yes,yes,yes,Joe Biden,NA,pre
Sub1560,pre_participant_1110,2020-10-30T19:37:12Z,event-spr,dem_first,FALSE,weekly,50,Male,TN,4-year college degree,Democrat,yes,yes,yes,Joe Biden,NA,pre
Sub1561,pre_participant_1111,2020-10-30T19:37:32Z,maze-event,dem_first,FALSE,daily,31,Male,VA,Professional degree,Democrat,yes,yes,yes,I don't care,NA,pre
Sub1564,pre_participant_1112,2020-10-30T19:38:20Z,mazerace-event,rep_first,FALSE,less than monthly,38,Female,CA,4-year college degree,None,yes,yes,yes,Donald Trump,NA,pre
Sub1566,pre_participant_1113,2020-10-30T19:38:26Z,cloze-event,rep_first,FALSE,weekly,27,Rather not say,DE,4-year college degree,Rather not say,yes,yes,yes,I'd rather not say,NA,pre
Sub1567,pre_participant_1114,2020-10-30T19:38:35Z,mazerace-event,rep_first,FALSE,daily,22,Male,WA,Some college,Other,yes,yes,yes,I don't care,NA,pre
Sub1568,pre_participant_1115,2020-10-30T19:38:37Z,event-spr,rep_first,FALSE,daily,29,Male,CA,2-year college degree,Republican,yes,yes,yes,Donald Trump,NA,pre
Sub1569,pre_participant_1116,2020-10-30T19:38:38Z,event-mazerace,dem_first,FALSE,daily,59,Male,CA,Some college,Republican,yes,yes,yes,Mike Pence,NA,pre
Sub1571,pre_participant_1117,2020-10-30T19:39:19Z,cloze-event,dem_first,FALSE,daily,35,Male,TX,High school graduate,Republican,yes,yes,yes,Mike Pence,NA,pre
Sub1573,pre_participant_1119,2020-10-30T19:39:46Z,cloze-event,dem_first,FALSE,daily,26,Female,CA,4-year college degree,Democrat,yes,yes,yes,Joe Biden,NA,pre
Sub1574,pre_participant_1120,2020-10-30T19:39:56Z,spr-event,dem_first,FALSE,daily,26,Female,OR,4-year college degree,Democrat,no,yes,yes,Joe Biden,NA,pre
Sub1575,pre_participant_1121,2020-10-30T19:40:14Z,event-spr,dem_first,FALSE,daily,33,Female,FL,Professional degree,Independent,yes,yes,yes,I don't care,NA,pre
Sub1577,pre_participant_1123,2020-10-30T19:40:30Z,event-cloze,rep_first,FALSE,weekly,38,Female,CA,4-year college degree,Independent,yes,yes,yes,I'd rather not say,NA,pre
Sub1579,pre_participant_1124,2020-10-30T19:41:00Z,event-mazerace,rep_first,FALSE,weekly,19,Female,other,Some college,Democrat,no,yes,no,Kamala Harris,NA,pre
Sub1580,pre_participant_1125,2020-10-30T19:41:01Z,spr-event,dem_first,FALSE,daily,39,Male,KY,4-year college degree,Democrat,yes,yes,yes,Joe Biden,NA,pre
Sub1582,pre_participant_1126,2020-10-30T19:41:07Z,mazerace-event,rep_first,FALSE,daily,30,Female,MA,4-year college degree,Democrat,yes,yes,yes,Kamala Harris,NA,pre
Sub1583,pre_participant_1127,2020-10-30T19:41:25Z,event-mazerace,dem_first,FALSE,daily,62,Female,IN,4-year college degree,Democrat,yes,yes,yes,Joe Biden,NA,pre
Sub1586,pre_participant_1130,2020-10-30T19:41:57Z,spr-event,rep_first,FALSE,daily,56,Male,OR,Some college,Republican,yes,yes,no,I don't care,NA,pre
Sub1589,pre_participant_1132,2020-10-30T19:42:33Z,spr-event,rep_first,FALSE,daily,30,Male,FL,Some college,None,yes,yes,yes,I don't care,NA,pre
Sub1593,pre_participant_1134,2020-10-30T19:43:53Z,event-maze,dem_first,FALSE,weekly,26,Female,MD,4-year college degree,Democrat,yes,yes,yes,Kamala Harris,NA,pre
Sub1594,pre_participant_1135,2020-10-30T19:43:54Z,event-spr,dem_first,FALSE,weekly,29,Female,MA,4-year college degree,Democrat,yes,yes,yes,Joe Biden,NA,pre
Sub1596,pre_participant_1137,2020-10-30T19:44:20Z,event-spr,dem_first,FALSE,daily,61,Male,PA,High school graduate,Independent,yes,yes,yes,Mike Pence,NA,pre
Sub1601,pre_participant_1140,2020-10-30T19:45:18Z,event-maze,rep_first,FALSE,weekly,26,Male,CA,4-year college degree,Democrat,yes,yes,yes,Mike Pence,NA,pre
Sub1603,pre_participant_1142,2020-10-30T19:45:46Z,event-cloze,rep_first,FALSE,daily,34,Male,CA,4-year college degree,Independent,yes,yes,yes,Donald Trump,NA,pre
Sub1606,pre_participant_1144,2020-10-30T19:45:55Z,cloze-event,rep_first,FALSE,daily,36,Female,SC,Some college,Republican,yes,yes,yes,Donald Trump,NA,pre
Sub1608,pre_participant_1146,2020-10-30T19:46:37Z,event-cloze,dem_first,FALSE,daily,59,Male,MN,4-year college degree,Independent,yes,yes,yes,Joe Biden,NA,pre
Sub1609,pre_participant_1147,2020-10-30T19:46:55Z,cloze-event,dem_first,FALSE,daily,30,Male,DC,4-year college degree,Democrat,yes,yes,yes,Kamala Harris,NA,pre
Sub1610,pre_participant_1148,2020-10-30T19:47:12Z,cloze-event,dem_first,FALSE,daily,34,Male,TN,High school graduate,Democrat,yes,yes,yes,Kamala Harris,NA,pre
Sub1612,pre_participant_1149,2020-10-30T19:47:15Z,event-cloze,dem_first,FALSE,daily,34,Male,CA,4-year college degree,Democrat,yes,yes,yes,Kamala Harris,NA,pre
Sub1614,pre_participant_1150,2020-10-30T19:47:20Z,spr-event,dem_first,FALSE,daily,36,Female,TX,Professional degree,Independent,yes,yes,yes,Donald Trump,NA,pre
Sub1615,pre_participant_1151,2020-10-30T19:48:17Z,event-mazerace,dem_first,FALSE,daily,21,Female,WA,2-year college degree,Democrat,yes,yes,yes,Joe Biden,NA,pre
Sub1616,pre_participant_1152,2020-10-30T19:48:49Z,event-spr,dem_first,FALSE,daily,28,Male,IN,4-year college degree,Independent,no,yes,no,Kamala Harris,NA,pre
Sub1617,pre_participant_1153,2020-10-30T19:48:50Z,event-cloze,rep_first,FALSE,daily,20,Female,CA,Some college,Democrat,yes,yes,yes,I'd rather not say,NA,pre
Sub1618,pre_participant_1154,2020-10-30T19:49:06Z,mazerace-event,dem_first,FALSE,never,40,Female,other,2-year college degree,Independent,no,yes,no,Joe Biden,NA,pre
Sub1620,pre_participant_1156,2020-10-30T19:49:30Z,event-maze,dem_first,FALSE,daily,31,Female,TN,4-year college degree,Republican,yes,yes,yes,Mike Pence,NA,pre
Sub1621,pre_participant_1157,2020-10-30T19:49:30Z,cloze-event,rep_first,FALSE,daily,27,Male,IL,4-year college degree,Democrat,yes,yes,yes,Kamala Harris,NA,pre
Sub1624,pre_participant_1159,2020-10-30T19:50:04Z,spr-event,rep_first,FALSE,monthly,37,Female,NJ,2-year college degree,Republican,yes,yes,yes,Donald Trump,NA,pre
Sub1629,pre_participant_1162,2020-10-30T19:50:48Z,maze-event,rep_first,FALSE,daily,42,Male,NY,Some college,Independent,yes,yes,yes,Joe Biden,NA,pre
Sub1630,pre_participant_1163,2020-10-30T19:51:11Z,mazerace-event,dem_first,FALSE,daily,29,Female,NY,Some college,Republican,yes,yes,yes,Kamala Harris,NA,pre
Sub1631,pre_participant_1164,2020-10-30T19:51:26Z,spr-event,dem_first,FALSE,daily,40,Male,IL,Professional degree,Democrat,yes,yes,yes,Kamala Harris,NA,pre
Sub1632,pre_participant_1165,2020-10-30T19:51:27Z,mazerace-event,rep_first,FALSE,daily,69,Male,FL,Professional degree,Republican,yes,yes,yes,Donald Trump,NA,pre
Sub1633,pre_participant_1166,2020-10-30T19:51:27Z,cloze-event,dem_first,FALSE,weekly,36,Female,GA,2-year college degree,Republican,yes,yes,yes,Mike Pence,NA,pre
Sub1634,pre_participant_1167,2020-10-30T19:51:29Z,spr-event,dem_first,FALSE,weekly,29,Male,NC,4-year college degree,Republican,yes,yes,yes,Kamala Harris,NA,pre
Sub1639,pre_participant_1169,2020-10-30T19:51:44Z,event-spr,dem_first,FALSE,daily,26,Male,VA,4-year college degree,Republican,yes,yes,yes,Joe Biden,NA,pre
Sub1641,pre_participant_1170,2020-10-30T19:51:50Z,spr-event,rep_first,FALSE,daily,26,Female,CA,High school graduate,Other,yes,yes,yes,Donald Trump,NA,pre
Sub1642,pre_participant_1171,2020-10-30T19:51:55Z,spr-event,dem_first,FALSE,daily,25,Male,FL,4-year college degree,Democrat,yes,yes,yes,Kamala Harris,NA,pre
Sub1645,pre_participant_1172,2020-10-30T19:51:57Z,event-spr,rep_first,FALSE,daily,38,Male,KY,4-year college degree,Democrat,yes,yes,yes,Joe Biden,NA,pre
Sub1647,pre_participant_1174,2020-10-30T19:52:25Z,event-mazerace,dem_first,FALSE,weekly,31,Female,VT,Professional degree,Democrat,yes,yes,yes,Joe Biden,NA,pre
Sub1649,pre_participant_1176,2020-10-30T19:52:54Z,event-spr,dem_first,FALSE,daily,34,Female,NJ,4-year college degree,Republican,yes,yes,yes,Mike Pence,NA,pre
Sub1650,pre_participant_1177,2020-10-30T19:52:56Z,event-mazerace,rep_first,FALSE,daily,54,Female,FL,High school graduate,Republican,yes,yes,yes,Mike Pence,NA,pre
Sub1652,pre_participant_1179,2020-10-30T19:53:14Z,spr-event,rep_first,FALSE,daily,39,Male,MT,Some college,Democrat,yes,yes,yes,Kamala Harris,NA,pre
Sub1653,pre_participant_1180,2020-10-30T19:53:16Z,cloze-event,rep_first,FALSE,daily,26,Male,MA,Professional degree,Democrat,yes,yes,yes,Kamala Harris,NA,pre
Sub1656,pre_participant_1183,2020-10-30T19:53:36Z,cloze-event,rep_first,FALSE,daily,55,Female,PA,Some college,Independent,yes,yes,yes,Joe Biden,NA,pre
Sub1658,pre_participant_1185,2020-10-30T19:54:19Z,event-maze,dem_first,FALSE,daily,46,Female,IL,Professional degree,Independent,yes,yes,yes,Kamala Harris,NA,pre
Sub1660,pre_participant_1186,2020-10-30T19:54:33Z,mazerace-event,dem_first,FALSE,daily,25,Female,VA,4-year college degree,Democrat,yes,yes,yes,Kamala Harris,NA,pre
Sub1661,pre_participant_1187,2020-10-30T19:54:37Z,event-spr,dem_first,FALSE,daily,57,Female,NJ,Some college,Democrat,yes,yes,yes,Joe Biden,NA,pre
Sub1662,pre_participant_1188,2020-10-30T19:54:38Z,cloze-event,dem_first,FALSE,daily,49,Male,MO,Some college,None,yes,yes,yes,I don't care,NA,pre
Sub1664,pre_participant_1190,2020-10-30T19:54:43Z,event-spr,rep_first,FALSE,daily,28,Female,KS,4-year college degree,Republican,yes,yes,yes,Kamala Harris,NA,pre
Sub1665,pre_participant_1191,2020-10-30T19:54:46Z,spr-event,dem_first,FALSE,daily,35,Male,MD,Doctorate,Republican,yes,yes,yes,Donald Trump,NA,pre
Sub1666,pre_participant_1192,2020-10-30T19:54:48Z,spr-event,rep_first,FALSE,daily,40,Male,WI,4-year college degree,Democrat,yes,yes,yes,Joe Biden,NA,pre
Sub1668,pre_participant_1193,2020-10-30T19:55:28Z,mazerace-event,dem_first,FALSE,daily,26,Female,other,4-year college degree,Rather not say,no,yes,no,Kamala Harris,NA,pre
Sub1669,pre_participant_1194,2020-10-30T19:55:33Z,spr-event,rep_first,FALSE,daily,33,Male,NY,4-year college degree,Independent,yes,yes,yes,Joe Biden,NA,pre
Sub1670,pre_participant_1195,2020-10-30T19:55:38Z,mazerace-event,dem_first,FALSE,daily,66,Female,KY,High school graduate,Republican,yes,yes,yes,Mike Pence,NA,pre
Sub1672,pre_participant_1196,2020-10-30T19:55:47Z,event-spr,dem_first,FALSE,daily,41,Male,FL,Professional degree,Democrat,yes,yes,yes,Kamala Harris,NA,pre
Sub1673,pre_participant_1197,2020-10-30T19:55:49Z,cloze-event,dem_first,FALSE,daily,35,Male,AL,4-year college degree,Democrat,yes,yes,yes,Kamala Harris,NA,pre
Sub1675,pre_participant_1198,2020-10-30T19:56:02Z,cloze-event,rep_first,FALSE,daily,48,Male,CA,2-year college degree,Democrat,yes,yes,yes,Kamala Harris,NA,pre
Sub1676,pre_participant_1199,2020-10-30T19:56:18Z,event-mazerace,rep_first,FALSE,daily,27,Male,other,Professional degree,Rather not say,no,yes,no,Joe Biden,NA,pre
Sub1677,pre_participant_1200,2020-10-30T19:56:41Z,maze-event,rep_first,FALSE,weekly,28,Male,CA,Less than high school,None,yes,yes,no,Kamala Harris,NA,pre
Sub1679,pre_participant_1202,2020-10-30T19:56:44Z,event-maze,dem_first,FALSE,daily,62,Female,KY,High school graduate,Republican,yes,yes,yes,Donald Trump,NA,pre
Sub1683,pre_participant_1203,2020-10-30T19:57:21Z,cloze-event,rep_first,FALSE,daily,22,Female,CT,4-year college degree,Democrat,yes,yes,yes,Joe Biden,NA,pre
Sub1686,pre_participant_1205,2020-10-30T19:58:09Z,spr-event,rep_first,FALSE,daily,26,Female,AL,4-year college degree,Independent,yes,yes,yes,Joe Biden,NA,pre
Sub1687,pre_participant_1206,2020-10-30T19:58:22Z,spr-event,rep_first,FALSE,daily,22,Male,FL,High school graduate,None,yes,yes,yes,Donald Trump,NA,pre
Sub1688,pre_participant_1207,2020-10-30T19:58:23Z,spr-event,dem_first,FALSE,daily,36,Male,PA,Some college,Republican,yes,yes,yes,Donald Trump,NA,pre
Sub1689,pre_participant_1208,2020-10-30T19:58:34Z,mazerace-event,rep_first,FALSE,daily,24,Male,VA,4-year college degree,Republican,no,yes,yes,Kamala Harris,NA,pre
Sub1692,pre_participant_1211,2020-10-30T19:59:11Z,mazerace-event,rep_first,FALSE,weekly,31,Male,other,Some college,Other,no,yes,no,Kamala Harris,NA,pre
Sub1693,pre_participant_1212,2020-10-30T19:59:11Z,maze-event,dem_first,FALSE,monthly,25,Male,PA,4-year college degree,Democrat,yes,yes,yes,Joe Biden,NA,pre
Sub1699,pre_participant_1216,2020-10-30T20:00:36Z,maze-event,dem_first,FALSE,daily,32,Female,other,4-year college degree,Democrat,no,yes,no,Kamala Harris,NA,pre
Sub1702,pre_participant_1218,2020-10-30T20:00:48Z,mazerace-event,dem_first,FALSE,daily,25,Male,MO,4-year college degree,Democrat,yes,yes,yes,Kamala Harris,NA,pre
Sub1705,pre_participant_1220,2020-10-30T20:00:58Z,cloze-event,dem_first,FALSE,daily,45,Female,IA,4-year college degree,Independent,yes,yes,yes,Kamala Harris,NA,pre
Sub1707,pre_participant_1222,2020-10-30T20:01:18Z,event-cloze,rep_first,FALSE,daily,35,Female,other,Professional degree,Independent,yes,yes,yes,Joe Biden,NA,pre
Sub1708,pre_participant_1223,2020-10-30T20:01:20Z,spr-event,dem_first,FALSE,daily,31,Male,KS,Some college,Independent,yes,yes,yes,Donald Trump,NA,pre
Sub1709,pre_participant_1224,2020-10-30T20:01:24Z,cloze-event,rep_first,FALSE,weekly,37,Female,other,High school graduate,None,no,yes,no,I don't care,NA,pre
Sub1710,pre_participant_1225,2020-10-30T20:01:31Z,cloze-event,dem_first,FALSE,daily,65,Male,HI,Some college,Independent,no,yes,yes,Joe Biden,NA,pre
Sub1711,pre_participant_1226,2020-10-30T20:01:35Z,spr-event,rep_first,FALSE,daily,29,Male,SD,Professional degree,Republican,yes,yes,yes,Mike Pence,NA,pre
Sub1713,pre_participant_1227,2020-10-30T20:01:50Z,event-maze,rep_first,FALSE,daily,54,Female,WA,Some college,Democrat,yes,yes,yes,Kamala Harris,NA,pre
Sub1715,pre_participant_1228,2020-10-30T20:01:58Z,spr-event,rep_first,FALSE,weekly,22,Male,WA,4-year college degree,Democrat,yes,yes,yes,Joe Biden,NA,pre
Sub1719,pre_participant_1232,2020-10-30T20:02:12Z,event-spr,dem_first,FALSE,weekly,45,Female,TX,High school graduate,Republican,yes,yes,yes,Mike Pence,NA,pre
Sub1721,pre_participant_1233,2020-10-30T20:02:56Z,maze-event,dem_first,FALSE,weekly,28,Male,other,4-year college degree,Other,no,yes,no,Joe Biden,NA,pre
Sub1722,pre_participant_1234,2020-10-30T20:02:57Z,mazerace-event,rep_first,FALSE,weekly,29,Female,IN,4-year college degree,Democrat,yes,yes,no,Kamala Harris,NA,pre
Sub1725,pre_participant_1236,2020-10-30T20:03:09Z,event-maze,rep_first,FALSE,daily,42,Male,MD,Professional degree,Independent,yes,yes,yes,Kamala Harris,NA,pre
Sub1726,pre_participant_1237,2020-10-30T20:03:11Z,event-cloze,dem_first,FALSE,weekly,28,Female,CA,Some college,Democrat,yes,yes,yes,I don't care,NA,pre
Sub1729,pre_participant_1238,2020-10-30T20:03:33Z,event-maze,dem_first,FALSE,weekly,33,Male,KY,Some college,Independent,yes,yes,yes,I don't care,NA,pre
Sub1730,pre_participant_1239,2020-10-30T20:03:37Z,cloze-event,rep_first,FALSE,daily,34,Female,WI,4-year college degree,None,yes,yes,yes,Donald Trump,NA,pre
Sub1731,pre_participant_1240,2020-10-30T20:03:49Z,maze-event,rep_first,FALSE,daily,60,Male,GA,Professional degree,Independent,yes,yes,yes,Mike Pence,NA,pre
Sub1732,pre_participant_1241,2020-10-30T20:03:57Z,mazerace-event,rep_first,FALSE,daily,73,Female,MS,4-year college degree,Republican,yes,yes,yes,Mike Pence,NA,pre
Sub1733,pre_participant_1242,2020-10-30T20:04:09Z,maze-event,dem_first,FALSE,weekly,47,Male,OR,2-year college degree,Republican,yes,yes,yes,Mike Pence,NA,pre
Sub1738,pre_participant_1245,2020-10-30T20:04:42Z,event-cloze,dem_first,FALSE,weekly,28,Male,AL,4-year college degree,Republican,yes,yes,yes,I don't care,NA,pre
Sub1742,pre_participant_1247,2020-10-30T20:05:13Z,maze-event,dem_first,FALSE,daily,34,Female,NC,4-year college degree,Democrat,yes,yes,yes,Kamala Harris,NA,pre
Sub1746,pre_participant_1248,2020-10-30T20:05:45Z,event-maze,dem_first,FALSE,daily,30,Male,NY,4-year college degree,Republican,yes,yes,yes,Mike Pence,NA,pre
Sub1748,pre_participant_1250,2020-10-30T20:05:48Z,cloze-event,dem_first,FALSE,daily,30,Male,FL,Professional degree,Democrat,yes,yes,yes,Joe Biden,NA,pre
Sub1750,pre_participant_1251,2020-10-30T20:05:53Z,maze-event,dem_first,FALSE,weekly,39,Male,CA,Some college,Other,yes,yes,yes,Kamala Harris,NA,pre
Sub1751,pre_participant_1252,2020-10-30T20:05:54Z,spr-event,dem_first,FALSE,daily,22,Female,TX,Some college,Republican,yes,yes,yes,Mike Pence,NA,pre
Sub1754,pre_participant_1254,2020-10-30T20:06:10Z,event-mazerace,rep_first,FALSE,weekly,20,Female,GA,High school graduate,Democrat,yes,yes,yes,Joe Biden,NA,pre
Sub1755,pre_participant_1255,2020-10-30T20:06:41Z,event-maze,dem_first,FALSE,daily,34,Male,FL,2-year college degree,Democrat,yes,yes,yes,Joe Biden,NA,pre
Sub1757,pre_participant_1257,2020-10-30T20:06:46Z,mazerace-event,rep_first,FALSE,daily,38,Female,IA,4-year college degree,Independent,yes,yes,yes,Mike Pence,NA,pre
Sub1758,pre_participant_1258,2020-10-30T20:06:56Z,event-spr,dem_first,FALSE,daily,61,Male,OR,4-year college degree,Democrat,yes,yes,yes,Joe Biden,NA,pre
Sub1760,pre_participant_1260,2020-10-30T20:07:08Z,cloze-event,rep_first,FALSE,weekly,32,Male,TX,High school graduate,Independent,no,yes,no,Donald Trump,NA,pre
Sub1761,pre_participant_1261,2020-10-30T20:07:10Z,event-spr,dem_first,FALSE,daily,31,Male,NY,Professional degree,None,no,yes,no,Kamala Harris,NA,pre
Sub1763,pre_participant_1262,2020-10-30T20:07:17Z,event-mazerace,rep_first,FALSE,daily,33,Male,WA,4-year college degree,Democrat,yes,yes,yes,Joe Biden,NA,pre
Sub1765,pre_participant_1264,2020-10-30T20:07:18Z,event-spr,rep_first,FALSE,daily,43,Female,TN,High school graduate,Republican,yes,yes,yes,Donald Trump,NA,pre
Sub1770,pre_participant_1266,2020-10-30T20:08:21Z,cloze-event,dem_first,FALSE,daily,42,Male,SC,4-year college degree,Independent,yes,yes,yes,Donald Trump,NA,pre
Sub1771,pre_participant_1267,2020-10-30T20:08:42Z,maze-event,dem_first,FALSE,daily,37,Female,PA,Some college,Republican,yes,yes,yes,Donald Trump,NA,pre
Sub1773,pre_participant_1268,2020-10-30T20:09:11Z,maze-event,rep_first,FALSE,daily,54,Female,TX,4-year college degree,Democrat,yes,yes,yes,Kamala Harris,NA,pre
Sub1781,pre_participant_1271,2020-10-30T20:09:31Z,event-mazerace,dem_first,FALSE,weekly,25,Male,IN,4-year college degree,Republican,yes,yes,no,Kamala Harris,NA,pre
Sub1783,pre_participant_1272,2020-10-30T20:09:46Z,event-spr,rep_first,FALSE,daily,56,Female,MN,4-year college degree,Democrat,yes,yes,yes,Kamala Harris,NA,pre
Sub1786,pre_participant_1274,2020-10-30T20:10:04Z,event-cloze,dem_first,FALSE,monthly,30,Male,CA,Professional degree,Republican,yes,yes,yes,Mike Pence,NA,pre
Sub1787,pre_participant_1275,2020-10-30T20:10:25Z,mazerace-event,rep_first,FALSE,daily,36,Female,SC,Professional degree,Democrat,yes,yes,yes,Joe Biden,NA,pre
Sub1788,pre_participant_1276,2020-10-30T20:10:43Z,spr-event,dem_first,FALSE,daily,31,Male,IL,4-year college degree,Republican,yes,yes,yes,Kamala Harris,NA,pre
Sub1791,pre_participant_1277,2020-10-30T20:10:56Z,spr-event,rep_first,FALSE,daily,35,Female,CA,4-year college degree,None,yes,yes,yes,Joe Biden,NA,pre
Sub1792,pre_participant_1278,2020-10-30T20:11:08Z,cloze-event,rep_first,FALSE,weekly,27,Male,FL,4-year college degree,Republican,yes,yes,yes,Mike Pence,NA,pre
Sub1793,pre_participant_1279,2020-10-30T20:11:34Z,cloze-event,dem_first,FALSE,daily,51,Female,IL,4-year college degree,Republican,yes,yes,yes,Donald Trump,NA,pre
Sub1795,pre_participant_1281,2020-10-30T20:11:51Z,cloze-event,dem_first,FALSE,daily,35,Male,NY,4-year college degree,Republican,yes,yes,no,Donald Trump,NA,pre
Sub1799,pre_participant_1283,2020-10-30T20:12:15Z,cloze-event,dem_first,FALSE,weekly,55,Male,other,4-year college degree,Other,no,yes,no,Kamala Harris,NA,pre
Sub1801,pre_participant_1285,2020-10-30T20:12:31Z,spr-event,dem_first,FALSE,daily,42,Female,CO,4-year college degree,Democrat,yes,yes,yes,Kamala Harris,NA,pre
Sub1804,pre_participant_1286,2020-10-30T20:14:07Z,mazerace-event,dem_first,FALSE,daily,35,Male,NY,4-year college degree,Democrat,yes,yes,yes,Kamala Harris,NA,pre
Sub1805,pre_participant_1287,2020-10-30T20:14:47Z,cloze-event,dem_first,FALSE,weekly,29,Female,other,Some college,Democrat,no,yes,no,Mike Pence,NA,pre
Sub1806,pre_participant_1288,2020-10-30T20:14:53Z,event-cloze,rep_first,FALSE,daily,41,Female,GA,2-year college degree,Democrat,yes,yes,yes,Joe Biden,NA,pre
Sub1809,pre_participant_1291,2020-10-30T20:15:03Z,event-mazerace,rep_first,FALSE,daily,29,Male,OH,4-year college degree,Republican,yes,yes,yes,Mike Pence,NA,pre
Sub1812,pre_participant_1294,2020-10-30T20:15:44Z,mazerace-event,dem_first,FALSE,daily,39,Female,OH,Some college,Independent,yes,yes,yes,Donald Trump,NA,pre
Sub1816,pre_participant_1296,2020-10-30T20:16:34Z,maze-event,rep_first,FALSE,daily,66,Male,ME,Some college,Independent,no,yes,yes,Kamala Harris,NA,pre
Sub1817,pre_participant_1297,2020-10-30T20:16:34Z,mazerace-event,rep_first,FALSE,daily,44,Female,IL,4-year college degree,Democrat,yes,yes,yes,Joe Biden,NA,pre
Sub1819,pre_participant_1298,2020-10-30T20:16:56Z,event-spr,rep_first,FALSE,weekly,32,Male,CA,Professional degree,Independent,no,yes,yes,I don't care,NA,pre
Sub1821,pre_participant_1299,2020-10-30T20:17:03Z,cloze-event,rep_first,FALSE,daily,34,Male,TX,4-year college degree,None,no,yes,yes,Kamala Harris,NA,pre
Sub1823,pre_participant_1300,2020-10-30T20:17:28Z,maze-event,dem_first,FALSE,daily,56,Male,PA,Professional degree,Independent,yes,yes,yes,Donald Trump,NA,pre
Sub1826,pre_participant_1302,2020-10-30T20:18:30Z,event-spr,rep_first,FALSE,daily,49,Female,MA,4-year college degree,Republican,yes,yes,yes,Donald Trump,NA,pre
Sub1827,pre_participant_1303,2020-10-30T20:18:43Z,mazerace-event,rep_first,FALSE,daily,35,Male,FL,4-year college degree,Democrat,yes,yes,yes,Donald Trump,NA,pre
Sub1828,pre_participant_1304,2020-10-30T20:18:50Z,maze-event,dem_first,FALSE,daily,31,Female,SC,Professional degree,Democrat,yes,yes,yes,Joe Biden,NA,pre
Sub1829,pre_participant_1305,2020-10-30T20:18:58Z,event-mazerace,rep_first,FALSE,daily,30,Female,KY,4-year college degree,Democrat,yes,yes,yes,Joe Biden,NA,pre
Sub1832,pre_participant_1307,2020-10-30T20:19:29Z,event-cloze,rep_first,FALSE,daily,32,Female,AZ,Some college,Other,yes,yes,no,I'd rather not say,NA,pre
Sub1833,pre_participant_1308,2020-10-30T20:19:42Z,event-spr,dem_first,FALSE,daily,39,Male,CA,Professional degree,Independent,yes,yes,yes,Kamala Harris,NA,pre
Sub1834,pre_participant_1309,2020-10-30T20:19:44Z,mazerace-event,rep_first,FALSE,daily,36,Female,CA,4-year college degree,Democrat,yes,yes,yes,Joe Biden,NA,pre
Sub1836,pre_participant_1310,2020-10-30T20:19:52Z,event-spr,rep_first,FALSE,daily,28,Male,AL,Professional degree,None,yes,yes,yes,Joe Biden,NA,pre
Sub1838,pre_participant_1311,2020-10-30T20:20:04Z,cloze-event,dem_first,FALSE,daily,26,Female,OH,4-year college degree,Democrat,yes,yes,yes,Joe Biden,NA,pre
Sub1840,pre_participant_1313,2020-10-30T20:20:26Z,event-mazerace,dem_first,FALSE,daily,21,Female,IL,2-year college degree,Democrat,yes,yes,yes,Kamala Harris,NA,pre
Sub1843,pre_participant_1315,2020-10-30T20:21:01Z,maze-event,rep_first,FALSE,daily,37,Female,CA,4-year college degree,Independent,yes,yes,yes,Kamala Harris,NA,pre
Sub1844,pre_participant_1316,2020-10-30T20:21:14Z,mazerace-event,rep_first,FALSE,daily,34,Female,NY,Professional degree,Democrat,yes,yes,yes,Joe Biden,NA,pre
Sub1845,pre_participant_1317,2020-10-30T20:21:17Z,spr-event,dem_first,FALSE,daily,25,Male,TX,4-year college degree,Democrat,yes,yes,yes,Kamala Harris,NA,pre
Sub1850,pre_participant_1319,2020-10-30T20:21:52Z,event-cloze,dem_first,FALSE,daily,23,Female,VA,4-year college degree,Democrat,yes,yes,yes,Joe Biden,NA,pre
Sub1851,pre_participant_1320,2020-10-30T20:22:07Z,spr-event,dem_first,FALSE,daily,24,Female,TN,Some college,Republican,yes,yes,yes,Mike Pence,NA,pre
Sub1852,pre_participant_1321,2020-10-30T20:22:10Z,cloze-event,rep_first,FALSE,daily,28,Male,NY,4-year college degree,Democrat,yes,yes,yes,Kamala Harris,NA,pre
Sub1853,pre_participant_1322,2020-10-30T20:22:30Z,cloze-event,dem_first,FALSE,daily,35,Male,other,4-year college degree,Democrat,yes,yes,yes,Kamala Harris,NA,pre
Sub1854,pre_participant_1323,2020-10-30T20:22:31Z,spr-event,rep_first,FALSE,daily,36,Male,FL,Professional degree,Republican,yes,yes,yes,Donald Trump,NA,pre
Sub1856,pre_participant_1325,2020-10-30T20:23:21Z,event-maze,dem_first,FALSE,daily,23,Female,CA,High school graduate,Independent,yes,yes,yes,Donald Trump,NA,pre
Sub1858,pre_participant_1327,2020-10-30T20:23:31Z,spr-event,rep_first,FALSE,daily,29,Female,CA,2-year college degree,Independent,yes,yes,yes,Donald Trump,NA,pre
Sub1863,pre_participant_1329,2020-10-30T20:24:40Z,maze-event,dem_first,FALSE,daily,38,Female,CO,4-year college degree,Independent,yes,yes,yes,Kamala Harris,NA,pre
Sub1866,pre_participant_1330,2020-10-30T20:26:13Z,spr-event,rep_first,FALSE,weekly,21,Male,WI,Some college,Democrat,yes,yes,yes,Joe Biden,NA,pre
Sub1872,pre_participant_1333,2020-10-30T20:27:08Z,event-maze,rep_first,FALSE,daily,66,Male,DE,4-year college degree,Republican,yes,yes,yes,Mike Pence,NA,pre
Sub1873,pre_participant_1334,2020-10-30T20:27:32Z,event-spr,rep_first,FALSE,weekly,26,Female,NY,Some college,Democrat,yes,yes,yes,Joe Biden,NA,pre
Sub1875,pre_participant_1336,2020-10-30T20:27:58Z,maze-event,rep_first,FALSE,weekly,39,Male,CA,Some college,Democrat,yes,yes,yes,Joe Biden,NA,pre
Sub1878,pre_participant_1337,2020-10-30T20:28:24Z,event-cloze,rep_first,FALSE,daily,79,Male,CO,4-year college degree,Republican,yes,yes,yes,Donald Trump,NA,pre
Sub1879,pre_participant_1338,2020-10-30T20:28:43Z,event-mazerace,dem_first,FALSE,daily,25,Male,WA,Some college,Democrat,yes,yes,no,Joe Biden,NA,pre
Sub1890,pre_participant_1344,2020-10-30T20:30:04Z,event-spr,dem_first,FALSE,daily,33,Male,GA,4-year college degree,Democrat,yes,yes,yes,Joe Biden,NA,pre
Sub1892,pre_participant_1345,2020-10-30T20:30:21Z,event-maze,rep_first,FALSE,daily,23,Male,HI,Professional degree,Republican,yes,yes,yes,Donald Trump,NA,pre
Sub1894,pre_participant_1346,2020-10-30T20:30:43Z,event-maze,rep_first,FALSE,daily,35,Female,MO,4-year college degree,Democrat,yes,yes,yes,Kamala Harris,NA,pre
Sub1900,pre_participant_1350,2020-10-30T20:31:16Z,mazerace-event,dem_first,FALSE,daily,26,Male,MA,Some college,None,yes,yes,no,Mike Pence,NA,pre
Sub1902,pre_participant_1351,2020-10-30T20:31:26Z,spr-event,dem_first,FALSE,daily,35,Female,NY,4-year college degree,Democrat,yes,yes,yes,Kamala Harris,NA,pre
Sub1903,pre_participant_1352,2020-10-30T20:32:08Z,cloze-event,dem_first,FALSE,monthly,26,Male,VA,Some college,Democrat,yes,yes,yes,Kamala Harris,NA,pre
Sub1905,pre_participant_1354,2020-10-30T20:32:25Z,spr-event,dem_first,FALSE,daily,43,Female,OH,4-year college degree,Other,yes,yes,yes,Kamala Harris,NA,pre
Sub1906,pre_participant_1355,2020-10-30T20:32:37Z,cloze-event,rep_first,FALSE,daily,38,Female,FM,Professional degree,Democrat,yes,yes,yes,Mike Pence,NA,pre
Sub1907,pre_participant_1356,2020-10-30T20:33:01Z,cloze-event,rep_first,FALSE,daily,55,Female,CA,Less than high school,Republican,yes,yes,yes,Donald Trump,NA,pre
Sub1909,pre_participant_1357,2020-10-30T20:33:19Z,maze-event,rep_first,FALSE,daily,55,Male,IA,Professional degree,Independent,yes,yes,yes,Donald Trump,NA,pre
Sub1911,pre_participant_1359,2020-10-30T20:33:49Z,cloze-event,rep_first,FALSE,daily,33,Female,OR,4-year college degree,Independent,yes,yes,yes,I don't care,NA,pre
Sub1913,pre_participant_1360,2020-10-30T20:34:36Z,spr-event,dem_first,FALSE,daily,23,Male,IL,4-year college degree,Rather not say,no,yes,yes,I'd rather not say,NA,pre
Sub1917,pre_participant_1361,2020-10-30T20:34:53Z,event-mazerace,rep_first,FALSE,daily,51,Female,NE,4-year college degree,Republican,yes,yes,yes,Mike Pence,NA,pre
Sub1919,pre_participant_1363,2020-10-30T20:35:31Z,event-mazerace,dem_first,FALSE,daily,30,Female,NC,2-year college degree,Democrat,yes,yes,yes,Kamala Harris,NA,pre
Sub1920,pre_participant_1364,2020-10-30T20:35:36Z,event-mazerace,rep_first,FALSE,daily,45,Female,TN,4-year college degree,Republican,yes,yes,yes,Donald Trump,NA,pre
Sub1921,pre_participant_1365,2020-10-30T20:35:44Z,event-cloze,rep_first,FALSE,weekly,27,Female,OR,4-year college degree,Republican,yes,yes,yes,Donald Trump,NA,pre
Sub1923,pre_participant_1366,2020-10-30T20:35:49Z,event-mazerace,rep_first,FALSE,daily,62,Female,GA,2-year college degree,Republican,yes,yes,yes,Mike Pence,NA,pre
Sub1926,pre_participant_1367,2020-10-30T20:36:34Z,spr-event,dem_first,FALSE,daily,34,Male,NY,4-year college degree,Democrat,yes,yes,yes,Kamala Harris,NA,pre
Sub1927,pre_participant_1368,2020-10-30T20:36:35Z,event-mazerace,rep_first,FALSE,daily,54,Male,OH,4-year college degree,Republican,yes,yes,yes,Donald Trump,NA,pre
Sub1928,pre_participant_1369,2020-10-30T20:36:35Z,maze-event,rep_first,FALSE,weekly,23,Male,CA,4-year college degree,Democrat,yes,yes,yes,Joe Biden,NA,pre
Sub1929,pre_participant_1370,2020-10-30T20:36:41Z,event-spr,rep_first,FALSE,daily,37,Female,PA,Some college,Democrat,yes,yes,yes,Kamala Harris,NA,pre
Sub1931,pre_participant_1371,2020-10-30T20:36:53Z,spr-event,dem_first,FALSE,daily,30,Female,IA,Professional degree,Democrat,yes,yes,yes,Kamala Harris,NA,pre
Sub1932,pre_participant_1372,2020-10-30T20:37:06Z,maze-event,rep_first,FALSE,daily,25,Male,IN,4-year college degree,Republican,no,yes,yes,Kamala Harris,NA,pre
Sub1935,pre_participant_1374,2020-10-30T20:37:37Z,maze-event,dem_first,FALSE,daily,25,Male,PA,Some college,Democrat,yes,yes,yes,Kamala Harris,NA,pre
Sub1937,pre_participant_1375,2020-10-30T20:38:01Z,spr-event,rep_first,FALSE,daily,23,Male,VA,4-year college degree,Democrat,yes,yes,yes,Joe Biden,NA,pre
Sub1938,pre_participant_1376,2020-10-30T20:38:07Z,event-maze,dem_first,FALSE,daily,37,Male,TX,Professional degree,Independent,yes,yes,yes,Donald Trump,NA,pre
Sub1948,pre_participant_1379,2020-10-30T20:39:15Z,cloze-event,rep_first,FALSE,daily,67,Female,SC,Professional degree,Democrat,yes,yes,yes,Mike Pence,NA,pre
Sub1952,pre_participant_1381,2020-10-30T20:39:40Z,cloze-event,dem_first,FALSE,daily,26,Female,AL,Some college,Independent,yes,yes,yes,I'd rather not say,NA,pre
Sub1960,pre_participant_1382,2020-10-30T20:41:06Z,event-mazerace,rep_first,FALSE,weekly,20,Female,other,Some college,Republican,yes,yes,yes,Kamala Harris,NA,pre
Sub1961,pre_participant_1383,2020-10-30T20:41:10Z,spr-event,rep_first,FALSE,daily,18,Male,CA,Less than high school,Democrat,yes,yes,no,Joe Biden,NA,pre
Sub1962,pre_participant_1384,2020-10-30T20:41:40Z,spr-event,dem_first,FALSE,daily,40,Male,CO,2-year college degree,Democrat,yes,yes,yes,Kamala Harris,NA,pre
Sub1964,pre_participant_1385,2020-10-30T20:42:06Z,cloze-event,dem_first,FALSE,daily,21,Female,NC,Some college,Independent,yes,yes,yes,Kamala Harris,NA,pre
Sub1966,pre_participant_1386,2020-10-30T20:42:08Z,event-mazerace,rep_first,FALSE,daily,51,Female,NC,4-year college degree,Independent,yes,yes,yes,Kamala Harris,NA,pre
Sub1971,pre_participant_1388,2020-10-30T20:42:34Z,maze-event,dem_first,FALSE,daily,41,Male,OH,4-year college degree,Independent,yes,yes,yes,Kamala Harris,NA,pre
Sub1972,pre_participant_1389,2020-10-30T20:43:06Z,event-cloze,rep_first,FALSE,daily,43,Male,OH,4-year college degree,Democrat,yes,yes,yes,Kamala Harris,NA,pre
Sub1973,pre_participant_1390,2020-10-30T20:43:16Z,event-spr,dem_first,FALSE,weekly,38,Female,MO,4-year college degree,Republican,yes,yes,yes,Mike Pence,NA,pre
Sub1975,pre_participant_1391,2020-10-30T20:43:28Z,event-cloze,dem_first,FALSE,weekly,47,Female,UT,Professional degree,Republican,yes,yes,yes,Kamala Harris,NA,pre
Sub1976,pre_participant_1392,2020-10-30T20:43:38Z,maze-event,rep_first,FALSE,daily,34,Female,WA,4-year college degree,Republican,yes,yes,yes,Mike Pence,NA,pre
Sub1978,pre_participant_1394,2020-10-30T20:43:41Z,event-cloze,rep_first,FALSE,daily,52,Female,IL,4-year college degree,Independent,yes,yes,yes,Mike Pence,NA,pre
Sub1979,pre_participant_1395,2020-10-30T20:43:51Z,mazerace-event,dem_first,FALSE,daily,19,Female,NC,High school graduate,Republican,yes,yes,yes,Mike Pence,NA,pre
Sub1982,pre_participant_1396,2020-10-30T20:43:59Z,event-cloze,dem_first,FALSE,never,46,Female,TX,Some college,Independent,yes,yes,yes,Mike Pence,NA,pre
Sub1983,pre_participant_1397,2020-10-30T20:43:59Z,event-spr,rep_first,FALSE,daily,27,Female,KY,Some college,Democrat,yes,yes,yes,Joe Biden,NA,pre
Sub1986,pre_participant_1399,2020-10-30T20:44:13Z,spr-event,rep_first,FALSE,weekly,26,Male,CA,Some college,Democrat,yes,yes,yes,Joe Biden,NA,pre
Sub1989,pre_participant_1401,2020-10-30T20:44:29Z,event-mazerace,dem_first,FALSE,daily,74,Female,KS,4-year college degree,Republican,yes,yes,yes,Donald Trump,NA,pre
Sub1991,pre_participant_1402,2020-10-30T20:44:50Z,maze-event,rep_first,FALSE,daily,41,Female,CA,Professional degree,Independent,yes,yes,yes,Mike Pence,NA,pre
Sub1992,pre_participant_1403,2020-10-30T20:44:54Z,spr-event,dem_first,FALSE,daily,30,Female,TN,Some college,Democrat,yes,yes,yes,Kamala Harris,NA,pre
Sub1994,pre_participant_1404,2020-10-30T20:45:11Z,event-maze,rep_first,FALSE,daily,NA,Female,AR,Some college,Republican,yes,yes,yes,Donald Trump,NA,pre
Sub1995,pre_participant_1405,2020-10-30T20:45:13Z,mazerace-event,dem_first,FALSE,daily,34,Male,NY,4-year college degree,Democrat,yes,yes,yes,Joe Biden,NA,pre
Sub1997,pre_participant_1406,2020-10-30T20:45:27Z,cloze-event,rep_first,FALSE,daily,62,Female,CA,4-year college degree,Republican,yes,yes,yes,I don't care,NA,pre
Sub1998,pre_participant_1407,2020-10-30T20:45:27Z,cloze-event,dem_first,FALSE,weekly,30,Female,GA,4-year college degree,Democrat,yes,yes,yes,Joe Biden,NA,pre
Sub2004,pre_participant_1408,2020-10-30T20:45:48Z,cloze-event,rep_first,FALSE,daily,28,Male,WA,Professional degree,Democrat,yes,yes,yes,Joe Biden,NA,pre
Sub2006,pre_participant_1410,2020-10-30T20:45:54Z,spr-event,dem_first,FALSE,daily,41,Female,WA,4-year college degree,Democrat,yes,yes,yes,Kamala Harris,NA,pre
Sub2007,pre_participant_1411,2020-10-30T20:45:55Z,event-spr,dem_first,FALSE,daily,42,Female,CA,Professional degree,Democrat,yes,yes,yes,Joe Biden,NA,pre
Sub2010,pre_participant_1412,2020-10-30T20:46:33Z,mazerace-event,dem_first,FALSE,weekly,28,Female,KS,4-year college degree,Republican,yes,yes,yes,Donald Trump,NA,pre
Sub2012,pre_participant_1414,2020-10-30T20:46:41Z,event-maze,rep_first,FALSE,daily,47,Female,MI,Some college,Republican,yes,yes,yes,Mike Pence,NA,pre
Sub2014,pre_participant_1415,2020-10-30T20:47:31Z,event-maze,dem_first,FALSE,daily,42,Female,AZ,4-year college degree,Democrat,yes,yes,yes,Joe Biden,NA,pre
Sub2016,pre_participant_1416,2020-10-30T20:47:55Z,event-mazerace,dem_first,FALSE,daily,33,Female,CA,4-year college degree,Democrat,yes,yes,yes,Kamala Harris,NA,pre
Sub2018,pre_participant_1417,2020-10-30T20:47:58Z,event-spr,dem_first,FALSE,daily,70,Male,IN,4-year college degree,Democrat,yes,yes,yes,Kamala Harris,NA,pre
Sub2019,pre_participant_1418,2020-10-30T20:48:06Z,spr-event,dem_first,FALSE,daily,38,Male,CA,4-year college degree,Independent,yes,yes,yes,Joe Biden,NA,pre
Sub2020,pre_participant_1419,2020-10-30T20:48:10Z,cloze-event,rep_first,FALSE,daily,23,Male,TX,2-year college degree,Republican,yes,yes,yes,Mike Pence,NA,pre
Sub2022,pre_participant_1420,2020-10-30T20:48:43Z,mazerace-event,rep_first,FALSE,weekly,32,Female,TX,Professional degree,Independent,yes,yes,yes,Joe Biden,NA,pre
Sub2026,pre_participant_1422,2020-10-30T20:48:51Z,event-cloze,rep_first,FALSE,weekly,20,Male,NJ,4-year college degree,Independent,yes,yes,yes,Kamala Harris,NA,pre
Sub2029,pre_participant_1424,2020-10-30T20:49:37Z,mazerace-event,rep_first,FALSE,daily,59,Female,CA,4-year college degree,Democrat,yes,yes,yes,Joe Biden,NA,pre
Sub2031,pre_participant_1426,2020-10-30T20:49:48Z,event-spr,rep_first,FALSE,weekly,20,Male,CA,4-year college degree,Independent,yes,yes,no,Donald Trump,NA,pre
Sub2032,pre_participant_1427,2020-10-30T20:49:53Z,mazerace-event,rep_first,FALSE,daily,33,Male,TX,Professional degree,Democrat,yes,yes,yes,Joe Biden,NA,pre
Sub2043,pre_participant_1431,2020-10-30T20:51:03Z,event-cloze,rep_first,FALSE,weekly,25,Female,CA,4-year college degree,Democrat,yes,yes,yes,Joe Biden,NA,pre
Sub2045,pre_participant_1432,2020-10-30T20:51:33Z,spr-event,dem_first,FALSE,daily,27,Female,NY,4-year college degree,None,yes,yes,yes,Joe Biden,NA,pre
Sub2046,pre_participant_1433,2020-10-30T20:51:54Z,event-maze,dem_first,FALSE,daily,23,Male,TX,4-year college degree,Republican,yes,yes,yes,Kamala Harris,NA,pre
Sub2048,pre_participant_1434,2020-10-30T20:52:16Z,cloze-event,rep_first,FALSE,daily,57,Female,AZ,Some college,Independent,yes,yes,yes,Joe Biden,NA,pre
Sub2052,pre_participant_1436,2020-10-30T20:52:33Z,event-cloze,rep_first,FALSE,daily,27,Male,NC,Professional degree,Independent,yes,yes,yes,Kamala Harris,NA,pre
Sub2058,pre_participant_1438,2020-10-30T20:53:45Z,cloze-event,rep_first,FALSE,weekly,27,Male,WI,4-year college degree,Independent,yes,yes,yes,I don't care,NA,pre
Sub2060,pre_participant_1439,2020-10-30T20:54:12Z,spr-event,rep_first,FALSE,daily,40,Male,FL,4-year college degree,Democrat,yes,yes,yes,Joe Biden,NA,pre
Sub2061,pre_participant_1440,2020-10-30T20:54:21Z,event-maze,rep_first,FALSE,daily,25,Male,VA,Professional degree,Democrat,yes,yes,yes,Joe Biden,NA,pre
Sub2063,pre_participant_1442,2020-10-30T20:54:34Z,maze-event,dem_first,FALSE,daily,25,Male,TX,Some college,Independent,yes,yes,yes,Donald Trump,NA,pre
Sub2065,pre_participant_1443,2020-10-30T20:54:44Z,mazerace-event,rep_first,FALSE,daily,31,Female,IN,Professional degree,Democrat,no,yes,no,Kamala Harris,NA,pre
Sub2068,pre_participant_1444,2020-10-30T20:55:32Z,event-spr,rep_first,FALSE,daily,67,Female,IL,Professional degree,Republican,yes,yes,yes,Donald Trump,NA,pre
Sub2069,pre_participant_1445,2020-10-30T20:55:37Z,event-maze,rep_first,FALSE,daily,29,Male,WA,4-year college degree,Republican,yes,yes,yes,Kamala Harris,NA,pre
Sub2073,pre_participant_1447,2020-10-30T20:56:16Z,maze-event,dem_first,FALSE,daily,71,Female,NY,Professional degree,Republican,yes,yes,yes,I don't care,NA,pre
Sub2084,pre_participant_1450,2020-10-30T20:58:17Z,event-mazerace,rep_first,FALSE,daily,21,Male,other,Some college,Democrat,yes,yes,no,Joe Biden,NA,pre
Sub2088,pre_participant_1451,2020-10-30T20:59:09Z,cloze-event,rep_first,FALSE,daily,54,Female,TX,High school graduate,Republican,yes,yes,yes,Mike Pence,NA,pre
Sub2090,pre_participant_1452,2020-10-30T20:59:30Z,event-spr,rep_first,FALSE,daily,58,Male,CT,Professional degree,Independent,yes,yes,yes,Joe Biden,NA,pre
Sub2091,pre_participant_1453,2020-10-30T20:59:42Z,maze-event,dem_first,FALSE,daily,35,Female,HI,4-year college degree,Democrat,yes,yes,yes,Kamala Harris,NA,pre
Sub2094,pre_participant_1454,2020-10-30T20:59:49Z,mazerace-event,rep_first,FALSE,daily,44,Male,NC,4-year college degree,Democrat,yes,yes,yes,Kamala Harris,NA,pre
Sub2095,pre_participant_1455,2020-10-30T20:59:49Z,spr-event,rep_first,FALSE,daily,26,Male,FL,4-year college degree,Democrat,yes,yes,yes,Joe Biden,NA,pre
Sub2098,pre_participant_1457,2020-10-30T21:00:27Z,maze-event,rep_first,FALSE,daily,34,Female,other,High school graduate,Democrat,no,yes,no,Joe Biden,NA,pre
Sub2102,pre_participant_1458,2020-10-30T21:01:08Z,event-mazerace,dem_first,FALSE,daily,32,Male,NY,Professional degree,Other,yes,yes,yes,Joe Biden,NA,pre
Sub2103,pre_participant_1459,2020-10-30T21:01:08Z,event-cloze,rep_first,FALSE,daily,40,Male,CA,4-year college degree,Republican,yes,yes,yes,Mike Pence,NA,pre
Sub2104,pre_participant_1460,2020-10-30T21:01:12Z,mazerace-event,dem_first,FALSE,daily,22,Female,NY,4-year college degree,Democrat,yes,yes,yes,Kamala Harris,NA,pre
Sub2108,pre_participant_1462,2020-10-30T21:01:58Z,mazerace-event,rep_first,FALSE,daily,54,Female,MA,Some college,Democrat,yes,yes,yes,Mike Pence,NA,pre
Sub2110,pre_participant_1464,2020-10-30T21:02:10Z,spr-event,dem_first,FALSE,daily,31,Female,AZ,4-year college degree,Democrat,yes,yes,yes,Joe Biden,NA,pre
Sub2117,pre_participant_1466,2020-10-30T21:02:55Z,event-maze,dem_first,FALSE,daily,39,Male,MI,Some college,Democrat,yes,yes,yes,Joe Biden,NA,pre
Sub2118,pre_participant_1467,2020-10-30T21:03:06Z,spr-event,rep_first,FALSE,weekly,26,Male,DC,2-year college degree,Independent,no,yes,no,Donald Trump,NA,pre
Sub2121,pre_participant_1469,2020-10-30T21:03:43Z,event-cloze,dem_first,FALSE,daily,45,Male,AR,2-year college degree,Republican,yes,yes,yes,Donald Trump,NA,pre
Sub2123,pre_participant_1471,2020-10-30T21:03:48Z,cloze-event,dem_first,FALSE,monthly,29,Female,CO,4-year college degree,Independent,yes,yes,yes,Joe Biden,NA,pre
Sub2126,pre_participant_1473,2020-10-30T21:04:56Z,event-maze,rep_first,FALSE,daily,30,Male,CA,4-year college degree,Other,yes,yes,yes,Kamala Harris,NA,pre
Sub2131,pre_participant_1475,2020-10-30T21:05:36Z,mazerace-event,rep_first,FALSE,daily,45,Female,other,4-year college degree,Democrat,yes,yes,yes,Kamala Harris,NA,pre
Sub2133,pre_participant_1477,2020-10-30T21:06:28Z,event-spr,dem_first,FALSE,daily,31,Male,PR,Professional degree,Rather not say,yes,yes,yes,Joe Biden,NA,pre
Sub2134,pre_participant_1478,2020-10-30T21:06:29Z,cloze-event,dem_first,FALSE,daily,67,Male,FL,2-year college degree,Republican,yes,yes,yes,Donald Trump,NA,pre
Sub2141,pre_participant_1479,2020-10-30T21:06:57Z,cloze-event,rep_first,FALSE,weekly,24,Female,IA,Less than high school,Independent,yes,yes,yes,Kamala Harris,NA,pre
Sub2142,pre_participant_1480,2020-10-30T21:06:59Z,maze-event,dem_first,FALSE,daily,35,Male,MD,4-year college degree,Democrat,yes,yes,yes,Joe Biden,NA,pre
Sub2147,pre_participant_1483,2020-10-30T21:07:37Z,maze-event,dem_first,FALSE,daily,32,Male,CA,Professional degree,Independent,yes,yes,yes,Kamala Harris,NA,pre
Sub2148,pre_participant_1484,2020-10-30T21:07:37Z,spr-event,rep_first,FALSE,daily,39,Female,FL,4-year college degree,Republican,yes,yes,yes,Donald Trump,NA,pre
Sub2151,pre_participant_1486,2020-10-30T21:07:52Z,event-spr,rep_first,FALSE,daily,59,Male,FL,Professional degree,Republican,yes,yes,yes,Mike Pence,NA,pre
Sub2152,pre_participant_1487,2020-10-30T21:07:54Z,mazerace-event,dem_first,FALSE,daily,37,Male,FL,Some college,Democrat,yes,yes,yes,Kamala Harris,NA,pre
Sub2154,pre_participant_1488,2020-10-30T21:08:08Z,maze-event,rep_first,FALSE,daily,37,Female,other,2-year college degree,Independent,no,yes,no,Joe Biden,NA,pre
Sub2156,pre_participant_1490,2020-10-30T21:08:20Z,maze-event,rep_first,FALSE,daily,48,Female,AZ,4-year college degree,Democrat,yes,yes,yes,Joe Biden,NA,pre
Sub2157,pre_participant_1491,2020-10-30T21:08:30Z,mazerace-event,dem_first,FALSE,daily,58,Female,NJ,Some college,Independent,yes,yes,yes,I don't care,NA,pre
Sub2158,pre_participant_1492,2020-10-30T21:08:33Z,maze-event,dem_first,FALSE,daily,24,Male,CT,2-year college degree,Independent,yes,yes,yes,I don't care,NA,pre
Sub2165,pre_participant_1496,2020-10-30T21:09:11Z,event-spr,dem_first,FALSE,daily,50,Female,CO,4-year college degree,Independent,yes,yes,yes,Joe Biden,NA,pre
Sub2166,pre_participant_1497,2020-10-30T21:09:13Z,event-mazerace,dem_first,FALSE,daily,44,Male,MD,Professional degree,Democrat,yes,yes,yes,Kamala Harris,NA,pre
Sub2167,pre_participant_1498,2020-10-30T21:09:30Z,event-spr,dem_first,FALSE,daily,29,Male,MN,4-year college degree,Democrat,yes,yes,yes,Kamala Harris,NA,pre
Sub2173,pre_participant_1499,2020-10-30T21:09:53Z,event-maze,rep_first,FALSE,weekly,39,Male,DC,Professional degree,Independent,no,yes,no,Joe Biden,NA,pre
Sub2174,pre_participant_1500,2020-10-30T21:10:04Z,event-maze,dem_first,FALSE,daily,50,Female,SC,4-year college degree,Republican,yes,yes,yes,Mike Pence,NA,pre
Sub2177,pre_participant_1501,2020-10-30T21:10:20Z,cloze-event,rep_first,FALSE,daily,55,Female,AZ,Professional degree,None,yes,yes,yes,Mike Pence,NA,pre
Sub2179,pre_participant_1502,2020-10-30T21:10:21Z,spr-event,dem_first,FALSE,daily,49,Male,TX,4-year college degree,Democrat,yes,yes,yes,Kamala Harris,NA,pre
Sub2180,pre_participant_1503,2020-10-30T21:10:35Z,event-spr,rep_first,FALSE,weekly,36,Female,NM,2-year college degree,Democrat,yes,yes,yes,Joe Biden,NA,pre
Sub2181,pre_participant_1504,2020-10-30T21:10:51Z,event-spr,dem_first,FALSE,daily,62,Female,CA,Some college,Democrat,yes,yes,yes,Joe Biden,NA,pre
Sub2186,pre_participant_1505,2020-10-30T21:11:57Z,maze-event,rep_first,FALSE,daily,35,Female,WA,4-year college degree,Democrat,yes,yes,yes,Kamala Harris,NA,pre
Sub2189,pre_participant_1506,2020-10-30T21:12:17Z,maze-event,rep_first,FALSE,weekly,52,Female,OR,4-year college degree,Democrat,yes,yes,yes,Joe Biden,NA,pre
Sub2203,pre_participant_1514,2020-10-30T21:13:56Z,event-cloze,dem_first,FALSE,daily,59,Female,MA,High school graduate,Independent,yes,yes,yes,Donald Trump,NA,pre
Sub2204,pre_participant_1515,2020-10-30T21:14:13Z,mazerace-event,rep_first,FALSE,daily,23,Male,OH,Some college,Democrat,yes,yes,yes,Joe Biden,NA,pre
Sub2205,pre_participant_1516,2020-10-30T21:14:21Z,mazerace-event,rep_first,FALSE,daily,35,Female,FL,Some college,Independent,yes,yes,yes,Joe Biden,NA,pre
Sub2206,pre_participant_1517,2020-10-30T21:14:27Z,maze-event,dem_first,FALSE,daily,33,Female,FL,4-year college degree,Democrat,yes,yes,yes,Joe Biden,NA,pre
Sub2208,pre_participant_1519,2020-10-30T21:14:43Z,maze-event,rep_first,FALSE,daily,21,Male,other,High school graduate,Republican,no,yes,no,Donald Trump,NA,pre
Sub2215,pre_participant_1522,2020-10-30T21:15:47Z,spr-event,rep_first,FALSE,daily,28,Male,ND,Some college,Republican,yes,yes,yes,Mike Pence,NA,pre
Sub2216,pre_participant_1523,2020-10-30T21:16:08Z,event-spr,rep_first,FALSE,daily,42,Female,CO,4-year college degree,Republican,yes,yes,yes,Donald Trump,NA,pre
Sub2219,pre_participant_1524,2020-10-30T21:16:39Z,maze-event,dem_first,FALSE,daily,27,Female,CA,4-year college degree,Democrat,yes,yes,yes,Joe Biden,NA,pre
Sub2220,pre_participant_1525,2020-10-30T21:16:44Z,mazerace-event,dem_first,FALSE,weekly,19,Female,UT,Some college,Democrat,yes,yes,no,Joe Biden,NA,pre
Sub2225,pre_participant_1527,2020-10-30T21:17:42Z,spr-event,dem_first,FALSE,daily,44,Female,IA,Some college,Democrat,yes,yes,yes,Joe Biden,NA,pre
Sub2231,pre_participant_1528,2020-10-30T21:20:12Z,event-cloze,dem_first,FALSE,weekly,33,Female,FL,Professional degree,Republican,yes,yes,yes,I don't care,NA,pre
Sub2233,pre_participant_1529,2020-10-30T21:20:23Z,cloze-event,rep_first,FALSE,daily,23,Male,CA,Professional degree,None,yes,yes,yes,Mike Pence,NA,pre
Sub2243,pre_participant_1531,2020-10-30T21:23:11Z,mazerace-event,rep_first,FALSE,daily,46,Male,CA,High school graduate,Republican,yes,yes,yes,Mike Pence,NA,pre
Sub2245,pre_participant_1532,2020-10-30T21:23:39Z,event-spr,rep_first,FALSE,daily,26,Male,GA,Some college,Democrat,yes,yes,yes,Joe Biden,NA,pre
Sub2252,pre_participant_1533,2020-10-30T21:25:41Z,event-maze,dem_first,FALSE,daily,47,Female,GA,2-year college degree,Republican,yes,yes,yes,Mike Pence,NA,pre
Sub2266,pre_participant_1535,2020-10-30T21:28:33Z,mazerace-event,dem_first,FALSE,daily,48,Female,TX,4-year college degree,Independent,yes,yes,yes,Kamala Harris,NA,pre
Sub2275,pre_participant_1538,2020-10-30T21:30:01Z,spr-event,rep_first,FALSE,weekly,35,Female,other,4-year college degree,Democrat,no,yes,no,Kamala Harris,NA,pre
Sub2277,pre_participant_1539,2020-10-30T21:30:22Z,spr-event,rep_first,FALSE,daily,59,Male,NH,4-year college degree,Republican,yes,yes,yes,Joe Biden,NA,pre
Sub2283,pre_participant_1540,2020-10-30T21:30:43Z,cloze-event,rep_first,FALSE,weekly,27,Male,FL,4-year college degree,Republican,yes,yes,yes,Donald Trump,NA,pre
Sub2284,pre_participant_1541,2020-10-30T21:30:50Z,event-maze,dem_first,FALSE,daily,39,Male,AR,High school graduate,Independent,yes,yes,yes,Mike Pence,NA,pre
Sub2286,pre_participant_1543,2020-10-30T21:31:18Z,event-cloze,rep_first,FALSE,daily,43,Female,PA,Professional degree,Republican,yes,yes,yes,Mike Pence,NA,pre
Sub2289,pre_participant_1544,2020-10-30T21:31:49Z,spr-event,rep_first,FALSE,monthly,28,Female,other,4-year college degree,Republican,no,yes,no,Joe Biden,NA,pre
Sub2291,pre_participant_1545,2020-10-30T21:31:58Z,mazerace-event,rep_first,FALSE,daily,53,Female,other,2-year college degree,Republican,yes,yes,yes,Mike Pence,NA,pre
Sub2292,pre_participant_1546,2020-10-30T21:32:11Z,spr-event,rep_first,FALSE,weekly,45,Male,TX,Doctorate,Republican,yes,yes,yes,Mike Pence,NA,pre
Sub2294,pre_participant_1547,2020-10-30T21:32:32Z,cloze-event,rep_first,FALSE,weekly,22,Male,CA,4-year college degree,Democrat,yes,yes,yes,I don't care,NA,pre
Sub2296,pre_participant_1548,2020-10-30T21:33:01Z,spr-event,rep_first,FALSE,daily,19,Female,CA,Some college,None,yes,yes,yes,Joe Biden,NA,pre
Sub2300,pre_participant_1549,2020-10-30T21:33:29Z,spr-event,rep_first,FALSE,daily,45,Male,NJ,4-year college degree,Republican,yes,yes,yes,Mike Pence,NA,pre
Sub2305,pre_participant_1552,2020-10-30T21:35:16Z,event-mazerace,dem_first,FALSE,weekly,24,Female,HI,4-year college degree,Independent,yes,yes,yes,Mike Pence,NA,pre
Sub2306,pre_participant_1553,2020-10-30T21:35:29Z,event-cloze,rep_first,FALSE,daily,42,Female,CA,4-year college degree,Republican,yes,yes,yes,Joe Biden,NA,pre
Sub2308,pre_participant_1554,2020-10-30T21:35:40Z,event-maze,rep_first,FALSE,daily,40,Male,CA,Some college,Democrat,yes,yes,yes,Joe Biden,NA,pre
Sub2312,pre_participant_1556,2020-10-30T21:36:02Z,event-maze,dem_first,FALSE,daily,35,Female,GA,Some college,Democrat,yes,yes,yes,Joe Biden,NA,pre
Sub2315,pre_participant_1558,2020-10-30T21:36:28Z,event-cloze,rep_first,FALSE,weekly,25,Male,CA,Doctorate,Democrat,yes,yes,yes,Joe Biden,NA,pre
Sub2317,pre_participant_1560,2020-10-30T21:36:42Z,cloze-event,rep_first,FALSE,daily,49,Male,VA,2-year college degree,Democrat,yes,yes,yes,Kamala Harris,NA,pre
Sub2320,pre_participant_1561,2020-10-30T21:37:34Z,mazerace-event,rep_first,FALSE,daily,62,Female,OR,2-year college degree,Democrat,yes,yes,yes,Joe Biden,NA,pre
Sub2321,pre_participant_1562,2020-10-30T21:37:34Z,event-mazerace,dem_first,FALSE,daily,29,Female,WA,4-year college degree,Democrat,yes,yes,yes,Kamala Harris,NA,pre
Sub2323,pre_participant_1564,2020-10-30T21:38:10Z,cloze-event,dem_first,FALSE,daily,35,Male,CA,High school graduate,Republican,yes,yes,yes,Donald Trump,NA,pre
Sub2329,pre_participant_1566,2020-10-30T21:39:11Z,event-maze,rep_first,FALSE,daily,36,Male,SC,High school graduate,Independent,yes,yes,yes,Mike Pence,NA,pre
Sub2328,pre_participant_1567,2020-10-30T21:39:07Z,spr-event,rep_first,FALSE,weekly,58,Male,CA,High school graduate,Republican,yes,yes,yes,Donald Trump,NA,pre
Sub2330,pre_participant_1568,2020-10-30T21:39:20Z,mazerace-event,rep_first,FALSE,daily,45,Male,MO,4-year college degree,Republican,yes,yes,yes,Mike Pence,NA,pre
Sub2332,pre_participant_1569,2020-10-30T21:39:26Z,maze-event,rep_first,FALSE,daily,38,Female,WA,Professional degree,Democrat,yes,yes,yes,Joe Biden,NA,pre
Sub2333,pre_participant_1570,2020-10-30T21:39:35Z,cloze-event,dem_first,FALSE,daily,37,Male,CT,4-year college degree,Democrat,yes,yes,yes,Joe Biden,NA,pre
Sub2339,pre_participant_1572,2020-10-30T21:40:51Z,spr-event,rep_first,FALSE,daily,24,Female,UT,4-year college degree,Republican,yes,yes,yes,Mike Pence,NA,pre
Sub2344,pre_participant_1574,2020-10-30T21:41:12Z,spr-event,rep_first,FALSE,daily,38,Female,CO,4-year college degree,Democrat,yes,yes,yes,Joe Biden,NA,pre
Sub2345,pre_participant_1575,2020-10-30T21:41:12Z,spr-event,rep_first,FALSE,daily,29,Female,CA,Professional degree,Democrat,yes,yes,yes,Kamala Harris,NA,pre
Sub2348,pre_participant_1576,2020-10-30T21:41:15Z,mazerace-event,rep_first,FALSE,weekly,48,Female,KS,4-year college degree,Independent,yes,yes,yes,Mike Pence,NA,pre
Sub2355,pre_participant_1578,2020-10-30T21:42:22Z,event-mazerace,rep_first,FALSE,daily,28,Female,TX,Some college,Other,no,yes,no,Joe Biden,NA,pre
Sub2359,pre_participant_1579,2020-10-30T21:43:19Z,event-spr,dem_first,FALSE,daily,69,Male,WI,Professional degree,Republican,yes,yes,yes,Mike Pence,NA,pre
Sub2363,pre_participant_1580,2020-10-30T21:43:42Z,event-cloze,rep_first,FALSE,daily,50,Female,FL,4-year college degree,Republican,yes,yes,yes,Donald Trump,NA,pre
Sub2366,pre_participant_1581,2020-10-30T21:43:56Z,event-spr,dem_first,FALSE,daily,24,Female,NY,2-year college degree,Independent,yes,yes,yes,I don't care,NA,pre
Sub2374,pre_participant_1586,2020-10-30T21:44:35Z,maze-event,rep_first,FALSE,daily,61,Male,TX,Some college,Democrat,yes,yes,yes,Kamala Harris,NA,pre
Sub2377,pre_participant_1588,2020-10-30T21:44:52Z,spr-event,rep_first,FALSE,weekly,28,Female,CA,4-year college degree,Republican,yes,yes,yes,Donald Trump,NA,pre
Sub2378,pre_participant_1589,2020-10-30T21:45:07Z,cloze-event,dem_first,FALSE,daily,38,Male,NY,4-year college degree,Democrat,yes,yes,yes,Kamala Harris,NA,pre
Sub2379,pre_participant_1590,2020-10-30T21:45:13Z,mazerace-event,rep_first,FALSE,daily,35,Female,MN,High school graduate,Independent,yes,yes,yes,I don't care,NA,pre
Sub2380,pre_participant_1591,2020-10-30T21:45:17Z,mazerace-event,rep_first,FALSE,daily,64,Male,OR,Doctorate,Democrat,yes,yes,yes,Joe Biden,NA,pre
Sub2388,pre_participant_1593,2020-10-30T21:46:20Z,event-spr,dem_first,FALSE,daily,64,Male,NY,4-year college degree,Independent,yes,yes,yes,Kamala Harris,NA,pre
Sub2392,pre_participant_1595,2020-10-30T21:46:44Z,mazerace-event,rep_first,FALSE,never,31,Male,OR,High school graduate,Independent,yes,yes,yes,Kamala Harris,NA,pre
Sub2393,pre_participant_1596,2020-10-30T21:46:44Z,spr-event,rep_first,FALSE,less than monthly,36,Male,HI,4-year college degree,Independent,yes,yes,yes,Mike Pence,NA,pre
Sub2394,pre_participant_1598,2020-10-30T21:46:51Z,event-spr,rep_first,FALSE,daily,61,Male,NM,4-year college degree,Other,yes,yes,yes,I don't care,NA,pre
Sub2398,pre_participant_1600,2020-10-30T21:47:14Z,cloze-event,rep_first,FALSE,daily,18,Female,MI,Some college,None,no,yes,no,Joe Biden,NA,pre
Sub2400,pre_participant_1601,2020-10-30T21:47:24Z,spr-event,dem_first,FALSE,daily,63,Female,FL,Some college,Democrat,yes,yes,yes,Joe Biden,NA,pre
Sub2401,pre_participant_1602,2020-10-30T21:47:25Z,cloze-event,rep_first,FALSE,weekly,32,Male,NC,4-year college degree,Independent,yes,yes,yes,Donald Trump,NA,pre
Sub2405,pre_participant_1604,2020-10-30T21:48:07Z,mazerace-event,dem_first,FALSE,daily,38,Male,NY,Professional degree,Democrat,yes,yes,yes,Kamala Harris,NA,pre
Sub2406,pre_participant_1605,2020-10-30T21:48:15Z,cloze-event,rep_first,FALSE,daily,37,Female,NJ,Some college,Rather not say,yes,yes,yes,Joe Biden,NA,pre
Sub2408,pre_participant_1607,2020-10-30T21:48:22Z,maze-event,dem_first,FALSE,daily,39,Male,TX,4-year college degree,Republican,yes,yes,yes,Mike Pence,NA,pre
Sub2412,pre_participant_1608,2020-10-30T21:48:47Z,cloze-event,dem_first,FALSE,daily,30,Female,ID,4-year college degree,Democrat,yes,yes,yes,Joe Biden,NA,pre
Sub2413,pre_participant_1609,2020-10-30T21:49:10Z,cloze-event,rep_first,FALSE,daily,55,Female,MI,2-year college degree,Independent,yes,yes,yes,Kamala Harris,NA,pre
Sub2414,pre_participant_1610,2020-10-30T21:49:14Z,spr-event,rep_first,FALSE,daily,26,Female,CA,Some college,Democrat,yes,yes,yes,Kamala Harris,NA,pre
Sub2416,pre_participant_1611,2020-10-30T21:49:36Z,spr-event,dem_first,FALSE,daily,58,Female,TN,High school graduate,Republican,yes,yes,yes,Donald Trump,NA,pre
Sub2417,pre_participant_1612,2020-10-30T21:49:42Z,cloze-event,dem_first,FALSE,weekly,27,Male,CA,4-year college degree,Republican,yes,yes,yes,Donald Trump,NA,pre
Sub2419,pre_participant_1613,2020-10-30T21:49:50Z,mazerace-event,rep_first,FALSE,daily,57,Female,OR,4-year college degree,Democrat,yes,yes,yes,Joe Biden,NA,pre
Sub2425,pre_participant_1616,2020-10-30T21:50:36Z,maze-event,rep_first,FALSE,weekly,18,Male,CT,High school graduate,Rather not say,no,yes,no,I don't care,NA,pre
Sub2428,pre_participant_1617,2020-10-30T21:51:01Z,mazerace-event,rep_first,FALSE,daily,24,Female,NJ,4-year college degree,Independent,yes,yes,yes,Joe Biden,NA,pre
Sub2430,pre_participant_1619,2020-10-30T21:51:33Z,spr-event,dem_first,FALSE,daily,33,Female,TX,4-year college degree,Other,yes,yes,yes,Kamala Harris,NA,pre
Sub2431,pre_participant_1620,2020-10-30T21:51:46Z,event-cloze,rep_first,FALSE,daily,28,Male,IL,4-year college degree,Democrat,yes,yes,yes,Kamala Harris,NA,pre
Sub2432,pre_participant_1621,2020-10-30T21:52:07Z,event-maze,dem_first,FALSE,daily,33,Female,CA,4-year college degree,Independent,yes,yes,yes,Joe Biden,NA,pre
Sub2434,pre_participant_1622,2020-10-30T21:52:17Z,maze-event,dem_first,FALSE,daily,29,Female,OR,4-year college degree,Democrat,yes,yes,yes,Joe Biden,NA,pre
Sub2437,pre_participant_1623,2020-10-30T21:52:37Z,event-mazerace,rep_first,FALSE,weekly,34,Male,other,4-year college degree,Democrat,no,yes,no,Donald Trump,NA,pre
Sub2438,pre_participant_1624,2020-10-30T21:52:41Z,mazerace-event,rep_first,FALSE,daily,28,Female,FL,4-year college degree,Independent,yes,yes,yes,Kamala Harris,NA,pre
Sub2441,pre_participant_1626,2020-10-30T21:52:55Z,event-spr,rep_first,FALSE,daily,59,Male,MN,4-year college degree,Independent,yes,yes,yes,Donald Trump,NA,pre
Sub2444,pre_participant_1627,2020-10-30T21:53:30Z,spr-event,rep_first,FALSE,daily,33,Male,CA,4-year college degree,Democrat,yes,yes,yes,Joe Biden,NA,pre
Sub2445,pre_participant_1628,2020-10-30T21:53:31Z,spr-event,rep_first,FALSE,daily,33,Female,VA,Professional degree,Republican,yes,yes,yes,Mike Pence,NA,pre
Sub2448,pre_participant_1630,2020-10-30T21:53:50Z,event-mazerace,rep_first,FALSE,weekly,24,Female,CA,4-year college degree,Democrat,yes,yes,yes,Joe Biden,NA,pre
Sub2449,pre_participant_1631,2020-10-30T21:53:58Z,mazerace-event,dem_first,FALSE,weekly,37,Female,AL,High school graduate,Independent,yes,yes,yes,Mike Pence,NA,pre
Sub2456,pre_participant_1633,2020-10-30T21:54:49Z,event-spr,rep_first,FALSE,daily,55,Female,WV,2-year college degree,Republican,yes,yes,yes,Kamala Harris,NA,pre
Sub2457,pre_participant_1634,2020-10-30T21:54:55Z,cloze-event,rep_first,FALSE,weekly,38,Female,NY,Doctorate,Democrat,yes,yes,yes,Joe Biden,NA,pre
Sub2458,pre_participant_1635,2020-10-30T21:54:56Z,mazerace-event,rep_first,FALSE,weekly,31,Female,FL,2-year college degree,Independent,yes,yes,yes,Joe Biden,NA,pre
Sub2463,pre_participant_1637,2020-10-30T21:55:31Z,spr-event,dem_first,FALSE,daily,38,Male,TX,4-year college degree,Democrat,yes,yes,yes,Kamala Harris,NA,pre
Sub2467,pre_participant_1638,2020-10-30T21:56:38Z,maze-event,dem_first,FALSE,daily,38,Male,CA,4-year college degree,Democrat,yes,yes,yes,Kamala Harris,NA,pre
Sub2470,pre_participant_1639,2020-10-30T21:56:44Z,event-maze,dem_first,FALSE,daily,64,Male,other,Some college,Republican,yes,yes,yes,Mike Pence,NA,pre
Sub2471,pre_participant_1640,2020-10-30T21:56:58Z,mazerace-event,dem_first,FALSE,daily,46,Female,ID,4-year college degree,Democrat,yes,yes,yes,Joe Biden,NA,pre
Sub2473,pre_participant_1642,2020-10-30T21:57:28Z,event-cloze,dem_first,FALSE,daily,42,Female,CA,4-year college degree,Democrat,yes,yes,yes,Donald Trump,NA,pre
Sub2479,pre_participant_1645,2020-10-30T21:58:44Z,maze-event,dem_first,FALSE,daily,45,Female,NC,High school graduate,Independent,yes,yes,yes,Kamala Harris,NA,pre
Sub2481,pre_participant_1647,2020-10-30T21:59:17Z,cloze-event,dem_first,FALSE,daily,58,Female,MD,Professional degree,Republican,yes,yes,yes,Kamala Harris,NA,pre
Sub2484,pre_participant_1648,2020-10-30T21:59:39Z,maze-event,rep_first,FALSE,daily,36,Male,OH,Some college,Democrat,yes,yes,yes,Kamala Harris,NA,pre
Sub2490,pre_participant_1650,2020-10-30T22:00:30Z,event-mazerace,rep_first,FALSE,daily,27,Male,TX,4-year college degree,None,yes,yes,yes,I don't care,NA,pre
Sub2491,pre_participant_1651,2020-10-30T22:00:40Z,spr-event,dem_first,FALSE,daily,29,Male,FL,Some college,Independent,yes,yes,yes,Joe Biden,NA,pre
Sub2492,pre_participant_1652,2020-10-30T22:01:01Z,event-mazerace,rep_first,FALSE,daily,28,Female,FL,Some college,Independent,no,yes,yes,I don't care,NA,pre
Sub2493,pre_participant_1653,2020-10-30T22:01:03Z,mazerace-event,dem_first,FALSE,daily,61,Female,OH,Some college,Rather not say,yes,yes,yes,Kamala Harris,NA,pre
Sub2495,pre_participant_1654,2020-10-30T22:01:13Z,event-cloze,rep_first,FALSE,daily,43,Male,ID,High school graduate,Other,yes,yes,yes,Mike Pence,NA,pre
Sub2497,pre_participant_1656,2020-10-30T22:01:20Z,event-spr,rep_first,FALSE,daily,40,Female,OH,2-year college degree,Independent,yes,yes,yes,Joe Biden,NA,pre
Sub2500,pre_participant_1657,2020-10-30T22:01:29Z,maze-event,rep_first,FALSE,daily,37,Male,MO,High school graduate,Democrat,yes,yes,yes,Kamala Harris,NA,pre
Sub2501,pre_participant_1658,2020-10-30T22:01:31Z,event-mazerace,rep_first,FALSE,daily,56,Male,AL,Some college,Republican,yes,yes,yes,Donald Trump,NA,pre
Sub2503,pre_participant_1660,2020-10-30T22:01:56Z,event-maze,dem_first,FALSE,daily,40,Male,NY,4-year college degree,Independent,yes,yes,yes,Kamala Harris,NA,pre
Sub2504,pre_participant_1661,2020-10-30T22:02:15Z,mazerace-event,dem_first,FALSE,daily,68,Male,NM,Professional degree,Democrat,yes,yes,yes,Kamala Harris,NA,pre
Sub2505,pre_participant_1662,2020-10-30T22:02:15Z,event-cloze,dem_first,FALSE,daily,56,Female,NC,4-year college degree,Democrat,yes,yes,yes,Kamala Harris,NA,pre
Sub2509,pre_participant_1664,2020-10-30T22:03:18Z,mazerace-event,rep_first,FALSE,never,NA,Female,other,2-year college degree,None,no,yes,yes,Kamala Harris,NA,pre
Sub2514,pre_participant_1666,2020-10-30T22:04:53Z,mazerace-event,rep_first,FALSE,daily,60,Female,CA,4-year college degree,Republican,yes,yes,yes,Donald Trump,NA,pre
Sub2517,pre_participant_1668,2020-10-30T22:06:20Z,mazerace-event,dem_first,FALSE,daily,39,Male,other,Some college,Republican,yes,yes,yes,Mike Pence,NA,pre
Sub2518,pre_participant_1669,2020-10-30T22:06:34Z,maze-event,rep_first,FALSE,weekly,49,Female,ME,Some college,Republican,yes,yes,yes,Donald Trump,NA,pre
Sub2523,pre_participant_1671,2020-10-30T22:07:05Z,event-mazerace,dem_first,FALSE,daily,61,Male,MA,4-year college degree,Independent,yes,yes,yes,Joe Biden,NA,pre
Sub2524,pre_participant_1672,2020-10-30T22:07:27Z,event-cloze,dem_first,FALSE,daily,34,Female,NY,4-year college degree,Democrat,yes,yes,yes,Joe Biden,NA,pre
Sub2528,pre_participant_1674,2020-10-30T22:08:28Z,mazerace-event,rep_first,FALSE,daily,35,Female,TN,2-year college degree,Independent,yes,yes,yes,Kamala Harris,NA,pre
Sub2529,pre_participant_1675,2020-10-30T22:08:34Z,cloze-event,dem_first,FALSE,daily,54,Female,IL,2-year college degree,Democrat,yes,yes,yes,Joe Biden,NA,pre
Sub2532,pre_participant_1677,2020-10-30T22:08:57Z,maze-event,dem_first,FALSE,daily,51,Female,GA,Professional degree,Democrat,yes,yes,yes,Kamala Harris,NA,pre
Sub2535,pre_participant_1679,2020-10-30T22:09:54Z,maze-event,rep_first,FALSE,daily,61,Male,CA,4-year college degree,Democrat,yes,yes,yes,Joe Biden,NA,pre
Sub2537,pre_participant_1681,2020-10-30T22:10:07Z,event-maze,dem_first,FALSE,daily,26,Female,OH,4-year college degree,Democrat,yes,yes,yes,Kamala Harris,NA,pre
Sub2540,pre_participant_1682,2020-10-30T22:10:48Z,event-mazerace,dem_first,FALSE,daily,24,Female,FL,4-year college degree,Democrat,yes,yes,yes,Kamala Harris,NA,pre
Sub2543,pre_participant_1684,2020-10-30T22:10:52Z,mazerace-event,rep_first,FALSE,daily,43,Female,OH,4-year college degree,Democrat,yes,yes,yes,Joe Biden,NA,pre
Sub2544,pre_participant_1685,2020-10-30T22:10:56Z,event-cloze,rep_first,FALSE,weekly,32,Male,UT,4-year college degree,Democrat,yes,yes,yes,Joe Biden,NA,pre
Sub2547,pre_participant_1687,2020-10-30T22:11:17Z,maze-event,dem_first,FALSE,weekly,20,Male,MA,Less than high school,Democrat,yes,yes,yes,Joe Biden,NA,pre
Sub2549,pre_participant_1689,2020-10-30T22:11:31Z,cloze-event,rep_first,FALSE,daily,32,Female,MI,4-year college degree,Independent,yes,yes,yes,Joe Biden,NA,pre
Sub2550,pre_participant_1690,2020-10-30T22:12:23Z,spr-event,dem_first,FALSE,daily,42,Male,NJ,2-year college degree,Other,yes,yes,yes,Kamala Harris,NA,pre
Sub2552,pre_participant_1691,2020-10-30T22:12:39Z,mazerace-event,dem_first,FALSE,daily,30,Male,SD,2-year college degree,Democrat,yes,yes,yes,Joe Biden,NA,pre
Sub2555,pre_participant_1694,2020-10-30T22:13:06Z,cloze-event,rep_first,FALSE,daily,52,Male,OH,Professional degree,Independent,yes,yes,yes,Kamala Harris,NA,pre
Sub2556,pre_participant_1695,2020-10-30T22:13:13Z,spr-event,rep_first,FALSE,daily,49,Male,CA,2-year college degree,Independent,yes,yes,yes,Kamala Harris,NA,pre
Sub2562,pre_participant_1697,2020-10-30T22:14:26Z,event-spr,dem_first,FALSE,daily,27,Male,CA,2-year college degree,Democrat,yes,yes,yes,Kamala Harris,NA,pre
Sub2564,pre_participant_1699,2020-10-30T22:14:54Z,maze-event,rep_first,FALSE,daily,57,Female,MD,4-year college degree,Democrat,yes,yes,yes,Joe Biden,NA,pre
Sub2565,pre_participant_1700,2020-10-30T22:15:15Z,event-cloze,rep_first,FALSE,daily,47,Female,TX,Some college,Democrat,yes,yes,yes,Joe Biden,NA,pre
Sub2567,pre_participant_1701,2020-10-30T22:15:25Z,event-maze,rep_first,FALSE,daily,60,Male,PA,4-year college degree,Independent,yes,yes,yes,Donald Trump,NA,pre
Sub2568,pre_participant_1702,2020-10-30T22:15:29Z,maze-event,dem_first,FALSE,daily,24,Male,CA,Some college,Democrat,yes,yes,yes,Joe Biden,NA,pre
Sub2570,pre_participant_1703,2020-10-30T22:15:51Z,maze-event,dem_first,FALSE,daily,42,Female,SC,4-year college degree,Independent,yes,yes,yes,Joe Biden,NA,pre
Sub2577,pre_participant_1706,2020-10-30T22:17:10Z,mazerace-event,rep_first,FALSE,daily,25,Male,CA,4-year college degree,Republican,yes,yes,yes,Donald Trump,NA,pre
Sub2579,pre_participant_1707,2020-10-30T22:17:21Z,maze-event,dem_first,FALSE,daily,53,Male,TX,Professional degree,Independent,yes,yes,yes,Mike Pence,NA,pre
Sub2582,pre_participant_1709,2020-10-30T22:17:55Z,mazerace-event,rep_first,FALSE,daily,49,Female,PA,4-year college degree,Republican,yes,yes,yes,Kamala Harris,NA,pre
Sub2583,pre_participant_1710,2020-10-30T22:18:01Z,spr-event,dem_first,FALSE,daily,52,Male,VA,Professional degree,Independent,yes,yes,yes,Joe Biden,NA,pre
Sub2592,pre_participant_1713,2020-10-30T22:20:28Z,mazerace-event,dem_first,FALSE,daily,45,Male,FL,Some college,Independent,yes,yes,yes,Donald Trump,NA,pre
Sub2604,pre_participant_1717,2020-10-30T22:22:31Z,event-cloze,rep_first,FALSE,daily,42,Female,TX,Doctorate,Independent,yes,yes,yes,Donald Trump,NA,pre
Sub2610,pre_participant_1719,2020-10-30T22:22:59Z,maze-event,dem_first,FALSE,weekly,39,Male,ID,4-year college degree,Republican,yes,yes,yes,Kamala Harris,NA,pre
Sub2611,pre_participant_1720,2020-10-30T22:23:19Z,event-maze,dem_first,FALSE,daily,30,Male,FL,2-year college degree,Democrat,yes,yes,yes,Joe Biden,NA,pre
Sub2612,pre_participant_1721,2020-10-30T22:23:25Z,cloze-event,dem_first,FALSE,daily,38,Female,KS,High school graduate,Democrat,yes,yes,yes,Kamala Harris,NA,pre
Sub2613,pre_participant_1722,2020-10-30T22:23:54Z,event-mazerace,rep_first,FALSE,never,33,Female,CA,4-year college degree,Democrat,yes,yes,yes,Joe Biden,NA,pre
Sub2618,pre_participant_1723,2020-10-30T22:24:56Z,cloze-event,dem_first,FALSE,daily,32,Male,OH,4-year college degree,Democrat,yes,yes,yes,Joe Biden,NA,pre
Sub2622,pre_participant_1725,2020-10-30T22:25:59Z,event-maze,rep_first,FALSE,daily,27,Female,NY,4-year college degree,Independent,yes,yes,yes,Donald Trump,NA,pre
Sub2623,pre_participant_1726,2020-10-30T22:26:11Z,event-maze,rep_first,FALSE,weekly,59,Female,other,Some college,Republican,yes,yes,yes,Donald Trump,NA,pre
Sub2624,pre_participant_1727,2020-10-30T22:26:16Z,event-maze,rep_first,FALSE,daily,40,Female,other,4-year college degree,Republican,yes,yes,yes,Mike Pence,NA,pre
Sub2631,pre_participant_1729,2020-10-30T22:27:36Z,cloze-event,rep_first,FALSE,daily,38,Male,GA,Some college,Independent,yes,yes,yes,Kamala Harris,NA,pre
Sub2633,pre_participant_1730,2020-10-30T22:27:55Z,spr-event,rep_first,FALSE,daily,58,Female,KY,2-year college degree,Democrat,yes,yes,yes,Donald Trump,NA,pre
Sub2634,pre_participant_1731,2020-10-30T22:28:18Z,maze-event,rep_first,FALSE,daily,34,Male,MI,2-year college degree,Democrat,no,yes,yes,Joe Biden,NA,pre
Sub2635,pre_participant_1732,2020-10-30T22:28:29Z,cloze-event,rep_first,FALSE,daily,36,Male,GA,4-year college degree,Democrat,yes,yes,yes,Joe Biden,NA,pre
Sub2637,pre_participant_1734,2020-10-30T22:28:52Z,event-mazerace,dem_first,FALSE,weekly,28,Female,NJ,4-year college degree,Republican,yes,yes,yes,Donald Trump,NA,pre
Sub2639,pre_participant_1735,2020-10-30T22:29:06Z,event-cloze,dem_first,FALSE,daily,34,Male,PA,Some college,Democrat,yes,yes,yes,Kamala Harris,NA,pre
Sub2642,pre_participant_1736,2020-10-30T22:30:45Z,spr-event,rep_first,FALSE,daily,27,Female,SC,4-year college degree,None,yes,yes,yes,Joe Biden,NA,pre
Sub2643,pre_participant_1737,2020-10-30T22:31:25Z,event-spr,rep_first,FALSE,daily,76,Male,OH,Some college,Republican,yes,yes,yes,Mike Pence,NA,pre
Sub2646,pre_participant_1738,2020-10-30T22:31:46Z,spr-event,rep_first,FALSE,weekly,38,Female,FL,Some college,Democrat,yes,yes,yes,Joe Biden,NA,pre
Sub2656,pre_participant_1740,2020-10-30T22:37:42Z,cloze-event,rep_first,FALSE,daily,53,Female,PA,High school graduate,Democrat,yes,yes,yes,Kamala Harris,NA,pre
Sub2659,pre_participant_1742,2020-10-30T22:38:07Z,cloze-event,rep_first,FALSE,daily,30,Male,PA,4-year college degree,Democrat,yes,yes,yes,Joe Biden,NA,pre
Sub2664,pre_participant_1743,2020-10-30T22:39:29Z,mazerace-event,rep_first,FALSE,weekly,36,Female,NM,2-year college degree,Democrat,yes,yes,yes,Kamala Harris,NA,pre
Sub2668,pre_participant_1744,2020-10-30T22:40:35Z,event-maze,rep_first,FALSE,daily,33,Female,PA,Professional degree,Republican,yes,yes,yes,Donald Trump,NA,pre
Sub2677,pre_participant_1746,2020-10-30T22:42:43Z,event-cloze,dem_first,FALSE,weekly,26,Male,CA,4-year college degree,Democrat,yes,yes,yes,I'd rather not say,NA,pre
Sub2679,pre_participant_1747,2020-10-30T22:43:12Z,maze-event,rep_first,FALSE,daily,36,Male,IL,4-year college degree,Democrat,yes,yes,yes,Joe Biden,NA,pre
Sub2680,pre_participant_1748,2020-10-30T22:43:16Z,spr-event,dem_first,FALSE,daily,71,Female,CA,4-year college degree,Democrat,yes,yes,yes,Kamala Harris,NA,pre
Sub2684,pre_participant_1750,2020-10-30T22:43:59Z,spr-event,dem_first,FALSE,daily,24,Female,TX,Some college,Independent,yes,yes,yes,Joe Biden,NA,pre
Sub2685,pre_participant_1751,2020-10-30T22:44:02Z,spr-event,rep_first,FALSE,daily,28,Male,NY,4-year college degree,Democrat,yes,yes,yes,Joe Biden,NA,pre
Sub2699,pre_participant_1752,2020-10-30T22:50:03Z,event-maze,rep_first,FALSE,daily,39,Male,WV,Less than high school,Democrat,yes,yes,yes,Kamala Harris,NA,pre
Sub2704,pre_participant_1753,2020-10-30T22:52:58Z,spr-event,rep_first,FALSE,daily,31,Female,GA,Some college,Democrat,yes,yes,yes,Kamala Harris,NA,pre
Sub2713,pre_participant_1756,2020-10-30T22:56:59Z,spr-event,dem_first,FALSE,daily,30,Male,CA,4-year college degree,Independent,yes,yes,yes,Donald Trump,NA,pre
Sub2714,pre_participant_1757,2020-10-30T22:57:31Z,cloze-event,dem_first,FALSE,daily,45,Female,TX,4-year college degree,Democrat,yes,yes,yes,Joe Biden,NA,pre
Sub2717,pre_participant_1758,2020-10-30T22:59:33Z,cloze-event,dem_first,FALSE,daily,40,Male,VA,Some college,Democrat,yes,yes,yes,Joe Biden,NA,pre
Sub2718,pre_participant_1759,2020-10-30T23:00:03Z,mazerace-event,rep_first,FALSE,weekly,62,Male,VA,2-year college degree,Democrat,yes,yes,yes,Joe Biden,NA,pre
Sub2720,pre_participant_1760,2020-10-30T23:02:12Z,event-spr,rep_first,FALSE,daily,38,Female,NV,4-year college degree,Republican,yes,yes,yes,Mike Pence,NA,pre
Sub2725,pre_participant_1764,2020-10-30T23:04:12Z,event-cloze,dem_first,FALSE,daily,31,Male,OK,High school graduate,Republican,yes,yes,yes,Mike Pence,NA,pre
Sub2727,pre_participant_1765,2020-10-30T23:05:36Z,spr-event,rep_first,FALSE,daily,55,Female,other,4-year college degree,Democrat,yes,yes,yes,I'd rather not say,NA,pre
Sub2731,pre_participant_1767,2020-10-30T23:10:01Z,spr-event,dem_first,FALSE,daily,28,Female,IN,High school graduate,Democrat,yes,yes,yes,Joe Biden,NA,pre
Sub2734,pre_participant_1768,2020-10-30T23:11:25Z,maze-event,rep_first,FALSE,daily,53,Female,CA,2-year college degree,Democrat,yes,yes,yes,Joe Biden,NA,pre
Sub2735,pre_participant_1769,2020-10-30T23:11:50Z,spr-event,dem_first,FALSE,daily,50,Female,MA,4-year college degree,Independent,yes,yes,yes,Donald Trump,NA,pre
Sub2745,pre_participant_1771,2020-10-30T23:20:06Z,event-spr,rep_first,FALSE,daily,59,Female,MA,Professional degree,Democrat,yes,yes,yes,Kamala Harris,NA,pre
Sub2749,pre_participant_1773,2020-10-30T23:23:02Z,mazerace-event,dem_first,FALSE,daily,25,Male,TX,4-year college degree,Independent,yes,yes,yes,Joe Biden,NA,pre
Sub2753,pre_participant_1774,2020-10-30T23:27:00Z,cloze-event,dem_first,FALSE,daily,NA,Female,other,Some college,Democrat,yes,yes,yes,Joe Biden,NA,pre
Sub2755,pre_participant_1776,2020-10-30T23:27:40Z,mazerace-event,dem_first,FALSE,daily,28,Male,OH,Less than high school,Republican,yes,yes,yes,Mike Pence,NA,pre
Sub2756,pre_participant_1777,2020-10-30T23:28:13Z,spr-event,dem_first,FALSE,daily,31,Male,CA,High school graduate,Independent,yes,yes,yes,Donald Trump,NA,pre
Sub2759,pre_participant_1778,2020-10-30T23:31:28Z,spr-event,rep_first,FALSE,daily,19,Male,OR,High school graduate,Democrat,yes,yes,yes,Joe Biden,NA,pre
Sub2760,pre_participant_1779,2020-10-30T23:31:52Z,spr-event,dem_first,FALSE,daily,52,Male,NJ,4-year college degree,Republican,yes,yes,yes,Mike Pence,NA,pre
Sub2761,pre_participant_1780,2020-10-30T23:31:57Z,maze-event,dem_first,FALSE,daily,47,Female,FL,Some college,Independent,yes,yes,yes,Kamala Harris,NA,pre
Sub2765,pre_participant_1782,2020-10-30T23:35:21Z,event-cloze,rep_first,FALSE,daily,39,Male,CA,High school graduate,Democrat,yes,yes,yes,Mike Pence,NA,pre
Sub2766,pre_participant_1783,2020-10-30T23:36:40Z,maze-event,rep_first,FALSE,daily,30,Female,IL,Professional degree,Democrat,yes,yes,yes,Joe Biden,NA,pre
Sub2768,pre_participant_1784,2020-10-30T23:37:12Z,maze-event,rep_first,FALSE,daily,27,Male,UT,Some college,Democrat,yes,yes,yes,Joe Biden,NA,pre
Sub2769,pre_participant_1785,2020-10-30T23:37:36Z,event-spr,rep_first,FALSE,daily,44,Male,ID,4-year college degree,Democrat,yes,yes,yes,Joe Biden,NA,pre
Sub2771,pre_participant_1786,2020-10-30T23:41:31Z,event-spr,dem_first,FALSE,daily,48,Female,NY,Professional degree,Democrat,yes,yes,yes,Kamala Harris,NA,pre
Sub2772,pre_participant_1787,2020-10-30T23:42:23Z,mazerace-event,rep_first,FALSE,daily,44,Female,GA,4-year college degree,Republican,yes,yes,yes,Joe Biden,NA,pre
Sub2773,pre_participant_1788,2020-10-30T23:45:09Z,event-cloze,dem_first,FALSE,daily,39,Male,OH,Some college,Independent,yes,yes,yes,Mike Pence,NA,pre
Sub2776,pre_participant_1789,2020-10-30T23:48:57Z,cloze-event,dem_first,FALSE,daily,33,Female,VA,4-year college degree,Republican,yes,yes,yes,Donald Trump,NA,pre
Sub2777,pre_participant_1790,2020-10-30T23:49:23Z,event-maze,rep_first,FALSE,daily,44,Male,LA,Some college,Independent,yes,yes,yes,Joe Biden,NA,pre
Sub2778,pre_participant_1791,2020-10-30T23:51:02Z,mazerace-event,dem_first,FALSE,daily,34,Male,CA,4-year college degree,Democrat,yes,yes,yes,Joe Biden,NA,pre
Sub2780,pre_participant_1793,2020-10-30T23:51:07Z,mazerace-event,dem_first,FALSE,daily,56,Female,FL,Professional degree,Republican,yes,yes,yes,Donald Trump,NA,pre
Sub2781,pre_participant_1794,2020-10-30T23:51:15Z,event-cloze,rep_first,FALSE,daily,43,Male,NC,4-year college degree,Independent,yes,yes,yes,Joe Biden,NA,pre
Sub2785,pre_participant_1795,2020-10-30T23:54:48Z,cloze-event,dem_first,FALSE,daily,68,Female,OH,Less than high school,Democrat,yes,yes,yes,I don't care,NA,pre
Sub2793,pre_participant_1799,2020-10-30T23:58:22Z,event-mazerace,dem_first,FALSE,less than monthly,31,Female,RI,Professional degree,Independent,yes,yes,yes,I don't care,NA,pre
Sub2794,pre_participant_1800,2020-10-30T23:59:16Z,cloze-event,dem_first,FALSE,daily,42,Male,IL,4-year college degree,Independent,yes,yes,yes,Joe Biden,NA,pre
Sub2805,pre_participant_1807,2020-10-31T00:08:29Z,event-spr,rep_first,FALSE,daily,63,Male,IA,Some college,Democrat,yes,yes,yes,Kamala Harris,NA,pre
Sub2811,pre_participant_1808,2020-10-31T00:17:53Z,cloze-event,dem_first,FALSE,daily,34,Male,CT,High school graduate,Independent,yes,yes,yes,Donald Trump,NA,pre
Sub2815,pre_participant_1809,2020-10-31T00:21:04Z,event-spr,dem_first,FALSE,weekly,47,Female,WA,Some college,Republican,yes,yes,yes,Donald Trump,NA,pre
Sub2817,pre_participant_1810,2020-10-31T00:28:58Z,cloze-event,dem_first,FALSE,daily,30,Female,KY,4-year college degree,Republican,yes,yes,yes,Donald Trump,NA,pre
Sub2822,pre_participant_1812,2020-10-31T00:35:00Z,mazerace-event,rep_first,FALSE,daily,34,Female,MN,4-year college degree,Democrat,yes,yes,yes,Joe Biden,NA,pre
Sub2823,pre_participant_1813,2020-10-31T00:35:23Z,event-maze,dem_first,FALSE,daily,44,Female,CA,2-year college degree,Republican,yes,yes,yes,Donald Trump,NA,pre
Sub2825,pre_participant_1814,2020-10-31T00:37:50Z,cloze-event,dem_first,FALSE,daily,36,Female,IN,Some college,Democrat,yes,yes,yes,Kamala Harris,NA,pre
Sub2827,pre_participant_1815,2020-10-31T00:39:14Z,spr-event,rep_first,FALSE,daily,32,Female,UT,4-year college degree,Independent,yes,yes,yes,Kamala Harris,NA,pre
Sub2828,pre_participant_1816,2020-10-31T00:40:25Z,spr-event,rep_first,FALSE,daily,26,Female,FL,4-year college degree,Independent,yes,yes,yes,Donald Trump,NA,pre
Sub2829,pre_participant_1817,2020-10-31T00:40:41Z,mazerace-event,dem_first,FALSE,daily,34,Male,MD,Some college,Republican,yes,yes,yes,Donald Trump,NA,pre
Sub2830,pre_participant_1818,2020-10-31T00:46:32Z,cloze-event,rep_first,FALSE,daily,59,Female,MA,High school graduate,Democrat,yes,yes,yes,Kamala Harris,NA,pre
Sub2831,pre_participant_1819,2020-10-31T00:47:34Z,event-spr,dem_first,FALSE,weekly,44,Male,AL,4-year college degree,Democrat,yes,yes,yes,Joe Biden,NA,pre
Sub2833,pre_participant_1820,2020-10-31T00:49:22Z,maze-event,dem_first,FALSE,daily,56,Female,OR,4-year college degree,Independent,yes,yes,yes,Kamala Harris,NA,pre
Sub2835,pre_participant_1822,2020-10-31T00:54:00Z,maze-event,dem_first,FALSE,daily,40,Male,CA,4-year college degree,Republican,yes,yes,yes,Donald Trump,NA,pre
Sub2836,pre_participant_1823,2020-10-31T00:56:01Z,maze-event,rep_first,FALSE,daily,46,Male,NV,High school graduate,Democrat,yes,yes,yes,Joe Biden,NA,pre
Sub2837,pre_participant_1824,2020-10-31T00:59:10Z,mazerace-event,rep_first,FALSE,daily,37,Male,FL,4-year college degree,Democrat,yes,yes,yes,Joe Biden,NA,pre
Sub2839,pre_participant_1825,2020-10-31T01:01:07Z,event-cloze,rep_first,FALSE,daily,26,Male,OH,4-year college degree,Democrat,yes,yes,yes,Kamala Harris,NA,pre
Sub2841,pre_participant_1827,2020-10-31T01:01:35Z,spr-event,rep_first,FALSE,weekly,47,Male,CA,Professional degree,Independent,yes,yes,yes,Donald Trump,NA,pre
Sub2844,pre_participant_1829,2020-10-31T01:05:22Z,mazerace-event,dem_first,FALSE,daily,NA,Female,NY,2-year college degree,Democrat,yes,yes,yes,Kamala Harris,NA,pre
Sub2845,pre_participant_1830,2020-10-31T01:06:06Z,mazerace-event,dem_first,FALSE,daily,NA,Female,PA,Professional degree,Republican,yes,yes,yes,Mike Pence,NA,pre
Sub2846,pre_participant_1831,2020-10-31T01:08:04Z,cloze-event,dem_first,FALSE,daily,45,Male,NJ,4-year college degree,Independent,yes,yes,yes,Joe Biden,NA,pre
Sub2847,pre_participant_1832,2020-10-31T01:16:10Z,maze-event,rep_first,FALSE,daily,56,Male,IA,Professional degree,Independent,no,yes,yes,Donald Trump,NA,pre
Sub2848,pre_participant_1833,2020-10-31T01:18:17Z,mazerace-event,rep_first,FALSE,daily,33,Female,TN,2-year college degree,Republican,yes,yes,yes,Mike Pence,NA,pre
Sub2850,pre_participant_1835,2020-10-31T01:22:23Z,spr-event,dem_first,FALSE,weekly,31,Male,CA,4-year college degree,Democrat,yes,yes,yes,Kamala Harris,NA,pre
Sub2851,pre_participant_1836,2020-10-31T01:23:38Z,cloze-event,dem_first,FALSE,daily,46,Female,NC,High school graduate,Democrat,yes,yes,yes,Joe Biden,NA,pre
Sub2852,pre_participant_1837,2020-10-31T01:24:21Z,spr-event,dem_first,FALSE,weekly,53,Female,MA,4-year college degree,Democrat,yes,yes,yes,Donald Trump,NA,pre
Sub2853,pre_participant_1838,2020-10-31T01:24:37Z,cloze-event,dem_first,FALSE,daily,57,Male,IL,Professional degree,Democrat,yes,yes,yes,Mike Pence,NA,pre
Sub2854,pre_participant_1839,2020-10-31T01:27:43Z,event-spr,rep_first,FALSE,daily,40,Male,NC,4-year college degree,Democrat,yes,yes,yes,Kamala Harris,NA,pre
Sub2855,pre_participant_1840,2020-10-31T01:27:58Z,spr-event,dem_first,FALSE,weekly,29,Male,IN,Professional degree,Democrat,no,yes,yes,Joe Biden,NA,pre
Sub2856,pre_participant_1841,2020-10-31T01:28:20Z,event-spr,rep_first,FALSE,daily,40,Male,OH,Professional degree,Democrat,yes,yes,yes,Joe Biden,NA,pre
Sub2857,pre_participant_1842,2020-10-31T01:28:54Z,maze-event,rep_first,FALSE,daily,36,Female,TN,High school graduate,Democrat,yes,yes,yes,Kamala Harris,NA,pre
Sub2858,pre_participant_1843,2020-10-31T01:29:15Z,mazerace-event,rep_first,FALSE,daily,33,Female,NY,4-year college degree,Democrat,yes,yes,yes,Kamala Harris,NA,pre
Sub2867,pre_participant_1847,2020-10-31T01:36:35Z,event-cloze,dem_first,FALSE,daily,67,Female,NC,Some college,Independent,yes,yes,yes,Donald Trump,NA,pre
Sub2868,pre_participant_1848,2020-10-31T01:38:39Z,event-spr,rep_first,FALSE,daily,37,Male,OK,4-year college degree,Democrat,yes,yes,yes,Kamala Harris,NA,pre
Sub2870,pre_participant_1850,2020-10-31T01:41:13Z,mazerace-event,dem_first,FALSE,weekly,30,Male,CA,4-year college degree,Independent,yes,yes,yes,Kamala Harris,NA,pre
Sub2872,pre_participant_1851,2020-10-31T01:42:39Z,spr-event,rep_first,FALSE,daily,28,Female,PA,Less than high school,Democrat,yes,yes,yes,Kamala Harris,NA,pre
Sub2874,pre_participant_1852,2020-10-31T01:42:59Z,event-cloze,rep_first,FALSE,daily,57,Male,CA,4-year college degree,Democrat,yes,yes,yes,I'd rather not say,NA,pre
Sub2875,pre_participant_1853,2020-10-31T01:44:32Z,mazerace-event,dem_first,FALSE,daily,44,Male,NC,4-year college degree,Independent,yes,yes,yes,Joe Biden,NA,pre
Sub2878,pre_participant_1854,2020-10-31T01:49:54Z,cloze-event,dem_first,FALSE,daily,29,Female,FL,Some college,Democrat,yes,yes,yes,Joe Biden,NA,pre
Sub2879,pre_participant_1855,2020-10-31T01:50:16Z,event-mazerace,dem_first,FALSE,daily,29,Non-binary,CA,4-year college degree,Independent,yes,yes,yes,Kamala Harris,NA,pre
Sub2882,pre_participant_1857,2020-10-31T01:51:53Z,cloze-event,rep_first,FALSE,daily,45,Male,MA,4-year college degree,Democrat,yes,yes,yes,Kamala Harris,NA,pre
Sub2885,pre_participant_1859,2020-10-31T02:00:48Z,spr-event,dem_first,FALSE,daily,24,Female,TN,4-year college degree,Democrat,yes,yes,yes,Kamala Harris,NA,pre
Sub2886,pre_participant_1860,2020-10-31T02:01:00Z,spr-event,rep_first,FALSE,daily,39,Female,other,Some college,Republican,yes,yes,yes,Mike Pence,NA,pre
Sub2890,pre_participant_1862,2020-10-31T02:06:15Z,mazerace-event,rep_first,FALSE,daily,29,Male,AL,2-year college degree,Democrat,no,yes,no,I'd rather not say,NA,pre
Sub2893,pre_participant_1864,2020-10-31T02:09:47Z,cloze-event,rep_first,FALSE,daily,51,Male,OR,4-year college degree,Democrat,yes,yes,yes,Kamala Harris,NA,pre
Sub2895,pre_participant_1865,2020-10-31T02:12:28Z,event-spr,dem_first,FALSE,daily,20,Male,CA,Some college,Democrat,yes,yes,yes,Kamala Harris,NA,pre
Sub2896,pre_participant_1866,2020-10-31T02:12:33Z,event-mazerace,rep_first,FALSE,daily,55,Male,FL,4-year college degree,Independent,yes,yes,yes,Donald Trump,NA,pre
Sub2897,pre_participant_1867,2020-10-31T02:13:04Z,event-maze,dem_first,FALSE,daily,33,Female,WV,2-year college degree,Republican,yes,yes,yes,Mike Pence,NA,pre
Sub2900,pre_participant_1869,2020-10-31T02:16:53Z,cloze-event,rep_first,FALSE,weekly,25,Female,AL,4-year college degree,Democrat,no,yes,yes,Kamala Harris,NA,pre
Sub2901,pre_participant_1870,2020-10-31T02:21:31Z,maze-event,dem_first,FALSE,daily,44,Female,NE,Some college,Independent,yes,yes,yes,Mike Pence,NA,pre
Sub2902,pre_participant_1871,2020-10-31T02:22:38Z,event-mazerace,dem_first,FALSE,daily,21,Male,NY,2-year college degree,Democrat,yes,yes,yes,I don't care,NA,pre
Sub2904,pre_participant_1873,2020-10-31T02:24:43Z,mazerace-event,rep_first,FALSE,weekly,28,Male,CA,4-year college degree,Democrat,yes,yes,yes,Kamala Harris,NA,pre
Sub2905,pre_participant_1874,2020-10-31T02:25:03Z,event-maze,rep_first,FALSE,monthly,51,Male,NY,4-year college degree,Republican,yes,yes,yes,Joe Biden,NA,pre
Sub2906,pre_participant_1875,2020-10-31T02:29:48Z,mazerace-event,rep_first,FALSE,daily,33,Male,CO,Doctorate,Democrat,yes,yes,yes,Kamala Harris,NA,pre
Sub2910,pre_participant_1877,2020-10-31T02:35:11Z,maze-event,dem_first,FALSE,daily,51,Male,NJ,Doctorate,Republican,yes,yes,yes,Donald Trump,NA,pre
Sub2913,pre_participant_1879,2020-10-31T02:46:57Z,spr-event,rep_first,FALSE,weekly,32,Male,KY,Some college,Democrat,yes,yes,yes,Kamala Harris,NA,pre
Sub2914,pre_participant_1880,2020-10-31T02:49:36Z,event-cloze,dem_first,FALSE,monthly,36,Female,MT,4-year college degree,Democrat,yes,yes,yes,Donald Trump,NA,pre
Sub2919,pre_participant_1883,2020-10-31T02:58:49Z,event-cloze,rep_first,FALSE,daily,45,Male,LA,4-year college degree,Democrat,yes,yes,yes,Donald Trump,NA,pre
Sub2920,pre_participant_1884,2020-10-31T03:00:14Z,spr-event,rep_first,FALSE,daily,32,Female,TX,Professional degree,Independent,yes,yes,yes,Kamala Harris,NA,pre
Sub2922,pre_participant_1885,2020-10-31T03:03:41Z,spr-event,rep_first,FALSE,daily,52,Male,IL,4-year college degree,Republican,yes,yes,yes,Mike Pence,NA,pre
Sub2924,pre_participant_1886,2020-10-31T03:09:35Z,spr-event,rep_first,FALSE,daily,51,Male,PA,2-year college degree,Independent,yes,yes,yes,Mike Pence,NA,pre
Sub2925,pre_participant_1887,2020-10-31T03:10:20Z,event-maze,rep_first,FALSE,daily,32,Female,VA,4-year college degree,Independent,yes,yes,yes,Kamala Harris,NA,pre
Sub2928,pre_participant_1889,2020-10-31T03:12:26Z,mazerace-event,rep_first,FALSE,weekly,36,Female,KY,2-year college degree,Democrat,yes,yes,yes,Joe Biden,NA,pre
Sub2929,pre_participant_1890,2020-10-31T03:12:55Z,event-cloze,rep_first,FALSE,daily,39,Male,MI,Professional degree,Republican,yes,yes,yes,Donald Trump,NA,pre
Sub2930,pre_participant_1891,2020-10-31T03:14:00Z,maze-event,rep_first,FALSE,daily,38,Female,TX,Some college,Republican,yes,yes,yes,Donald Trump,NA,pre
Sub2932,pre_participant_1892,2020-10-31T03:17:06Z,cloze-event,dem_first,FALSE,never,32,Female,NC,2-year college degree,None,yes,yes,yes,I'd rather not say,NA,pre
Sub2933,pre_participant_1893,2020-10-31T03:22:57Z,maze-event,dem_first,FALSE,daily,25,Female,TX,2-year college degree,Democrat,yes,yes,yes,Kamala Harris,NA,pre
Sub2934,pre_participant_1894,2020-10-31T03:26:25Z,event-cloze,dem_first,FALSE,monthly,20,Male,other,Some college,Independent,yes,yes,yes,Joe Biden,NA,pre
Sub2935,pre_participant_1895,2020-10-31T03:29:12Z,event-maze,rep_first,FALSE,weekly,35,Male,TX,Some college,Republican,yes,yes,yes,Donald Trump,NA,pre
Sub2936,pre_participant_1896,2020-10-31T03:31:24Z,cloze-event,rep_first,FALSE,daily,37,Female,CA,Doctorate,Democrat,yes,yes,yes,Kamala Harris,NA,pre
Sub2937,pre_participant_1897,2020-10-31T03:32:08Z,cloze-event,dem_first,FALSE,daily,68,Female,FL,4-year college degree,Democrat,yes,yes,yes,Joe Biden,NA,pre
Sub2938,pre_participant_1898,2020-10-31T03:33:32Z,event-spr,dem_first,FALSE,daily,56,Female,PA,Professional degree,Democrat,yes,yes,yes,Joe Biden,NA,pre
Sub2939,pre_participant_1899,2020-10-31T03:36:22Z,spr-event,rep_first,FALSE,daily,32,Male,GA,Some college,Independent,yes,yes,yes,Kamala Harris,NA,pre
Sub2940,pre_participant_1900,2020-10-31T03:36:24Z,spr-event,rep_first,FALSE,daily,33,Male,PA,Some college,Independent,yes,yes,yes,Donald Trump,NA,pre
Sub2941,pre_participant_1901,2020-10-31T03:37:10Z,cloze-event,rep_first,FALSE,daily,52,Male,CA,Some college,Independent,yes,yes,yes,Kamala Harris,NA,pre
Sub2946,pre_participant_1906,2020-10-31T03:50:58Z,spr-event,rep_first,FALSE,daily,36,Female,CA,4-year college degree,Democrat,yes,yes,yes,Joe Biden,NA,pre
Sub2947,pre_participant_1907,2020-10-31T03:51:07Z,event-maze,rep_first,FALSE,daily,47,Male,MO,High school graduate,Democrat,yes,yes,yes,Joe Biden,NA,pre
Sub2948,pre_participant_1908,2020-10-31T03:57:22Z,event-spr,dem_first,FALSE,daily,37,Female,CT,Professional degree,Democrat,yes,yes,yes,Joe Biden,NA,pre
Sub2949,pre_participant_1909,2020-10-31T03:59:37Z,event-spr,rep_first,FALSE,daily,36,Male,NY,Some college,Democrat,yes,yes,yes,I don't care,NA,pre
Sub2950,pre_participant_1910,2020-10-31T04:00:07Z,spr-event,dem_first,FALSE,daily,37,Male,PA,4-year college degree,Democrat,yes,yes,yes,Kamala Harris,NA,pre
Sub2951,pre_participant_1911,2020-10-31T04:03:36Z,spr-event,dem_first,FALSE,daily,38,Female,MI,4-year college degree,Democrat,yes,yes,yes,Joe Biden,NA,pre
Sub2952,pre_participant_1912,2020-10-31T04:09:34Z,event-cloze,rep_first,FALSE,daily,35,Male,IL,4-year college degree,Democrat,yes,yes,yes,Mike Pence,NA,pre
Sub2953,pre_participant_1913,2020-10-31T04:10:23Z,event-maze,rep_first,FALSE,daily,45,Male,IL,Doctorate,Democrat,yes,yes,yes,Kamala Harris,NA,pre
Sub2954,pre_participant_1914,2020-10-31T04:10:50Z,event-mazerace,rep_first,FALSE,daily,76,Male,WA,4-year college degree,Democrat,yes,yes,yes,Joe Biden,NA,pre
Sub2955,pre_participant_1915,2020-10-31T04:12:53Z,maze-event,dem_first,FALSE,daily,46,Male,WA,Some college,Republican,yes,yes,yes,Joe Biden,NA,pre
Sub2956,pre_participant_1916,2020-10-31T04:17:36Z,spr-event,dem_first,FALSE,daily,44,Female,OH,High school graduate,Democrat,yes,yes,yes,Kamala Harris,NA,pre
Sub2957,pre_participant_1917,2020-10-31T04:18:51Z,cloze-event,rep_first,FALSE,daily,52,Female,MT,Some college,Republican,yes,yes,yes,Donald Trump,NA,pre
Sub2958,pre_participant_1918,2020-10-31T04:20:11Z,mazerace-event,rep_first,FALSE,daily,62,Female,FL,Some college,Democrat,yes,yes,yes,Joe Biden,NA,pre
Sub2959,pre_participant_1919,2020-10-31T04:23:48Z,event-spr,rep_first,FALSE,daily,48,Male,OH,Professional degree,Democrat,yes,yes,yes,Kamala Harris,NA,pre
Sub2960,pre_participant_1920,2020-10-31T04:27:17Z,cloze-event,dem_first,FALSE,monthly,48,Non-binary,TX,Professional degree,Democrat,yes,yes,yes,Donald Trump,NA,pre
Sub2961,pre_participant_1921,2020-10-31T04:28:32Z,cloze-event,rep_first,FALSE,daily,49,Male,GA,Some college,Democrat,yes,yes,yes,Kamala Harris,NA,pre
Sub2962,pre_participant_1922,2020-10-31T04:32:36Z,cloze-event,rep_first,FALSE,daily,59,Male,IL,Professional degree,Independent,yes,yes,yes,Joe Biden,NA,pre
Sub2963,pre_participant_1923,2020-10-31T04:34:55Z,event-spr,dem_first,FALSE,daily,32,Male,CA,4-year college degree,Democrat,yes,yes,yes,Joe Biden,NA,pre
Sub2965,pre_participant_1925,2020-10-31T04:38:13Z,mazerace-event,rep_first,FALSE,daily,31,Female,OR,4-year college degree,Democrat,yes,yes,yes,Joe Biden,NA,pre
Sub2966,pre_participant_1926,2020-10-31T04:38:42Z,maze-event,dem_first,FALSE,daily,24,Male,CA,4-year college degree,Democrat,yes,yes,yes,Kamala Harris,NA,pre
Sub2968,pre_participant_1928,2020-10-31T04:49:46Z,maze-event,dem_first,FALSE,daily,39,Male,TX,2-year college degree,Independent,yes,yes,yes,I don't care,NA,pre
Sub2970,pre_participant_1930,2020-10-31T05:01:35Z,event-mazerace,rep_first,FALSE,daily,54,Male,NY,4-year college degree,Democrat,yes,yes,yes,Kamala Harris,NA,pre
Sub2971,pre_participant_1931,2020-10-31T05:03:58Z,event-cloze,dem_first,FALSE,daily,20,Male,NJ,Some college,Democrat,yes,yes,yes,Joe Biden,NA,pre
Sub2972,pre_participant_1932,2020-10-31T05:09:46Z,event-cloze,rep_first,FALSE,daily,33,Male,MA,4-year college degree,Democrat,yes,yes,yes,Donald Trump,NA,pre
Sub2973,pre_participant_1933,2020-10-31T05:14:37Z,event-mazerace,dem_first,FALSE,daily,38,Male,IN,High school graduate,Democrat,yes,yes,yes,Kamala Harris,NA,pre
Sub2975,pre_participant_1935,2020-10-31T05:21:14Z,event-spr,dem_first,FALSE,weekly,40,Male,CA,2-year college degree,Democrat,yes,yes,yes,Kamala Harris,NA,pre
Sub2976,pre_participant_1936,2020-10-31T05:27:02Z,mazerace-event,dem_first,FALSE,daily,50,Female,OR,Some college,Democrat,yes,yes,yes,Joe Biden,NA,pre
Sub2977,pre_participant_1937,2020-10-31T05:32:27Z,event-mazerace,rep_first,FALSE,daily,20,Male,HI,Some college,Democrat,yes,yes,yes,Kamala Harris,NA,pre
Sub2979,pre_participant_1939,2020-10-31T05:37:53Z,event-spr,dem_first,FALSE,weekly,32,Male,KY,Some college,Democrat,yes,yes,yes,Kamala Harris,NA,pre
Sub2981,pre_participant_1940,2020-10-31T05:48:37Z,event-cloze,rep_first,FALSE,daily,30,Male,CO,Some college,Independent,yes,yes,yes,Kamala Harris,NA,pre
Sub2984,pre_participant_1942,2020-10-31T05:56:41Z,mazerace-event,rep_first,FALSE,daily,30,Male,CO,Some college,Independent,yes,yes,yes,Joe Biden,NA,pre
Sub3001,pre_participant_1943,2020-10-31T06:19:02Z,spr-event,dem_first,FALSE,daily,24,Male,MI,Some college,Independent,yes,yes,yes,Joe Biden,NA,pre
Sub3004,pre_participant_1945,2020-10-31T06:21:46Z,event-maze,rep_first,FALSE,daily,36,Female,GA,High school graduate,Independent,yes,yes,yes,Mike Pence,NA,pre
Sub3012,pre_participant_1947,2020-10-31T06:30:48Z,maze-event,dem_first,FALSE,daily,30,Male,CO,Some college,Independent,yes,yes,yes,Joe Biden,NA,pre
Sub3016,pre_participant_1948,2020-10-31T06:43:42Z,event-maze,dem_first,FALSE,monthly,30,Male,AL,4-year college degree,Democrat,yes,yes,yes,Donald Trump,NA,pre
Sub3017,pre_participant_1949,2020-10-31T06:45:15Z,event-maze,dem_first,FALSE,daily,36,Female,AZ,Some college,Other,yes,yes,yes,Kamala Harris,NA,pre
Sub3019,pre_participant_1950,2020-10-31T06:50:34Z,event-spr,dem_first,FALSE,daily,48,Female,other,Professional degree,Republican,yes,yes,yes,Donald Trump,NA,pre
Sub3020,pre_participant_1951,2020-10-31T06:51:56Z,maze-event,rep_first,FALSE,daily,38,Male,NJ,High school graduate,Democrat,yes,yes,yes,Kamala Harris,NA,pre
Sub3023,pre_participant_1953,2020-10-31T06:57:32Z,maze-event,rep_first,FALSE,daily,24,Female,CO,Professional degree,None,yes,yes,yes,I don't care,NA,pre
Sub3024,pre_participant_1954,2020-10-31T07:01:56Z,mazerace-event,dem_first,FALSE,daily,55,Male,FL,4-year college degree,Independent,yes,yes,yes,Mike Pence,NA,pre
Sub3026,pre_participant_1956,2020-10-31T07:13:34Z,maze-event,dem_first,FALSE,daily,25,Female,MD,4-year college degree,Democrat,yes,yes,yes,Joe Biden,NA,pre
Sub3028,pre_participant_1958,2020-10-31T07:14:08Z,event-maze,dem_first,FALSE,daily,33,Male,MO,High school graduate,Republican,yes,yes,yes,Mike Pence,NA,pre
Sub3030,pre_participant_1960,2020-10-31T07:39:33Z,event-mazerace,dem_first,FALSE,daily,36,Female,NY,4-year college degree,Republican,yes,yes,yes,Joe Biden,NA,pre
Sub3031,pre_participant_1961,2020-10-31T07:46:42Z,cloze-event,dem_first,FALSE,daily,28,Male,AL,4-year college degree,Republican,yes,yes,yes,Donald Trump,NA,pre
Sub3032,pre_participant_1962,2020-10-31T07:49:38Z,mazerace-event,dem_first,FALSE,daily,28,Male,NJ,4-year college degree,Republican,yes,yes,yes,Donald Trump,NA,pre
Sub3033,pre_participant_1963,2020-10-31T07:57:34Z,cloze-event,dem_first,FALSE,daily,42,Female,HI,4-year college degree,Republican,yes,yes,yes,Donald Trump,NA,pre
Sub3034,pre_participant_1964,2020-10-31T08:00:16Z,mazerace-event,rep_first,FALSE,monthly,32,Female,MD,4-year college degree,Democrat,yes,yes,yes,Kamala Harris,NA,pre
Sub3036,pre_participant_1966,2020-10-31T08:20:23Z,event-mazerace,rep_first,FALSE,weekly,25,Female,CT,4-year college degree,Democrat,yes,yes,yes,Mike Pence,NA,pre
Sub3037,pre_participant_1967,2020-10-31T08:23:28Z,spr-event,rep_first,FALSE,daily,28,Male,ID,4-year college degree,Democrat,yes,yes,yes,Kamala Harris,NA,pre
Sub3039,pre_participant_1968,2020-10-31T08:30:40Z,event-spr,dem_first,FALSE,daily,33,Male,NJ,High school graduate,Democrat,yes,yes,yes,Joe Biden,NA,pre
Sub3040,pre_participant_1969,2020-10-31T08:38:29Z,mazerace-event,dem_first,FALSE,daily,66,Female,MT,4-year college degree,Democrat,yes,yes,yes,Joe Biden,NA,pre
Sub3044,pre_participant_1973,2020-10-31T08:46:28Z,event-maze,rep_first,FALSE,daily,56,Female,OH,Professional degree,Democrat,yes,yes,yes,I don't care,NA,pre
Sub3045,pre_participant_1974,2020-10-31T08:49:21Z,event-maze,rep_first,FALSE,daily,70,Male,LA,Professional degree,Democrat,yes,yes,yes,Joe Biden,NA,pre
Sub3046,pre_participant_1975,2020-10-31T09:36:44Z,cloze-event,rep_first,FALSE,daily,28,Female,NE,Some college,Independent,yes,yes,yes,Joe Biden,NA,pre
Sub3048,pre_participant_1977,2020-10-31T12:15:26Z,event-cloze,rep_first,FALSE,daily,47,Male,FL,4-year college degree,Independent,yes,yes,yes,Donald Trump,NA,pre
Sub3049,pre_participant_1978,2020-10-31T12:21:27Z,spr-event,dem_first,FALSE,daily,40,Female,VA,4-year college degree,Republican,yes,yes,yes,Mike Pence,NA,pre
Sub3050,pre_participant_1979,2020-10-31T13:22:49Z,spr-event,dem_first,FALSE,daily,26,Female,MO,4-year college degree,Democrat,yes,yes,yes,Joe Biden,NA,pre
Sub3051,pre_participant_1980,2020-10-31T13:27:13Z,event-spr,dem_first,FALSE,daily,54,Female,CO,4-year college degree,Independent,yes,yes,yes,Kamala Harris,NA,pre
Sub3052,pre_participant_1981,2020-10-31T13:34:21Z,spr-event,dem_first,FALSE,daily,50,Male,CO,Some college,Democrat,yes,yes,yes,Joe Biden,NA,pre
Sub3053,pre_participant_1982,2020-10-31T13:35:44Z,cloze-event,rep_first,FALSE,daily,38,Male,MA,4-year college degree,Democrat,yes,yes,yes,Joe Biden,NA,pre
Sub3054,pre_participant_1983,2020-10-31T13:40:19Z,mazerace-event,rep_first,FALSE,daily,22,Male,CA,2-year college degree,Independent,yes,yes,yes,Donald Trump,NA,pre
Sub3055,pre_participant_1984,2020-10-31T13:47:38Z,event-spr,dem_first,FALSE,daily,45,Female,VA,4-year college degree,Rather not say,yes,yes,yes,Kamala Harris,NA,pre
Sub3056,pre_participant_1985,2020-10-31T13:49:59Z,event-maze,dem_first,FALSE,weekly,32,Male,CA,Some college,Other,yes,yes,yes,I don't care,NA,pre
Sub3057,pre_participant_1986,2020-10-31T13:50:09Z,cloze-event,rep_first,FALSE,daily,35,Male,TN,High school graduate,Democrat,yes,yes,yes,Kamala Harris,NA,pre
Sub3058,pre_participant_1987,2020-10-31T13:54:55Z,event-mazerace,rep_first,FALSE,daily,34,Male,CT,High school graduate,Democrat,yes,yes,yes,Joe Biden,NA,pre
Sub3061,pre_participant_1989,2020-10-31T14:10:30Z,mazerace-event,rep_first,FALSE,daily,56,Male,CA,2-year college degree,Democrat,yes,yes,yes,Joe Biden,NA,pre
Sub3062,pre_participant_1990,2020-10-31T14:12:27Z,event-mazerace,dem_first,FALSE,daily,35,Female,MI,Some college,Democrat,yes,yes,yes,Joe Biden,NA,pre
Sub3064,pre_participant_1991,2020-10-31T14:29:58Z,mazerace-event,dem_first,FALSE,daily,32,Male,MN,4-year college degree,Independent,yes,yes,yes,Joe Biden,NA,pre
Sub3065,pre_participant_1992,2020-10-31T14:32:59Z,spr-event,rep_first,FALSE,daily,33,Male,MI,4-year college degree,Independent,yes,yes,yes,Donald Trump,NA,pre
Sub3066,pre_participant_1993,2020-10-31T14:38:40Z,cloze-event,rep_first,FALSE,daily,52,Female,FL,4-year college degree,Independent,yes,yes,yes,Kamala Harris,NA,pre
Sub3067,pre_participant_1994,2020-10-31T14:39:30Z,event-mazerace,rep_first,FALSE,daily,47,Male,MO,4-year college degree,Democrat,yes,yes,yes,Joe Biden,NA,pre
Sub3070,pre_participant_1995,2020-10-31T14:58:56Z,maze-event,dem_first,FALSE,daily,49,Female,CA,4-year college degree,Democrat,yes,yes,yes,Joe Biden,NA,pre
Sub3071,pre_participant_1996,2020-10-31T14:59:05Z,event-spr,dem_first,FALSE,daily,58,Female,IA,High school graduate,Republican,yes,yes,yes,Donald Trump,NA,pre
Sub3074,pre_participant_1997,2020-10-31T15:06:51Z,cloze-event,dem_first,FALSE,daily,66,Female,NY,Professional degree,Democrat,yes,yes,yes,Kamala Harris,NA,pre
Sub3075,pre_participant_1998,2020-10-31T15:09:04Z,spr-event,rep_first,FALSE,daily,42,Male,RI,4-year college degree,Independent,yes,yes,yes,Donald Trump,NA,pre
Sub3079,pre_participant_1999,2020-10-31T15:14:49Z,mazerace-event,dem_first,FALSE,daily,30,Female,TX,Some college,Democrat,yes,yes,yes,Joe Biden,NA,pre
Sub3082,pre_participant_2001,2020-10-31T15:22:26Z,event-maze,dem_first,FALSE,daily,34,Male,MO,Professional degree,Democrat,yes,yes,yes,Kamala Harris,NA,pre
Sub3084,pre_participant_2003,2020-10-31T15:57:55Z,cloze-event,rep_first,FALSE,daily,32,Male,NC,4-year college degree,Democrat,yes,yes,yes,Kamala Harris,NA,pre
Sub3085,pre_participant_2004,2020-10-31T16:10:39Z,mazerace-event,dem_first,FALSE,weekly,43,Male,CA,4-year college degree,Democrat,yes,yes,yes,Kamala Harris,NA,pre
Sub3086,pre_participant_2005,2020-10-31T17:09:45Z,event-cloze,rep_first,FALSE,daily,55,Female,NC,Professional degree,Democrat,yes,yes,yes,Joe Biden,NA,pre
Sub3087,pre_participant_2006,2020-10-31T17:16:45Z,event-mazerace,dem_first,FALSE,daily,45,Male,VA,2-year college degree,Independent,yes,yes,yes,Joe Biden,NA,pre
Sub3088,pre_participant_2007,2020-10-31T17:25:33Z,event-mazerace,dem_first,FALSE,daily,40,Female,CA,4-year college degree,Democrat,yes,yes,yes,Kamala Harris,NA,pre
Sub3089,pre_participant_2008,2020-10-31T17:27:00Z,event-maze,dem_first,FALSE,daily,66,Female,WA,High school graduate,Democrat,yes,yes,yes,Kamala Harris,NA,pre
Sub3090,pre_participant_2009,2020-10-31T17:38:40Z,cloze-event,dem_first,FALSE,daily,33,Female,NC,Some college,Independent,yes,yes,yes,Joe Biden,NA,pre
Sub3091,pre_participant_2010,2020-10-31T17:44:53Z,event-spr,rep_first,FALSE,daily,49,Male,CA,4-year college degree,Democrat,yes,yes,yes,Kamala Harris,NA,pre
Sub3092,pre_participant_2011,2020-10-31T18:39:51Z,mazerace-event,dem_first,FALSE,daily,42,Female,PA,Some college,Democrat,yes,yes,yes,Joe Biden,NA,pre
Sub3093,pre_participant_2012,2020-10-31T19:42:04Z,cloze-event,dem_first,FALSE,daily,31,Female,MI,Some college,Democrat,yes,yes,yes,Kamala Harris,NA,pre
Sub3094,pre_participant_2013,2020-10-31T19:45:21Z,cloze-event,dem_first,FALSE,daily,46,Male,GA,High school graduate,Independent,yes,yes,yes,I'd rather not say,NA,pre
Sub3100,pre_participant_2015,2020-10-31T20:14:19Z,spr-event,dem_first,FALSE,daily,49,Female,TX,Some college,Democrat,yes,yes,yes,Kamala Harris,NA,pre
Sub3103,pre_participant_2016,2020-10-31T20:32:43Z,maze-event,rep_first,FALSE,daily,44,Female,CA,High school graduate,Democrat,yes,yes,yes,Joe Biden,NA,pre
Sub3108,pre_participant_2018,2020-10-31T21:12:29Z,event-spr,rep_first,FALSE,daily,69,Female,FL,2-year college degree,Democrat,yes,yes,yes,Joe Biden,NA,pre
Sub3110,pre_participant_2019,2020-10-31T21:25:08Z,event-spr,dem_first,FALSE,daily,61,Female,NY,Some college,Democrat,yes,yes,yes,Kamala Harris,NA,pre
Sub3117,pre_participant_2021,2020-10-31T22:02:11Z,maze-event,rep_first,FALSE,weekly,28,Male,AZ,2-year college degree,Independent,yes,yes,yes,I don't care,NA,pre
Sub3120,pre_participant_2022,2020-10-31T22:16:56Z,mazerace-event,dem_first,FALSE,daily,59,Male,MN,4-year college degree,Republican,yes,yes,yes,Kamala Harris,NA,pre
Sub3121,pre_participant_2023,2020-10-31T22:30:56Z,cloze-event,dem_first,FALSE,daily,36,Male,MS,Professional degree,Democrat,yes,yes,yes,Joe Biden,NA,pre
Sub3122,pre_participant_2024,2020-10-31T22:41:47Z,event-maze,dem_first,FALSE,daily,52,Female,FL,Some college,Republican,yes,yes,yes,Mike Pence,NA,pre
Sub3123,pre_participant_2025,2020-10-31T22:44:30Z,mazerace-event,dem_first,FALSE,daily,69,Female,WI,Some college,Democrat,yes,yes,yes,Joe Biden,NA,pre
Sub3124,pre_participant_2026,2020-10-31T23:40:33Z,event-maze,dem_first,FALSE,daily,53,Female,CO,4-year college degree,Democrat,yes,yes,yes,Joe Biden,NA,pre
Sub3131,pre_participant_2029,2020-11-01T00:12:43Z,maze-event,dem_first,FALSE,daily,50,Female,NY,4-year college degree,Independent,yes,yes,yes,Donald Trump,NA,pre
Sub3135,pre_participant_2030,2020-11-01T00:36:10Z,event-mazerace,rep_first,FALSE,daily,35,Female,IL,Some college,Democrat,yes,yes,yes,Donald Trump,NA,pre
Sub3136,pre_participant_2031,2020-11-01T00:50:05Z,spr-event,rep_first,FALSE,daily,35,Male,PA,4-year college degree,Democrat,yes,yes,yes,Donald Trump,NA,pre
Sub3138,pre_participant_2032,2020-11-01T00:59:00Z,mazerace-event,rep_first,FALSE,daily,46,Female,AL,2-year college degree,Democrat,yes,yes,yes,Kamala Harris,NA,pre
Sub3141,pre_participant_2034,2020-11-01T01:02:36Z,cloze-event,dem_first,FALSE,daily,61,Female,TX,4-year college degree,Independent,yes,yes,yes,I don't care,NA,pre
Sub3143,pre_participant_2035,2020-11-01T01:35:47Z,spr-event,dem_first,FALSE,weekly,45,Female,WI,4-year college degree,Republican,yes,yes,yes,Joe Biden,NA,pre
Sub3144,pre_participant_2036,2020-11-01T01:53:45Z,event-mazerace,dem_first,FALSE,daily,46,Male,TX,Some college,Republican,yes,yes,yes,Donald Trump,NA,pre
Sub3148,pre_participant_2037,2020-11-01T02:37:44Z,event-maze,rep_first,FALSE,daily,56,Male,MI,Some college,Democrat,yes,yes,yes,Joe Biden,NA,pre
Sub3150,pre_participant_2039,2020-11-01T02:42:13Z,cloze-event,dem_first,FALSE,daily,51,Male,FL,High school graduate,Republican,yes,yes,yes,Donald Trump,NA,pre
Sub3157,pre_participant_2041,2020-11-01T03:34:01Z,cloze-event,rep_first,FALSE,daily,34,Male,TN,4-year college degree,Democrat,yes,yes,yes,Joe Biden,NA,pre
Sub3158,pre_participant_2042,2020-11-01T03:52:43Z,spr-event,dem_first,FALSE,daily,50,Male,TX,Professional degree,Democrat,yes,yes,yes,Kamala Harris,NA,pre
Sub3159,pre_participant_2043,2020-11-01T04:00:54Z,event-mazerace,rep_first,FALSE,monthly,47,Male,VT,2-year college degree,Republican,yes,yes,yes,Mike Pence,NA,pre
Sub3160,pre_participant_2044,2020-11-01T04:21:49Z,event-maze,rep_first,FALSE,daily,30,Female,CA,2-year college degree,Independent,yes,yes,yes,Kamala Harris,NA,pre
Sub3166,pre_participant_2045,2020-11-01T05:10:55Z,mazerace-event,rep_first,FALSE,daily,40,Male,NE,Professional degree,Republican,yes,yes,yes,Donald Trump,NA,pre
Sub3167,pre_participant_2046,2020-11-01T05:35:10Z,event-spr,rep_first,FALSE,daily,34,Male,CA,Some college,Independent,yes,yes,yes,Kamala Harris,NA,pre
Sub3168,pre_participant_2047,2020-11-01T05:47:54Z,cloze-event,rep_first,FALSE,weekly,36,Male,CA,Some college,Republican,yes,yes,yes,I don't care,NA,pre
Sub3173,pre_participant_2049,2020-11-01T06:33:33Z,cloze-event,dem_first,FALSE,daily,47,Male,NV,Some college,Republican,yes,yes,yes,Joe Biden,NA,pre
Sub3174,pre_participant_2050,2020-11-01T06:37:54Z,cloze-event,rep_first,FALSE,daily,38,Male,WI,Professional degree,Republican,yes,yes,yes,Donald Trump,NA,pre
Sub3176,pre_participant_2051,2020-11-01T07:46:34Z,maze-event,rep_first,FALSE,weekly,41,Female,IN,Some college,Democrat,yes,yes,yes,I'd rather not say,NA,pre
Sub3177,pre_participant_2052,2020-11-01T07:51:53Z,spr-event,rep_first,FALSE,daily,70,Female,TX,High school graduate,Republican,yes,yes,yes,Donald Trump,NA,pre
Sub3181,pre_participant_2056,2020-11-01T09:38:28Z,spr-event,dem_first,FALSE,daily,55,Male,IN,Less than high school,Independent,yes,yes,yes,Mike Pence,NA,pre
Sub3183,pre_participant_2058,2020-11-01T10:45:32Z,maze-event,dem_first,FALSE,daily,55,Female,PA,4-year college degree,Republican,yes,yes,yes,Mike Pence,NA,pre
Sub3185,pre_participant_2060,2020-11-01T10:56:11Z,event-cloze,rep_first,FALSE,daily,29,Female,SC,4-year college degree,Democrat,yes,yes,yes,Kamala Harris,NA,pre
Sub3186,pre_participant_2061,2020-11-01T10:59:18Z,spr-event,rep_first,FALSE,daily,38,Male,VT,2-year college degree,Democrat,yes,yes,yes,Joe Biden,NA,pre
Sub3188,pre_participant_2062,2020-11-01T11:58:19Z,maze-event,dem_first,FALSE,weekly,39,Female,FL,Professional degree,Democrat,yes,yes,yes,Joe Biden,NA,pre
Sub3189,pre_participant_2063,2020-11-01T11:59:40Z,event-cloze,rep_first,FALSE,weekly,43,Male,FL,4-year college degree,Independent,yes,yes,yes,Joe Biden,NA,pre
Sub3191,pre_participant_2065,2020-11-01T12:13:03Z,cloze-event,dem_first,FALSE,daily,36,Male,FL,4-year college degree,Independent,yes,yes,yes,I don't care,NA,pre
Sub3194,pre_participant_2068,2020-11-01T13:28:21Z,cloze-event,dem_first,FALSE,daily,41,Male,MD,Professional degree,Independent,yes,yes,yes,Kamala Harris,NA,pre
Sub3195,pre_participant_2069,2020-11-01T13:35:59Z,event-cloze,rep_first,FALSE,daily,29,Male,TN,High school graduate,Independent,yes,yes,yes,Mike Pence,NA,pre
Sub3198,pre_participant_2072,2020-11-01T13:57:33Z,maze-event,dem_first,FALSE,daily,47,Female,CA,High school graduate,Republican,yes,yes,yes,Donald Trump,NA,pre
Sub3199,pre_participant_2073,2020-11-01T14:07:13Z,cloze-event,rep_first,FALSE,daily,60,Female,FL,Professional degree,Republican,yes,yes,yes,Donald Trump,NA,pre
Sub3201,pre_participant_2075,2020-11-01T14:16:09Z,maze-event,rep_first,FALSE,daily,67,Female,MI,Some college,Democrat,yes,yes,yes,Kamala Harris,NA,pre
Sub3203,pre_participant_2077,2020-11-01T14:46:57Z,mazerace-event,rep_first,FALSE,daily,45,Male,NJ,4-year college degree,Republican,yes,yes,yes,Mike Pence,NA,pre
Sub3206,pre_participant_2079,2020-11-01T14:48:03Z,spr-event,rep_first,FALSE,daily,62,Female,WA,High school graduate,Republican,yes,yes,yes,Donald Trump,NA,pre
Sub3208,pre_participant_2080,2020-11-01T14:51:28Z,mazerace-event,rep_first,FALSE,weekly,34,Male,CA,4-year college degree,Republican,yes,yes,yes,Joe Biden,NA,pre
Sub3210,pre_participant_2082,2020-11-01T14:53:51Z,cloze-event,rep_first,FALSE,daily,23,Female,NC,Some college,Independent,yes,yes,yes,Joe Biden,NA,pre
Sub3212,pre_participant_2083,2020-11-01T15:00:09Z,mazerace-event,rep_first,FALSE,daily,31,Male,TX,Doctorate,Independent,yes,yes,yes,Kamala Harris,NA,pre
Sub3214,pre_participant_2084,2020-11-01T15:01:56Z,mazerace-event,rep_first,FALSE,daily,60,Female,KY,2-year college degree,Democrat,yes,yes,yes,Kamala Harris,NA,pre
Sub3215,pre_participant_2085,2020-11-01T15:02:15Z,event-cloze,dem_first,FALSE,daily,33,Male,RI,2-year college degree,Republican,yes,yes,yes,I don't care,NA,pre
Sub3216,pre_participant_2086,2020-11-01T15:02:26Z,maze-event,dem_first,FALSE,daily,29,Female,PA,Doctorate,Democrat,yes,yes,yes,Joe Biden,NA,pre
Sub3217,pre_participant_2087,2020-11-01T15:03:19Z,maze-event,rep_first,FALSE,daily,28,Male,IL,4-year college degree,Democrat,yes,yes,yes,Joe Biden,NA,pre
Sub3218,pre_participant_2088,2020-11-01T15:03:23Z,spr-event,rep_first,FALSE,daily,25,Male,TX,4-year college degree,Democrat,yes,yes,yes,Kamala Harris,NA,pre
Sub3219,pre_participant_2089,2020-11-01T15:03:24Z,cloze-event,dem_first,FALSE,less than monthly,41,Male,AL,4-year college degree,Independent,yes,yes,yes,Donald Trump,NA,pre
Sub3220,pre_participant_2090,2020-11-01T15:03:38Z,spr-event,rep_first,FALSE,daily,32,Male,MA,2-year college degree,Republican,yes,yes,yes,Kamala Harris,NA,pre
Sub3221,pre_participant_2091,2020-11-01T15:04:56Z,spr-event,dem_first,FALSE,daily,43,Female,FL,High school graduate,Republican,yes,yes,yes,Mike Pence,NA,pre
Sub3226,pre_participant_2094,2020-11-01T15:08:23Z,maze-event,rep_first,FALSE,daily,58,Male,OH,4-year college degree,Democrat,yes,yes,yes,Joe Biden,NA,pre
Sub3227,pre_participant_2095,2020-11-01T15:08:29Z,spr-event,rep_first,FALSE,monthly,39,Male,CA,2-year college degree,Republican,yes,yes,yes,Donald Trump,NA,pre
Sub3228,pre_participant_2096,2020-11-01T15:08:35Z,event-cloze,rep_first,FALSE,daily,43,Female,CA,Professional degree,Democrat,yes,yes,yes,Kamala Harris,NA,pre
Sub3229,pre_participant_2097,2020-11-01T15:08:57Z,cloze-event,rep_first,FALSE,weekly,32,Male,AZ,4-year college degree,Democrat,yes,yes,yes,Joe Biden,NA,pre
Sub3231,pre_participant_2098,2020-11-01T15:09:32Z,spr-event,dem_first,FALSE,daily,47,Female,TX,Professional degree,Republican,yes,yes,yes,Kamala Harris,NA,pre
Sub3233,pre_participant_2099,2020-11-01T15:11:19Z,cloze-event,rep_first,FALSE,daily,31,Female,IN,4-year college degree,Democrat,yes,yes,yes,Joe Biden,NA,pre
Sub3236,pre_participant_2101,2020-11-01T15:12:57Z,maze-event,rep_first,FALSE,daily,30,Male,GA,2-year college degree,Democrat,yes,yes,yes,Joe Biden,NA,pre
Sub3241,pre_participant_2104,2020-11-01T15:15:07Z,spr-event,dem_first,FALSE,daily,37,Other,CA,4-year college degree,Independent,yes,yes,yes,Mike Pence,NA,pre
Sub3243,pre_participant_2105,2020-11-01T15:16:47Z,mazerace-event,rep_first,FALSE,weekly,42,Female,IN,4-year college degree,Republican,yes,yes,yes,Donald Trump,NA,pre
Sub3244,pre_participant_2106,2020-11-01T15:18:37Z,cloze-event,rep_first,FALSE,daily,37,Female,IN,2-year college degree,Republican,yes,yes,yes,Mike Pence,NA,pre
Sub3245,pre_participant_2107,2020-11-01T15:18:53Z,event-spr,rep_first,FALSE,daily,61,Female,CT,Some college,Republican,yes,yes,yes,Donald Trump,NA,pre
Sub3246,pre_participant_2108,2020-11-01T15:18:59Z,maze-event,rep_first,FALSE,daily,27,Male,DE,2-year college degree,Democrat,yes,yes,yes,Kamala Harris,NA,pre
Sub3247,pre_participant_2109,2020-11-01T15:19:10Z,cloze-event,rep_first,FALSE,daily,31,Female,TX,2-year college degree,Democrat,yes,yes,yes,Kamala Harris,NA,pre
Sub3248,pre_participant_2110,2020-11-01T15:19:22Z,spr-event,dem_first,FALSE,daily,64,Female,FL,Professional degree,Democrat,yes,yes,yes,Kamala Harris,NA,pre
Sub3249,pre_participant_2111,2020-11-01T15:22:02Z,mazerace-event,dem_first,FALSE,daily,54,Male,GA,4-year college degree,Republican,yes,yes,yes,Mike Pence,NA,pre
Sub3255,pre_participant_2112,2020-11-01T15:25:09Z,cloze-event,rep_first,FALSE,daily,26,Female,PA,4-year college degree,Democrat,yes,yes,yes,Joe Biden,NA,pre
Sub3259,pre_participant_2114,2020-11-01T15:26:47Z,spr-event,rep_first,FALSE,daily,72,Female,NY,High school graduate,Republican,yes,yes,yes,Kamala Harris,NA,pre
Sub3260,pre_participant_2115,2020-11-01T15:27:50Z,cloze-event,rep_first,FALSE,weekly,28,Male,CA,Professional degree,Republican,yes,yes,yes,Donald Trump,NA,pre
Sub3261,pre_participant_2116,2020-11-01T15:28:30Z,spr-event,dem_first,FALSE,daily,22,Female,PA,4-year college degree,Democrat,yes,yes,yes,Joe Biden,NA,pre
Sub3262,pre_participant_2117,2020-11-01T15:29:29Z,event-cloze,dem_first,FALSE,daily,77,Female,FL,Some college,Republican,yes,yes,yes,Donald Trump,NA,pre
Sub3264,pre_participant_2118,2020-11-01T15:30:35Z,mazerace-event,rep_first,FALSE,daily,65,Female,GA,4-year college degree,Independent,yes,yes,yes,Joe Biden,NA,pre
Sub3265,pre_participant_2119,2020-11-01T15:30:58Z,maze-event,rep_first,FALSE,daily,35,Male,RI,Some college,Republican,yes,yes,yes,Mike Pence,NA,pre
Sub3266,pre_participant_2120,2020-11-01T15:31:09Z,event-maze,rep_first,FALSE,daily,31,Male,NV,4-year college degree,Other,yes,yes,yes,Donald Trump,NA,pre
Sub3267,pre_participant_2121,2020-11-01T15:31:34Z,maze-event,dem_first,FALSE,daily,25,Male,NY,Some college,None,yes,yes,yes,Joe Biden,NA,pre
Sub3268,pre_participant_2122,2020-11-01T15:31:56Z,event-maze,dem_first,FALSE,daily,27,Female,TX,4-year college degree,Democrat,yes,yes,yes,Joe Biden,NA,pre
Sub3275,pre_participant_2123,2020-11-01T15:33:51Z,event-cloze,dem_first,FALSE,daily,25,Male,MI,Some college,Republican,yes,yes,yes,Mike Pence,NA,pre
Sub3277,pre_participant_2124,2020-11-01T15:34:17Z,cloze-event,dem_first,FALSE,daily,43,Male,KY,Some college,Republican,yes,yes,yes,Mike Pence,NA,pre
Sub3278,pre_participant_2125,2020-11-01T15:34:30Z,event-cloze,rep_first,FALSE,daily,38,Male,CO,High school graduate,Independent,yes,yes,yes,Kamala Harris,NA,pre
Sub3279,pre_participant_2126,2020-11-01T15:34:54Z,event-mazerace,rep_first,FALSE,daily,37,Male,KS,Some college,Republican,yes,yes,yes,Mike Pence,NA,pre
Sub3281,pre_participant_2127,2020-11-01T15:35:36Z,event-cloze,dem_first,FALSE,daily,40,Male,VA,4-year college degree,Independent,yes,yes,yes,Kamala Harris,NA,pre
Sub3282,pre_participant_2128,2020-11-01T15:35:36Z,maze-event,dem_first,FALSE,daily,36,Male,CT,4-year college degree,Democrat,yes,yes,yes,Joe Biden,NA,pre
Sub3283,pre_participant_2129,2020-11-01T15:35:37Z,maze-event,dem_first,FALSE,daily,44,Male,MA,Professional degree,Democrat,yes,yes,yes,Joe Biden,NA,pre
Sub3284,pre_participant_2130,2020-11-01T15:35:42Z,event-spr,dem_first,FALSE,daily,32,Male,IL,4-year college degree,Democrat,yes,yes,yes,Kamala Harris,NA,pre
Sub3285,pre_participant_2131,2020-11-01T15:35:54Z,event-maze,dem_first,FALSE,daily,32,Male,CA,Professional degree,Independent,yes,yes,yes,Joe Biden,NA,pre
Sub3286,pre_participant_2132,2020-11-01T15:35:58Z,spr-event,dem_first,FALSE,daily,57,Female,MI,4-year college degree,Republican,yes,yes,yes,Mike Pence,NA,pre
Sub3288,pre_participant_2133,2020-11-01T15:36:27Z,mazerace-event,rep_first,FALSE,daily,61,Female,NE,Professional degree,Independent,yes,yes,yes,Kamala Harris,NA,pre
Sub3289,pre_participant_2134,2020-11-01T15:36:49Z,mazerace-event,dem_first,FALSE,daily,62,Female,IN,Professional degree,Independent,yes,yes,yes,Donald Trump,NA,pre
Sub3290,pre_participant_2135,2020-11-01T15:36:59Z,maze-event,rep_first,FALSE,daily,32,Male,PA,2-year college degree,Independent,yes,yes,yes,Kamala Harris,NA,pre
Sub3291,pre_participant_2136,2020-11-01T15:37:05Z,event-mazerace,rep_first,FALSE,daily,54,Male,PA,Professional degree,Democrat,yes,yes,yes,Joe Biden,NA,pre
Sub3292,pre_participant_2137,2020-11-01T15:37:11Z,spr-event,rep_first,FALSE,weekly,26,Female,TX,Some college,Other,yes,yes,yes,Kamala Harris,NA,pre
Sub3294,pre_participant_2138,2020-11-01T15:37:33Z,maze-event,dem_first,FALSE,daily,36,Male,CA,4-year college degree,Democrat,yes,yes,yes,Joe Biden,NA,pre
Sub3295,pre_participant_2139,2020-11-01T15:37:39Z,event-spr,dem_first,FALSE,daily,39,Male,CO,2-year college degree,Independent,yes,yes,yes,Donald Trump,NA,pre
Sub3296,pre_participant_2140,2020-11-01T15:37:48Z,cloze-event,rep_first,FALSE,daily,56,Female,VA,Professional degree,Democrat,yes,yes,yes,Kamala Harris,NA,pre
Sub3297,pre_participant_2141,2020-11-01T15:37:49Z,event-spr,rep_first,FALSE,daily,39,Male,TX,Professional degree,Democrat,yes,yes,yes,Joe Biden,NA,pre
Sub3298,pre_participant_2142,2020-11-01T15:37:51Z,maze-event,rep_first,FALSE,daily,50,Male,WA,4-year college degree,Democrat,yes,yes,yes,Kamala Harris,NA,pre
Sub3299,pre_participant_2143,2020-11-01T15:38:47Z,event-cloze,rep_first,FALSE,never,49,Male,MI,4-year college degree,Democrat,yes,yes,yes,Donald Trump,NA,pre
Sub3304,pre_participant_2145,2020-11-01T15:40:39Z,event-mazerace,dem_first,FALSE,daily,37,Female,NC,2-year college degree,Democrat,yes,yes,yes,Kamala Harris,NA,pre
Sub3305,pre_participant_2146,2020-11-01T15:40:39Z,spr-event,dem_first,FALSE,daily,54,Male,AZ,Some college,Republican,yes,yes,yes,Mike Pence,NA,pre
Sub3306,pre_participant_2147,2020-11-01T15:40:42Z,event-spr,rep_first,FALSE,daily,49,Female,MA,4-year college degree,Republican,yes,yes,yes,Donald Trump,NA,pre
Sub3308,pre_participant_2148,2020-11-01T15:41:08Z,event-mazerace,dem_first,FALSE,daily,38,Female,AZ,4-year college degree,Republican,yes,yes,yes,Donald Trump,NA,pre
Sub3309,pre_participant_2149,2020-11-01T15:41:08Z,cloze-event,dem_first,FALSE,daily,58,Male,CO,High school graduate,Republican,yes,yes,yes,Joe Biden,NA,pre
Sub3310,pre_participant_2150,2020-11-01T15:41:15Z,spr-event,rep_first,FALSE,daily,47,Female,CA,4-year college degree,Democrat,yes,yes,yes,Kamala Harris,NA,pre
Sub3312,pre_participant_2151,2020-11-01T15:41:19Z,spr-event,dem_first,FALSE,daily,NA,Male,OH,4-year college degree,Democrat,yes,yes,yes,Kamala Harris,NA,pre
Sub3313,pre_participant_2152,2020-11-01T15:41:21Z,spr-event,rep_first,FALSE,weekly,47,Male,OR,2-year college degree,Republican,yes,yes,yes,Mike Pence,NA,pre
Sub3314,pre_participant_2153,2020-11-01T15:41:34Z,mazerace-event,dem_first,FALSE,daily,35,Female,FL,Some college,Independent,yes,yes,yes,Joe Biden,NA,pre
Sub3320,pre_participant_2156,2020-11-01T15:42:46Z,spr-event,rep_first,FALSE,daily,24,Female,MD,4-year college degree,Democrat,yes,yes,yes,Joe Biden,NA,pre
Sub3323,pre_participant_2158,2020-11-01T15:43:07Z,maze-event,rep_first,FALSE,daily,34,Male,OH,4-year college degree,Democrat,yes,yes,yes,Joe Biden,NA,pre
Sub3324,pre_participant_2159,2020-11-01T15:43:12Z,mazerace-event,rep_first,FALSE,monthly,30,Female,NY,4-year college degree,Republican,yes,yes,yes,Donald Trump,NA,pre
Sub3325,pre_participant_2160,2020-11-01T15:43:29Z,event-mazerace,rep_first,FALSE,daily,36,Female,FL,Some college,Independent,yes,yes,yes,Kamala Harris,NA,pre
Sub3326,pre_participant_2161,2020-11-01T15:43:38Z,spr-event,dem_first,FALSE,daily,46,Male,IL,4-year college degree,Democrat,yes,yes,yes,Kamala Harris,NA,pre
Sub3328,pre_participant_2163,2020-11-01T15:44:01Z,event-spr,rep_first,FALSE,daily,31,Female,CO,4-year college degree,Democrat,yes,yes,yes,Kamala Harris,NA,pre
Sub3332,pre_participant_2165,2020-11-01T15:45:20Z,event-maze,rep_first,FALSE,daily,60,Female,AR,High school graduate,Republican,yes,yes,yes,Donald Trump,NA,pre
Sub3335,pre_participant_2167,2020-11-01T15:46:19Z,mazerace-event,dem_first,FALSE,daily,65,Male,FL,High school graduate,Independent,yes,yes,yes,Donald Trump,NA,pre
Sub3337,pre_participant_2168,2020-11-01T15:46:50Z,cloze-event,dem_first,FALSE,daily,25,Male,OK,4-year college degree,Independent,yes,yes,yes,Joe Biden,NA,pre
Sub3339,pre_participant_2169,2020-11-01T15:46:58Z,event-spr,rep_first,FALSE,weekly,26,Female,TX,High school graduate,Democrat,yes,yes,yes,Kamala Harris,NA,pre
Sub3342,pre_participant_2171,2020-11-01T15:47:52Z,spr-event,rep_first,FALSE,daily,56,Female,PA,Some college,Independent,yes,yes,yes,Mike Pence,NA,pre
Sub3343,pre_participant_2172,2020-11-01T15:48:17Z,cloze-event,rep_first,FALSE,daily,65,Female,MA,Some college,Independent,yes,yes,yes,Kamala Harris,NA,pre
Sub3345,pre_participant_2173,2020-11-01T15:48:31Z,maze-event,dem_first,FALSE,daily,35,Male,NC,Professional degree,Democrat,yes,yes,yes,Joe Biden,NA,pre
Sub3348,pre_participant_2174,2020-11-01T15:49:08Z,spr-event,dem_first,FALSE,weekly,36,Male,NY,4-year college degree,Republican,yes,yes,yes,I don't care,NA,pre
Sub3352,pre_participant_2175,2020-11-01T15:50:06Z,spr-event,rep_first,FALSE,daily,75,Male,FL,4-year college degree,Democrat,yes,yes,yes,Kamala Harris,NA,pre
Sub3354,pre_participant_2176,2020-11-01T15:50:24Z,event-maze,rep_first,FALSE,daily,36,Male,NY,2-year college degree,Republican,yes,yes,yes,Mike Pence,NA,pre
Sub3360,pre_participant_2177,2020-11-01T15:52:43Z,spr-event,rep_first,FALSE,daily,42,Female,GA,4-year college degree,Democrat,yes,yes,yes,Joe Biden,NA,pre
Sub3362,pre_participant_2178,2020-11-01T15:53:06Z,mazerace-event,rep_first,FALSE,daily,45,Male,MO,4-year college degree,Republican,yes,yes,yes,Mike Pence,NA,pre
Sub3363,pre_participant_2179,2020-11-01T15:53:15Z,cloze-event,dem_first,FALSE,daily,32,Male,FL,2-year college degree,Independent,yes,yes,yes,Donald Trump,NA,pre
Sub3367,pre_participant_2181,2020-11-01T15:54:21Z,maze-event,dem_first,FALSE,daily,56,Female,VT,Professional degree,Democrat,yes,yes,yes,Joe Biden,NA,pre
Sub3387,pre_participant_2183,2020-11-01T15:59:57Z,spr-event,rep_first,FALSE,daily,47,Female,MO,4-year college degree,Democrat,yes,yes,yes,Joe Biden,NA,pre
Sub3392,pre_participant_2184,2020-11-01T16:01:13Z,cloze-event,rep_first,FALSE,weekly,56,Female,NC,4-year college degree,Democrat,yes,yes,yes,Kamala Harris,NA,pre
Sub3397,pre_participant_2185,2020-11-01T16:02:12Z,maze-event,rep_first,FALSE,daily,23,Male,FL,4-year college degree,Democrat,yes,yes,yes,Kamala Harris,NA,pre
Sub3444,pre_participant_2187,2020-11-01T16:12:59Z,mazerace-event,rep_first,FALSE,daily,62,Female,WI,4-year college degree,Democrat,yes,yes,yes,Kamala Harris,NA,pre
Sub3449,pre_participant_2188,2020-11-01T16:13:49Z,spr-event,dem_first,FALSE,daily,38,Male,NJ,4-year college degree,Democrat,yes,yes,yes,Kamala Harris,NA,pre
Sub3463,pre_participant_2190,2020-11-01T16:17:00Z,cloze-event,dem_first,FALSE,daily,29,Male,KY,Some college,Democrat,yes,yes,yes,Joe Biden,NA,pre
Sub3470,pre_participant_2191,2020-11-01T16:18:41Z,maze-event,dem_first,FALSE,daily,54,Male,TX,Professional degree,Republican,yes,yes,yes,Mike Pence,NA,pre
Sub3473,pre_participant_2192,2020-11-01T16:19:22Z,spr-event,dem_first,FALSE,daily,28,Male,AL,Some college,Republican,yes,yes,yes,Donald Trump,NA,pre
Sub3475,pre_participant_2193,2020-11-01T16:20:13Z,maze-event,dem_first,FALSE,daily,27,Male,NM,4-year college degree,Democrat,yes,yes,yes,Kamala Harris,NA,pre
Sub3504,pre_participant_2196,2020-11-01T16:27:04Z,spr-event,dem_first,FALSE,weekly,31,Male,CA,High school graduate,Independent,yes,yes,yes,Donald Trump,NA,pre
Sub3536,pre_participant_2197,2020-11-01T16:34:32Z,cloze-event,rep_first,FALSE,daily,32,Female,FL,4-year college degree,Republican,yes,yes,yes,Donald Trump,NA,pre
Sub3556,pre_participant_2198,2020-11-01T16:38:12Z,event-maze,dem_first,FALSE,daily,53,Female,NC,Professional degree,Democrat,yes,yes,yes,Joe Biden,NA,pre
Sub3587,pre_participant_2199,2020-11-01T16:43:48Z,mazerace-event,dem_first,FALSE,daily,67,Male,WI,High school graduate,Independent,yes,yes,yes,Mike Pence,NA,pre
Sub3639,pre_participant_2201,2020-11-01T16:53:22Z,mazerace-event,rep_first,FALSE,daily,29,Male,HI,2-year college degree,Republican,yes,yes,yes,Mike Pence,NA,pre
Sub3677,pre_participant_2203,2020-11-01T17:00:42Z,spr-event,rep_first,FALSE,daily,53,Male,NV,4-year college degree,Democrat,yes,yes,yes,Joe Biden,NA,pre
Sub3738,pre_participant_2204,2020-11-01T17:14:09Z,event-cloze,rep_first,FALSE,weekly,28,Male,CA,4-year college degree,Independent,yes,yes,yes,Kamala Harris,NA,pre
Sub3788,pre_participant_2205,2020-11-01T17:32:50Z,event-maze,rep_first,FALSE,daily,51,Female,OR,4-year college degree,Democrat,yes,yes,yes,Kamala Harris,NA,pre
Sub3790,pre_participant_2206,2020-11-01T17:36:41Z,mazerace-event,rep_first,FALSE,daily,52,Female,VA,2-year college degree,Democrat,yes,yes,yes,Joe Biden,NA,pre
Sub3797,pre_participant_2209,2020-11-01T18:37:49Z,maze-event,rep_first,FALSE,daily,48,Female,IA,4-year college degree,Independent,yes,yes,yes,Joe Biden,NA,pre
Sub3799,pre_participant_2210,2020-11-01T19:10:31Z,event-spr,rep_first,FALSE,daily,61,Male,WI,Some college,Independent,yes,yes,yes,I don't care,NA,pre
Sub3801,pre_participant_2212,2020-11-01T20:32:01Z,cloze-event,rep_first,FALSE,daily,33,Male,TX,4-year college degree,Republican,yes,yes,yes,Donald Trump,NA,pre
Sub3804,pre_participant_2214,2020-11-01T22:35:47Z,cloze-event,rep_first,FALSE,daily,21,Male,NJ,4-year college degree,Democrat,yes,yes,yes,Kamala Harris,NA,pre
Sub3805,pre_participant_2215,2020-11-01T22:36:03Z,cloze-event,rep_first,FALSE,daily,58,Male,MA,Professional degree,Democrat,yes,yes,yes,Mike Pence,NA,pre
Sub3807,pre_participant_2216,2020-11-01T22:36:53Z,mazerace-event,dem_first,FALSE,daily,34,Male,FL,High school graduate,Democrat,yes,yes,yes,I don't care,NA,pre
Sub3808,pre_participant_2217,2020-11-01T22:37:32Z,event-mazerace,dem_first,FALSE,daily,26,Male,LA,4-year college degree,Republican,yes,yes,yes,Donald Trump,NA,pre
Sub3809,pre_participant_2218,2020-11-01T22:37:56Z,mazerace-event,rep_first,FALSE,daily,25,Male,CA,Some college,Independent,yes,yes,yes,I don't care,NA,pre
Sub3811,pre_participant_2220,2020-11-01T22:38:06Z,mazerace-event,dem_first,FALSE,daily,42,Male,GA,2-year college degree,Independent,yes,yes,yes,Donald Trump,NA,pre
Sub3814,pre_participant_2221,2020-11-01T22:38:19Z,event-spr,dem_first,FALSE,weekly,31,Female,TN,High school graduate,Independent,yes,yes,yes,Joe Biden,NA,pre
Sub3815,pre_participant_2222,2020-11-01T22:38:44Z,cloze-event,dem_first,FALSE,weekly,40,Female,AR,Professional degree,Republican,yes,yes,yes,I don't care,NA,pre
Sub3816,pre_participant_2223,2020-11-01T22:38:47Z,cloze-event,dem_first,FALSE,daily,30,Male,WI,4-year college degree,Independent,yes,yes,yes,Joe Biden,NA,pre
Sub3819,pre_participant_2224,2020-11-01T22:40:10Z,event-cloze,dem_first,FALSE,daily,NA,Female,NH,4-year college degree,Democrat,yes,yes,yes,Kamala Harris,NA,pre
Sub3821,pre_participant_2225,2020-11-01T22:40:41Z,cloze-event,rep_first,FALSE,daily,45,Female,MO,Some college,Independent,yes,yes,yes,Mike Pence,NA,pre
Sub3826,pre_participant_2226,2020-11-01T22:42:00Z,event-maze,dem_first,FALSE,daily,36,Female,WV,2-year college degree,Democrat,yes,yes,yes,Donald Trump,NA,pre
Sub3828,pre_participant_2227,2020-11-01T22:42:25Z,event-cloze,dem_first,FALSE,daily,26,Female,CA,Professional degree,Independent,yes,yes,yes,Donald Trump,NA,pre
Sub3831,pre_participant_2228,2020-11-01T22:43:05Z,event-cloze,dem_first,FALSE,daily,26,Male,MO,4-year college degree,Democrat,yes,yes,yes,Joe Biden,NA,pre
Sub3830,pre_participant_2229,2020-11-01T22:43:04Z,mazerace-event,rep_first,FALSE,daily,37,Female,AZ,Some college,Independent,yes,yes,yes,I don't care,NA,pre
Sub3837,pre_participant_2232,2020-11-01T22:44:11Z,spr-event,rep_first,FALSE,daily,54,Male,TX,4-year college degree,Independent,yes,yes,yes,Mike Pence,NA,pre
Sub3846,pre_participant_2234,2020-11-01T22:46:30Z,cloze-event,dem_first,FALSE,daily,61,Female,IL,Some college,Democrat,yes,yes,yes,Joe Biden,NA,pre
Sub3850,pre_participant_2235,2020-11-01T22:47:03Z,spr-event,dem_first,FALSE,daily,40,Male,NY,4-year college degree,Democrat,yes,yes,yes,I don't care,NA,pre
Sub3851,pre_participant_2236,2020-11-01T22:47:15Z,maze-event,rep_first,FALSE,daily,40,Female,MN,4-year college degree,Independent,yes,yes,yes,I don't care,NA,pre
Sub3860,pre_participant_2239,2020-11-01T22:49:02Z,event-mazerace,rep_first,FALSE,daily,49,Female,MA,4-year college degree,Republican,yes,yes,yes,Mike Pence,NA,pre
Sub3863,pre_participant_2241,2020-11-01T22:49:51Z,maze-event,rep_first,FALSE,daily,34,Female,MA,4-year college degree,Democrat,yes,yes,yes,Kamala Harris,NA,pre
Sub3867,pre_participant_2243,2020-11-01T22:50:08Z,maze-event,rep_first,FALSE,daily,22,Male,CA,Some college,Democrat,yes,yes,yes,Joe Biden,NA,pre
Sub3868,pre_participant_2244,2020-11-01T22:50:14Z,spr-event,rep_first,FALSE,daily,60,Female,NV,4-year college degree,Democrat,yes,yes,yes,Kamala Harris,NA,pre
Sub3871,pre_participant_2245,2020-11-01T22:50:42Z,maze-event,rep_first,FALSE,daily,32,Male,DC,Professional degree,Republican,yes,yes,yes,Donald Trump,NA,pre
Sub3876,pre_participant_2246,2020-11-01T22:51:34Z,maze-event,dem_first,FALSE,daily,49,Female,FL,4-year college degree,Republican,yes,yes,yes,Donald Trump,NA,pre
Sub3879,pre_participant_2248,2020-11-01T22:51:54Z,mazerace-event,rep_first,FALSE,daily,32,Male,GA,Professional degree,Democrat,yes,yes,yes,Kamala Harris,NA,pre
Sub3880,pre_participant_2249,2020-11-01T22:52:04Z,spr-event,rep_first,FALSE,daily,22,Male,MI,Some college,Republican,yes,yes,yes,Donald Trump,NA,pre
Sub3881,pre_participant_2250,2020-11-01T22:52:12Z,maze-event,rep_first,FALSE,weekly,25,Male,PA,4-year college degree,Democrat,yes,yes,yes,Kamala Harris,NA,pre
Sub3882,pre_participant_2251,2020-11-01T22:52:20Z,event-cloze,rep_first,FALSE,daily,51,Male,WA,Professional degree,Republican,yes,yes,yes,Donald Trump,NA,pre
Sub3884,pre_participant_2252,2020-11-01T22:52:23Z,spr-event,rep_first,FALSE,daily,62,Male,MA,Professional degree,Independent,yes,yes,yes,Kamala Harris,NA,pre
Sub3889,pre_participant_2253,2020-11-01T22:53:05Z,event-maze,rep_first,FALSE,daily,29,Male,PA,4-year college degree,Democrat,yes,yes,yes,Kamala Harris,NA,pre
Sub3890,pre_participant_2254,2020-11-01T22:53:07Z,cloze-event,rep_first,FALSE,daily,55,Male,FL,Some college,Democrat,yes,yes,yes,Kamala Harris,NA,pre
Sub3897,pre_participant_2255,2020-11-01T22:54:23Z,mazerace-event,dem_first,FALSE,daily,31,Female,OH,4-year college degree,Republican,yes,yes,yes,Kamala Harris,NA,pre
Sub3898,pre_participant_2256,2020-11-01T22:54:30Z,event-mazerace,rep_first,FALSE,daily,40,Female,MI,4-year college degree,Republican,yes,yes,yes,Kamala Harris,NA,pre
Sub3905,pre_participant_2258,2020-11-01T22:55:35Z,maze-event,dem_first,FALSE,weekly,29,Male,NH,Professional degree,Republican,yes,yes,yes,Mike Pence,NA,pre
Sub3907,pre_participant_2259,2020-11-01T22:55:47Z,cloze-event,dem_first,FALSE,daily,26,Female,NY,4-year college degree,Democrat,yes,yes,yes,Kamala Harris,NA,pre
Sub3912,pre_participant_2261,2020-11-01T22:56:40Z,event-mazerace,dem_first,FALSE,daily,65,Male,RI,4-year college degree,Independent,yes,yes,yes,Kamala Harris,NA,pre
Sub3913,pre_participant_2262,2020-11-01T22:56:50Z,event-spr,dem_first,FALSE,daily,70,Female,IN,High school graduate,Democrat,yes,yes,yes,Kamala Harris,NA,pre
Sub3916,pre_participant_2263,2020-11-01T22:57:01Z,cloze-event,rep_first,FALSE,daily,33,Female,FL,4-year college degree,Democrat,yes,yes,yes,Kamala Harris,NA,pre
Sub3919,pre_participant_2264,2020-11-01T22:57:50Z,event-cloze,rep_first,FALSE,daily,49,Female,OH,Professional degree,Independent,yes,yes,yes,Joe Biden,NA,pre
Sub3923,pre_participant_2266,2020-11-01T22:58:03Z,event-cloze,dem_first,FALSE,daily,40,Male,MI,2-year college degree,Independent,yes,yes,yes,Joe Biden,NA,pre
Sub3929,pre_participant_2267,2020-11-01T22:59:37Z,event-spr,rep_first,FALSE,daily,31,Male,CA,2-year college degree,Democrat,yes,yes,yes,Joe Biden,NA,pre
Sub3931,pre_participant_2268,2020-11-01T22:59:53Z,maze-event,rep_first,FALSE,daily,52,Male,OH,High school graduate,None,yes,yes,yes,Donald Trump,NA,pre
Sub3933,pre_participant_2269,2020-11-01T23:00:08Z,maze-event,dem_first,FALSE,daily,24,Female,FL,2-year college degree,Democrat,yes,yes,yes,Kamala Harris,NA,pre
Sub3940,pre_participant_2270,2020-11-01T23:01:26Z,maze-event,dem_first,FALSE,daily,33,Male,FL,Some college,Independent,yes,yes,yes,Kamala Harris,NA,pre
Sub3949,pre_participant_2271,2020-11-01T23:02:41Z,event-cloze,dem_first,FALSE,daily,28,Male,NY,4-year college degree,Republican,yes,yes,yes,Kamala Harris,NA,pre
Sub3952,pre_participant_2272,2020-11-01T23:02:53Z,cloze-event,dem_first,FALSE,daily,52,Female,MT,Some college,Republican,yes,yes,yes,Donald Trump,NA,pre
Sub3953,pre_participant_2273,2020-11-01T23:02:55Z,maze-event,rep_first,FALSE,daily,65,Female,IL,4-year college degree,Democrat,yes,yes,yes,Joe Biden,NA,pre
Sub3956,pre_participant_2274,2020-11-01T23:03:29Z,spr-event,dem_first,FALSE,daily,49,Male,AZ,2-year college degree,Independent,yes,yes,yes,Joe Biden,NA,pre
Sub3962,pre_participant_2275,2020-11-01T23:04:32Z,spr-event,dem_first,FALSE,daily,63,Male,NC,4-year college degree,Independent,yes,yes,yes,Kamala Harris,NA,pre
Sub3964,pre_participant_2276,2020-11-01T23:04:55Z,event-spr,dem_first,FALSE,daily,48,Male,CA,Some college,Republican,yes,yes,yes,Mike Pence,NA,pre
Sub3966,pre_participant_2277,2020-11-01T23:05:08Z,spr-event,dem_first,FALSE,daily,36,Female,AZ,Professional degree,Independent,yes,yes,yes,Mike Pence,NA,pre
Sub3967,pre_participant_2278,2020-11-01T23:05:11Z,mazerace-event,dem_first,FALSE,daily,36,Female,WI,4-year college degree,Democrat,yes,yes,yes,Joe Biden,NA,pre
Sub3968,pre_participant_2279,2020-11-01T23:05:15Z,mazerace-event,dem_first,FALSE,weekly,27,Female,PA,Some college,Independent,yes,yes,yes,I don't care,NA,pre
Sub3972,pre_participant_2280,2020-11-01T23:05:56Z,maze-event,rep_first,FALSE,daily,44,Male,WA,Professional degree,Democrat,yes,yes,yes,Joe Biden,NA,pre
Sub3975,pre_participant_2281,2020-11-01T23:06:07Z,event-spr,dem_first,FALSE,daily,33,Female,OR,Doctorate,Independent,yes,yes,yes,Joe Biden,NA,pre
Sub3979,pre_participant_2282,2020-11-01T23:07:13Z,event-spr,rep_first,FALSE,daily,29,Female,OR,4-year college degree,Independent,yes,yes,yes,I'd rather not say,NA,pre
Sub3983,pre_participant_2284,2020-11-01T23:07:42Z,mazerace-event,rep_first,FALSE,weekly,60,Female,NC,2-year college degree,Republican,yes,yes,yes,I'd rather not say,NA,pre
Sub3984,pre_participant_2285,2020-11-01T23:07:54Z,spr-event,rep_first,FALSE,daily,50,Male,PA,High school graduate,Republican,yes,yes,yes,Donald Trump,NA,pre
Sub3985,pre_participant_2286,2020-11-01T23:07:56Z,cloze-event,dem_first,FALSE,daily,23,Male,FL,4-year college degree,Republican,yes,yes,yes,Joe Biden,NA,pre
Sub3989,pre_participant_2287,2020-11-01T23:08:30Z,cloze-event,dem_first,FALSE,daily,49,Female,TX,4-year college degree,Democrat,yes,yes,yes,Kamala Harris,NA,pre
Sub3999,pre_participant_2288,2020-11-01T23:10:22Z,spr-event,rep_first,FALSE,daily,26,Female,CA,4-year college degree,Independent,yes,yes,yes,Joe Biden,NA,pre
Sub4000,pre_participant_2289,2020-11-01T23:10:23Z,spr-event,rep_first,FALSE,daily,73,Male,PA,High school graduate,Republican,yes,yes,yes,Mike Pence,NA,pre
Sub4014,pre_participant_2291,2020-11-01T23:12:12Z,event-cloze,rep_first,FALSE,daily,46,Female,TX,2-year college degree,Independent,yes,yes,yes,Mike Pence,NA,pre
Sub4015,pre_participant_2292,2020-11-01T23:12:13Z,mazerace-event,dem_first,FALSE,weekly,41,Male,MN,4-year college degree,Independent,yes,yes,yes,Kamala Harris,NA,pre
Sub4033,pre_participant_2294,2020-11-01T23:14:49Z,spr-event,rep_first,FALSE,daily,22,Male,CA,4-year college degree,Democrat,yes,yes,yes,Kamala Harris,NA,pre
Sub4034,pre_participant_2295,2020-11-01T23:14:55Z,maze-event,dem_first,FALSE,daily,25,Female,MO,4-year college degree,Independent,yes,yes,yes,Joe Biden,NA,pre
Sub4035,pre_participant_2296,2020-11-01T23:15:09Z,spr-event,rep_first,FALSE,daily,60,Male,NY,4-year college degree,Independent,yes,yes,yes,Kamala Harris,NA,pre
Sub4051,pre_participant_2298,2020-11-01T23:17:09Z,spr-event,dem_first,FALSE,daily,41,Female,GA,4-year college degree,None,yes,yes,yes,Joe Biden,NA,pre
Sub4052,pre_participant_2299,2020-11-01T23:17:12Z,maze-event,rep_first,FALSE,daily,51,Female,LA,4-year college degree,Republican,yes,yes,yes,I don't care,NA,pre
Sub4053,pre_participant_2300,2020-11-01T23:17:16Z,mazerace-event,rep_first,FALSE,daily,26,Female,ND,2-year college degree,Democrat,yes,yes,yes,Joe Biden,NA,pre
Sub4055,pre_participant_2301,2020-11-01T23:17:52Z,event-maze,dem_first,FALSE,weekly,21,Female,OH,High school graduate,Democrat,yes,yes,yes,Kamala Harris,NA,pre
Sub4058,pre_participant_2302,2020-11-01T23:18:06Z,spr-event,rep_first,FALSE,daily,39,Female,NY,2-year college degree,Democrat,yes,yes,yes,Kamala Harris,NA,pre
Sub4059,pre_participant_2303,2020-11-01T23:18:09Z,mazerace-event,rep_first,FALSE,daily,59,Male,AR,2-year college degree,Independent,yes,yes,yes,Joe Biden,NA,pre
Sub4066,pre_participant_2305,2020-11-01T23:19:14Z,event-maze,rep_first,FALSE,weekly,28,Male,CA,4-year college degree,Democrat,yes,yes,yes,Kamala Harris,NA,pre
Sub4068,pre_participant_2306,2020-11-01T23:19:28Z,maze-event,rep_first,FALSE,daily,44,Male,MI,4-year college degree,Democrat,yes,yes,yes,Joe Biden,NA,pre
Sub4069,pre_participant_2307,2020-11-01T23:19:28Z,spr-event,dem_first,FALSE,daily,33,Female,CA,4-year college degree,Democrat,yes,yes,yes,Kamala Harris,NA,pre
Sub4075,pre_participant_2308,2020-11-01T23:20:36Z,event-spr,rep_first,FALSE,daily,47,Female,GA,2-year college degree,Republican,yes,yes,yes,Mike Pence,NA,pre
Sub4082,pre_participant_2309,2020-11-01T23:21:50Z,event-spr,rep_first,FALSE,daily,45,Female,CO,Doctorate,Democrat,yes,yes,yes,Joe Biden,NA,pre
Sub4083,pre_participant_2310,2020-11-01T23:21:54Z,event-cloze,dem_first,FALSE,daily,29,Male,FL,Professional degree,Democrat,yes,yes,yes,Joe Biden,NA,pre
Sub4090,pre_participant_2313,2020-11-01T23:22:28Z,spr-event,rep_first,FALSE,weekly,45,Male,PA,Some college,Democrat,yes,yes,yes,Mike Pence,NA,pre
Sub4093,pre_participant_2314,2020-11-01T23:22:57Z,cloze-event,dem_first,FALSE,weekly,30,Male,NJ,4-year college degree,Democrat,yes,yes,yes,Kamala Harris,NA,pre
Sub4096,pre_participant_2315,2020-11-01T23:23:00Z,spr-event,rep_first,FALSE,daily,43,Female,other,Some college,Democrat,yes,yes,yes,Kamala Harris,NA,pre
Sub4098,pre_participant_2316,2020-11-01T23:23:10Z,event-mazerace,dem_first,FALSE,weekly,21,Male,VA,Some college,Independent,yes,yes,yes,I don't care,NA,pre
Sub4101,pre_participant_2317,2020-11-01T23:23:38Z,event-maze,dem_first,FALSE,daily,35,Male,NC,Professional degree,Democrat,yes,yes,yes,Joe Biden,NA,pre
Sub4105,pre_participant_2319,2020-11-01T23:24:24Z,event-spr,dem_first,FALSE,daily,34,Female,CT,4-year college degree,Democrat,yes,yes,yes,I'd rather not say,NA,pre
Sub4107,pre_participant_2320,2020-11-01T23:24:39Z,spr-event,rep_first,FALSE,daily,46,Female,TN,Some college,Democrat,yes,yes,yes,Kamala Harris,NA,pre
Sub4111,pre_participant_2322,2020-11-01T23:25:08Z,spr-event,dem_first,FALSE,daily,64,Female,MI,Some college,Republican,yes,yes,yes,Donald Trump,NA,pre
Sub4116,pre_participant_2323,2020-11-01T23:25:27Z,mazerace-event,dem_first,FALSE,daily,22,Female,CO,Some college,Democrat,yes,yes,yes,Joe Biden,NA,pre
Sub4138,pre_participant_2327,2020-11-01T23:28:11Z,event-spr,dem_first,FALSE,daily,70,Male,OR,4-year college degree,Democrat,yes,yes,yes,Kamala Harris,NA,pre
Sub4140,pre_participant_2328,2020-11-01T23:28:13Z,mazerace-event,dem_first,FALSE,daily,57,Female,NV,4-year college degree,Independent,yes,yes,yes,Joe Biden,NA,pre
Sub4144,pre_participant_2329,2020-11-01T23:29:00Z,event-spr,dem_first,FALSE,daily,38,Female,NV,Some college,Independent,yes,yes,yes,Kamala Harris,NA,pre
Sub4148,pre_participant_2330,2020-11-01T23:29:21Z,spr-event,rep_first,FALSE,daily,33,Female,GA,4-year college degree,Independent,yes,yes,yes,Kamala Harris,NA,pre
Sub4158,pre_participant_2332,2020-11-01T23:30:45Z,spr-event,rep_first,FALSE,daily,59,Female,KY,4-year college degree,Republican,yes,yes,yes,Mike Pence,NA,pre
Sub4172,pre_participant_2335,2020-11-01T23:34:43Z,cloze-event,rep_first,FALSE,daily,52,Female,other,Some college,None,yes,yes,yes,I'd rather not say,NA,pre
Sub4174,pre_participant_2336,2020-11-01T23:34:51Z,cloze-event,rep_first,FALSE,daily,26,Male,AZ,Professional degree,Democrat,yes,yes,yes,Kamala Harris,NA,pre
Sub4181,pre_participant_2337,2020-11-01T23:36:08Z,event-mazerace,dem_first,FALSE,daily,43,Male,MI,4-year college degree,Independent,yes,yes,yes,Kamala Harris,NA,pre
Sub4184,pre_participant_2338,2020-11-01T23:36:47Z,spr-event,rep_first,FALSE,daily,62,Female,FL,2-year college degree,Independent,yes,yes,yes,I don't care,NA,pre
Sub4186,pre_participant_2339,2020-11-01T23:36:58Z,maze-event,dem_first,FALSE,weekly,28,Female,FL,Some college,Democrat,yes,yes,yes,Joe Biden,NA,pre
Sub4187,pre_participant_2340,2020-11-01T23:37:00Z,event-mazerace,dem_first,FALSE,daily,40,Male,SC,Less than high school,Independent,yes,yes,yes,Joe Biden,NA,pre
Sub4194,pre_participant_2341,2020-11-01T23:37:54Z,spr-event,rep_first,FALSE,daily,33,Male,OH,4-year college degree,Independent,yes,yes,yes,Joe Biden,NA,pre
Sub4202,pre_participant_2342,2020-11-01T23:39:12Z,spr-event,rep_first,FALSE,daily,53,Male,WI,4-year college degree,Republican,yes,yes,yes,Donald Trump,NA,pre
Sub4205,pre_participant_2343,2020-11-01T23:39:34Z,maze-event,dem_first,FALSE,daily,29,Male,CA,Some college,Democrat,yes,yes,yes,Joe Biden,NA,pre
Sub4210,pre_participant_2344,2020-11-01T23:41:02Z,maze-event,rep_first,FALSE,daily,28,Female,CA,4-year college degree,Democrat,yes,yes,yes,Joe Biden,NA,pre
Sub4211,pre_participant_2345,2020-11-01T23:41:07Z,spr-event,dem_first,FALSE,daily,25,Male,KY,Some college,None,yes,yes,yes,Joe Biden,NA,pre
Sub4226,pre_participant_2347,2020-11-01T23:43:36Z,event-cloze,rep_first,FALSE,daily,43,Male,TX,Professional degree,Republican,yes,yes,yes,Mike Pence,NA,pre
Sub4230,pre_participant_2348,2020-11-01T23:44:12Z,event-spr,dem_first,FALSE,daily,55,Male,GA,2-year college degree,Republican,yes,yes,yes,Donald Trump,NA,pre
Sub4231,pre_participant_2349,2020-11-01T23:44:13Z,mazerace-event,dem_first,FALSE,daily,45,Male,MO,2-year college degree,Republican,yes,yes,yes,I don't care,NA,pre
Sub4237,pre_participant_2351,2020-11-01T23:45:15Z,maze-event,rep_first,FALSE,daily,63,Female,TN,4-year college degree,Democrat,yes,yes,yes,Kamala Harris,NA,pre
Sub4238,pre_participant_2352,2020-11-01T23:45:17Z,mazerace-event,dem_first,FALSE,daily,25,Male,IL,4-year college degree,Democrat,yes,yes,yes,Kamala Harris,NA,pre
Sub4239,pre_participant_2353,2020-11-01T23:45:18Z,spr-event,dem_first,FALSE,daily,43,Male,VA,4-year college degree,Independent,yes,yes,yes,I don't care,NA,pre
Sub4244,pre_participant_2355,2020-11-01T23:45:47Z,event-spr,dem_first,FALSE,daily,38,Female,MO,Some college,Republican,yes,yes,yes,Donald Trump,NA,pre
Sub4246,pre_participant_2356,2020-11-01T23:46:07Z,spr-event,dem_first,FALSE,daily,30,Male,CO,Some college,Independent,yes,yes,yes,Kamala Harris,NA,pre
Sub4255,pre_participant_2358,2020-11-01T23:48:19Z,maze-event,dem_first,FALSE,daily,77,Female,CA,Some college,Republican,yes,yes,yes,Donald Trump,NA,pre
Sub4260,pre_participant_2360,2020-11-01T23:49:30Z,event-maze,rep_first,FALSE,less than monthly,34,Male,FL,High school graduate,Independent,yes,yes,yes,I don't care,NA,pre
Sub4265,pre_participant_2361,2020-11-01T23:50:08Z,spr-event,rep_first,FALSE,daily,35,Female,other,Professional degree,Democrat,yes,yes,yes,Joe Biden,NA,pre
Sub4269,pre_participant_2363,2020-11-01T23:51:28Z,mazerace-event,dem_first,FALSE,daily,24,Male,SD,Some college,Republican,yes,yes,yes,Kamala Harris,NA,pre
Sub4270,pre_participant_2364,2020-11-01T23:51:44Z,event-mazerace,rep_first,FALSE,daily,71,Male,NC,2-year college degree,Republican,yes,yes,yes,Donald Trump,NA,pre
Sub4276,pre_participant_2366,2020-11-01T23:53:31Z,event-spr,rep_first,FALSE,daily,55,Male,NY,4-year college degree,Democrat,yes,yes,yes,Joe Biden,NA,pre
Sub4277,pre_participant_2367,2020-11-01T23:53:53Z,mazerace-event,rep_first,FALSE,daily,42,Male,OH,Professional degree,Democrat,yes,yes,yes,Joe Biden,NA,pre
Sub4296,pre_participant_2370,2020-11-02T00:01:43Z,spr-event,dem_first,FALSE,daily,40,Male,CO,2-year college degree,Democrat,yes,yes,yes,Kamala Harris,NA,pre
Sub4297,pre_participant_2371,2020-11-02T00:02:24Z,event-spr,dem_first,FALSE,daily,40,Male,FL,Some college,Republican,yes,yes,yes,Kamala Harris,NA,pre
Sub4298,pre_participant_2372,2020-11-02T00:02:39Z,event-mazerace,rep_first,FALSE,daily,21,Male,PA,2-year college degree,Republican,yes,yes,yes,Mike Pence,NA,pre
Sub4302,pre_participant_2373,2020-11-02T00:04:43Z,maze-event,rep_first,FALSE,daily,37,Male,WI,Professional degree,Independent,yes,yes,yes,Joe Biden,NA,pre
Sub4305,pre_participant_2374,2020-11-02T00:05:23Z,mazerace-event,rep_first,FALSE,daily,37,Female,MI,Professional degree,Democrat,yes,yes,yes,Kamala Harris,NA,pre
Sub4306,pre_participant_2375,2020-11-02T00:05:52Z,event-cloze,rep_first,FALSE,daily,33,Female,KS,Some college,Republican,yes,yes,yes,Mike Pence,NA,pre
Sub4308,pre_participant_2376,2020-11-02T00:07:19Z,cloze-event,dem_first,FALSE,daily,31,Male,IN,Some college,Republican,yes,yes,yes,Donald Trump,NA,pre
Sub4309,pre_participant_2377,2020-11-02T00:07:46Z,cloze-event,dem_first,FALSE,daily,30,Male,NY,Professional degree,Independent,yes,yes,yes,Joe Biden,NA,pre
Sub4311,pre_participant_2378,2020-11-02T00:09:40Z,event-cloze,dem_first,FALSE,daily,47,Male,OH,2-year college degree,Other,yes,yes,yes,Joe Biden,NA,pre
Sub4321,pre_participant_2379,2020-11-02T00:20:34Z,cloze-event,rep_first,FALSE,daily,30,Male,TX,2-year college degree,Democrat,yes,yes,yes,Kamala Harris,NA,pre
Sub4324,pre_participant_2380,2020-11-02T00:23:28Z,cloze-event,rep_first,FALSE,daily,25,Male,MD,Some college,Independent,yes,yes,yes,Kamala Harris,NA,pre
Sub4330,pre_participant_2382,2020-11-02T00:25:39Z,mazerace-event,dem_first,FALSE,daily,61,Male,OK,4-year college degree,Independent,yes,yes,yes,Donald Trump,NA,pre
Sub4331,pre_participant_2383,2020-11-02T00:26:00Z,maze-event,dem_first,FALSE,daily,26,Female,OH,Some college,Republican,yes,yes,yes,Mike Pence,NA,pre
Sub4332,pre_participant_2384,2020-11-02T00:26:15Z,spr-event,dem_first,FALSE,daily,29,Female,NC,4-year college degree,Democrat,yes,yes,yes,Joe Biden,NA,pre
Sub4333,pre_participant_2385,2020-11-02T00:26:21Z,spr-event,dem_first,FALSE,daily,31,Female,GA,Professional degree,Democrat,yes,yes,yes,I don't care,NA,pre
Sub4334,pre_participant_2386,2020-11-02T00:26:28Z,spr-event,dem_first,FALSE,weekly,31,Female,OK,Some college,Independent,yes,yes,yes,I don't care,NA,pre
Sub4337,pre_participant_2387,2020-11-02T00:27:45Z,spr-event,dem_first,FALSE,daily,28,Male,OH,4-year college degree,Democrat,yes,yes,yes,Donald Trump,NA,pre
Sub4341,pre_participant_2388,2020-11-02T00:29:46Z,event-mazerace,dem_first,FALSE,daily,30,Male,MI,4-year college degree,Republican,yes,yes,yes,Mike Pence,NA,pre
Sub4346,pre_participant_2389,2020-11-02T00:31:45Z,event-spr,dem_first,FALSE,daily,30,Male,TX,Professional degree,Democrat,yes,yes,yes,Kamala Harris,NA,pre
Sub4351,pre_participant_2390,2020-11-02T00:35:58Z,event-mazerace,rep_first,FALSE,daily,20,Female,CA,Some college,Democrat,yes,yes,yes,Kamala Harris,NA,pre
Sub4354,pre_participant_2391,2020-11-02T00:38:18Z,event-maze,rep_first,FALSE,daily,64,Male,NC,4-year college degree,Democrat,yes,yes,yes,Kamala Harris,NA,pre
Sub4356,pre_participant_2392,2020-11-02T00:38:43Z,event-cloze,dem_first,FALSE,daily,52,Female,NJ,4-year college degree,None,no,yes,yes,I'd rather not say,NA,pre
Sub4361,pre_participant_2393,2020-11-02T00:45:59Z,spr-event,dem_first,FALSE,daily,34,Female,CA,4-year college degree,Other,yes,yes,yes,I don't care,NA,pre
Sub4362,pre_participant_2394,2020-11-02T00:46:32Z,maze-event,rep_first,FALSE,daily,30,Male,CO,Some college,Independent,yes,yes,yes,Kamala Harris,NA,pre
Sub4366,pre_participant_2395,2020-11-02T00:51:26Z,mazerace-event,dem_first,FALSE,less than monthly,30,Male,NC,4-year college degree,Democrat,yes,yes,yes,Kamala Harris,NA,pre
Sub4379,pre_participant_2396,2020-11-02T01:24:36Z,event-spr,rep_first,FALSE,daily,44,Female,WI,Professional degree,Democrat,yes,yes,yes,Kamala Harris,NA,pre
Sub4381,pre_participant_2397,2020-11-02T01:42:45Z,maze-event,dem_first,FALSE,daily,36,Female,MI,4-year college degree,Independent,yes,yes,yes,Mike Pence,NA,pre
Sub4382,pre_participant_2398,2020-11-02T01:45:13Z,spr-event,rep_first,FALSE,daily,45,Male,NC,Professional degree,Democrat,yes,yes,yes,Joe Biden,NA,pre
Sub4386,pre_participant_2400,2020-11-02T02:02:40Z,event-maze,dem_first,FALSE,daily,44,Female,TX,Some college,Independent,yes,yes,yes,Kamala Harris,NA,pre
Sub4391,pre_participant_2401,2020-11-02T03:11:36Z,event-mazerace,rep_first,FALSE,weekly,59,Female,CO,4-year college degree,Independent,yes,yes,yes,Mike Pence,NA,pre
Sub4394,pre_participant_2403,2020-11-02T03:27:07Z,cloze-event,dem_first,FALSE,daily,33,Female,FL,4-year college degree,Democrat,yes,yes,yes,Joe Biden,NA,pre
Sub4408,pre_participant_2404,2020-11-02T05:48:11Z,event-cloze,dem_first,FALSE,daily,36,Female,WI,Some college,Independent,yes,yes,yes,Kamala Harris,NA,pre
Sub4416,pre_participant_2408,2020-11-02T06:26:01Z,event-mazerace,rep_first,FALSE,daily,44,Female,CA,2-year college degree,Democrat,yes,yes,yes,Kamala Harris,NA,pre
Sub4417,pre_participant_2409,2020-11-02T07:27:51Z,maze-event,dem_first,FALSE,weekly,56,Female,MN,Some college,Independent,no,yes,yes,Joe Biden,NA,pre
Sub4418,pre_participant_2410,2020-11-02T07:32:54Z,event-mazerace,rep_first,FALSE,daily,33,Male,NC,Some college,Republican,yes,yes,yes,Donald Trump,NA,pre
Sub4419,pre_participant_2411,2020-11-02T09:46:56Z,event-maze,dem_first,FALSE,weekly,35,Male,TX,4-year college degree,Independent,yes,yes,yes,Joe Biden,NA,pre
Sub4420,pre_participant_2412,2020-11-02T11:15:06Z,mazerace-event,dem_first,FALSE,daily,44,Male,KY,4-year college degree,Republican,yes,yes,yes,Donald Trump,NA,pre
Sub4422,pre_participant_2414,2020-11-02T12:07:21Z,cloze-event,dem_first,FALSE,daily,34,Female,KY,2-year college degree,Democrat,yes,yes,yes,Joe Biden,NA,pre
Sub4423,pre_participant_2415,2020-11-02T12:13:46Z,event-mazerace,rep_first,FALSE,daily,60,Female,PA,High school graduate,Independent,yes,yes,yes,Kamala Harris,NA,pre
Sub4424,pre_participant_2416,2020-11-02T12:24:10Z,event-maze,dem_first,FALSE,daily,42,Male,MD,4-year college degree,Other,yes,yes,yes,I don't care,NA,pre
Sub4425,pre_participant_2417,2020-11-02T12:41:29Z,event-cloze,dem_first,FALSE,daily,36,Female,TN,Some college,Independent,yes,yes,yes,I don't care,NA,pre
Sub4426,pre_participant_2418,2020-11-02T12:41:42Z,maze-event,dem_first,FALSE,daily,59,Male,FL,4-year college degree,Democrat,yes,yes,yes,Joe Biden,NA,pre
Sub4427,pre_participant_2419,2020-11-02T12:42:23Z,event-maze,rep_first,FALSE,daily,36,Female,OH,Some college,Democrat,yes,yes,yes,Kamala Harris,NA,pre
Sub4429,pre_participant_2420,2020-11-02T12:50:26Z,spr-event,rep_first,FALSE,daily,56,Male,FL,Some college,Democrat,yes,yes,yes,Kamala Harris,NA,pre
Sub4430,pre_participant_2421,2020-11-02T12:59:34Z,mazerace-event,rep_first,FALSE,daily,41,Male,NC,4-year college degree,Democrat,yes,yes,yes,Joe Biden,NA,pre
Sub4431,pre_participant_2422,2020-11-02T13:18:17Z,event-spr,rep_first,FALSE,daily,47,Female,FL,2-year college degree,Democrat,yes,yes,yes,Kamala Harris,NA,pre
Sub4433,pre_participant_2423,2020-11-02T13:34:08Z,maze-event,dem_first,FALSE,daily,32,Female,FL,4-year college degree,Democrat,yes,yes,yes,Kamala Harris,NA,pre
Sub4434,pre_participant_2424,2020-11-02T13:36:23Z,mazerace-event,dem_first,FALSE,daily,54,Female,CT,Some college,Independent,no,yes,yes,Donald Trump,NA,pre
Sub4436,pre_participant_2426,2020-11-02T13:52:03Z,spr-event,rep_first,FALSE,daily,40,Female,TN,2-year college degree,Independent,yes,yes,yes,I don't care,NA,pre
Sub4438,pre_participant_2428,2020-11-02T14:04:15Z,maze-event,rep_first,FALSE,daily,38,Female,FL,Some college,Independent,yes,yes,yes,Joe Biden,NA,pre
Sub4439,pre_participant_2429,2020-11-02T14:07:04Z,cloze-event,rep_first,FALSE,daily,33,Male,NC,4-year college degree,Independent,yes,yes,yes,I don't care,NA,pre
Sub4441,pre_participant_2431,2020-11-02T14:18:06Z,event-maze,rep_first,FALSE,daily,29,Female,NJ,4-year college degree,Democrat,yes,yes,yes,Joe Biden,NA,pre
Sub4442,pre_participant_2432,2020-11-02T14:18:10Z,maze-event,rep_first,FALSE,daily,28,Female,PA,4-year college degree,Democrat,yes,yes,yes,Kamala Harris,NA,pre
Sub4443,pre_participant_2433,2020-11-02T14:21:48Z,maze-event,dem_first,FALSE,daily,44,Female,PA,Professional degree,Democrat,yes,yes,yes,Kamala Harris,NA,pre
Sub4445,pre_participant_2435,2020-11-02T14:26:29Z,spr-event,rep_first,FALSE,daily,35,Female,GA,2-year college degree,Republican,yes,yes,yes,Mike Pence,NA,pre
Sub4446,pre_participant_2436,2020-11-02T14:29:44Z,mazerace-event,rep_first,FALSE,daily,32,Female,TX,4-year college degree,Independent,yes,yes,yes,Joe Biden,NA,pre
Sub4447,pre_participant_2437,2020-11-02T14:29:47Z,event-mazerace,rep_first,FALSE,daily,43,Female,FL,4-year college degree,Independent,yes,yes,yes,Kamala Harris,NA,pre
Sub4448,pre_participant_2438,2020-11-02T14:42:23Z,mazerace-event,dem_first,FALSE,daily,39,Female,KY,Some college,Democrat,yes,yes,yes,Kamala Harris,NA,pre
Sub4449,pre_participant_2439,2020-11-02T14:49:27Z,cloze-event,rep_first,FALSE,daily,35,Male,MI,Professional degree,Democrat,yes,yes,yes,Kamala Harris,NA,pre
Sub4451,pre_participant_2440,2020-11-02T15:09:34Z,spr-event,rep_first,FALSE,weekly,40,Female,MI,High school graduate,Democrat,yes,yes,yes,Kamala Harris,NA,pre
Sub4452,pre_participant_2441,2020-11-02T15:11:36Z,spr-event,dem_first,FALSE,daily,43,Male,MD,4-year college degree,Democrat,yes,yes,yes,Kamala Harris,NA,pre
Sub4456,pre_participant_2444,2020-11-02T15:30:38Z,spr-event,dem_first,FALSE,daily,46,Male,FL,4-year college degree,Independent,yes,yes,yes,Joe Biden,NA,pre
Sub4459,pre_participant_2447,2020-11-02T15:45:38Z,cloze-event,rep_first,FALSE,daily,31,Male,GA,4-year college degree,Democrat,yes,yes,yes,Joe Biden,NA,pre
Sub4460,pre_participant_2448,2020-11-02T15:51:51Z,cloze-event,dem_first,FALSE,daily,31,Female,VT,Professional degree,Democrat,yes,yes,yes,Joe Biden,NA,pre
Sub4461,pre_participant_2449,2020-11-02T16:06:24Z,event-cloze,dem_first,FALSE,daily,42,Female,MD,Some college,Independent,yes,yes,yes,Mike Pence,NA,pre
Sub4462,pre_participant_2450,2020-11-02T16:07:38Z,mazerace-event,rep_first,FALSE,daily,39,Female,SC,4-year college degree,Independent,yes,yes,yes,Kamala Harris,NA,pre
Sub4463,pre_participant_2451,2020-11-02T16:08:21Z,cloze-event,rep_first,FALSE,weekly,33,Female,NY,2-year college degree,Democrat,yes,yes,yes,Kamala Harris,NA,pre
Sub4464,pre_participant_2452,2020-11-02T16:16:55Z,maze-event,rep_first,FALSE,daily,57,Female,LA,Some college,Democrat,yes,yes,yes,Kamala Harris,NA,pre
Sub4465,pre_participant_2453,2020-11-02T16:21:40Z,event-mazerace,rep_first,FALSE,daily,30,Female,AZ,4-year college degree,Democrat,yes,yes,yes,Kamala Harris,NA,pre
Sub4466,pre_participant_2454,2020-11-02T16:24:19Z,maze-event,rep_first,FALSE,daily,71,Female,VT,Professional degree,Independent,yes,yes,yes,Joe Biden,NA,pre
Sub4468,pre_participant_2455,2020-11-02T16:38:21Z,event-cloze,dem_first,FALSE,daily,44,Female,CA,Professional degree,Independent,yes,yes,yes,I don't care,NA,pre
Sub4469,pre_participant_2456,2020-11-02T16:54:58Z,spr-event,dem_first,FALSE,daily,39,Male,NJ,4-year college degree,Democrat,yes,yes,yes,Joe Biden,NA,pre
Sub4470,pre_participant_2457,2020-11-02T17:04:00Z,cloze-event,dem_first,FALSE,daily,34,Female,CA,High school graduate,Democrat,yes,yes,yes,Joe Biden,NA,pre
Sub4472,pre_participant_2458,2020-11-02T17:42:13Z,event-cloze,dem_first,FALSE,daily,44,Female,AL,4-year college degree,Rather not say,yes,yes,yes,Kamala Harris,NA,pre
Sub4474,pre_participant_2460,2020-11-02T17:55:37Z,cloze-event,dem_first,FALSE,daily,34,Male,CA,Professional degree,Republican,yes,yes,yes,Donald Trump,NA,pre
Sub4475,pre_participant_2461,2020-11-02T18:05:58Z,cloze-event,dem_first,FALSE,daily,33,Male,OH,4-year college degree,Independent,yes,yes,yes,Joe Biden,NA,pre
Sub4476,pre_participant_2462,2020-11-02T18:06:42Z,event-cloze,dem_first,FALSE,daily,47,Male,TX,2-year college degree,Independent,yes,yes,yes,Kamala Harris,NA,pre
Sub4481,pre_participant_2463,2020-11-02T18:15:17Z,cloze-event,dem_first,FALSE,daily,39,Male,MN,2-year college degree,Independent,yes,yes,yes,Mike Pence,NA,pre
Sub4484,pre_participant_2464,2020-11-02T18:20:31Z,event-spr,rep_first,FALSE,daily,44,Male,PA,4-year college degree,Independent,yes,yes,yes,Mike Pence,NA,pre
Sub4492,pre_participant_2465,2020-11-02T18:38:18Z,mazerace-event,rep_first,FALSE,daily,39,Female,CA,Professional degree,Democrat,yes,yes,yes,Joe Biden,NA,pre
Sub4493,pre_participant_2466,2020-11-02T18:39:48Z,cloze-event,dem_first,FALSE,daily,34,Male,PA,Some college,Republican,yes,yes,yes,Donald Trump,NA,pre
Sub4499,pre_participant_2467,2020-11-02T19:03:28Z,cloze-event,dem_first,FALSE,daily,34,Male,CA,Some college,Republican,yes,yes,yes,Mike Pence,NA,pre
Sub4503,pre_participant_2468,2020-11-02T19:14:12Z,maze-event,rep_first,FALSE,daily,42,Male,FL,Professional degree,Independent,yes,yes,yes,Joe Biden,NA,pre
Sub4504,pre_participant_2469,2020-11-02T19:21:29Z,spr-event,dem_first,FALSE,weekly,37,Female,IN,Some college,Democrat,yes,yes,yes,Joe Biden,NA,pre
Sub4505,pre_participant_2470,2020-11-02T19:30:10Z,cloze-event,rep_first,FALSE,daily,43,Female,AZ,2-year college degree,Independent,yes,yes,yes,Kamala Harris,NA,pre
Sub4506,pre_participant_2471,2020-11-02T19:40:27Z,event-spr,rep_first,FALSE,weekly,19,Male,CA,Professional degree,Other,no,yes,no,Joe Biden,NA,pre
Sub4509,pre_participant_2472,2020-11-02T20:13:32Z,spr-event,dem_first,FALSE,daily,32,Female,IL,Some college,Independent,yes,yes,yes,Kamala Harris,NA,pre
Sub4523,pre_participant_2474,2020-11-02T21:15:18Z,mazerace-event,dem_first,FALSE,weekly,38,Female,CA,4-year college degree,None,yes,yes,yes,I don't care,NA,pre
Sub4525,pre_participant_2475,2020-11-02T21:26:48Z,event-cloze,rep_first,FALSE,daily,56,Female,MA,2-year college degree,Democrat,yes,yes,yes,Joe Biden,NA,pre
Sub4542,pre_participant_2476,2020-11-02T23:54:32Z,cloze-event,dem_first,FALSE,daily,39,Male,CA,4-year college degree,Democrat,yes,yes,yes,Kamala Harris,NA,pre
Sub4547,pre_participant_2478,2020-11-03T01:26:05Z,event-spr,dem_first,FALSE,daily,29,Rather not say,GA,4-year college degree,Independent,yes,yes,yes,Joe Biden,NA,pre
Sub4548,pre_participant_2479,2020-11-03T01:26:33Z,maze-event,dem_first,FALSE,daily,34,Female,MI,Some college,Democrat,yes,yes,yes,Kamala Harris,NA,pre
Sub4550,pre_participant_2480,2020-11-03T02:24:49Z,event-spr,dem_first,FALSE,daily,33,Male,FL,4-year college degree,Democrat,yes,yes,yes,Kamala Harris,NA,pre
Sub4552,pre_participant_2481,2020-11-03T04:14:57Z,event-cloze,rep_first,FALSE,weekly,31,Male,WY,4-year college degree,Republican,no,yes,no,Mike Pence,NA,pre
Sub4570,pre_participant_2482,2020-11-03T12:15:56Z,event-cloze,rep_first,FALSE,daily,50,Female,MN,4-year college degree,Independent,yes,yes,yes,Donald Trump,NA,pre
Sub4633,pre_participant_2484,2020-11-03T21:23:09Z,spr-event,rep_first,FALSE,daily,32,Male,MO,Some college,Republican,yes,yes,yes,Mike Pence,NA,pre
