time,participant_id,design_number
1604773493,participant_2485,2
1604773575,participant_2485,8
1604773718,participant_2486,11
1604773729,participant_2487,10
1604773754,participant_2488,5
1604773799,participant_2489,14
1604773830,participant_2490,7
1604773909,participant_2491,18
1604773917,participant_2492,16
1604774053,participant_2493,23
1604774114,participant_2494,24
1604774136,participant_2495,21
1604774213,participant_2496,26
1604774220,participant_2497,22
1604774223,participant_2498,27
1604774243,participant_2499,20
1604774455,participant_2500,33
1604774490,participant_2492,35
1604774494,participant_2501,34
1604774561,participant_2502,31
1604774600,participant_2492,38
1604774649,participant_2503,39
1604774658,participant_2504,40
1604774685,participant_2505,30
1604774713,participant_2506,36
1604774787,participant_2507,45
1604774810,participant_2508,46
1604774822,participant_2485,47
1604774904,participant_2485,48
1604775045,participant_2509,53
1604775129,participant_2510,43
1604775346,participant_2485,52
1604775381,participant_2511,57
1604775410,participant_2512,49
1604775411,participant_2513,62
1604775412,participant_2514,59
1604775443,participant_2515,64
1604775500,participant_2516,54
1604775562,participant_2194,66
1604775563,participant_2193,65
1604775602,participant_2517,67
1604775621,participant_2518,69
1604775675,participant_2519,72
1604775750,participant_2520,76
1604775760,participant_2521,73
1604775767,participant_2522,77
1604775777,participant_2523,70
1604775791,participant_2524,79
1604775815,participant_2492,80
1604775830,participant_2525,81
1604775873,participant_2526,84
1604775968,participant_2527,80
1604775982,participant_2528,78
1604775991,participant_2529,85
1604776002,participant_2530,74
1604776067,participant_2531,87
1604776093,participant_2532,88
1604776174,participant_2515,96
1604776217,participant_2533,92
1604776253,participant_2534,97
1604776255,participant_2535,93
1604776266,participant_2536,91
1604776280,participant_2537,98
1604776308,participant_2538,90
1604776326,participant_2515,107
1604776334,participant_2539,103
1604776341,participant_2540,100
1604776363,participant_2520,102
1604776484,participant_2541,111
1604776487,participant_2538,109
1604776507,participant_2542,94
1604776570,participant_2543,112
1604776573,participant_2544,99
1604776574,participant_2545,116
1604776580,participant_2546,114
1604776587,participant_2515,117
1604776616,participant_2547,101
1604776654,participant_2548,105
1604776656,participant_2433,114
1604776699,participant_2549,113
1604776745,participant_2550,120
1604776747,participant_2513,125
1604776778,participant_2551,108
1604776788,participant_2552,124
1604776790,participant_2501,123
1604776833,participant_2553,118
1604776842,participant_2554,127
1604776943,participant_2555,128
1604776945,participant_2556,131
1604776982,participant_2557,132
1604777028,participant_2558,130
1604777095,participant_2559,126
1604777178,participant_2502,135
1604777214,participant_2560,140
1604777270,participant_2561,137
1604777329,participant_2562,147
1604777353,participant_2563,134
1604777379,participant_2564,144
1604777415,participant_2562,153
1604777430,participant_2492,154
1604777439,participant_2565,145
1604777451,participant_2498,151
1604777456,participant_2566,148
1604777502,participant_2567,139
1604777568,participant_2515,159
1604777595,participant_2098,150
1604777602,participant_2568,141
1604777623,participant_2532,138
1604777648,participant_2569,157
1604777658,participant_2570,158
1604777680,participant_2571,159
1604777698,participant_2572,161
1604777723,participant_2573,168
1604777764,participant_2502,170
1604777775,participant_2574,162
1604777792,participant_2575,164
1604777811,participant_2501,162
1604777882,participant_2515,186
1604777921,participant_2576,177
1604777942,participant_2577,183
1604777974,participant_2578,184
1604777979,participant_2579,185
1604778012,participant_2515,196
1604778017,participant_2485,188
1604778031,participant_2580,182
1604778039,participant_2581,167
1604778092,participant_2582,188
1604778104,participant_2583,198
1604778170,participant_2584,190
1604778247,participant_2585,199
1604778259,participant_2586,179
1604778291,participant_2587,206
1604778294,participant_2588,203
1604778306,participant_2589,209
1604778307,participant_2515,208
1604778341,participant_2579,201
1604778394,participant_2590,202
1604778493,participant_2591,210
1604778534,participant_2592,213
1604778574,participant_2593,212
1604778632,participant_2594,204
1604778752,participant_2549,215
1604778871,participant_2595,216
1604778956,participant_2596,219
1604779011,participant_2597,205
1604779041,participant_2595,222
1604779056,participant_2573,224
1604779088,participant_2598,227
1604779103,participant_2599,219
1604779197,participant_2600,221
1604779249,participant_2596,228
1604779283,participant_2039,232
1604779310,participant_2601,223
1604779354,participant_2602,237
1604779368,participant_2588,240
1604779465,participant_2603,234
1604779468,participant_2604,233
1604779542,participant_2605,251
1604779576,participant_2606,249
1604779596,participant_2600,242
1604779503,participant_2515,247
1604779661,participant_2515,260
1604779662,participant_2501,256
1604779666,participant_2607,214
1604779674,participant_2608,246
1604779685,participant_2609,244
1604779716,participant_2610,253
1604779750,participant_2515,263
1604779812,participant_2515,268
1604779862,participant_2611,250
1604779874,participant_2612,270
1604779889,participant_2515,275
1604779908,participant_2613,272
1604779909,participant_2614,267
1604779939,participant_2489,265
1604779989,participant_2615,266
1604779993,participant_2616,261
1604780000,participant_2515,277
1604780007,participant_2617,273
1604780029,participant_2612,278
1604780066,participant_2515,281
1604780092,participant_2588,280
1604780107,participant_2618,269
1604780162,participant_2588,283
1604780256,participant_2619,282
1604780274,participant_2620,255
1604780384,participant_2621,288
1604780390,participant_2502,289
1604780442,participant_2622,286
1604780476,participant_2513,292
1604780499,participant_2553,291
1604780519,participant_2623,290
1604780529,participant_2513,294
1604780589,participant_2513,295
1604780620,participant_2624,293
1604780634,participant_2498,296
1604780695,participant_2612,300
1604780771,participant_2625,302
1604780839,participant_2573,303
1604780855,participant_2625,304
1604780868,participant_2626,298
1604780870,participant_2502,301
1604780899,participant_2515,305
1604780907,participant_2625,305
1604780956,participant_2625,309
1604780958,participant_2515,307
1604780968,participant_2553,308
1604781008,participant_2515,312
1604781052,participant_2596,311
1604781058,participant_2515,316
1604781058,participant_2513,315
1604781086,participant_2627,297
1604781091,participant_2612,317
1604781107,participant_2515,318
1604781146,participant_2625,319
1604781158,participant_2628,314
1604781246,participant_2502,323
1604781327,participant_2515,326
1604781340,participant_2513,328
1604781381,participant_2629,327
1604781451,participant_2501,330
1604781491,participant_2153,319
1604781536,participant_2018,331
1604781551,participant_2150,329
1604781592,participant_2549,334
1604781626,participant_2630,333
1604781657,participant_2556,337
1604781698,participant_2492,342
1604781700,participant_2573,340
1604781708,participant_2631,338
1604781710,participant_2595,342
1604781731,participant_2489,321
1604781749,participant_2492,348
1604781769,participant_2632,325
1604781797,participant_2492,351
1604781822,participant_2595,351
1604781845,participant_2489,349
1604781862,participant_2633,353
1604781900,participant_2595,356
1604781906,participant_2634,349
1604781984,participant_2635,341
1604781985,participant_2636,355
1604782039,participant_2574,361
1604782075,participant_2194,364
1604782120,participant_2634,360
1604782141,participant_2637,345
1604782158,participant_2485,366
1604782195,participant_2638,336
1604782202,participant_2573,371
1604782215,participant_2639,366
1604782217,participant_2098,335
1604782220,participant_2640,369
1604782226,participant_2599,370
1604782229,participant_2588,373
1604782236,participant_2641,368
1604782245,participant_2579,371
1604782310,participant_2579,376
1604782369,participant_2642,354
1604782374,participant_2592,374
1604782383,participant_2640,378
1604782444,participant_2592,383
1604782454,participant_2640,385
1604782504,participant_2643,332
1604782510,participant_2515,390
1604782514,participant_2592,391
1604782522,participant_2644,389
1604782527,participant_2635,377
1604782572,participant_2645,393
1604782573,participant_2592,395
1604782586,participant_2612,392
1604782623,participant_2646,339
1604782714,participant_2585,398
1604782716,participant_2489,397
1604782796,participant_2598,401
1604782803,participant_2647,396
1604782830,participant_2596,403
1604782883,participant_2648,404
1604782889,participant_2649,402
1604782906,participant_2650,381
1604782913,participant_2497,407
1604782933,participant_2651,406
1604782937,participant_2640,405
1604782946,participant_2652,383
1604782968,participant_2515,409
1604783189,participant_2653,410
1604783282,participant_2596,415
1604783283,participant_2633,413
1604783297,participant_2654,412
1604783320,participant_2562,416
1604783336,participant_2640,418
1604783444,participant_2640,422
1604783459,participant_2485,412
1604783466,participant_2515,425
1604783470,participant_2635,420
1604783571,participant_2585,427
1604783592,participant_2492,426
1604783668,participant_2502,435
1604783685,participant_2489,434
1604783715,participant_2655,430
1604783773,participant_2656,428
1604783773,participant_2489,436
1604783787,participant_2657,419
1604783809,participant_2497,438
1604783864,participant_2485,438
1604783865,participant_2658,433
1604783956,participant_2659,421
1604783982,participant_2660,416
1604783999,participant_2515,448
1604784026,participant_2661,447
1604784056,participant_2662,446
1604784095,participant_2515,453
1604784124,participant_2663,441
1604784141,participant_2664,449
1604784187,participant_2640,455
1604784244,participant_2665,445
1604784292,participant_2640,458
1604784329,participant_2515,460
1604784333,participant_2579,453
1604784368,participant_2666,457
1604784370,participant_2489,463
1604784415,participant_2515,466
1604784449,participant_2489,468
1604784454,participant_2667,461
1604784528,participant_2489,470
1604784530,participant_2668,466
1604784535,participant_2669,449
1604784597,participant_2670,473
1604784598,participant_2515,476
1604784604,participant_2489,475
1604784643,participant_2671,474
1604784719,participant_2649,478
1604784724,participant_2672,472
1604784732,participant_2673,469
1604784793,participant_2649,480
1604784936,participant_2585,479
1604784958,participant_2515,484
1604784976,participant_2625,485
1604784996,participant_2640,482
1604785166,participant_2625,493
1604785177,participant_2674,456
1604785194,participant_2670,492
1604785230,participant_2625,496
1604785252,participant_2675,487
1604785256,participant_2515,500
1604785272,participant_2585,489
1604785294,participant_2515,502
1604785314,participant_2670,501
1604785446,participant_2489,507
1604785450,participant_2513,506
1604785451,participant_2643,505
1604785454,participant_2635,495
1604785459,participant_2579,503
1604785447,participant_2515,508
1604785496,participant_2676,504
1604785508,participant_2513,511
1604785557,participant_2513,519
1604785605,participant_2545,509
1604785612,participant_2677,518
1604785615,participant_2515,517
1604785619,participant_2489,515
1604785672,participant_2678,510
1604785702,participant_2515,523
1604785757,participant_2633,525
1604785789,participant_2515,526
1604785792,participant_2679,513
1604785886,participant_2680,524
1604785897,participant_2633,530
1604785982,participant_2681,531
1604786004,participant_2579,531
1604786043,participant_2640,534
1604786080,participant_2562,537
1604786104,participant_2501,538
1604786164,participant_2515,540
1604786195,participant_2502,541
1604786223,participant_2640,539
1604786269,participant_2502,545
1604786272,participant_2515,546
1604786304,participant_2508,542
1604786318,participant_2556,549
1604786339,participant_2492,549
1604786339,participant_2502,551
1604786388,participant_2682,547
1604786453,participant_2596,555
1604786473,participant_2515,558
1604786507,participant_2333,547
1604786516,participant_2683,553
1604786542,participant_2515,566
1604786543,participant_2556,565
1604786560,participant_2497,567
1604786569,participant_2651,535
1604786569,participant_2485,558
1604786572,participant_2489,564
1604786622,participant_2684,566
1604786708,participant_2685,569
1604786861,participant_2492,572
1604786893,participant_2648,576
1604786898,participant_2489,572
1604786903,participant_2515,580
1604786912,participant_2686,570
1604786938,participant_2687,571
1604786943,participant_2659,576
1604786959,participant_2515,581
1604786998,participant_2688,544
1604787022,participant_2485,571
1604787035,participant_2515,587
1604787099,participant_2689,583
1604787205,participant_2690,588
1604787223,participant_2492,591
1604787275,participant_2691,591
1604787280,participant_2692,593
1604787330,participant_2640,596
1604787339,participant_2515,603
1604787388,participant_2693,590
1604787466,participant_2694,599
1604787513,participant_2489,610
1604787561,participant_2695,607
1604787599,participant_2638,612
1604787615,participant_2696,589
1604787700,participant_2697,611
1604787839,participant_2698,614
1604787851,participant_2489,619
1604787974,participant_2699,616
1604788003,participant_2700,617
1604788030,participant_2515,624
1604788191,participant_2701,624
1604788239,participant_2702,626
1604788267,participant_2489,628
1604788288,participant_2703,622
1604788323,participant_2704,627
1604788348,participant_2489,636
1604788370,participant_2515,638
1604788387,participant_2705,630
1604788398,participant_2550,632
1604788424,participant_2706,631
1604788443,participant_2707,633
1604788501,participant_2708,640
1604788532,participant_2612,643
1604788551,participant_2492,641
1604788585,participant_2515,645
1604788620,participant_2492,646
1604788658,participant_2640,644
1604788742,participant_2515,653
1604788770,participant_2709,648
1604788780,participant_2515,655
1604788850,participant_2710,650
1604788871,participant_2711,654
1604788906,participant_2489,661
1604788939,participant_2633,662
1604789033,participant_2633,665
1604789058,participant_2514,664
1604789112,participant_2640,668
1604789115,participant_2515,671
1604789177,participant_2712,673
1604789187,participant_2515,677
1604789194,participant_2513,675
1604789234,participant_2713,678
1604789269,participant_2513,680
1604789324,participant_2714,681
1604789355,participant_2715,669
1604789358,participant_2716,685
1604789417,participant_2717,684
1604789433,participant_2515,686
1604789484,participant_2640,682
1604789493,participant_2485,688
1604789515,participant_2625,690
1604789567,participant_2625,694
1604789584,participant_2489,694
1604789630,participant_2718,674
1604789634,participant_2625,702
1604789642,participant_2515,703
1604789682,participant_2212,696
1604789739,participant_2719,705
1604789773,participant_2720,686
1604789811,participant_2721,709
1604789812,participant_2722,711
1604789816,participant_2513,712
1604789818,participant_2723,689
1604789839,participant_2724,710
1604789858,participant_2725,696
1604789870,participant_2612,714
1604789881,participant_2513,716
1604789880,participant_2726,698
1604789912,participant_2515,720
1604789959,participant_2727,708
1604789970,participant_2515,723
1604789971,participant_2489,722
1604790021,participant_2649,724
1604790054,participant_2515,730
1604790056,participant_2489,732
1604790069,participant_2728,728
1604790103,participant_2625,734
1604790135,participant_2562,735
1604790182,participant_2729,725
1604790207,participant_2640,740
1604790242,participant_2730,738
1604790276,participant_2562,742
1604790301,participant_2489,743
1604790404,participant_2515,747
1604790408,participant_2519,744
1604790506,participant_2515,750
1604790532,participant_2731,747
1604790546,participant_2640,751
1604790553,participant_2515,753
1604790646,participant_2515,758
1604790674,participant_2633,757
1604790679,participant_2732,746
1604790697,participant_2733,756
1604790754,participant_2734,752
1604790759,participant_2633,760
1604790838,participant_2492,762
1604790901,participant_2515,765
1604790913,participant_2735,759
1604790976,participant_2736,763
1604791068,participant_2515,769
1604791185,participant_2737,731
1604791187,participant_2738,771
1604791202,participant_2739,767
1604791214,participant_2492,772
1604791230,participant_2489,773
1604791239,participant_2740,770
1604791259,participant_2741,676
1604791264,participant_2742,775
1604791329,participant_2562,777
1604791348,participant_2743,776
1604791375,participant_2633,778
1604791380,participant_2489,779
1604791559,participant_2553,781
1604791619,participant_2744,782
1604791645,participant_2492,784
1604791769,participant_2745,780
1604791781,participant_2746,783
1604791854,participant_2489,786
1604791904,participant_2747,784
1604791963,participant_2612,789
1604791965,participant_2640,790
1604792018,participant_2492,791
1604792140,participant_2489,793
1604792144,participant_2492,795
1604792264,participant_2485,796
1604792359,participant_2612,801
1604792364,participant_2640,803
1604792434,participant_2748,802
1604792434,participant_2625,805
1604792475,participant_2749,798
1604792507,participant_2625,808
1604792551,participant_2750,806
1604792658,participant_2751,806
1604792689,participant_2562,813
1604792720,participant_2515,815
1604792771,participant_2562,817
1604792813,participant_2752,816
1604792814,participant_2753,809
1604792853,participant_2754,814
1604792874,participant_2640,818
1604792910,participant_2755,823
1604792948,participant_2515,825
1604792971,participant_2485,824
1604792985,participant_2612,827
1604792992,participant_2515,828
1604793007,participant_2756,821
1604793046,participant_2515,833
1604793076,participant_2515,836
1604793087,participant_2612,830
1604793087,participant_2757,829
1604793094,participant_2758,826
1604793106,participant_2489,835
1604793124,participant_2515,838
1604793139,participant_2562,839
1604793155,participant_2612,840
1604793169,participant_2515,843
1604793185,participant_2635,837
1604793206,participant_2702,832
1604793256,participant_2640,845
1604793265,participant_2515,849
1604793296,participant_2759,841
1604793313,participant_2515,850
1604793353,participant_2492,851
1604793359,participant_2640,853
1604793432,participant_2492,854
1604793438,participant_2760,852
1604793457,participant_2635,847
1604793471,participant_2633,856
1604793482,participant_2515,858
1604793569,participant_2640,860
1604793839,participant_2761,864
1604793854,participant_2489,866
1604793906,participant_2762,863
1604793917,participant_2763,861
1604793991,participant_2515,871
1604793991,participant_2764,876
1604794008,participant_2765,867
1604794032,participant_2489,874
1604794121,participant_2766,874
1604794176,participant_2767,881
1604794198,participant_2492,882
1604794219,participant_2515,880
1604794360,participant_2515,888
1604794387,participant_2633,888
1604794396,participant_2640,892
1604794407,participant_2625,895
1604794418,participant_2515,896
1604794431,participant_2768,886
1604794432,participant_2769,890
1604794472,participant_2770,884
1604794473,participant_2625,901
1604794485,participant_2515,900
1604794531,participant_2612,902
1604794549,participant_2489,904
1604794602,participant_2771,903
1604794608,participant_2530,905
1604794658,participant_2489,906
1604794695,participant_2513,912
1604794702,participant_2772,909
1604794702,participant_2556,907
1604794724,participant_2562,914
1604794742,participant_2773,913
1604794761,participant_2774,911
1604794768,participant_2489,917
1604794783,participant_2771,915
1604794830,participant_2562,919
1604794831,participant_2612,918
1604794879,participant_2640,920
1604794991,participant_2515,923
1604795039,participant_2515,926
1604795050,participant_2775,921
1604795167,participant_2776,924
1604795333,participant_2741,931
1604795335,participant_2489,935
1604795374,participant_2777,930
1604795444,participant_2778,932
1604795486,participant_2779,941
1604795584,participant_2780,938
1604795621,participant_2489,943
1604795662,participant_2612,944
1604795695,participant_2781,933
1604795775,participant_2489,945
1604795894,participant_2649,951
1604795943,participant_2782,949
1604795951,participant_2625,955
1604796001,participant_2625,958
1604796014,participant_2783,948
1604796018,participant_2784,956
1604796136,participant_2771,947
1604796153,participant_2785,952
1604796183,participant_2562,962
1604796252,participant_2562,965
1604796259,participant_2786,961
1604796262,participant_2492,966
1604796275,participant_2777,959
1604796286,participant_2787,963
1604796303,participant_2515,968
1604796316,participant_2788,957
1604796424,participant_2789,967
1604796504,participant_2633,971
1604796538,participant_2790,974
1604796554,participant_2791,964
1604796571,participant_2552,971
1604796577,participant_2633,975
1604796640,participant_2792,969
1604796680,participant_2777,977
1604796706,participant_2489,981
1604796713,participant_2635,973
1604796735,participant_2515,983
1604796752,participant_2786,980
1604796767,participant_2741,976
1604796818,participant_2793,982
1604796911,participant_2489,987
1604796933,participant_2794,984
1604796993,participant_2492,989
1604797085,participant_2795,986
1604797143,participant_2562,993
1604797155,participant_2515,996
1604797197,participant_2562,997
1604797202,participant_2777,990
1604797211,participant_2515,999
1604797240,participant_2741,995
1604797246,participant_2796,988
1604797250,participant_2562,1003
1604797279,participant_2489,1004
1604797308,participant_2562,1006
1604797429,participant_2797,1004
1604797475,participant_2612,1012
1604797575,participant_2798,1016
1604797627,participant_2799,1010
1604797684,participant_2741,1018
1604797700,participant_2800,1021
1604797713,participant_2489,1025
1604797806,participant_2515,1027
1604797969,participant_2801,1009
1604797981,participant_2802,1026
1604798046,participant_2515,1030
1604798054,participant_2741,1032
1604798098,participant_2612,1040
1604798113,participant_2803,1015
1604798126,participant_2777,1033
1604798155,participant_2804,1031
1604798159,participant_2782,1034
1604798181,participant_2805,1037
1604798216,participant_2806,1023
1604798273,participant_2562,1044
1604798451,participant_2777,1045
1604798570,participant_2807,1049
1604798577,participant_2808,1046
1604798638,participant_2777,1054
1604798662,participant_2809,1021
1604798672,participant_2810,1053
1604798684,participant_2811,1050
1604798714,participant_2812,1057
1604798758,participant_2741,1058
1604798764,participant_2771,1052
1604798794,participant_2813,1029
1604798826,participant_2814,1051
1604798849,participant_2777,1059
1604798921,participant_2786,1062
1604798991,participant_2815,1063
1604799002,participant_2816,1055
1604799045,participant_2771,1061
1604799146,participant_2817,1065
1604799192,participant_2818,1068
1604799202,participant_2741,1071
1604799250,participant_2819,1069
1604799331,participant_2820,1073
1604799334,participant_2777,1072
1604799373,participant_2556,1080
1604799458,participant_2821,1082
1604799462,participant_2741,1083
1604799470,participant_2822,1078
1604799482,participant_2635,1081
1604799547,participant_2823,1077
1604799555,participant_2824,1086
1604799556,participant_2825,1087
1604799575,participant_2777,1089
1604799578,participant_2826,1093
1604799616,participant_2827,1090
1604799679,participant_2828,1064
1604799741,participant_2829,1107
1604799759,participant_2741,1104
1604799771,participant_2830,1103
1604799775,participant_2831,1111
1604799781,participant_2832,1098
1604799858,participant_2786,1109
1604799885,participant_2833,1110
1604799902,participant_2834,1095
1604799928,participant_2741,1114
1604799960,participant_2786,1117
1604799969,participant_2797,1115
1604799988,participant_2835,1113
1604799996,participant_2777,1119
1604800074,participant_2786,1120
1604800174,participant_2836,1123
1604800222,participant_2837,1125
1604800236,participant_2808,1125
1604800286,participant_2838,1130
1604800335,participant_2839,1128
1604800390,participant_2840,1131
1604800501,participant_2808,1132
1604800509,participant_2771,1129
1604800666,participant_2841,1136
1604800714,participant_2771,1141
1604800753,participant_2808,1143
1604800780,participant_2842,1140
1604800834,participant_2771,1144
1604800913,participant_2843,1145
1604801090,participant_2843,1148
1604801114,participant_2844,1133
1604801165,participant_2845,1147
1604801226,participant_2771,1146
1604801249,participant_2846,1154
1604801252,participant_2847,1149
1604801256,participant_2848,1162
1604801320,participant_2849,1150
1604801340,participant_2808,1161
1604801383,participant_2850,1164
1604801397,participant_2851,1166
1604801495,participant_2852,1156
1604801505,participant_2808,1169
1604801589,participant_2853,1170
1604801604,participant_2854,1168
1604801629,participant_2808,1176
1604801798,participant_2855,1170
1604801811,participant_2856,1173
1604801827,participant_2852,1180
1604801886,participant_2843,1184
1604801935,participant_2771,1183
1604802082,participant_2771,1192
1604802088,participant_2857,1189
1604802119,participant_2858,1187
1604802139,participant_2507,1196
1604802146,participant_2852,1195
1604802237,participant_2859,1201
1604802282,participant_2224,1198
1604802298,participant_2860,1191
1604802335,participant_2507,1200
1604802372,participant_2861,1202
1604802384,participant_2507,1210
1604802408,participant_2722,1212
1604802448,participant_2862,1203
1604802450,participant_2863,1209
1604802462,participant_2864,1199
1604802489,participant_2865,1207
1604802510,participant_2866,1210
1604802514,participant_2867,1213
1604802515,participant_2641,1214
1604802597,participant_2868,1206
1604802655,participant_2305,1225
1604802704,participant_2869,1224
1604802735,participant_2598,1228
1604802792,participant_2870,1221
1604802813,participant_2871,1219
1604802834,participant_2872,1231
1604802936,participant_2873,1232
1604802935,participant_2874,1238
1604802960,participant_2875,1242
1604803038,participant_2876,1246
1604803074,participant_2877,1239
1604803209,participant_2878,1185
1604803372,participant_2879,1249
1604803391,participant_2880,1253
1604803411,participant_2881,1262
1604803427,participant_2882,1247
1604803517,participant_2883,1261
1604803575,participant_2884,1267
1604803673,participant_2885,1264
1604803678,participant_2886,1272
1604803704,participant_2887,1265
1604803778,participant_2888,1245
1604803847,participant_2889,1263
1604803875,participant_2890,1274
1604803889,participant_2891,1270
1604803923,participant_2892,1276
1604803996,participant_2893,1277
1604804051,participant_2894,1278
1604804113,participant_2895,1273
1604804114,participant_2852,1281
1604804141,participant_2875,1286
1604804307,participant_2852,1287
1604804398,participant_2896,1282
1604804452,participant_2852,1294
1604804482,participant_2897,1294
1604804549,participant_2890,1314
1604804640,participant_2852,1321
1604804667,participant_2890,1326
1604804680,participant_2898,1323
1604804747,participant_2899,1316
1604804808,participant_2900,1336
1604804855,participant_2852,1332
1604804888,participant_2890,1344
1604804945,participant_2901,1341
1604805011,participant_2902,1336
1604805040,participant_2903,1347
1604805056,participant_2904,1338
1604805127,participant_2890,1358
1604805169,participant_2905,1365
1604805224,participant_2906,1369
1604805289,participant_2906,1383
1604805312,participant_2907,1361
1604805324,participant_2908,1374
1604805350,participant_2909,1361
1604805351,participant_2901,1388
1604805359,participant_2910,1379
1604805377,participant_2911,1392
1604805398,participant_2912,1399
1604805398,participant_2913,1382
1604805393,participant_2914,1382
1604805418,participant_2915,1386
1604805420,participant_2890,1377
1604805441,participant_2916,1358
1604805459,participant_2917,1380
1604805466,participant_2918,1394
1604805471,participant_2261,1398
1604805475,participant_2919,1403
1604805478,participant_2556,1408
1604805490,participant_2920,1391
1604805517,participant_2921,1395
1604805531,participant_2922,1401
1604805565,participant_2909,1400
1604805593,participant_2923,1406
1604805619,participant_2924,1412
1604805632,participant_2925,1410
1604805648,participant_2926,1413
1604805654,participant_2927,1415
1604805657,participant_2928,1397
1604805672,participant_2929,1411
1604805681,participant_2930,1416
1604805682,participant_2931,1388
1604805792,participant_2932,1426
1604805806,participant_2933,1417
1604805866,participant_2934,1427
1604805899,participant_2935,1422
1604805906,participant_2936,1437
1604805914,participant_2937,1418
1604805938,participant_2938,1418
1604805962,participant_2939,1428
1604805987,participant_2940,1439
1604806039,participant_2941,1434
1604806046,participant_2935,1446
1604806069,participant_2164,1440
1604806072,participant_2942,1447
1604806102,participant_2943,1401
1604806108,participant_2774,1445
1604806143,participant_2944,1451
1604806176,participant_2945,1455
1604806227,participant_2946,1454
1604806273,participant_2947,1377
1604806313,participant_2948,1462
1604806319,participant_2949,1466
1604806353,participant_2950,1457
1604806454,participant_2951,1464
1604806504,participant_2952,1479
1604806550,participant_2953,1473
1604806556,participant_2900,1476
1604806579,participant_2948,1471
1604806606,participant_2954,1465
1604806627,participant_2946,1487
1604806629,participant_2955,1489
1604806661,participant_2164,1484
1604806696,participant_2956,1481
1604806705,participant_2957,1490
1604806705,participant_2826,1486
1604806736,participant_2935,1455
1604806784,participant_2090,1469
1604806822,participant_2958,1492
1604806861,participant_2959,1493
1604806870,participant_2960,1491
1604806888,participant_2961,1497
1604807067,participant_2962,1504
1604807080,participant_2963,1502
1604807104,participant_2964,1505
1604807156,participant_2556,1501
1604807184,participant_2965,1506
1604807195,participant_2966,1522
1604807208,participant_2967,1500
1604807244,participant_2968,1516
1604807255,participant_2969,1513
1604807322,participant_2905,1525
1604807394,participant_2970,1532
1604807395,participant_2971,1537
1604807406,participant_2972,1534
1604807415,participant_2935,1524
1604807438,participant_2973,1521
1604807440,participant_2692,1536
1604807451,participant_2974,1483
1604807475,participant_2639,1537
1604807527,participant_2975,1537
1604807541,participant_2976,1540
1604807573,participant_2977,1541
1604807586,participant_2978,1546
1604807608,participant_2935,1553
1604807618,participant_2979,1551
1604807636,participant_2980,1545
1604807647,participant_2981,1563
1604807647,participant_2982,1556
1604807655,participant_2975,1559
1604807752,participant_2983,1569
1604807753,participant_2984,1549
1604807767,participant_2985,1555
1604807847,participant_2986,1542
1604807851,participant_2987,1544
1604807866,participant_2752,1574
1604807870,participant_2252,1557
1604807881,participant_2292,1573
1604807933,participant_2556,1579
1604808002,participant_2988,1575
1604808004,participant_2935,1565
1604808053,participant_2989,1580
1604808098,participant_2090,1577
1604808101,participant_2990,1568
1604808102,participant_2991,1578
1604808149,participant_2752,1593
1604808153,participant_2647,1586
1604808155,participant_2992,1588
1604808155,participant_2993,1590
1604808245,participant_2994,1584
1604808304,participant_2935,1598
1604808396,participant_2995,1599
1604808417,participant_2996,1582
1604808429,participant_2997,1583
1604808448,participant_2998,1594
1604808471,participant_2935,1603
1604808570,participant_2999,1602
1604808668,participant_2935,1608
1604808683,participant_3000,1529
1604808688,participant_3001,1606
1604808727,participant_2997,1609
1604808753,participant_3002,1611
1604808802,participant_3003,1612
1604808807,participant_3004,1614
1604808815,participant_2935,1616
1604808877,participant_3005,1615
1604808981,participant_3006,1619
1604809012,participant_2840,1618
1604809054,participant_3007,1630
1604809164,participant_3008,1625
1604809190,participant_3009,1632
1604809213,participant_3010,1565
1604809271,participant_3011,1643
1604809303,participant_3012,1639
1604809353,participant_2935,1641
1604809387,participant_2081,1649
1604809447,participant_3013,1652
1604809455,participant_3014,1654
1604809488,participant_3015,1641
1604809492,participant_3016,1659
1604809507,participant_2081,1661
1604809525,participant_3017,1644
1604809532,participant_3018,1664
1604809580,participant_3019,1659
1604809612,participant_2997,1676
1604809624,participant_3020,1677
1604809636,participant_3021,1675
1604809650,participant_3022,1660
1604809705,participant_3023,1680
1604809767,participant_3024,1682
1604809900,participant_3025,1685
1604809914,participant_3026,1687
1604809931,participant_3027,1679
1604809937,participant_3028,1637
1604809938,participant_3029,1683
1604809966,participant_2078,1686
1604810002,participant_3030,1700
1604810185,participant_2881,1620
1604810252,participant_2872,1644
1604810277,participant_3031,1711
1604810311,participant_2875,1678
1604810334,participant_3032,1708
1604810339,participant_3033,1712
1604810358,participant_3034,1688
1604810362,participant_3012,1656
1604810377,participant_3035,1689
1604810393,participant_3027,1703
1604810431,participant_2876,1719
1604810442,participant_3036,1705
1604810447,participant_3037,1723
1604810487,participant_2078,1728
1604810496,participant_2935,1672
1604810498,participant_3038,1718
1604810502,participant_3039,1724
1604810545,participant_3040,1728
1604810551,participant_3041,1737
1604810560,participant_3042,1734
1604810569,participant_2598,1727
1604810580,participant_3043,1736
1604810582,participant_2997,1740
1604810609,participant_3044,1728
1604810616,participant_2935,1739
1604810624,participant_3045,1725
1604810640,participant_3027,1732
1604810648,participant_2886,1746
1604810679,participant_3040,1744
1604810691,participant_3046,1733
1604810699,participant_3047,1738
1604810732,participant_3048,1744
1604810755,participant_2881,1755
1604810767,participant_3049,1741
1604810771,participant_2719,1751
1604810798,participant_3050,1741
1604810832,participant_3012,1743
1604810865,participant_3051,1764
1604810875,participant_3052,1750
1604810905,participant_2872,1757
1604810930,participant_2793,1775
1604810979,participant_3053,1765
1604810980,participant_3054,1776
1604810985,participant_3055,1759
1604810987,participant_3056,1777
1604810988,participant_3057,1766
1604810998,participant_3058,1731
1604811071,participant_3059,1767
1604811123,participant_3060,1753
1604811134,participant_3061,1792
1604811185,participant_3062,1795
1604811209,participant_2935,1786
1604811235,participant_2857,1797
1604811291,participant_2347,1800
1604811375,participant_3063,1798
1604811419,participant_3064,1806
1604811462,participant_3065,1803
1604811465,participant_3066,1801
1604811463,participant_3067,1805
1604811476,participant_3068,1807
1604811484,participant_3069,1787
1604811557,participant_2862,1812
1604811581,participant_3070,1813
1604811603,participant_3071,1814
1604811607,participant_3072,1796
1604811649,participant_2996,1819
1604811660,participant_3012,1807
1604811664,participant_3073,1817
1604811695,participant_3028,1814
1604811707,participant_2935,1810
1604811739,participant_3074,1825
1604811769,participant_3075,1827
1604811793,participant_3067,1828
1604811810,participant_3076,1824
1604811832,participant_3077,1817
1604811844,participant_3028,1829
1604811872,participant_3012,1830
1604811889,participant_3078,1832
1604812001,participant_2935,1839
1604812030,participant_3067,1844
1604812062,participant_3079,1841
1604812081,participant_3080,1846
1604812166,participant_2645,1850
1604812185,participant_3081,1834
1604812199,participant_3067,1853
1604812250,participant_3082,1847
1604812305,participant_3067,1856
1604812308,participant_2935,1855
1604812315,participant_3083,1849
1604812361,participant_3012,1854
1604812439,participant_2935,1867
1604812429,participant_3067,1862
1604812481,participant_2807,1857
1604812489,participant_3028,1868
1604812537,participant_3084,1866
1604812581,participant_3067,1872
1604812626,participant_2996,1858
1604812656,participant_2806,1873
1604812659,participant_3067,1876
1604812658,participant_3028,1874
1604812736,participant_3028,1882
1604812757,participant_3067,1879
1604812767,participant_3085,1844
1604812780,participant_2694,1875
1604812832,participant_2986,1879
1604812835,participant_3028,1887
1604812852,participant_3086,1884
1604812945,participant_3087,1884
1604813003,participant_3067,1888
1604813067,participant_3088,1869
1604813100,participant_3067,1892
1604813171,participant_3089,1891
1604813249,participant_2759,1897
1604813291,participant_3090,1895
1604813538,participant_3091,1904
1604813564,participant_3092,1907
1604813582,participant_2759,1909
1604813918,participant_2935,1918
1604813920,participant_2802,1913
1604813926,participant_3093,1915
1604813967,participant_3012,1877
1604813993,participant_3060,1926
1604814042,participant_2989,1928
1604814042,participant_3094,1924
1604814094,participant_3095,1930
1604814104,participant_3096,1914
1604814129,participant_2935,1937
1604814208,participant_3097,1936
1604814224,participant_3008,1940
1604814243,participant_3012,1942
1604814248,participant_2935,1945
1604814290,participant_3098,1946
1604814324,participant_2935,1951
1604814340,participant_3099,1949
1604814340,participant_3100,1943
1604814375,participant_3012,1952
1604814407,participant_3096,1948
1604814413,participant_2935,1956
1604814435,participant_3101,1941
1604814446,participant_3102,1947
1604814507,participant_2935,1958
1604814569,participant_2722,1870
1604814639,participant_2935,1964
1604814674,participant_3012,1965
1604814730,participant_3000,1961
1604814742,participant_2935,1966
1604814864,participant_2935,1972
1604814961,participant_2890,1974
1604814980,participant_3103,1975
1604814998,participant_3000,1971
1604815031,participant_2935,1976
1604815131,participant_3012,1970
1604815209,participant_3000,1977
1604815364,participant_3012,1983
1604815371,participant_3104,1984
1604815452,participant_2890,1985
1604815474,participant_3105,1988
1604815592,participant_3106,1978
1604815693,participant_2890,1993
1604815736,participant_3107,1991
1604815783,participant_3108,1992
1604815873,participant_3008,1949
1604816008,participant_3109,1982
1604816142,participant_2790,1999
1604816373,participant_2890,1994
1604816499,participant_3110,2003
1604816616,participant_3111,1996
1604816795,participant_2935,2006
1604816872,participant_2935,2007
1604816940,participant_2935,2009
1604817007,participant_2935,2010
1604817069,participant_2890,2008
1604817083,participant_2935,2011
1604817186,participant_3012,2005
1604817273,participant_2935,2022
1604817548,participant_3112,2029
1604817790,participant_2213,2030
1604817960,participant_3113,2032
1604817965,participant_2935,2035
1604818038,participant_2935,2036
1604818156,participant_3114,2038
1604818198,participant_2935,2039
1604819088,participant_2935,2044
1604819535,participant_3115,2049
1604819608,participant_3012,2051
1604819637,participant_2108,2042
1604819785,participant_3012,2052
1604819928,participant_3012,2054
1604820486,participant_3012,2055
1604820971,participant_3012,2059
1604821799,participant_3116,2061
1604823310,participant_2935,2065
1604824457,participant_3117,2066
1604824897,participant_3118,2067
1604825119,participant_3012,2068
1604841389,participant_3119,2073
1604841853,participant_3120,2080
1604842045,participant_3121,2082
1604842122,participant_3122,2088
1604842130,participant_3123,2082
1604842200,participant_3124,2084
1604842244,participant_2179,2094
1604842254,participant_3125,2090
1604842278,participant_3126,2095
1604842294,participant_3127,2085
1604842369,participant_3128,2086
1604842375,participant_3129,2081
1604842467,participant_3130,2093
1604842583,participant_3131,2104
1604842585,participant_3083,2097
1604842606,participant_3132,2100
1604842793,participant_3133,2101
1604842818,participant_2573,2112
1604842830,participant_3134,2109
1604842841,participant_3135,2106
1604842863,participant_3129,2105
1604842904,participant_3136,2102
1604842939,participant_3137,2117
1604842990,participant_2089,2122
1604843003,participant_3138,2099
1604843058,participant_3139,2087
1604843084,participant_3140,2121
1604843204,participant_2835,2110
1604843222,participant_3118,2123
1604843311,participant_2835,2133
1604843317,participant_2634,2131
1604843366,participant_2194,2135
1604843380,participant_3141,2127
1604843143,participant_3142,2118
1604843454,participant_3143,2124
1604843465,participant_2194,2136
1604843502,participant_3144,2138
1604843568,participant_3145,2134
1604843587,participant_3146,2126
1604843609,participant_3144,2142
1604843637,participant_3147,2139
1604843640,participant_2194,2144
1604843660,participant_3148,2140
1604843667,participant_2090,2145
1604843731,participant_2570,2141
1604843760,participant_3149,2136
1604843763,participant_2164,2146
1604843806,participant_2194,2152
1604843810,participant_3150,2143
1604843888,participant_2573,2148
1604843905,participant_3151,2147
1604844035,participant_2194,2156
1604844101,participant_3152,2148
1604844104,participant_3153,2148
1604844126,participant_2573,2160
1604844191,participant_3154,2158
1604844200,participant_2194,2167
1604844268,participant_3155,2171
1604844290,participant_2194,2173
1604844332,participant_2695,2174
1604844336,participant_3156,2154
1604844367,participant_3144,2176
1604844372,participant_3157,2164
1604844375,participant_2194,2178
1604844406,participant_3158,2177
1604844450,participant_3159,2180
1604844457,participant_3160,2172
1604844468,participant_2194,2181
1604844544,participant_2194,2185
1604844552,participant_3161,2182
1604844631,participant_3162,2184
1604844651,participant_3163,2166
1604844656,participant_2194,2186
1604844725,participant_3164,2166
1604844730,participant_3165,2188
1604844769,participant_2194,2190
1604844824,participant_3161,2189
1604844852,participant_3166,2175
1604844888,participant_3167,2182
1604844892,participant_3168,2191
1604844998,participant_3169,2194
1604845043,participant_3170,2179
1604845089,participant_3166,2195
1604845098,participant_3171,2196
1604845106,participant_3172,2198
1604845126,participant_2573,2202
1604845191,participant_3173,2199
1604845195,participant_2194,2193
1604845224,participant_2656,2200
1604845237,participant_2573,2206
1604845260,participant_3174,2209
1604845309,participant_3161,2213
1604845327,participant_3175,2210
1604845334,participant_2510,2204
1604845350,participant_3174,2221
1604845370,participant_2573,2223
1604845400,participant_2554,2219
1604845412,participant_3176,2211
1604845422,participant_3177,2224
1604845441,participant_2871,2225
1604845447,participant_3174,2229
1604845448,participant_3144,2229
1604845460,participant_2573,2231
1604845461,participant_2752,2226
1604845466,participant_2179,2228
1604845499,participant_2194,2235
1604845509,participant_3178,2215
1604845551,participant_3144,2238
1604845558,participant_3179,2237
1604845567,participant_2573,2239
1604845571,participant_3180,2231
1604845589,participant_2194,2241
1604845605,participant_3181,2240
1604845611,participant_3178,2241
1604845616,participant_3182,2227
1604845636,participant_3144,2243
1604845661,participant_2573,2244
1604845687,participant_3183,2248
1604845699,participant_2194,2250
1604845720,participant_3144,2252
1604845732,participant_3174,2253
1604845763,participant_2637,2245
1604845785,participant_2573,2254
1604845789,participant_2194,2256
1604845806,participant_3144,2257
1604845884,participant_2569,2262
1604845896,participant_2194,2263
1604845943,participant_3184,2261
1604845959,participant_2573,2266
1604845982,participant_2194,2269
1604846032,participant_3144,2263
1604846033,participant_3175,2267
1604846044,participant_3185,2246
1604846064,participant_2194,2274
1604846067,participant_2573,2272
1604846134,participant_3144,2275
1604846138,participant_3186,2272
1604846162,participant_3187,2270
1604846165,participant_2194,2277
1604846182,participant_2573,2278
1604846244,participant_3188,2259
1604846245,participant_3144,2279
1604846258,participant_3189,2255
1604846262,participant_2194,2282
1604846289,participant_3174,2281
1604846308,participant_3190,2265
1604846349,participant_3191,2280
1604846350,participant_2573,2283
1604846410,participant_3144,2284
1604846423,participant_2194,2285
1604846461,participant_2573,2287
1604846485,participant_3192,2271
1604846487,participant_3175,2276
1604846488,participant_3193,2286
1604846488,participant_2524,2288
1604846509,participant_3144,2288
1604846573,participant_2194,2291
1604846594,participant_2573,2290
1604846654,participant_3161,2294
1604846769,participant_2573,2298
1604846770,participant_3144,2300
1604846776,participant_3161,2299
1604846813,participant_3194,2297
1604846839,participant_2194,2308
1604846866,participant_3144,2307
1604846915,participant_3195,2302
1604846917,participant_3161,2309
1604846932,participant_2194,2312
1604846952,participant_3144,2313
1604847021,participant_2194,2317
1604847059,participant_3144,2318
1604847102,participant_3162,2310
1604847134,participant_3196,2311
1604847135,participant_2194,2320
1604847178,participant_3197,2316
1604847197,participant_2573,2325
1604847232,participant_2194,2326
1604847249,participant_3198,2319
1604847263,participant_3144,2328
1604847321,participant_2123,2330
1604847328,participant_3199,2328
1604847349,participant_3200,2323
1604847417,participant_3144,2333
1604847461,participant_3201,2337
1604847490,participant_2573,2338
1604847513,participant_3144,2339
1604847574,participant_3202,2335
1604847588,participant_3159,2314
1604847632,participant_2573,2341
1604847653,participant_2123,2342
1604847706,participant_3161,2344
1604847751,participant_2573,2347
1604847772,participant_3203,2333
1604847794,participant_3204,2349
1604847823,participant_2890,2346
1604847941,participant_2194,2359
1604847942,participant_3174,2357
1604847959,participant_3205,2354
1604847997,participant_3206,2352
1604848002,participant_3207,2355
1604848020,participant_3174,2361
1604848026,participant_2194,2362
1604848086,participant_3208,2356
1604848138,participant_3209,2360
1604848220,participant_2194,2364
1604848256,participant_3174,2367
1604848274,participant_3161,2366
1604848319,participant_2194,2372
1604848328,participant_2573,2370
1604848325,participant_3210,2368
1604848335,participant_3144,2372
1604848392,participant_2546,2372
1604848398,participant_2194,2375
1604848414,participant_3211,2357
1604848423,participant_3144,2376
1604848453,participant_3161,2376
1604848513,participant_2573,2378
1604848535,participant_3212,2369
1604848544,participant_2194,2379
1604848576,participant_3213,2381
1604848643,participant_2194,2383
1604848665,participant_3213,2384
1604848690,participant_2573,2385
1604848701,participant_3214,2380
1604848734,participant_2194,2386
1604848764,participant_3215,2371
1604848792,participant_3144,2388
1604848840,participant_2194,2391
1604848908,participant_3216,2387
1604848930,participant_2194,2393
1604848938,participant_3161,2395
1604848956,participant_3165,2393
1604848986,participant_2877,2397
1604849009,participant_2194,2399
1604849027,participant_3174,2400
1604849062,participant_2573,2400
1604849084,participant_3217,2327
1604849125,participant_2194,2404
1604849131,participant_3218,2392
1604849153,participant_3174,2407
1604849168,participant_2513,2406
1604849174,participant_3219,2409
1604849236,participant_3220,2396
1604849253,participant_2194,2410
1604849262,participant_2852,2407
1604849335,participant_2573,2411
1604849362,participant_2194,2417
1604849366,participant_2513,2419
1604849384,participant_3174,2413
1604849402,participant_3217,2414
1604849409,participant_2513,2420
1604849422,participant_2673,2411
1604849441,participant_2194,2421
1604849516,participant_2194,2426
1604849526,participant_2513,2427
1604849553,participant_3221,2427
1604849593,participant_3207,2417
1604849596,participant_2194,2433
1604849610,participant_3174,2432
1604849614,participant_3222,2430
1604849656,participant_3223,2422
1604849662,participant_2194,2437
1604849755,participant_2194,2440
1604849830,participant_2573,2443
1604849849,participant_2194,2446
1604849872,participant_2659,2445
1604849880,participant_3224,2422
1604849885,participant_3225,2438
1604849916,participant_3217,2447
1604849930,participant_3144,2448
1604849945,participant_2194,2449
1604850007,participant_2194,2457
1604850034,participant_2573,2454
1604850061,participant_3174,2453
1604850090,participant_2194,2462
1604850110,participant_3144,2465
1604850125,participant_2513,2468
1604850144,participant_3226,2463
1604850145,participant_3227,2429
1604850169,participant_3161,2461
1604850181,participant_2194,2472
1604850180,participant_2519,2469
1604850187,participant_2573,2469
1604850235,participant_3174,2474
1604850241,participant_3217,2463
1604850245,participant_2570,2465
1604850278,participant_2194,2476
1604850349,participant_3228,2454
1604850366,participant_2489,2475
1604850380,participant_3229,2477
1604850486,participant_3207,2481
1604850515,participant_2573,2482
1604850537,participant_2659,2479
1604850542,participant_2852,2478
1604850567,participant_2633,2483
1604850599,participant_3230,2480
1604850659,participant_2633,2491
1604850682,participant_2515,2493
1604850704,participant_3231,2487
1604850708,participant_2852,2488
1604850751,participant_2194,2496
1604850777,participant_2737,2497
1604850805,participant_2515,2503
1604850832,participant_2194,2504
1604850833,participant_3232,2492
1604850933,participant_2649,2506
1604850942,participant_3233,2498
1604850953,participant_3234,2505
1604850987,participant_2194,2507
1604851002,participant_2712,2508
1604851039,participant_2515,2510
1604851076,participant_2852,2498
1604851085,participant_2570,2502
1604851121,participant_2513,2511
1604851133,participant_3207,2509
1604851149,participant_3235,2484
1604851175,participant_2194,2512
1604851219,participant_2515,2515
1604851289,participant_2194,2517
1604851378,participant_3207,2516
1604851454,participant_2612,2518
1604851455,participant_3174,2519
1604851568,participant_2573,2520
1604851586,participant_2633,2521
1604851657,participant_2633,2525
1604851689,participant_2573,2526
1604851691,participant_3174,2529
1604851702,participant_3236,2522
1604851739,participant_2515,2532
1604851740,participant_3234,2530
1604851800,participant_2573,2535
1604851815,participant_2194,2537
1604851829,participant_2640,2532
1604851871,participant_2513,2534
1604851904,participant_3174,2536
1604851909,participant_2640,2541
1604851915,participant_2612,2542
1604851917,participant_2489,2540
1604851953,participant_3237,2539
1604851970,participant_3207,2543
1604851989,participant_2589,2543
1604852085,participant_3174,2547
1604852173,participant_2640,2552
1604852176,participant_3161,2549
1604852180,participant_3207,2548
1604852185,participant_3174,2553
1604852208,participant_3238,2549
1604852228,participant_2640,2556
1604852232,participant_3239,2554
1604852335,participant_3240,2557
1604852407,participant_2194,2560
1604852490,participant_2605,2554
1604852501,participant_3241,2566
1604852531,participant_3242,2567
1604852569,participant_3243,2564
1604852583,participant_2513,2569
1604852627,participant_2625,2573
1604852668,participant_3207,2574
1604852670,participant_2515,2577
1604852683,participant_3244,2558
1604852714,participant_2553,2572
1604852724,participant_3245,2578
1604852726,participant_3241,2580
1604852732,participant_3246,2575
1604852776,participant_3247,2568
1604852811,participant_2513,2585
1604852813,participant_2612,2586
1604852847,participant_3241,2587
1604852858,participant_3174,2588
1604852876,participant_3248,2576
1604852882,participant_2612,2589
1604852972,participant_3174,2592
1604852972,participant_3207,2591
1604853002,participant_3144,2594
1604853025,participant_3241,2597
1604853032,participant_2737,2595
1604853062,participant_3174,2598
1604853102,participant_3144,2599
1604853114,participant_3241,2600
1604853160,participant_3174,2604
1604853173,participant_3249,2606
1604853200,participant_3144,2607
1604853201,participant_3207,2608
1604853202,participant_3250,2603
1604853253,participant_2649,2611
1604853255,participant_3241,2612
1604853302,participant_3207,2615
1604853307,participant_3213,2618
1604853326,participant_3144,2616
1604853351,participant_3217,2616
1604853390,participant_3213,2621
1604853391,participant_3251,2620
1604853445,participant_3252,2614
1604853446,participant_3241,2624
1604853473,participant_3213,2625
1604853504,participant_3207,2623
1604853624,participant_3213,2632
1604853631,participant_3253,2627
1604853658,participant_3254,2629
1604853713,participant_3213,2634
1604853719,participant_3255,2595
1604853747,participant_3256,2630
1604853755,participant_2530,2635
1604853757,participant_3207,2633
1604853765,participant_3144,2636
1604853800,participant_3213,2639
1604853821,participant_3254,2638
1604853833,participant_2573,2641
1604853946,participant_3257,2643
1604853957,participant_3258,2565
1604853968,participant_2640,2644
1604853978,participant_3174,2640
1604854010,participant_3259,2645
1604854060,participant_2513,2648
1604854064,participant_2640,2647
1604854141,participant_2640,2649
1604854228,participant_3249,2650
1604854273,participant_2492,2651
1604854286,participant_3249,2653
1604854303,participant_2633,2652
1604854410,participant_2513,2657
1604854442,participant_3161,2656
1604854452,participant_3260,2655
1604854470,participant_2640,2660
1604854477,participant_3261,2658
1604854541,participant_3217,2661
1604854541,participant_2562,2659
1604854581,participant_2640,2664
1604854652,participant_3262,2654
1604854707,participant_3217,2668
1604854719,participant_3174,2669
1604854737,participant_2562,2667
1604854791,participant_2645,2670
1604854797,participant_3260,2665
1604854833,participant_3174,2673
1604854926,participant_3260,2675
1604854931,participant_3263,2671
1604855002,participant_3241,2677
1604855081,participant_3264,2679
1604855095,participant_3265,2676
1604855097,participant_3266,2672
1604855116,participant_3144,2685
1604855118,participant_3241,2683
1604855164,participant_2515,2687
1604855173,participant_2573,2686
1604855183,participant_2777,2677
1604855187,participant_3267,2684
1604855223,participant_3241,2689
1604855230,participant_3207,2688
1604855293,participant_2489,2682
1604855303,participant_3268,2691
1604855365,participant_2489,2695
1604855377,participant_3207,2694
1604855410,participant_3269,2690
1604855485,participant_3207,2699
1604855507,participant_3270,2700
1604855731,participant_2640,2704
1604855746,participant_3271,2695
1604855794,participant_2640,2709
1604855838,participant_3272,2706
1604855839,participant_3273,2707
1604855903,participant_2489,2711
1604855924,participant_3241,2712
1604855958,participant_3249,2713
1604855983,participant_2515,2716
1604856008,participant_3174,2715
1604856010,participant_2573,2718
1604856025,participant_3249,2719
1604856039,participant_3241,2719
1604856073,participant_3249,2725
1604856100,participant_2777,2722
1604856108,participant_3174,2722
1604856109,participant_3274,2717
1604856125,participant_3241,2729
1604856132,participant_3275,2727
1604856134,participant_2573,2729
1604856148,participant_3276,2727
1604856191,participant_3260,2679
1604856193,participant_3174,2733
1604856234,participant_2797,2734
1604856269,participant_2612,2737
1604856344,participant_2649,2739
1604856356,participant_2556,2740
1604856362,participant_2777,2735
1604856470,participant_2573,2743
1604856531,participant_3277,2740
1604856583,participant_3241,2746
1604856586,participant_3144,2745
1604856655,participant_2552,2747
1604856673,participant_3241,2749
1604856741,participant_2777,2751
1604856753,participant_3260,2750
1604856757,participant_3174,2752
1604856826,participant_3249,2753
1604856838,participant_2935,2731
1604856838,participant_2508,2757
1604856875,participant_3241,2758
1604856879,participant_3278,2753
1604856890,participant_2777,2759
1604856900,participant_3279,2755
1604856920,participant_3260,2760
1604856948,participant_3174,2764
1604856962,participant_3280,2763
1604856989,participant_2491,2765
1604857009,participant_3260,2766
1604857093,participant_2741,2768
1604857107,participant_3281,2769
1604857110,participant_3260,2770
1604857118,participant_2786,2762
1604857224,participant_3282,2767
1604857235,participant_3174,2780
1604857236,participant_2712,2777
1604857272,participant_3037,2781
1604857290,participant_3281,2775
1604857300,participant_2741,2774
1604857402,participant_3144,2782
1604857426,participant_2935,2774
1604857432,participant_3174,2788
1604857463,participant_3283,2748
1604857484,participant_2694,2787
1604857487,participant_3281,2784
1604857509,participant_3284,2786
1604857517,participant_3257,2793
1604857531,participant_3260,2795
1604857559,participant_3144,2797
1604857566,participant_3285,2794
1604857600,participant_2485,2798
1604857664,participant_3241,2801
1604857667,participant_2485,2805
1604857668,participant_3286,2789
1604857692,participant_3174,2804
1604857734,participant_2706,2800
1604857749,participant_2513,2815
1604857775,participant_3260,2813
1604857813,participant_3287,2814
1604857867,participant_3260,2819
1604857867,participant_2562,2820
1604857882,participant_2573,2818
1604857887,participant_2678,2808
1604857889,participant_3241,2820
1604857909,participant_3288,2817
1604858002,participant_3174,2825
1604858033,participant_2741,2801
1604858043,participant_3285,2824
1604858047,participant_2995,2816
1604858077,participant_3289,2823
1604858104,participant_3290,2827
1604858170,participant_3291,2806
1604858174,participant_3144,2829
1604858176,participant_2786,2822
1604858250,participant_2678,2829
1604858271,participant_3241,2832
1604858292,participant_2777,2828
1604858294,participant_2797,2833
1604858405,participant_3241,2836
1604858424,participant_2995,2837
1604858466,participant_2513,2839
1604858499,participant_2492,2841
1604858508,participant_3174,2840
1604858585,participant_3241,2843
1604858617,participant_3213,2844
1604858680,participant_3292,2838
1604858699,participant_2793,2845
1604858712,participant_2633,2847
1604858715,participant_3293,2831
1604858746,participant_2640,2846
1604858763,participant_3241,2848
1604858771,participant_2649,2848
1604858780,participant_2786,2842
1604858791,participant_2513,2851
1604858831,participant_2515,2853
1604858850,participant_2573,2850
1604858882,participant_2640,2855
1604858919,participant_3294,2854
1604858931,participant_2737,2858
1604858965,participant_2640,2860
1604859059,participant_3295,2861
1604859075,participant_3144,2862
1604859104,participant_2786,2856
1604859123,participant_2493,2864
1604859127,participant_3296,2856
1604859163,participant_2797,2859
1604859181,participant_2741,2865
1604859199,participant_3297,2863
1604859207,participant_2649,2866
1604859276,participant_2777,2867
1604859294,participant_2633,2868
1604859378,participant_2570,2869
1604859483,participant_2605,2874
1604859531,participant_3298,2872
1604859557,participant_3241,2877
1604859738,participant_3299,2879
1604859762,participant_3300,2878
1604859776,participant_2513,2882
1604859813,participant_3241,2883
1604859891,participant_3174,2885
1604859930,participant_3257,2884
1604859932,participant_2612,2886
1604859953,participant_3301,2881
1604860029,participant_2489,2894
1604860042,participant_2612,2895
1604860049,participant_3302,2891
1604860056,participant_3144,2893
1604860063,participant_3303,2880
1604860110,participant_2741,2889
1604860130,participant_3213,2897
1604860133,participant_3241,2900
1604860136,participant_2612,2897
1604860147,participant_2777,2887
1604860161,participant_3174,2899
1604860205,participant_2492,2890
1604860222,participant_3213,2902
1604860230,participant_3241,2903
1604860240,participant_2573,2901
1604860281,participant_2492,2904
1604860333,participant_2741,2905
1604860396,participant_3144,2908
1604860417,participant_3304,2906
1604860420,participant_3260,2907
1604860495,participant_3305,2909
1604860522,participant_2485,2911
1604860666,participant_3257,2912
1604860679,participant_3306,2913
1604860752,participant_3259,2915
1604860777,participant_2573,2914
1604860782,participant_3249,2917
1604860791,participant_3307,2910
1604860830,participant_3174,2918
1604860833,participant_2741,2919
1604860856,participant_2581,2916
1604860858,participant_3249,2921
1604860901,participant_3249,2924
1604860914,participant_2515,2923
1604860933,participant_2719,2922
1604860979,participant_3241,2926
1604861080,participant_2640,2928
1604861122,participant_3308,2929
1604861123,participant_2797,2927
1604861169,participant_3241,2930
1604861172,participant_2640,2931
1604861304,participant_3174,2933
1604861310,participant_2508,2934
1604861366,participant_3241,2938
1604861374,participant_2678,2936
1604861426,participant_2513,2939
1604861507,participant_3174,2940
1604861539,participant_2935,2892
1604861576,participant_3260,2935
1604861645,participant_3174,2941
1604861738,participant_2797,2943
1604861820,participant_3241,2946
1604861823,participant_3041,2944
1604861838,participant_3144,2945
1604861888,participant_3260,2948
1604861971,participant_2777,2947
1604861979,participant_3241,2950
1604862001,participant_3260,2951
1604862022,participant_3286,2949
1604862120,participant_3260,2954
1604862170,participant_2777,2952
1604862183,participant_2513,2957
1604862187,participant_2489,2955
1604862191,participant_3034,2953
1604862250,participant_2935,2957
1604862341,participant_3012,2936
1604862369,participant_3309,2960
1604862419,participant_2640,2965
1604862431,participant_2489,2964
1604862447,participant_2515,2966
1604862527,participant_3310,2961
1604862543,participant_2513,2968
1604862548,participant_3311,2959
1604862550,participant_2995,2967
1604862587,participant_3144,2969
1604862641,participant_2786,2970
1604862649,participant_2513,2973
1604862675,participant_3144,2974
1604862699,participant_2573,2975
1604862710,participant_3241,2976
1604862734,participant_3312,2972
1604862761,participant_3313,2963
1604862767,participant_3174,2977
1604862806,participant_2935,2962
1604862812,participant_2573,2978
1604862864,participant_3241,2980
1604862897,participant_3144,2981
1604862941,participant_2573,2982
1604862946,participant_2649,2979
1604862976,participant_2633,2984
1604863027,participant_2786,2986
1604863058,participant_2513,2990
1604863114,participant_3217,2990
1604863164,participant_3144,2992
1604863182,participant_3018,2996
1604863203,participant_2995,2992
1604863217,participant_3314,2992
1604863221,participant_2573,2992
1604863271,participant_3144,3000
1604863282,participant_3217,2998
1604863292,participant_2485,3001
1604863312,participant_2444,2998
1604863319,participant_3213,3001
1604863333,participant_2573,3003
1604863334,participant_3174,3004
1604863363,participant_3144,3006
1604863390,participant_3257,3007
1604863413,participant_3241,3010
1604863420,participant_3213,3010
1604863429,participant_3217,3008
1604863451,participant_2513,3013
1604863539,participant_2633,3016
1604863618,participant_3315,3020
1604863627,participant_2741,3023
1604863652,participant_3257,3024
1604863701,participant_2513,3029
1604863726,participant_3249,3028
1604863732,participant_3217,3027
1604863759,participant_3316,3025
1604863782,participant_3213,3030
1604863824,participant_3317,3026
1604863826,participant_3174,3032
1604863896,participant_2935,3019
1604863924,participant_3241,3036
1604863932,participant_3217,3033
1604863962,participant_2777,3035
1604863984,participant_3164,3033
1604864029,participant_3174,3039
1604864045,participant_3241,3041
1604864111,participant_3318,3043
1604864205,participant_3217,3044
1604864213,participant_3319,3037
1604864218,participant_3320,3045
1604864232,participant_3144,3046
1604864423,participant_2485,3050
1604864434,participant_2562,3051
1604864495,participant_2485,3054
1604864499,participant_2562,3053
1604864539,participant_3257,3055
1604864581,participant_2562,3056
1604864591,participant_3144,3057
1604864627,participant_3321,3048
1604864633,participant_3174,3058
1604864690,participant_3322,3058
1604864709,participant_3323,3052
1604864796,participant_3241,3060
1604864847,participant_3324,3062
1604864886,participant_3174,3063
1604864913,participant_2935,3038
1604864959,participant_3325,3068
1604864962,participant_3144,3067
1604865022,participant_3012,3022
1604865065,participant_3174,3069
1604865089,participant_2633,3071
1604865103,participant_3319,3066
1604865134,participant_3326,3065
1604865163,participant_3041,3073
1604865225,participant_2489,3074
1604865227,participant_3012,3075
1604865275,participant_2633,3079
1604865283,participant_2649,3079
1604865286,participant_2935,3070
1604865315,participant_3319,3077
1604865319,participant_3318,3070
1604865324,participant_2515,3083
1604865339,participant_2553,3081
1604865380,participant_2489,3084
1604865442,participant_2515,3087
1604865450,participant_2633,3087
1604865507,participant_2515,3094
1604865515,participant_3144,3090
1604865524,participant_3241,3093
1604865527,participant_2797,3086
1604865545,participant_3327,3094
1604865593,participant_3328,3092
1604865593,participant_3174,3097
1604865617,participant_2935,3090
1604865627,participant_3241,3100
1604865636,participant_2640,3099
1604865647,participant_2633,3101
1604865648,participant_2508,3098
1604865763,participant_3241,3105
1604865768,participant_2640,3104
1604865781,participant_3319,3103
1604865781,participant_2786,3102
1604865861,participant_2633,3106
1604865919,participant_3144,3107
1604865965,participant_2489,3108
1604865987,participant_3322,3096
1604866121,participant_3270,3109
1604866124,participant_3319,3110
1604866155,participant_2508,3113
1604866167,participant_2573,3112
1604866188,participant_3174,3114
1604866228,participant_3329,3076
1604866269,participant_3270,3115
1604866300,participant_3174,3116
1604866315,participant_2649,3117
1604866410,participant_3174,3118
1604866440,participant_3330,3119
1604866529,participant_3144,3121
1604866535,participant_3241,3121
1604866537,participant_3174,3120
1604866616,participant_3241,3125
1604866625,participant_3041,3123
1604866630,participant_2797,3110
1604866706,participant_3331,3123
1604866721,participant_2489,3127
1604866754,participant_2513,3128
1604866788,participant_2786,3126
1604866833,participant_2489,3129
1604866886,participant_2649,3130
1604866970,participant_3174,3132
1604867003,participant_2515,3133
1604867021,participant_2741,3131
1604867214,participant_3241,3135
1604867218,participant_3144,3136
1604867273,participant_3174,3137
1604867295,participant_3144,3138
1604867388,participant_2515,3139
1604867411,participant_3241,3140
1604867548,participant_2573,3143
1604867560,participant_2741,3149
1604867599,participant_3332,3147
1604867614,participant_3249,3150
1604867619,participant_3241,3153
1604867643,participant_2573,3154
1604867683,participant_2797,3150
1604867716,participant_2633,3155
1604867733,participant_3241,3156
1604867760,participant_3174,3157
1604867806,participant_3333,3158
1604867817,participant_2633,3159
1604867829,participant_3213,3160
1604867881,participant_2573,3162
1604867894,participant_2857,3161
1604867905,participant_3213,3163
1604867959,participant_2633,3165
1604868001,participant_3240,3168
1604868034,participant_2649,3170
1604868037,participant_2513,3171
1604868044,participant_3174,3166
1604868055,participant_2640,3169
1604868067,participant_2511,3164
1604868083,participant_2513,3172
1604868146,participant_3241,3174
1604868154,participant_3334,3173
1604868248,participant_2573,3176
1604868297,participant_3144,3177
1604868341,participant_3241,3178
1604868394,participant_3335,3167
1604868411,participant_2573,3179
1604868441,participant_3213,3180
1604868480,participant_2508,3181
1604868561,participant_2649,3182
1604868576,participant_3241,3184
1604868633,participant_2797,3182
1604868637,participant_3336,3184
1604868685,participant_3217,3186
1604868742,participant_3144,3189
1604868758,participant_2477,3188
1604868866,participant_3174,3197
1604868881,participant_3324,3196
1604868882,participant_2640,3195
1604868889,participant_3337,3192
1604868891,participant_2649,3201
1604868901,participant_3336,3190
1604868984,participant_3213,3204
1604869002,participant_3336,3203
1604869006,participant_2741,3200
1604869044,participant_3241,3207
1604869047,participant_3217,3202
1604869232,participant_3217,3208
1604869274,participant_2492,3210
1604869313,participant_2508,3209
1604869322,participant_2492,3211
1604869369,participant_3241,3214
1604869388,participant_3144,3211
1604869491,participant_3174,3216
1604869558,participant_2513,3220
1604869604,participant_2513,3221
1604869671,participant_3336,3218
1604869688,participant_2633,3223
1604869711,participant_3240,3225
1604869736,participant_2633,3228
1604869755,participant_2640,3226
1604869767,participant_2797,3218
1604869767,participant_3338,3206
1604869778,participant_3041,3224
1604869819,participant_3318,3227
1604869829,participant_2515,3232
1604869848,participant_2640,3230
1604869857,participant_2797,3232
1604869864,participant_3241,3235
1604869879,participant_2515,3236
1604869905,participant_2633,3238
1604869961,participant_2515,3240
1604870028,participant_3241,3243
1604870040,participant_3319,3241
1604870069,participant_3339,3237
1604870110,participant_3241,3246
1604870122,participant_2797,3239
1604870155,participant_3249,3248
1604870166,participant_2843,3247
1604870171,participant_2777,3248
1604870193,participant_3336,3242
1604870260,participant_2741,3253
1604870327,participant_2683,3250
1604870344,participant_3318,3244
1604870357,participant_2786,3251
1604870365,participant_2756,3245
1604870514,participant_2257,3234
1604870531,participant_3340,3255
1604870531,participant_2562,3260
1604870542,participant_2786,3259
1604870543,participant_3341,3260
1604870545,participant_2640,3262
1604870577,participant_3342,3257
1604870594,participant_2562,3264
1604870597,participant_2741,3263
1604870642,participant_2640,3266
1604870651,participant_2562,3268
1604870657,participant_3343,3256
1604870686,participant_3340,3267
1604870752,participant_2492,3270
1604870769,participant_3241,3273
1604870770,participant_2625,3272
1604870793,participant_3213,3274
1604870816,participant_2625,3275
1604870829,participant_2492,3276
1604870830,participant_2561,3271
1604870880,participant_3241,3277
1604870885,participant_3213,3278
1604870921,participant_3217,3211
1604870921,participant_2633,3280
1604870947,participant_2573,3279
1604871017,participant_3324,3281
1604871028,participant_2777,3282
1604871090,participant_2530,3284
1604871091,participant_2633,3287
1604871100,participant_2508,3288
1604871121,participant_3174,3289
1604871158,participant_2797,3283
1604871186,participant_3319,3286
1604871197,participant_2573,3290
1604871217,participant_2640,3291
1604871270,participant_2513,3292
1604871325,participant_2640,3294
1604871340,participant_3241,3296
1604871341,participant_3344,3293
1604871440,participant_2640,3299
1604871493,participant_2625,3301
1604871513,participant_3144,3300
1604871516,participant_2797,3298
1604871602,participant_3144,3304
1604871637,participant_2843,3303
1604871644,participant_3340,3301
1604871719,participant_3319,3305
1604871741,participant_2513,3306
1604871778,participant_2508,3307
1604871779,participant_3345,3297
1604871836,participant_3174,3309
1604871841,participant_2633,3310
1604871862,participant_3213,3307
1604871945,participant_2625,3316
1604871951,participant_3319,3311
1604872023,participant_3217,3317
1604872137,participant_2573,3318
1604872150,participant_3217,3319
1604872229,participant_3319,3319
1604872293,participant_3346,3321
1604872297,participant_3144,3323
1604872321,participant_3217,3324
1604872324,participant_2612,3325
1604872393,participant_2612,3326
1604872417,participant_3241,3327
1604872449,participant_2612,3330
1604872476,participant_3217,3329
1604872486,participant_2640,3331
1604872503,participant_2612,3332
1604872528,participant_2513,3332
1604872577,participant_2573,3334
1604872578,participant_2640,3336
1604872634,participant_2640,3338
1604872650,participant_3241,3337
1604872666,participant_3319,3335
1604872743,participant_2562,3343
1604872747,participant_2640,3340
1604872768,participant_2508,3341
1604872795,participant_3241,3344
1604872798,participant_3174,3341
1604872802,participant_2513,3346
1604872814,participant_2562,3347
1604872840,participant_2640,3348
1604872870,participant_2562,3350
1604872871,participant_3061,3349
1604872877,participant_3319,3345
1604872896,participant_3174,3350
1604872947,participant_2649,3352
1604872994,participant_3174,3354
1604873011,participant_3241,3355
1604873046,participant_2513,3356
1604873086,participant_3249,3357
1604873092,participant_3241,3359
1604873122,participant_3340,3363
1604873133,participant_2573,3361
1604873176,participant_3241,3364
1604873179,participant_3347,3360
1604873200,participant_2508,3365
1604873263,participant_3241,3366
1604873305,participant_2640,3367
1604873357,participant_3241,3369
1604873373,participant_3144,3368
1604873437,participant_2649,3371
1604873443,participant_2573,3370
1604873475,participant_3241,3372
1604873535,participant_2633,3373
1604873556,participant_3241,3374
1604873622,participant_2513,3376
1604873666,participant_2562,3377
1604873690,participant_3348,3374
1604873821,participant_3213,3378
1604873920,participant_2515,3382
1604873966,participant_3319,3380
1604874043,participant_2633,3385
1604874052,participant_3349,3384
1604874179,participant_3338,3381
1604874197,participant_2508,3388
1604874201,participant_3241,3383
1604874205,participant_3350,3387
1604874295,participant_3241,3389
1604874372,participant_3241,3391
1604874423,participant_3351,3386
1604874508,participant_3144,3393
1604874548,participant_2489,3390
1604874594,participant_3144,3396
1604874606,participant_2640,3397
1604874636,participant_3352,3395
1604874675,participant_2508,3400
1604874713,participant_3319,3398
1604874723,participant_3174,3401
1604874796,participant_2797,3403
1604874803,participant_3174,3404
1604874810,participant_2625,3405
1604874872,participant_2797,3408
1604874915,participant_2492,3410
1604874947,participant_2786,3411
1604874977,participant_3353,3407
1604874994,participant_3354,3409
1604875000,participant_2649,3413
1604875008,participant_2492,3414
1604875025,participant_3213,3412
1604875047,participant_2492,3417
1604875074,participant_3174,3416
1604875108,participant_3241,3418
1604875147,participant_2562,3420
1604875185,participant_2625,3422
1604875194,participant_3241,3423
1604875200,participant_3355,3402
1604875223,participant_3356,3414
1604875280,participant_3241,3425
1604875333,participant_2515,3426
1604875358,participant_3241,3427
1604875412,participant_3144,3428
1604875424,participant_2508,3429
1604875456,participant_2515,3430
1604875570,participant_3144,3431
1604875616,participant_2625,3433
1604875633,participant_3061,3434
1604875821,participant_3357,3436
1604875842,participant_3358,3437
1604875862,participant_3144,3438
1604875941,participant_3241,3439
1604876000,participant_2640,3440
1604876035,participant_2625,3443
1604876041,participant_3144,3442
1604876052,participant_3240,3444
1604876131,participant_3144,3445
1604876207,participant_2508,3448
1604876230,participant_3359,3446
1604876294,participant_2515,3449
1604876428,participant_3061,3452
1604876524,participant_2489,3454
1604876564,participant_3319,3453
1604876639,participant_3360,3455
1604876700,participant_3361,3456
1604876787,participant_3319,3457
1604876954,participant_3241,3459
1604876989,participant_3319,3460
1604877018,participant_2640,3461
1604877041,participant_3241,3462
1604877122,participant_3241,3465
1604877148,participant_2640,3464
1604877223,participant_3241,3466
1604877360,participant_3241,3469
1604877362,participant_2649,3463
1604877436,participant_2649,3470
1604877469,participant_3241,3471
1604877512,participant_3319,3473
1604877554,participant_2508,3475
1604877580,participant_3362,3474
1604877649,participant_2612,3477
1604877681,participant_3241,3476
1604877744,participant_2649,3478
1604877770,participant_2515,3479
1604877813,participant_2667,3482
1604877816,participant_3241,3481
1604877821,participant_2515,3483
1604877963,participant_3241,3484
1604877976,participant_3144,3485
1604877982,participant_3249,3486
1604877995,participant_2504,3487
1604878013,participant_2649,3489
1604878056,participant_3249,3491
1604878057,participant_2504,3492
1604878068,participant_3241,3490
1604878116,participant_3144,3493
1604878171,participant_3241,3495
1604878175,participant_3363,3480
1604878212,participant_2508,3494
1604878306,participant_3364,3488
1604878317,participant_3241,3496
1604878447,participant_2695,3498
1604878655,participant_2561,3502
1604878661,participant_2875,3503
1604878703,participant_2649,3504
1604878766,participant_2695,3506
1604878794,participant_3365,3505
1604878826,participant_3144,3507
1604878917,participant_3240,3510
1604878942,participant_3144,3509
1604878962,participant_3366,3508
1604878994,participant_2406,3512
1604879033,participant_3319,3509
1604879046,participant_2640,3513
1604879129,participant_2489,3515
1604879140,participant_3144,3514
1604879193,participant_2573,3516
1604879260,participant_2640,3518
1604879385,participant_3367,3519
1604879402,participant_2573,3523
1604879413,participant_2988,3519
1604879424,participant_3368,3521
1604879458,participant_3144,3524
1604879459,participant_2530,3525
1604879470,participant_3369,3517
1604879536,participant_3144,3526
1604879546,participant_3249,3527
1604879556,participant_2649,3529
1604879613,participant_3249,3531
1604879694,participant_3249,3535
1604879708,participant_3318,3536
1604879755,participant_2573,3532
1604879764,participant_3370,3533
1604879764,participant_3249,3538
1604879817,participant_3336,3537
1604879859,participant_3371,3540
1604879899,participant_2573,3542
1604879907,participant_2640,3543
1604879933,participant_2513,3544
1604879955,participant_2504,3545
1604879976,participant_2640,3546
1604880032,participant_2504,3547
1604880048,participant_2515,3548
1604880069,participant_3318,3539
1604880086,participant_2492,3551
1604880113,participant_2573,3549
1604880117,participant_2515,3555
1604880129,participant_2513,3554
1604880161,participant_2515,3558
1604880162,participant_3318,3556
1604880199,participant_2633,3561
1604880200,participant_3372,3549
1604880215,participant_2573,3560
1604880223,participant_2515,3562
1604880255,participant_3336,3563
1604880265,participant_2515,3564
1604880300,participant_2527,3557
1604880325,participant_2649,3566
1604880329,participant_2573,3565
1604880339,participant_2612,3567
1604880385,participant_2612,3570
1604880379,participant_3373,3559
1604880412,participant_3318,3568
1604880425,participant_3144,3568
1604880443,participant_2515,3571
1604880530,participant_3374,3573
1604880590,participant_2633,3579
1604880653,participant_3280,3553
1604880676,participant_2573,3581
1604880725,participant_3144,3583
1604880751,participant_2640,3585
1604880751,participant_2612,3584
1604880762,participant_2573,3586
1604880768,participant_3375,3582
1604880771,participant_2633,3589
1604880786,participant_2508,3588
1604880800,participant_3156,3590
1604880842,participant_2513,3593
1604880858,participant_3144,3591
1604880862,participant_2573,3592
1604880878,participant_3376,3584
1604880964,participant_3144,3595
1604880993,participant_2649,3596
1604881047,participant_3144,3597
1604881139,participant_2640,3601
1604881183,participant_2573,3603
1604881185,participant_3181,3602
1604881199,participant_2640,3604
1604881206,participant_2562,3605
1604881249,participant_3377,3594
1604881272,participant_2640,3607
1604881312,participant_3378,3597
1604881355,participant_3169,3608
1604881525,participant_2573,3610
1604881553,participant_3177,3613
1604881607,participant_3379,3605
1604881669,participant_3183,3615
1604881713,participant_3380,3611
1604881774,participant_2562,3617
1604881809,participant_2573,3616
1604881844,participant_2515,3618
1604881891,participant_2515,3620
1604881901,participant_3249,3619
1604881917,participant_2695,3621
1604881933,participant_2515,3622
1604881975,participant_2695,3624
1604882016,participant_2633,3626
1604882017,participant_2573,3623
1604882025,participant_2695,3627
1604882072,participant_2513,3628
1604882105,participant_2504,3631
1604882114,participant_2508,3629
1604882116,participant_2513,3632
1604882141,participant_3336,3630
1604882224,participant_3336,3634
1604882263,participant_2573,3636
1604882281,participant_2515,3637
1604882322,participant_2515,3640
1604882354,participant_3381,3638
1604882359,participant_2515,3641
1604882370,participant_2573,3639
1604882401,participant_2515,3643
1604882449,participant_2515,3648
1604882471,participant_2573,3647
1604882488,participant_2515,3649
1604882500,participant_3168,3646
1604882567,participant_2513,3651
1604882589,participant_2573,3650
1604882618,participant_2633,3652
1604882665,participant_2786,3652
1604882677,participant_2515,3655
1604882700,participant_2573,3654
1604882721,participant_2515,3656
1604882767,participant_2515,3659
1604882782,participant_2792,3643
1604882797,participant_3165,3658
1604882805,participant_2573,3661
1604882809,participant_3240,3663
1604882826,participant_2633,3664
1604882874,participant_2633,3665
1604882916,participant_2573,3666
1604882920,participant_2633,3667
1604882939,participant_2797,3659
1604882946,participant_3165,3669
1604883004,participant_2530,3671
1604883021,participant_2722,3633
1604883024,participant_2573,3673
1604883088,participant_3382,3670
1604883128,participant_2530,3676
1604883139,participant_2515,3678
1604883218,participant_3383,3675
1604883231,participant_3384,3672
1604883248,participant_3385,3679
1604883294,participant_2741,3680
1604883437,participant_3386,3674
1604883504,participant_2777,3682
1604883519,participant_3318,3685
1604883594,participant_3336,3681
1604883631,participant_2777,3687
1604883698,participant_2796,3684
1604883729,participant_3336,3688
1604883757,participant_2741,3686
1604883790,participant_2778,3690
1604883805,participant_3182,3692
1604883872,participant_3318,3695
1604883923,participant_2777,3693
1604883937,participant_3387,3696
1604884083,participant_2797,3697
1604884112,participant_3388,3699
1604884234,participant_3389,3701
1604884254,participant_3390,3694
1604884318,participant_2678,3702
1604884319,participant_3391,3700
1604884352,participant_2861,3704
1604884366,participant_3392,3705
1604884399,participant_3136,3703
1604884506,participant_2678,3708
1604884520,participant_3393,3683
1604884584,participant_3394,3709
1604884598,participant_2678,3711
1604884662,participant_3395,3712
1604884679,participant_2843,3710
1604884797,participant_2774,3717
1604884919,participant_2843,3716
1604884959,participant_2635,3715
1604885051,participant_2741,3723
1604885082,participant_3396,3719
1604885112,participant_3397,3720
1604885113,participant_2786,3724
1604885136,participant_3398,3725
1604885147,participant_3096,3722
1604885149,participant_3399,3713
1604885208,participant_3400,3721
1604885215,participant_3401,3714
1604885501,participant_3279,3727
1604885618,participant_3402,3732
1604885630,participant_3403,3731
1604885679,participant_3404,3730
1604885685,participant_3405,3735
1604885703,participant_3406,3740
1604885776,participant_3407,3742
1604885829,participant_3408,3741
1604885837,participant_2835,3739
1604885880,participant_3409,3747
1604885894,participant_3038,3744
1604885933,participant_3410,3752
1604885974,participant_3411,3746
1604885985,participant_3412,3751
1604885999,participant_2835,3754
1604886005,participant_3413,3748
1604886118,participant_2826,3757
1604886152,participant_2786,3759
1604886196,participant_3414,3755
1604886227,participant_3415,3729
1604886561,participant_3416,3762
1604886635,participant_3417,3761
1604886737,participant_3407,3766
1604886771,participant_2767,3769
1604886780,participant_2641,3767
1604886801,participant_3418,3767
1604886816,participant_3007,3763
1604886822,participant_3419,3770
1604886930,participant_3031,3772
1604886994,participant_3420,3758
1604887050,participant_3341,3777
1604887175,participant_3007,3773
1604887205,participant_3421,3784
1604887219,participant_3422,3783
1604887322,participant_3423,3786
1604887351,participant_3420,3780
1604887352,participant_3424,3791
1604887396,participant_3425,3781
1604887467,participant_2872,3796
1604887577,participant_3426,3794
1604887662,participant_3427,3795
1604887682,participant_3428,3800
1604887705,participant_2721,3812
1604887679,participant_3429,3808
1604887741,participant_3430,3801
1604887791,participant_3431,3814
1604887827,participant_2569,3811
1604887853,participant_3432,3802
1604887874,participant_3433,3815
1604887877,participant_2844,3818
1604887889,participant_2876,3819
1604887937,participant_3434,3813
1604887975,participant_2881,3820
1604888005,participant_3435,3817
1604888140,participant_3436,3821
1604888152,participant_2867,3825
1604888290,participant_3437,3832
1604888304,participant_3294,3828
1604888318,participant_3039,3835
1604888347,participant_3052,3826
1604888398,participant_3124,3840
1604888435,participant_2803,3835
1604888452,participant_2842,3803
1604888463,participant_3438,3827
1604888466,participant_3439,3829
1604888500,participant_2844,3844
1604888502,participant_2985,3838
1604888512,participant_3440,3842
1604888525,participant_3441,3843
1604888584,participant_2999,3833
1604888755,participant_2850,3847
1604888825,participant_3439,3852
1604888830,participant_3442,3845
1604888871,participant_3443,3853
1604888887,participant_3444,3859
1604888918,participant_3445,3854
1604888935,participant_2890,3856
1604888952,participant_2678,3861
1604889016,participant_3446,3858
1604889176,participant_3447,3868
1604889237,participant_2722,3869
1604889290,participant_3448,3867
1604889339,participant_2890,3878
1604889375,participant_2722,3879
1604889406,participant_3449,3871
1604889438,participant_2843,3886
1604889442,participant_3450,3875
1604889470,participant_3451,3880
1604889508,participant_3452,3888
1604889524,participant_2678,3889
1604889536,participant_3336,3886
1604889557,participant_3453,3890
1604889585,participant_2890,3892
1604889700,participant_2824,3900
1604889761,participant_3454,3901
1604889768,participant_2815,3896
1604889770,participant_3455,3898
1604889781,participant_2824,3910
1604889797,participant_3456,3891
1604889803,participant_3457,3913
1604889884,participant_3458,3915
1604889885,participant_3336,3917
1604889912,participant_3020,3916
1604889929,participant_2890,3920
1604889948,participant_3459,3919
1604889960,participant_3460,3921
1604889972,participant_3461,3899
1604889998,participant_3462,3914
1604890270,participant_2817,3926
1604890282,participant_3463,3929
1604890315,participant_2843,3933
1604890315,participant_2819,3933
1604890349,participant_3464,3930
1604890410,participant_2843,3947
1604890438,participant_2827,3948
1604890491,participant_3465,3937
1604890506,participant_3466,3951
1604890509,participant_2818,3954
1604890583,participant_2827,3963
1604890633,participant_3467,3960
1604890633,participant_3468,3951
1604890664,participant_3463,3968
1604890675,participant_3469,3969
1604890751,participant_3118,3970
1604890795,participant_2890,3972
1604890931,participant_2741,3977
1604890960,participant_2818,3978
1604890998,participant_3470,3982
1604891040,participant_3471,3986
1604891056,participant_2741,3990
1604891064,participant_2843,3991
1604891082,participant_2819,3992
1604891089,participant_3470,3992
1604891204,participant_3472,4001
1604891208,participant_2741,3997
1604891238,participant_3473,3993
1604891298,participant_3474,4001
1604891330,participant_2814,4006
1604891358,participant_2695,3894
1604891365,participant_2646,3966
1604891478,participant_3318,4014
1604891514,participant_2695,4013
1604891534,participant_2787,4026
1604891537,participant_3475,4024
1604891564,participant_3462,4010
1604891587,participant_3476,4005
1604891590,participant_3477,4018
1604891613,participant_2787,4037
1604891624,participant_2802,4038
1604891653,participant_3478,4026
1604891711,participant_2843,4042
1604891725,participant_3479,4033
1604891737,participant_2695,4031
1604891790,participant_3480,4029
1604891791,participant_3481,4055
1604891795,participant_3134,4044
1604891802,participant_3482,4031
1604891802,participant_3475,4040
1604891805,participant_3483,4009
1604891818,participant_3484,4034
1604891830,participant_3485,4045
1604891855,participant_3486,4030
1604891864,participant_3318,4041
1604891864,participant_2811,4061
1604891882,participant_3487,4025
1604891895,participant_2703,4052
1604891910,participant_3488,4046
1604891925,participant_3489,4050
1604891928,participant_2843,4062
1604891937,participant_2695,4056
1604891998,participant_3490,4066
1604892004,participant_2840,4068
1604892010,participant_3491,4069
1604892055,participant_2695,4069
1604892073,participant_3485,4063
1604892078,participant_3492,4065
1604892090,participant_3491,4076
1604892091,participant_3493,4054
1604892091,participant_3494,4060
1604892100,participant_3495,4047
1604892132,participant_2695,4078
1604892135,participant_3042,4078
1604892171,participant_3496,4083
1604892179,participant_3497,4081
1604892249,participant_3485,4082
1604892286,participant_2820,4089
1604892337,participant_2843,4094
1604892342,participant_2802,4091
1604892378,participant_2820,4099
1604892384,participant_3498,4096
1604892440,participant_3499,4075
1604892450,participant_2741,4106
1604892497,participant_2843,4110
1604892508,participant_2802,4112
1604892510,participant_3500,4087
1604892538,participant_2741,4114
1604892539,participant_3501,4097
1604892633,participant_2741,4121
1604892687,participant_3502,4102
1604892689,participant_2807,4131
1604892732,participant_2790,4133
1604892735,participant_3501,4120
1604892747,participant_2741,4135
1604892805,participant_2812,4136
1604892810,participant_3503,4129
1604892832,participant_2843,4125
1604892850,participant_2805,4137
1604892910,participant_2935,4115
1604892970,participant_2843,4139
1604892991,participant_2741,4143
1604893027,participant_2782,4146
1604893158,participant_3504,4080
1604893164,participant_2935,4153
1604893192,participant_2741,4155
1604893208,participant_3505,4144
1604893216,participant_3506,4141
1604893230,participant_3507,4156
1604893303,participant_2741,4158
1604893318,participant_3507,4161
1604893380,participant_3336,4157
1604893445,participant_3485,4162
1604893448,participant_2741,4163
1604893473,participant_2843,4167
1604893475,participant_3508,4164
1604893518,participant_3509,4165
1604893521,participant_2741,4172
1604893535,participant_3510,4160
1604893560,participant_3485,4171
1604893568,participant_3511,4175
1604893570,participant_2935,4167
1604893602,participant_2741,4179
1604893610,participant_2843,4176
1604893615,participant_3512,4178
1604893619,participant_3012,4167
1604893649,participant_3513,4129
1604893683,participant_2741,4181
1604893724,participant_3514,4174
1604893732,participant_2786,4181
1604893733,participant_3515,4180
1604893759,participant_2678,4183
1604893806,participant_2843,4185
1604893806,participant_3516,4191
1604893840,participant_3517,4187
1604894009,participant_3485,4196
1604894089,participant_2843,4194
1604894096,participant_2741,4200
1604894127,participant_3518,4201
1604894135,participant_3485,4199
1604894226,participant_3346,4202
1604894260,participant_3485,4213
1604894307,participant_2853,4220
1604894314,participant_2741,4224
1604894323,participant_2787,4228
1604894327,participant_2961,4224
1604894347,participant_3485,4228
1604894353,participant_3346,4223
1604894387,participant_2678,4230
1604894397,participant_2741,4232
1604894408,participant_3509,4220
1604894422,participant_2829,4236
1604894451,participant_3519,4237
1604894478,participant_3520,4227
1604894488,participant_2914,4235
1604894498,participant_3521,4234
1604894506,participant_3522,4217
1604894517,participant_3118,4111
1604894521,participant_3523,4226
1604894549,participant_2935,4184
1604894611,participant_3336,4241
1604894617,participant_2502,4208
1604894639,participant_3012,4186
1604894687,participant_2678,4238
1604894714,participant_3524,4245
1604894723,participant_3519,4246
1604894740,participant_3525,4248
1604894746,participant_3526,4244
1604894769,participant_3527,4247
1604894779,participant_3528,4240
1604894858,participant_2829,4256
1604894872,participant_2935,4242
1604894893,participant_3529,4243
1604894927,participant_2802,4259
1604895017,participant_3530,4251
1604895023,participant_3531,4259
1604895030,participant_2935,4268
1604895042,participant_3532,4258
1604895054,participant_3533,4257
1604895076,participant_3487,4253
1604895087,participant_3534,4263
1604895093,participant_3012,4264
1604895139,participant_3535,4266
1604895190,participant_3536,4269
1604895195,participant_2935,4275
1604895196,participant_2678,4276
1604895228,participant_3215,4261
1604895251,participant_3537,4277
1604895293,participant_2797,4287
1604895308,participant_3538,4284
1604895351,participant_2935,4292
1604895392,participant_3539,4294
1604895393,participant_3536,4295
1604895395,participant_3012,4290
1604895420,participant_3540,4287
1604895481,participant_2912,4304
1604895539,participant_3541,4292
1604895553,participant_3318,4310
1604895620,participant_2678,4290
1604895631,participant_3240,4296
1604895678,participant_2998,4317
1604895680,participant_3491,4311
1604895680,participant_2935,4325
1604895685,participant_2501,4280
1604895708,participant_3346,4328
1604895728,participant_3542,4326
1604895731,participant_3012,4319
1604895826,participant_3543,4334
1604895843,participant_2497,4305
1604895921,participant_3068,4338
1604895937,participant_2902,4351
1604895939,participant_3544,4332
1604895939,participant_2678,4350
1604895987,participant_3545,4347
1604895994,participant_3546,4278
1604896001,participant_3547,4343
1604896030,participant_3279,4353
1604896031,participant_2496,4283
1604896059,participant_2549,4349
1604896080,participant_3536,4345
1604896184,participant_3548,4356
1604896192,participant_3549,4357
1604896213,participant_2574,4358
1604896220,participant_3318,4360
1604896264,participant_3550,4363
1604896268,participant_3551,4361
1604896318,participant_3350,4369
1604896548,participant_3552,4373
1604896581,participant_2995,4387
1604896584,participant_3553,4376
1604896624,participant_3554,4383
1604896640,participant_3555,4359
1604896645,participant_3556,4385
1604896725,participant_3557,4389
1604896755,participant_3558,4386
1604896808,participant_3559,4376
1604896820,participant_3560,4396
1604896932,participant_2496,4388
1604896947,participant_3561,4397
1604896985,participant_3562,4381
1604897009,participant_3563,4368
1604897010,participant_2844,4411
1604897019,participant_3318,4416
1604897024,participant_2955,4413
1604897026,participant_3564,4405
1604897036,participant_3341,4403
1604897054,participant_2678,4391
1604897068,participant_2995,4420
1604897121,participant_3565,4410
1604897164,participant_3012,4352
1604897166,participant_2678,4425
1604897199,participant_2787,4428
1604897230,participant_3566,4425
1604897237,participant_3567,4413
1604897239,participant_2995,4427
1604897241,participant_3568,4395
1604897244,participant_3569,4424
1604897251,participant_3570,4415
1604897305,participant_3571,4423
1604897326,participant_3346,4437
1604897332,participant_3563,4431
1604897335,participant_3572,4430
1604897344,participant_3573,4398
1604897352,participant_2995,4435
1604897371,participant_3574,4404
1604897382,participant_3336,4438
1604897424,participant_3575,4433
1604897568,participant_2678,4450
1604897587,participant_2741,4448
1604897608,participant_3576,4441
1604897631,participant_3577,4443
1604897638,participant_3578,4439
1604897674,participant_3579,4409
1604897697,participant_3580,4453
1604897712,participant_3581,4446
1604897715,participant_3582,4452
1604897765,participant_2995,4454
1604897818,participant_3583,4435
1604897836,participant_3584,4451
1604897917,participant_3585,4458
1604897921,participant_3012,4459
1604897999,participant_3586,4463
1604898001,participant_3587,4464
1604898000,participant_3588,4461
1604898003,participant_3589,4432
1604898025,participant_2596,4462
1604898056,participant_2995,4460
1604898168,participant_2995,4472
1604898179,participant_3590,4467
1604898202,participant_3012,4468
1604898254,participant_2995,4475
1604898314,participant_3591,4469
1604898318,participant_3129,4466
1604898329,participant_2929,4481
1604898335,participant_3592,4474
1604898353,participant_3336,4484
1604898368,participant_3593,4470
1604898403,participant_2995,4483
1604898405,participant_3594,4471
1604898438,participant_3595,4473
1604898503,participant_3596,4477
1604898582,participant_3012,4491
1604898643,participant_2995,4495
1604898690,participant_3012,4498
1604898707,participant_2494,4501
1604898736,participant_3336,4504
1604898780,participant_3597,4503
1604898782,participant_3555,4494
1604898901,participant_2935,4504
1604898917,participant_3336,4513
1604898939,participant_2852,4509
1604898953,participant_3012,4514
1604898957,participant_2995,4508
1604899036,participant_2935,4517
1604899081,participant_2829,4524
1604899085,participant_3598,4521
1604899119,participant_3336,4525
1604899123,participant_3599,4520
1604899158,participant_3012,4521
1604899168,participant_3600,4528
1604899336,participant_3601,4510
1604899382,participant_2544,4534
1604899406,participant_3012,4535
1604899437,participant_2995,4530
1604899553,participant_3318,4532
1604899634,participant_3602,4536
1604899674,participant_2995,4538
1604899759,participant_3603,4539
1604899779,participant_3604,4544
1604899811,participant_2995,4545
1604899888,participant_3605,4543
1604899907,participant_2995,4548
1604900065,participant_2935,4527
1604900073,participant_2995,4552
1604900094,participant_3606,4554
1604900127,participant_2935,4557
1604900148,participant_3318,4551
1604900191,participant_3607,4537
1604900200,participant_2935,4560
1604900210,participant_3012,4558
1604900226,participant_2995,4561
1604900255,participant_2935,4564
1604900335,participant_3012,4567
1604900348,participant_3608,4549
1604900356,participant_2935,4571
1604900418,participant_2995,4567
1604900436,participant_2935,4576
1604900448,participant_3609,4562
1604900497,participant_3607,4571
1604900532,participant_2995,4578
1604900617,participant_3610,4575
1604900648,participant_2995,4580
1604900658,participant_3318,4579
1604900788,participant_2995,4581
1604900943,participant_2995,4582
1604900953,participant_2935,4584
1604901027,participant_2995,4585
1604901118,participant_2995,4586
1604901260,participant_2995,4589
1604901312,participant_2759,4589
1604901347,participant_2995,4591
1604901422,participant_2995,4592
1604901427,participant_2678,4588
1604901529,participant_2995,4594
1604901705,participant_3611,4597
1604901775,participant_2995,4598
1604901970,participant_2935,4600
1604902063,participant_2678,4596
1604902108,participant_2935,4601
1604902232,participant_2808,4605
1604902265,participant_2549,4603
1604904302,participant_2678,4608
1604904778,participant_2935,4609
1604905411,participant_3612,4610
1604907200,participant_3613,4611
1604910176,participant_3614,4613
1604918452,participant_3615,4614
1604919424,participant_3616,4623
1604926453,participant_3617,4625
1604927222,participant_3618,4627
1604927238,participant_3619,4626
1604927871,participant_3620,4628
1604928599,participant_2573,4630
1604928704,participant_2573,4631
1604928802,participant_2855,4632
1604928849,participant_3144,4635
1604929056,participant_2432,4640
1604929123,participant_2573,4643
1604929157,participant_3621,4639
1604929204,participant_3213,4638
1604929226,participant_2633,4648
1604929269,participant_3622,4645
1604929313,participant_3623,4647
1604929328,participant_3174,4650
1604929330,participant_3624,4637
1604929432,participant_3174,4655
1604929436,participant_3007,4653
1604929466,participant_3625,4651
1604929499,participant_3239,4657
1604929575,participant_3626,4660
1604929612,participant_3627,4659
1604929620,participant_2573,4661
1604929862,participant_3628,4652
1604929939,participant_3629,4656
1604930024,participant_2508,4667
1604930043,participant_3144,4672
1604930098,participant_3630,4665
1604930118,participant_3631,4666
1604930119,participant_3144,4674
1604930232,participant_3632,4675
1604930247,participant_3633,4671
1604930261,participant_3634,4673
1604930297,participant_2573,4679
1604930300,participant_2508,4682
1604930324,participant_3635,4683
1604930342,participant_3636,4677
1604930388,participant_3637,4680
1604930451,participant_3638,4685
1604930458,participant_3639,4681
1604930477,participant_3640,4683
1604930538,participant_3641,4686
1604930633,participant_3642,4689
1604930688,participant_2513,4692
1604930832,participant_2436,4694
1604930869,participant_3643,4692
1604930903,participant_3319,4700
1604930937,participant_3644,4699
1604930938,participant_2573,4701
1604931013,participant_2640,4706
1604931026,participant_3645,4703
1604931051,participant_3646,4704
1604931059,participant_2573,4708
1604931095,participant_3647,4702
1604931148,participant_3648,4709
1604931169,participant_3649,4687
1604931193,participant_3144,4712
1604931214,participant_2573,4712
1604931252,participant_3650,4706
1604931326,participant_3116,4715
1604931341,participant_2573,4723
1604931354,participant_2571,4711
1604931360,participant_3651,4714
1604931368,participant_3652,4724
1604931419,participant_3260,4725
1604931421,participant_3653,4717
1604931429,participant_2860,4710
1604931457,participant_3654,4722
1604931486,participant_2573,4726
1604931517,participant_3655,4718
1604931572,participant_3260,4727
1604931606,participant_3241,4729
1604931649,participant_3213,4733
1604931684,participant_3656,4731
1604931685,participant_3241,4737
1604931701,participant_3260,4734
1604931761,participant_3213,4739
1604931771,participant_3536,4738
1604931820,participant_3657,4732
1604931875,participant_3658,4728
1604931875,participant_3249,4742
1604931889,participant_2573,4741
1604931904,participant_3659,4743
1604931933,participant_3174,4744
1604932019,participant_3660,4740
1604932023,participant_3661,4748
1604932033,participant_3662,4746
1604932053,participant_2573,4747
1604932072,participant_3241,4752
1604932073,participant_3174,4749
1604932084,participant_3663,4750
1604932139,participant_2508,4753
1604932142,participant_2625,4756
1604932186,participant_3174,4757
1604932189,participant_3664,4755
1604932238,participant_3241,4759
1604932252,participant_3659,4761
1604932290,participant_3665,4757
1604932311,participant_3174,4762
1604932398,participant_3260,4764
1604932469,participant_3666,4763
1604932473,participant_3213,4766
1604932484,participant_2741,4759
1604932489,participant_3260,4767
1604932532,participant_3659,4770
1604932556,participant_3667,4720
1604932601,participant_3241,4772
1604932635,participant_3668,4768
1604932640,participant_3659,4773
1604932646,participant_2607,4771
1604932687,participant_3260,4773
1604932693,participant_3669,4776
1604932718,participant_3670,4769
1604932733,participant_2573,4773
1604932799,participant_3158,4778
1604932818,participant_3671,4784
1604932827,participant_3659,4783
1604932828,participant_3672,4780
1604932832,participant_3673,4780
1604932835,participant_3674,4779
1604932863,participant_2885,4782
1604932956,participant_2573,4784
1604933076,participant_3675,4794
1604933092,participant_2508,4796
1604933132,participant_3676,4798
1604933149,participant_3677,4788
1604933158,participant_2492,4802
1604933195,participant_3678,4790
1604933200,participant_3679,4796
1604933255,participant_3680,4808
1604933269,participant_3185,4799
1604933299,participant_3681,4801
1604933313,participant_2550,4813
1604933314,participant_3682,4804
1604933319,participant_3683,4810
1604933375,participant_3684,4812
1604933382,participant_3626,4818
1604933450,participant_3685,4814
1604933477,participant_3686,4786
1604933479,participant_3687,4820
1604933491,participant_2492,4821
1604933573,participant_3688,4824
1604933584,participant_3662,4830
1604933594,participant_3689,4822
1604933597,participant_2625,4831
1604933625,participant_3659,4811
1604933657,participant_2625,4834
1604933678,participant_2496,4834
1604933693,participant_3662,4832
1604933720,participant_3690,4837
1604933722,participant_2573,4819
1604933738,participant_2544,4834
1604933745,participant_3691,4832
1604933817,participant_3692,4823
1604933891,participant_2640,4843
1604934072,participant_3693,4842
1604934194,participant_3694,4849
1604934263,participant_3695,4850
1604934291,participant_2640,4851
1604934404,participant_3675,4854
1604934422,participant_2640,4858
1604934455,participant_3260,4859
1604934472,participant_3696,4853
1604934494,participant_2640,4861
1604934521,participant_3697,4857
1604934577,participant_3698,4860
1604934582,participant_3699,4863
1604934622,participant_2640,4866
1604934680,participant_3144,4867
1604934682,participant_3241,4868
1604934693,participant_3700,4865
1604934733,participant_2640,4869
1604934742,participant_3701,4862
1604934925,participant_3702,4864
1604934938,participant_3703,4872
1604935026,participant_2649,4879
1604935054,participant_3704,4869
1604935145,participant_3705,4876
1604935147,participant_2508,4882
1604935167,participant_3626,4884
1604935172,participant_3410,4880
1604935202,participant_3706,4877
1604935295,participant_3707,4883
1604935330,participant_3174,4891
1604935337,participant_3626,4893
1604935385,participant_3178,4894
1604935438,participant_3708,4887
1604935444,participant_3709,4896
1604935483,participant_3213,4900
1604935509,participant_3710,4871
1604935516,participant_3172,4902
1604935548,participant_3711,4892
1604935558,participant_3656,4903
1604935603,participant_3712,4903
1604935609,participant_3260,4906
1604935630,participant_3713,4897
1604935694,participant_3714,4911
1604935733,participant_2628,4912
1604935770,participant_3241,4916
1604935792,participant_2573,4913
1604935793,participant_3715,4909
1604935821,participant_3716,4900
1604935835,participant_3144,4919
1604935861,participant_3241,4921
1604935922,participant_3675,4927
1604935921,participant_2640,4928
1604935951,participant_3713,4917
1604935957,participant_3241,4930
1604936045,participant_3241,4933
1604936149,participant_3717,4931
1604936179,participant_2534,4934
1604936308,participant_3662,4929
1604936333,participant_3260,4939
1604936334,participant_3718,4937
1604936378,participant_3719,4935
1604936384,participant_3720,4936
1604936389,participant_3675,4938
1604936393,participant_2578,4940
1604936447,participant_2553,4944
1604936449,participant_3260,4941
1604936458,participant_2573,4944
1604936469,participant_3144,4947
1604936483,participant_3721,4873
1604936574,participant_2573,4949
1604936585,participant_3722,4948
1604936587,participant_3144,4951
1604936613,participant_3723,4950
1604936620,participant_3241,4951
1604936650,participant_2605,4946
1604936669,participant_3659,4953
1604936696,participant_3724,4942
1604936701,participant_3213,4955
1604936708,participant_2489,4957
1604936716,participant_3659,4958
1604936756,participant_3241,4960
1604936769,participant_3706,4955
1604936798,participant_3174,4961
1604936819,participant_2491,4962
1604936889,participant_3174,4964
1604936972,participant_3174,4965
1604937056,participant_3144,4967
1604937062,participant_3725,4959
1604937098,participant_2712,4966
1604937109,participant_2640,4969
1604937129,participant_2486,4968
1604937214,participant_2489,4973
1604937223,participant_2486,4971
1604937330,participant_3726,4974
1604937363,participant_3727,4970
1604937392,participant_3172,4976
1604937408,participant_3728,4976
1604937412,participant_3729,4975
1604937437,participant_2504,4981
1604937512,participant_3730,4984
1604937514,participant_2695,4988
1604937550,participant_2489,4991
1604937580,participant_3731,4984
1604937605,participant_3280,4978
1604937629,participant_3675,4992
1604937639,participant_2515,4998
1604937640,participant_2489,4995
1604937657,participant_3174,4996
1604937694,participant_3732,4996
1604937703,participant_3733,4989
1604937732,participant_2494,4993
1604937746,participant_3734,4982
1604937752,participant_3735,4994
1604937754,participant_3174,5002
1604937801,participant_2489,5003
1604937921,participant_3410,5005
1604937926,participant_3626,5007
1604937973,participant_3626,5008
1604937985,participant_3736,5004
1604938005,participant_3463,5010
1604938032,participant_3626,5012
1604938048,participant_3213,5011
1604938159,participant_3507,5015
1604938218,participant_2649,5017
1604938220,participant_2515,5019
1604938233,participant_2561,5018
1604938307,participant_3249,5026
1604938316,participant_3144,5021
1604938358,participant_3737,5020
1604938378,participant_2519,5027
1604938392,participant_3174,5006
1604938406,participant_3738,5022
1604938407,participant_3144,5028
1604938451,participant_3739,5013
1604938458,participant_3740,5025
1604938507,participant_3174,5033
1604938567,participant_2722,5036
1604938606,participant_3174,5037
1604938654,participant_3741,5030
1604938684,participant_2633,5038
1604938721,participant_3675,5031
1604938750,participant_2515,5040
1604938794,participant_3241,5041
1604938887,participant_3304,5043
1604938898,participant_3742,5042
1604938958,participant_2633,5046
1604938965,participant_3743,5032
1604939077,participant_3152,5052
1604939086,participant_3241,5051
1604939089,participant_2562,5050
1604939101,participant_2519,5047
1604939173,participant_3744,5044
1604939211,participant_3743,5047
1604939215,participant_3745,5049
1604939235,participant_3746,5053
1604939379,participant_3174,5057
1604939419,participant_3747,5055
1604939420,participant_3213,5056
1604939441,participant_2605,5061
1604939517,participant_3748,5060
1604939612,participant_3749,5039
1604939694,participant_2573,5068
1604939724,participant_3300,5065
1604939776,participant_3750,5066
1604939808,participant_3751,5070
1604939830,participant_2573,5073
1604939832,participant_3752,5066
1604939838,participant_2751,5072
1604939843,participant_3753,5071
1604939935,participant_3249,5079
1604939958,participant_3754,5077
1604939959,participant_3755,5080
1604939984,participant_2751,5077
1604939989,participant_3756,5063
1604940067,participant_3319,5081
1604940100,participant_3174,5083
1604940131,participant_3213,5086
1604940171,participant_3757,5082
1604940184,participant_3758,5088
1604940261,participant_3759,5092
1604940291,participant_3687,5094
1604940309,participant_3760,5090
1604940407,participant_3761,5095
1604940426,participant_3626,5098
1604940431,participant_3762,5096
1604940512,participant_3606,5100
1604940576,participant_3747,5102
1604940582,participant_3581,5101
1604940719,participant_3174,5104
1604940748,participant_2515,5105
1604940800,participant_2515,5108
1604940810,participant_3763,5106
1604940854,participant_3249,5109
1604940872,participant_2515,5109
1604940904,participant_2612,5112
1604940905,participant_3675,5093
1604940923,participant_2562,5113
1604940970,participant_3144,5114
1604940999,participant_2562,5117
1604941055,participant_3144,5122
1604941066,participant_2562,5126
1604941070,participant_3764,5117
1604941079,participant_2508,5126
1604941084,participant_2573,5128
1604941096,participant_3675,5124
1604941127,participant_3144,5130
1604941166,participant_3765,5120
1604941181,participant_3766,5123
1604941199,participant_3767,5119
1604941232,participant_2573,5133
1604941268,participant_2489,5135
1604941279,participant_3768,5087
1604941294,participant_3257,5138
1604941316,participant_2492,5139
1604941330,participant_3399,5124
1604941356,participant_3769,5129
1604941385,participant_3770,5132
1604941458,participant_2562,5149
1604941464,participant_3771,5143
1604941478,participant_3662,5133
1604941524,participant_2640,5150
1604941610,participant_3772,5091
1604941653,participant_3773,5144
1604941681,participant_3662,5160
1604941702,participant_3686,5146
1604941705,participant_2935,5150
1604941717,participant_3774,5161
1604941776,participant_3775,5155
1604941835,participant_3659,5165
1604941967,participant_2489,5169
1604941991,participant_3659,5172
1604942002,participant_3776,5163
1604942014,participant_2633,5175
1604942035,participant_3777,5167
1604942039,participant_3626,5145
1604942047,participant_2492,5176
1604942072,participant_3778,5170
1604942095,participant_2489,5178
1604942122,participant_3213,5177
1604942155,participant_2625,5179
1604942156,participant_3410,5154
1604942163,participant_2492,5180
1604942181,participant_2485,5181
1604942184,participant_3662,5173
1604942237,participant_3626,5184
1604942267,participant_3779,5183
1604942267,participant_3213,5185
1604942297,participant_2633,5189
1604942315,participant_2786,5187
1604942322,participant_2935,5190
1604942371,participant_3213,5191
1604942377,participant_3662,5197
1604942449,participant_3260,5201
1604942467,participant_2573,5198
1604942471,participant_3257,5203
1604942484,participant_2935,5203
1604942503,participant_2633,5207
1604942535,participant_3761,5191
1604942544,participant_3144,5208
1604942625,participant_3780,5196
1604942628,participant_3144,5210
1604942654,participant_3781,5206
1604942659,participant_3174,5211
1604942736,participant_2513,5216
1604942822,participant_3782,5212
1604942877,participant_3174,5220
1604942940,participant_3783,5219
1604942959,participant_2741,5215
1604943054,participant_3784,5223
1604943072,participant_3626,5225
1604943105,participant_3626,5225
1604943163,participant_3785,5228
1604943170,participant_3786,5213
1604943232,participant_2801,5218
1604943250,participant_2508,5229
1604943291,participant_2786,5230
1604943300,participant_3249,5232
1604943322,participant_3787,5195
1604943346,participant_3788,5225
1604943355,participant_2513,5236
1604943416,participant_3789,5234
1604943423,participant_2777,5237
1604943428,participant_3257,5242
1604943486,participant_3260,5244
1604943504,participant_2649,5243
1604943534,participant_3790,5240
1604943535,participant_3791,5235
1604943552,participant_2625,5246
1604943565,participant_3241,5247
1604943606,participant_3792,5248
1604943653,participant_3626,5253
1604943678,participant_2612,5254
1604943702,participant_2777,5251
1604943709,participant_3626,5257
1604943736,participant_3144,5255
1604943738,participant_3245,5257
1604943790,participant_3626,5261
1604943830,participant_2640,5265
1604943844,participant_3793,5250
1604943846,participant_3794,5233
1604943850,participant_3795,5257
1604943851,participant_3796,5250
1604943852,participant_3797,5262
1604943861,participant_3798,5262
1604943861,participant_3144,5264
1604943943,participant_3799,5255
1604943973,participant_3800,5267
1604944007,participant_3144,5268
1604944053,participant_3801,5269
1604944117,participant_3213,5277
1604944132,participant_3802,5280
1604944135,participant_2513,5282
1604944180,participant_3796,5269
1604944182,participant_3675,5275
1604944185,participant_2513,5284
1604944216,participant_2492,5287
1604944226,participant_3803,5271
1604944331,participant_3012,5288
1604944354,participant_3241,5291
1604944381,participant_3804,5286
1604944383,participant_2548,5285
1604944393,participant_3805,5289
1604944409,participant_3260,5292
1604944461,participant_3806,5294
1604944464,participant_2718,5290
1604944475,participant_3317,5293
1604944517,participant_2492,5299
1604944537,participant_3260,5296
1604944571,participant_2741,5298
1604944595,participant_2562,5303
1604944642,participant_3012,5305
1604944679,participant_2513,5306
1604944715,participant_3659,5297
1604944768,participant_2640,5302
1604944802,participant_3260,5307
1604944817,participant_3336,5308
1604944818,participant_2508,5310
1604944856,participant_2741,5309
1604945032,participant_2633,5314
1604945105,participant_3257,5316
1604945132,participant_3659,5318
1604945138,participant_2741,5317
1604945142,participant_2552,5313
1604945166,participant_2489,5312
1604945193,participant_3807,5304
1604945257,participant_3245,5323
1604945256,participant_3808,5321
1604945265,participant_2844,5322
1604945268,participant_3809,5320
1604945339,participant_3675,5328
1604945351,participant_3810,5323
1604945390,participant_2513,5331
1604945413,participant_3811,5327
1604945419,participant_3207,5330
1604945430,participant_2513,5332
1604945468,participant_3812,5325
1604945483,participant_3260,5335
1604945504,participant_3813,5326
1604945532,participant_3814,5333
1604945655,participant_3174,5339
1604945703,participant_2719,5340
1604945720,participant_3249,5341
1604945805,participant_3815,5337
1604945810,participant_2508,5342
1604945883,participant_3816,5343
1604945914,participant_3318,5345
1604945924,participant_2649,5346
1604945951,participant_3817,5344
1604946089,participant_2741,5349
1604946092,participant_3738,5350
1604946111,participant_3818,5348
1604946165,participant_2573,5353
1604946174,participant_3819,5354
1604946245,participant_3257,5355
1604946282,participant_2612,5359
1604946347,participant_3820,5360
1604946379,participant_2935,5362
1604946380,participant_2625,5364
1604946380,participant_3776,5358
1604946414,participant_3821,5356
1604946548,participant_2935,5367
1604946562,participant_3318,5365
1604946569,participant_3822,5366
1604946631,participant_3823,5363
1604946647,participant_3318,5372
1604946647,participant_3260,5371
1604946719,participant_2513,5375
1604946737,participant_3824,5368
1604946766,participant_2741,5370
1604946838,participant_3825,5376
1604946888,participant_2777,5379
1604946889,participant_2633,5379
1604946925,participant_3626,5383
1604947047,participant_3659,5387
1604947056,participant_2573,5389
1604947066,participant_2777,5385
1604947082,participant_3319,5388
1604947082,participant_2489,5390
1604947129,participant_2556,5392
1604947156,participant_3826,5381
1604947195,participant_3626,5393
1604947215,participant_2562,5394
1604947226,participant_2741,5378
1604947242,participant_3626,5399
1604947261,participant_2573,5395
1604947266,participant_3827,5398
1604947281,participant_2612,5401
1604947294,participant_3626,5404
1604947302,participant_2562,5402
1604947351,participant_2612,5409
1604947353,participant_3828,5396
1604947363,participant_2489,5406
1604947371,participant_3829,5397
1604947379,participant_2741,5406
1604947390,participant_3830,5409
1604947412,participant_3558,5412
1604947533,participant_2625,5418
1604947536,participant_3831,5415
1604947548,participant_2633,5384
1604947564,participant_3662,5424
1604947584,participant_2573,5421
1604947590,participant_3832,5419
1604947613,participant_2633,5429
1604947667,participant_2633,5430
1604947708,participant_3833,5427
1604947716,participant_3626,5433
1604947725,participant_2513,5435
1604947770,participant_2573,5434
1604947789,participant_2513,5437
1604947815,participant_3834,5423
1604947818,participant_2625,5438
1604947907,participant_3835,5439
1604947932,participant_3174,5440
1604948008,participant_2513,5445
1604948022,participant_3836,5436
1604948029,participant_3174,5443
1604948042,participant_3837,5391
1604948109,participant_2633,5446
1604948116,participant_3838,5417
1604948251,participant_3839,5448
1604948279,participant_3241,5451
1604948367,participant_3319,5453
1604948401,participant_2633,5455
1604948465,participant_2633,5459
1604948522,participant_3659,5460
1604948533,participant_3319,5458
1604948543,participant_2659,5462
1604948625,participant_3840,5456
1604948637,participant_3626,5465
1604948703,participant_3174,5466
1604948760,participant_2625,5473
1604948763,participant_2562,5469
1604948805,participant_3841,5463
1604948824,participant_3842,5467
1604948837,participant_3843,5469
1604948863,participant_3659,5475
1604948882,participant_3260,5477
1604948917,participant_3844,5474
1604948919,participant_3845,5469
1604948929,participant_2612,5479
1604948952,participant_3811,5478
1604948984,participant_2573,5480
1604949029,participant_2492,5484
1604949042,participant_2633,5485
1604949112,participant_2513,5488
1604949206,participant_3659,5490
1604949266,participant_3241,5484
1604949282,participant_3846,5484
1604949340,participant_3659,5495
1604949365,participant_3847,5497
1604949440,participant_3848,5493
1604949446,participant_2935,5499
1604949454,participant_2649,5483
1604949613,participant_3849,5501
1604949638,participant_3850,5502
1604949646,participant_3851,5482
1604949669,participant_3336,5502
1604949752,participant_3852,5506
1604949764,participant_3853,5498
1604949801,participant_3854,5504
1604949824,participant_3315,5505
1604949907,participant_3137,5494
1604949914,participant_2633,5510
1604949990,participant_3855,5511
1604950065,participant_3856,5513
1604950138,participant_3857,5507
1604950181,participant_3257,5517
1604950262,participant_3257,5519
1604950363,participant_3626,5520
1604950434,participant_3626,5522
1604950527,participant_3318,5527
1604950568,participant_2935,5531
1604950592,participant_3660,5526
1604950598,participant_2633,5532
1604950628,participant_3072,5525
1604950671,participant_3626,5527
1604950932,participant_3626,5538
1604950990,participant_3858,5538
1604951007,participant_3859,5540
1604951075,participant_3241,5542
1604951091,participant_3144,5542
1604951103,participant_3860,5535
1604951168,participant_2741,5541
1604951192,participant_3861,5545
1604951230,participant_3144,5546
1604951342,participant_2489,5549
1604951353,participant_3144,5550
1604951360,participant_3862,5524
1604951365,participant_2633,5554
1604951402,participant_2612,5552
1604951468,participant_3626,5556
1604951524,participant_2625,5558
1604951571,participant_3863,5537
1604951581,participant_2625,5560
1604951614,participant_3249,5561
1604951655,participant_2562,5564
1604951666,participant_3864,5551
1604951707,participant_2562,5566
1604951752,participant_2562,5567
1604951813,participant_2562,5569
1604951857,participant_2625,5571
1604951865,participant_2692,5568
1604951910,participant_3626,5572
1604951912,participant_2492,5573
1604951993,participant_3865,5565
1604952064,participant_3659,5576
1604952130,participant_3866,5574
1604952173,participant_3659,5580
1604952247,participant_3659,5583
1604952281,participant_3336,5575
1604952289,participant_3867,5584
1604952331,participant_3319,5586
1604952368,participant_2519,5590
1604952376,participant_3626,5582
1604952494,participant_3144,5595
1604952497,participant_3626,5596
1604952570,participant_3868,5592
1604952596,participant_2843,5598
1604952636,participant_3174,5600
1604952660,participant_2935,5598
1604952730,participant_3336,5593
1604952783,participant_3174,5604
1604952827,participant_3869,5601
1604952839,participant_3870,5602
1604952890,participant_3174,5607
1604952893,participant_3659,5610
1604952913,participant_2935,5609
1604952996,participant_3144,5611
1604953141,participant_2573,5613
1604953140,participant_2513,5614
1604953189,participant_3174,5612
1604953197,participant_2633,5615
1604953241,participant_2633,5617
1604953282,participant_2633,5618
1604953445,participant_2649,5620
1604953471,participant_2633,5624
1604953548,participant_3241,5626
1604953572,participant_2843,5602
1604953633,participant_3659,5632
1604953653,participant_3213,5633
1604953654,participant_3871,5625
1604953663,participant_3241,5629
1604953670,participant_2633,5634
1604953692,participant_3659,5635
1604953711,participant_3319,5627
1604953739,participant_3241,5637
1604953797,participant_3659,5638
1604953817,participant_3241,5640
1604953840,participant_2513,5641
1604953858,participant_3659,5643
1604953900,participant_3872,5622
1604953906,participant_3659,5644
1604953936,participant_3319,5645
1604953952,participant_2612,5646
1604953960,participant_3659,5647
1604954022,participant_2612,5651
1604954026,participant_3626,5649
1604954097,participant_3659,5648
1604954100,participant_3319,5649
1604954123,participant_3873,5627
1604954176,participant_2633,5654
1604954230,participant_3659,5656
1604954231,participant_2633,5658
1604954265,participant_2492,5659
1604954311,participant_3659,5660
1604954319,participant_3874,5655
1604954336,participant_3875,5657
1604954348,participant_2492,5664
1604954389,participant_3319,5660
1604954391,participant_3659,5665
1604954423,participant_3876,5660
1604954434,participant_2513,5667
1604954475,participant_2562,5669
1604954477,participant_3626,5668
1604954527,participant_3257,5670
1604954537,participant_2562,5671
1604954584,participant_3319,5671
1604954616,participant_2562,5677
1604954625,participant_3626,5675
1604954627,participant_3241,5675
1604954679,participant_2562,5680
1604954686,participant_3318,5679
1604954720,participant_3241,5683
1604954732,participant_3626,5684
1604954761,participant_2562,5685
1604954808,participant_3241,5686
1604954818,participant_3877,5674
1604954856,participant_3174,5687
1604954934,participant_2741,5691
1604954943,participant_3878,5692
1604954965,participant_3626,5693
1604954969,participant_3879,5687
1604955024,participant_2513,5696
1604955026,participant_3880,5690
1604955028,participant_3700,5694
1604955048,participant_2762,5695
1604955066,participant_3213,5697
1604955082,participant_2513,5698
1604955090,participant_2508,5699
1604955161,participant_3626,5700
1604955172,participant_2612,5701
1604955229,participant_3213,5702
1604955275,participant_3659,5702
1604955306,participant_2573,5705
1604955382,participant_3626,5710
1604955389,participant_2786,5709
1604955401,participant_3881,5708
1604955450,participant_3245,5711
1604955456,participant_3626,5713
1604955490,participant_3882,5712
1604955533,participant_2492,5715
1604955607,participant_2492,5717
1604955632,participant_3213,5718
1604955633,participant_2649,5718
1604955634,participant_2797,5714
1604955643,participant_3249,5722
1604955745,participant_3213,5724
1604955754,participant_2633,5725
1604955813,participant_3213,5727
1604955845,participant_3245,5726
1604955887,participant_2508,5732
1604955898,participant_3883,5728
1604955920,participant_3240,5734
1604955926,participant_3213,5733
1604955958,participant_3884,5731
1604956127,participant_2797,5738
1604956134,participant_3174,5739
1604956221,participant_3241,5741
1604956257,participant_3174,5742
1604956291,participant_2625,5746
1604956313,participant_3144,5748
1604956332,participant_3659,5749
1604956414,participant_3174,5750
1604956436,participant_3659,5752
1604956498,participant_3174,5755
1604956514,participant_3885,5744
1604956583,participant_3886,5757
1604956594,participant_3887,5756
1604956606,participant_2808,5758
1604956616,participant_2633,5760
1604956622,participant_3888,5753
1604956669,participant_3626,5764
1604956689,participant_2633,5765
1604956693,participant_3174,5763
1604956704,participant_2640,5768
1604956737,participant_2633,5769
1604956774,participant_2625,5770
1604956812,participant_3889,5742
1604956822,participant_3890,5765
1604956934,participant_3257,5771
1604956943,participant_3626,5772
1604956993,participant_3626,5773
1604957095,participant_3144,5775
1604957098,participant_2612,5776
1604957165,participant_3144,5783
1604957166,participant_2485,5782
1604957171,participant_3174,5781
1604957173,participant_3659,5785
1604957201,participant_2612,5784
1604957249,participant_2513,5788
1604957256,participant_3891,5786
1604957303,participant_3249,5789
1604957313,participant_2633,5791
1604957355,participant_3892,5787
1604957431,participant_2625,5794
1604957431,participant_3213,5793
1604957516,participant_3761,5792
1604957606,participant_3144,5795
1604957631,participant_2573,5797
1604957767,participant_3893,5799
1604957869,participant_3894,5796
1604958201,participant_2485,5804
1604958211,participant_3174,5802
1604958214,participant_2808,5767
1604958226,participant_3245,5803
1604958300,participant_2492,5808
1604958350,participant_3174,5809
1604958352,participant_3895,5805
1604958355,participant_2808,5806
1604958423,participant_3241,5812
1604958430,participant_3896,5800
1604958435,participant_3897,5801
1604958491,participant_3213,5816
1604958507,participant_2808,5814
1604958555,participant_3213,5818
1604958574,participant_3241,5819
1604958607,participant_2492,5820
1604958626,participant_3213,5822
1604958675,participant_3898,5817
1604958695,participant_2492,5825
1604958732,participant_2625,5826
1604958763,participant_2492,5827
1604958780,participant_3318,5823
1604958790,participant_2808,5824
1604958834,participant_2492,5828
1604958838,participant_2612,5829
1604958885,participant_3318,5830
1604958913,participant_2633,5833
1604958963,participant_2633,5834
1604958988,participant_2562,5835
1604959024,participant_2633,5837
1604959065,participant_3213,5830
1604959106,participant_2808,5830
1604959107,participant_2625,5839
1604959141,participant_3899,5840
1604959165,participant_3336,5836
1604959226,participant_2612,5843
1604959272,participant_3174,5845
1604959280,participant_2808,5841
1604959306,participant_3900,5838
1604959306,participant_3144,5843
1604959307,participant_3336,5842
1604959321,participant_2625,5847
1604959481,participant_2808,5848
1604959629,participant_2712,5851
1604959664,participant_3174,5853
1604959780,participant_2485,5854
1604959802,participant_3901,5851
1604959964,participant_3213,5856
1604959995,participant_3902,5859
1604959998,participant_3144,5861
1604960034,participant_2808,5860
1604960140,participant_3903,5862
1604960193,participant_2659,5865
1604960226,participant_3144,5864
1604960233,participant_2633,5869
1604960306,participant_3213,5871
1604960312,participant_2808,5867
1604960355,participant_2649,5870
1604960386,participant_3174,5874
1604960390,participant_3904,5868
1604960539,participant_3905,5877
1604960547,participant_2489,5879
1604960727,participant_2808,5876
1604960803,participant_3906,5849
1604960866,participant_3907,5875
1604960911,participant_2485,5881
1604960932,participant_2612,5883
1604960958,participant_3241,5883
1604960984,participant_2612,5885
1604960990,participant_3908,5880
1604961050,participant_2612,5889
1604961061,participant_3144,5888
1604961067,participant_2573,5887
1604961083,participant_2808,5886
1604961213,participant_3909,5889
1604961254,participant_3910,5892
1604961279,participant_2485,5893
1604961309,participant_2808,5897
1604961329,participant_3350,5898
1604961365,participant_3911,5896
1604961417,participant_3144,5901
1604961438,participant_2489,5904
1604961442,participant_2573,5894
1604961465,participant_3243,5899
1604961478,participant_2485,5906
1604961501,participant_3912,5901
1604961511,participant_2508,5905
1604961514,participant_3144,5907
1604961583,participant_3174,5910
1604961594,participant_2573,5908
1604961627,participant_2808,5903
1604961660,participant_2612,5912
1604961651,participant_3249,5912
1604961678,participant_2649,5914
1604961750,participant_2485,5915
1604961757,participant_2612,5916
1604961878,participant_3174,5918
1604961933,participant_3257,5919
1604961962,participant_2625,5923
1604961997,participant_3913,5920
1604962022,participant_2485,5924
1604962026,participant_2625,5926
1604962047,participant_2808,5917
1604962048,participant_2872,5925
1604962080,participant_3914,5921
1604962089,participant_2625,5927
1604962126,participant_3174,5928
1604962150,participant_2625,5929
1604962198,participant_2625,5931
1604962229,participant_2508,5930
1604962247,participant_2625,5932
1604962348,participant_2562,5935
1604962398,participant_2562,5936
1604962459,participant_2562,5939
1604962467,participant_2797,5934
1604962514,participant_3257,5942
1604962522,participant_2492,5940
1604962522,participant_2612,5941
1604962572,participant_2492,5947
1604962574,participant_2612,5947
1604962642,participant_2633,5949
1604962647,participant_2649,5946
1604962662,participant_2492,5950
1604962691,participant_3915,5941
1604962698,participant_2633,5951
1604962708,participant_3174,5937
1604962717,participant_2786,5945
1604962719,participant_2492,5952
1604962749,participant_2633,5953
1604962755,participant_2562,5954
1604962772,participant_3916,5944
1604962773,participant_2492,5955
1604962805,participant_3174,5956
1604962851,participant_2649,5958
1604962931,participant_2786,5956
1604962971,participant_3257,5962
1604963124,participant_3249,5971
1604963210,participant_2649,5972
1604963234,participant_2612,5974
1604963274,participant_3917,5965
1604963368,participant_2633,5978
1604963398,participant_2489,5977
1604963408,participant_2633,5980
1604963457,participant_2633,5981
1604963514,participant_3918,5975
1604963540,participant_2513,5985
1604963580,participant_2513,5986
1604963623,participant_3919,5984
1604963708,participant_3257,5987
1604963831,participant_3920,5983
1604963890,participant_2489,5989
1604963920,participant_2649,5990
1604963963,participant_2573,5990
1604964044,participant_3921,5992
1604964105,participant_3922,5993
1604964150,participant_2649,5994
1604964173,participant_2485,5995
1604964303,participant_3923,5995
1604964369,participant_3249,5999
1604964392,participant_2612,6000
1604964451,participant_2612,6004
1604964458,participant_3249,6004
1604964507,participant_2816,5997
1604964530,participant_2612,6007
1604964547,participant_3249,6009
1604964595,participant_2612,6011
1604964613,participant_2649,6012
1604964664,participant_2612,6013
1604964715,participant_3924,6013
1604964778,participant_3318,6017
1604964830,participant_2876,6019
1604964864,participant_2741,6015
1604964882,participant_3336,6021
1604964961,participant_3318,6024
1604964963,participant_2508,6025
1604965030,participant_3336,6025
1604965098,participant_2741,6023
1604965098,participant_3174,6028
1604965155,participant_3336,6030
1604965178,participant_3925,6021
1604965193,participant_2573,6030
1604965210,participant_2741,6032
1604965246,participant_3336,6035
1604965261,participant_3926,6029
1604965275,participant_3927,6034
1604965286,participant_2573,6037
1604965300,participant_2843,5964
1604965327,participant_2741,6036
1604965341,participant_3336,6039
1604965346,participant_2485,6037
1604965389,participant_2786,6042
1604965412,participant_2649,6040
1604965417,participant_2843,6045
1604965422,participant_2573,6041
1604965446,participant_3928,6046
1604965447,participant_2741,6044
1604965485,participant_2633,6047
1604965503,participant_2573,6048
1604965533,participant_2492,6050
1604965580,participant_3318,6050
1604965593,participant_2492,6053
1604965636,participant_2489,6054
1604965682,participant_3318,6055
1604965694,participant_3929,6052
1604965701,participant_3930,6042
1604965726,participant_2492,6058
1604965743,participant_2741,6049
1604965773,participant_2492,6060
1604965827,participant_3931,6001
1604965830,participant_2492,6063
1604965837,participant_3932,6061
1604965844,participant_3638,6062
1604965882,participant_2492,6066
1604965888,participant_3257,6065
1604965926,participant_2492,6068
1604965953,participant_2741,6064
1604965980,participant_2649,6070
1604966063,participant_2562,6073
1604966102,participant_2844,6071
1604966115,participant_2562,6074
1604966167,participant_2562,6076
1604966189,participant_3294,6072
1604966223,participant_2786,6076
1604966226,participant_2562,6078
1604966295,participant_2562,6080
1604966348,participant_2562,6081
1604966425,participant_2633,6086
1604966431,participant_2777,6084
1604966433,participant_2485,6083
1604966509,participant_2612,6088
1604966538,participant_2649,6087
1604966576,participant_2612,6091
1604966646,participant_3660,6092
1604966651,participant_3933,6090
1604966685,participant_2625,6097
1604966716,participant_2485,6095
1604966725,participant_2489,6099
1604966735,participant_2625,6101
1604966742,participant_2508,6098
1604966768,participant_3536,6100
1604966777,participant_2786,6095
1604966781,participant_2896,6089
1604966784,participant_2625,6103
1604966790,participant_3934,6093
1604966792,participant_2741,6082
1604966935,participant_3407,6106
1604966985,participant_3935,6102
1604966999,participant_3638,6094
1604967069,participant_2843,6113
1604967070,participant_3403,6114
1604967197,participant_3346,6118
1604967240,participant_3336,6120
1604967314,participant_2633,6124
1604967369,participant_3336,6125
1604967402,participant_2741,6122
1604967406,participant_2843,6117
1604967415,participant_3322,6123
1604967600,participant_2786,6128
1604967625,participant_2633,6130
1604967687,participant_2808,6131
1604967828,participant_3257,6135
1604967834,participant_2741,6139
1604967863,participant_2492,6141
1604967890,participant_2843,6133
1604967951,participant_2808,6137
1604967971,participant_2797,6140
1604967980,participant_2598,6143
1604967998,participant_3257,6146
1604968027,participant_3536,6147
1604968030,participant_2492,6148
1604968048,participant_2513,6151
1604968059,participant_2649,6126
1604968062,participant_3936,6142
1604968153,participant_2808,6150
1604968160,participant_2649,6153
1604968171,participant_2492,6154
1604968197,participant_3937,6152
1604968322,participant_2786,6155
1604968337,participant_2808,6156
1604968340,participant_2508,6157
1604968382,participant_2741,6159
1604968420,participant_3938,6158
1604968446,participant_2808,6160
1604968486,participant_2633,6162
1604968535,participant_2633,6164
1604968549,participant_2808,6163
1604968554,participant_2649,6165
1604968600,participant_2633,6167
1604968687,participant_3249,6172
1604968715,participant_2492,6172
1604968764,participant_2797,6170
1604968781,participant_2489,6174
1604968802,participant_3939,6119
1604968804,participant_3940,6169
1604968889,participant_3941,6168
1604968902,participant_2489,6181
1604968924,participant_2507,6182
1604968960,participant_3942,6176
1604968993,participant_2489,6187
1604969011,participant_3943,6178
1604969038,participant_2489,6189
1604969083,participant_2562,6190
1604969156,participant_2489,6198
1604969180,participant_3944,6196
1604969180,participant_3945,6188
1604969204,participant_2489,6199
1604969248,participant_2492,6200
1604969256,participant_2489,6201
1604969295,participant_2649,6202
1604969295,participant_2489,6203
1604969327,participant_2489,6206
1604969355,participant_3346,6204
1604969358,participant_2489,6208
1604969375,participant_2562,6209
1604969396,participant_2489,6211
1604969427,participant_2489,6213
1604969430,participant_2562,6212
1604969455,participant_3946,6205
1604969468,participant_2489,6216
1604969471,participant_2741,6161
1604969504,participant_3245,6215
1604969540,participant_2649,6218
1604969542,participant_3257,6220
1604969598,participant_2489,6222
1604969616,participant_3346,6221
1604969676,participant_2786,6224
1604969703,participant_2489,6231
1604969705,participant_2741,6223
1604969749,participant_3207,6232
1604969750,participant_2489,6233
1604969765,participant_2797,6226
1604969797,participant_2489,6234
1604969842,participant_3947,6229
1604969898,participant_3207,6236
1604969945,participant_2492,6240
1604969999,participant_2786,6236
1604970040,participant_2489,6245
1604970066,participant_2844,6244
1604970105,participant_3207,6243
1604970110,participant_2489,6248
1604970121,participant_2508,6247
1604970181,participant_2797,6238
1604970182,participant_2741,6249
1604970203,participant_2562,6251
1604970209,participant_3207,6250
1604970246,participant_3948,6246
1604970300,participant_3757,6252
1604970346,participant_2777,6253
1604970367,participant_3346,6254
1604970400,participant_2649,6257
1604970472,participant_2489,6260
1604970485,participant_3939,6256
1604970509,participant_3444,6258
1604970520,participant_2797,6255
1604970609,participant_2741,6259
1604970715,participant_2797,6263
1604970843,participant_2777,6265
1604970941,participant_2786,6264
1604971060,participant_3949,6266
1604971078,participant_2786,6269
1604971085,participant_2489,6270
1604971139,participant_2649,6271
1604971147,participant_2489,6273
1604971181,participant_2797,6272
1604971196,participant_2489,6275
1604971223,participant_3257,6273
1604971266,participant_2777,6268
1604971269,participant_2489,6277
1604971293,participant_2649,6278
1604971308,participant_2489,6279
1604971334,participant_3950,6267
1604971358,participant_2489,6282
1604971387,participant_2641,6280
1604971465,participant_2808,6285
1604971466,participant_2741,6276
1604971491,participant_2797,6284
1604971523,participant_2649,6287
1604971528,participant_2612,6288
1604971562,participant_2777,6288
1604971600,participant_2489,6290
1604971651,participant_2777,6292
1604971659,participant_3257,6293
1604971694,participant_2797,6295
1604971715,participant_2489,6298
1604971755,participant_2489,6300
1604971762,participant_3039,6298
1604971789,participant_2489,6302
1604971824,participant_2777,6297
1604971824,participant_2489,6305
1604971870,participant_2489,6307
1604971873,participant_2508,6306
1604971907,participant_2797,6301
1604971907,participant_2492,6308
1604971914,participant_2836,6303
1604971932,participant_2741,6291
1604971955,participant_2492,6310
1604971963,participant_2489,6312
1604971987,participant_2860,6303
1604972039,participant_2797,6314
1604972038,participant_2489,6315
1604972116,participant_3257,6319
1604972205,participant_2489,6326
1604972234,participant_2489,6328
1604972255,participant_2562,6327
1604972275,participant_3207,6325
1604972281,participant_2489,6329
1604972316,participant_2489,6332
1604972317,participant_3951,6323
1604972340,participant_2492,6332
1604972348,participant_2489,6335
1604972367,participant_3207,6334
1604972440,participant_2797,6330
1604972443,participant_2881,6339
1604972494,participant_3952,6331
1604972539,participant_2797,6341
1604972635,participant_2489,6343
1604972679,participant_2489,6344
1604972738,participant_2489,6347
1604972795,participant_2489,6351
1604972821,participant_3953,6349
1604972825,participant_2489,6352
1604972827,participant_3954,6348
1604972933,participant_2489,6357
1604972940,participant_3955,6355
1604972997,participant_2489,6360
1604973113,participant_3956,6354
1604973132,participant_2797,6358
1604973392,participant_2919,6364
1604973457,participant_3934,6356
1604973630,participant_3957,6365
1604973650,participant_2881,6370
1604973701,participant_2881,6372
1604973807,participant_2786,6375
1604973893,participant_3958,6373
1604974038,participant_3959,6371
1604974073,participant_3960,6377
1604974086,participant_3228,6367
1604974123,participant_3961,6374
1604974124,participant_2777,6379
1604974162,participant_3962,6360
1604974226,participant_3963,6381
1604974249,participant_3964,6382
1604974325,participant_3207,6366
1604974467,participant_3965,6388
1604974545,participant_3966,6390
1604974579,participant_3207,6393
1604974587,participant_3967,6385
1604974655,participant_3968,6392
1604974685,participant_3245,6396
1604974699,participant_3969,6389
1604974775,participant_3245,6402
1604974839,participant_3245,6406
1604974905,participant_3970,6409
1604974925,participant_3245,6411
1604974930,participant_3463,6412
1604975006,participant_3971,6403
1604975023,participant_3072,6407
1604975025,participant_3972,6415
1604975101,participant_3973,6400
1604975110,participant_3974,6413
1604975161,participant_3975,6418
1604975188,participant_3429,6419
1604975202,participant_3407,6421
1604975211,participant_3976,6414
1604975345,participant_3977,6420
1604975414,participant_2872,6424
1604975704,participant_3978,6423
1604975758,participant_3979,6422
1604975818,participant_3980,6427
1604975835,participant_2752,6425
1604975903,participant_3336,6429
1604975932,participant_3981,6378
1604975976,participant_2846,6432
1604976184,participant_3982,6431
1604976318,participant_2803,6437
1604976339,participant_3983,6438
1604976427,participant_3694,6439
1604976495,participant_3984,6440
1604976503,participant_3985,6441
1604976554,participant_3336,6449
1604976556,participant_3294,6445
1604976646,participant_3245,6451
1604976669,participant_3986,6446
1604976700,participant_3987,6452
1604976729,participant_3336,6454
1604976771,participant_3507,6456
1604976796,participant_3245,6459
1604976887,participant_3736,6443
1604976974,participant_3988,6463
1604977027,participant_3336,6472
1604977045,participant_3240,6471
1604977060,participant_3989,6466
1604977138,participant_3336,6476
1604977167,participant_3977,6475
1604977281,participant_3990,6479
1604977327,participant_2645,6486
1604977332,participant_3991,6477
1604977368,participant_3336,6493
1604977435,participant_3992,6485
1604977472,participant_3217,6499
1604977486,participant_3336,6500
1604977527,participant_3835,6495
1604977538,participant_3993,6489
1604977574,participant_3207,6504
1604977595,participant_3245,6505
1604977629,participant_3336,6511
1604977727,participant_3217,6518
1604977738,participant_3207,6519
1604977762,participant_3336,6520
1604977793,participant_3245,6515
1604977824,participant_3994,6512
1604977878,participant_3217,6527
1604977880,participant_3507,6525
1604977994,participant_2844,6529
1604978005,participant_3336,6536
1604978022,participant_3447,6520
1604978026,participant_3217,6535
1604978059,participant_3694,6537
1604978146,participant_3245,6542
1604978185,participant_3336,6551
1604978209,participant_2843,6550
1604978211,participant_2678,6458
1604978334,participant_3995,6540
1604978363,participant_3336,6562
1604978384,participant_2678,6562
1604978471,participant_3207,6568
1604978519,participant_3996,6566
1604978535,participant_2741,6575
1604978586,participant_2843,6571
1604978601,participant_2741,6583
1604978611,participant_2678,6582
1604978615,participant_3997,6561
1604978639,participant_3998,6552
1604978680,participant_2741,6589
1604978692,participant_3999,6580
1604978706,participant_2843,6590
1604978767,participant_4000,6584
1604978828,participant_2818,6601
1604978834,participant_3336,6602
1604978843,participant_4001,6591
1604978853,participant_2678,6594
1604978868,participant_4002,6543
1604978872,participant_3207,6578
1604978913,participant_3336,6606
1604978969,participant_3207,6607
1604978974,participant_3217,6597
1604978995,participant_4003,6605
1604979030,participant_3350,6610
1604979037,participant_3662,6613
1604979051,participant_3336,6612
1604979064,participant_2678,6608
1604979107,participant_4004,6614
1604979112,participant_2826,6621
1604979128,participant_3207,6618
1604979164,participant_3336,6626
1604979173,participant_3662,6613
1604979242,participant_3207,6631
1604979248,participant_3336,6632
1604979252,participant_3217,6629
1604979310,participant_3240,6633
1604979368,participant_3336,6638
1604979381,participant_3217,6637
1604979427,participant_3662,6634
1604979463,participant_3217,6642
1604979467,participant_3336,6642
1604979488,participant_3207,6640
1604979562,participant_3217,6646
1604979589,participant_3336,6650
1604979590,participant_3662,6651
1604979608,participant_4005,6620
1604979656,participant_3294,6644
1604979670,participant_2678,6645
1604979685,participant_3336,6658
1604979698,participant_4006,6652
1604979741,participant_3217,6656
1604979764,participant_2741,6664
1604979781,participant_3626,6666
1604979850,participant_2843,6660
1604979854,participant_2741,6669
1604979882,participant_3217,6671
1604979941,participant_2741,6675
1604979985,participant_3217,6678
1604980000,participant_2843,6674
1604980016,participant_2741,6680
1604980036,participant_3662,6651
1604980061,participant_4007,6665
1604980100,participant_2678,6683
1604980106,participant_2843,6684
1604980125,participant_3626,6689
1604980129,participant_4008,6649
1604980144,participant_3336,6687
1604980226,participant_3626,6694
1604980293,participant_3336,6695
1604980339,participant_2678,6691
1604980358,participant_4009,6692
1604980377,participant_3659,6702
1604980385,participant_3336,6704
1604980447,participant_2678,6709
1604980454,participant_3207,6708
1604980475,participant_3336,6710
1604980481,participant_3659,6711
1604980511,participant_3217,6706
1604980623,participant_3319,6716
1604980628,participant_3626,6718
1604980632,participant_2678,6718
1604980634,participant_2741,6685
1604980678,participant_3217,6715
1604980706,participant_3626,6720
1604980717,participant_2741,6721
1604980741,participant_3245,6717
1604980789,participant_2741,6723
1604980802,participant_3662,6651
1604980814,participant_2678,6722
1604980858,participant_3659,6713
1604980871,participant_2741,6725
1604980894,participant_3217,6727
1604980972,participant_3319,6726
1604981012,participant_3336,6732
1604981096,participant_3245,6736
1604981119,participant_3318,6740
1604981161,participant_2982,6740
1604981181,participant_3245,6747
1604981211,participant_3336,6739
1604981269,participant_2678,6746
1604981293,participant_3336,6749
1604981368,participant_3336,6750
1604981456,participant_3336,6751
1604981479,participant_3662,6744
1604981481,participant_3659,6752
1604981527,participant_3217,6748
1604981562,participant_3659,6754
1604981577,participant_3336,6755
1604981628,participant_3319,6753
1604981666,participant_3662,6758
1604981670,participant_2741,6764
1604981677,participant_3659,6765
1604981743,participant_3662,6768
1604981754,participant_3336,6760
1604981755,participant_4010,6755
1604981843,participant_3319,6767
1604981846,participant_3336,6769
1604981857,participant_3662,6771
1604981876,participant_3659,6770
1604981934,participant_3336,6772
1604981949,participant_3659,6774
1604981986,participant_3662,6758
1604981993,participant_3659,6776
1604982020,participant_3336,6777
1604982082,participant_3319,6778
1604982083,participant_3659,6782
1604982163,participant_3659,6785
1604982251,participant_4010,6788
1604982288,participant_4011,6784
1604982342,participant_3626,6790
1604982406,participant_4010,6790
1604982474,participant_3626,6795
1604982527,participant_2741,6797
1604982547,participant_3659,6798
1604982573,participant_4010,6795
1604982614,participant_3626,6800
1604982751,participant_3626,6806
1604982822,participant_3626,6809
1604982920,participant_3626,6812
1604982956,participant_4010,6808
1604983045,participant_3659,6818
1604983101,participant_3626,6820
1604983115,participant_4010,6811
1604983226,participant_4012,6823
1604983231,participant_3318,6824
1604983326,participant_3207,6826
1604983412,participant_3207,6829
1604983450,participant_4013,6827
1604983516,participant_3207,6831
1604983743,participant_4014,6830
1604983750,participant_4015,6825
1604984048,participant_3207,6833
1604984206,participant_2843,6834
1604984659,participant_3245,6836
1604996862,participant_4016,6841
1605014589,participant_4017,6847
1605020886,participant_4018,6850
1605021287,participant_4018,6851
