time,participant_id,design_number
1604067744,participant_0001,3
1604068071,participant_0002,5
1604068152,participant_0003,13
1604068160,participant_0004,10
1604068173,participant_0005,17
1604068205,participant_0006,14
1604068260,participant_0007,22
1604068273,participant_0008,6
1604068307,participant_0009,18
1604068313,participant_0010,21
1604068352,participant_0011,28
1604068354,participant_0012,20
1604068402,participant_0013,11
1604068439,participant_0014,23
1604068453,participant_0015,30
1604068457,participant_0016,29
1604068462,participant_0017,26
1604068544,participant_0018,18
1604068551,participant_0019,32
1604068653,participant_0020,34
1604068740,participant_0021,31
1604068799,participant_0022,27
1604068817,participant_0023,12
1604068827,participant_0024,41
1604068840,participant_0025,37
1604068874,participant_0026,43
1604068900,participant_0027,40
1604069022,participant_0028,47
1604069068,participant_0029,36
1604069075,participant_0030,50
1604069106,participant_0031,15
1604069166,participant_0032,38
1604069170,participant_0033,54
1604069192,participant_0034,49
1604069202,participant_0035,39
1604069221,participant_0036,53
1604069227,participant_0037,52
1604069253,participant_0038,58
1604069265,participant_0039,61
1604069296,participant_0040,56
1604069310,participant_0041,55
1604069332,participant_0042,60
1604069389,participant_0043,51
1604069487,participant_0044,59
1604069500,participant_0045,71
1604069517,participant_0046,73
1604069613,participant_0047,70
1604069631,participant_0048,63
1604069710,participant_0049,74
1604069852,participant_0050,67
1604069860,participant_0051,82
1604070009,participant_0052,89
1604070062,participant_0053,83
1604070127,participant_0054,88
1604070184,participant_0055,93
1604070223,participant_0056,98
1604070228,participant_0057,94
1604070272,participant_0058,90
1604070336,participant_0059,104
1604070361,participant_0060,98
1604070376,participant_0061,98
1604070428,participant_0062,108
1604070502,participant_0063,111
1604070535,participant_0064,117
1604070566,participant_0065,121
1604070578,participant_0066,97
1604070611,participant_0067,122
1604070635,participant_0068,120
1604070650,participant_0069,124
1604070670,participant_0070,113
1604070725,participant_0071,124
1604070733,participant_0069,140
1604070738,participant_0072,118
1604070754,participant_0073,134
1604070757,participant_0074,127
1604070766,participant_0075,137
1604070768,participant_0076,136
1604070792,participant_0077,119
1604070849,participant_0078,145
1604070874,participant_0079,151
1604070885,participant_0080,106
1604070898,participant_0081,154
1604070899,participant_0082,140
1604070899,participant_0083,149
1604070920,participant_0084,143
1604070933,participant_0085,138
1604070956,participant_0086,153
1604071026,participant_0087,124
1604071076,participant_0088,158
1604071083,participant_0089,148
1604071107,participant_0090,156
1604071116,participant_0091,159
1604071135,participant_0092,133
1604071227,participant_0093,161
1604071286,participant_0094,174
1604071296,participant_0095,155
1604071306,participant_0096,169
1604071314,participant_0097,176
1604071316,participant_0098,167
1604071320,participant_0099,165
1604071339,participant_0100,159
1604071366,participant_0101,169
1604071368,participant_0102,161
1604071397,participant_0103,175
1604071429,participant_0104,179
1604071489,participant_0105,179
1604071496,participant_0106,157
1604071508,participant_0107,166
1604071519,participant_0108,163
1604071520,participant_0109,173
1604071584,participant_0110,186
1604071596,participant_0111,192
1604071604,participant_0112,182
1604071620,participant_0113,187
1604071700,participant_0114,193
1604071736,participant_0115,198
1604071746,participant_0116,191
1604071747,participant_0117,197
1604071773,participant_0118,211
1604071805,participant_0119,195
1604071809,participant_0120,199
1604071831,participant_0121,219
1604071838,participant_0122,207
1604071845,participant_0123,212
1604071858,participant_0124,209
1604071870,participant_0125,184
1604071961,participant_0126,220
1604071962,participant_0127,185
1604071974,participant_0128,199
1604071975,participant_0129,224
1604071986,participant_0130,217
1604071989,participant_0131,188
1604071640,participant_0132,181
1604072031,participant_0133,227
1604072057,participant_0134,236
1604072066,participant_0135,188
1604072066,participant_0136,237
1604072084,participant_0137,229
1604072109,participant_0138,209
1604072110,participant_0139,95
1604072115,participant_0140,231
1604072119,participant_0141,196
1604072123,participant_0142,240
1604072123,participant_0143,235
1604072128,participant_0144,243
1604072136,participant_0054,225
1604072178,participant_0145,221
1604072180,participant_0128,241
1604072186,participant_0146,218
1604072210,participant_0147,214
1604072235,participant_0148,244
1604072292,participant_0149,247
1604072316,participant_0150,233
1604072342,participant_0054,254
1604072343,participant_0151,256
1604072403,participant_0152,257
1604072414,participant_0153,239
1604072439,participant_0154,271
1604072450,participant_0155,265
1604072462,participant_0156,269
1604072474,participant_0157,249
1604072477,participant_0158,257
1604072489,participant_0159,265
1604072537,participant_0160,261
1604072550,participant_0161,277
1604072569,participant_0162,279
1604072591,participant_0163,259
1604072639,participant_0164,193
1604072644,participant_0165,285
1604072651,participant_0166,273
1604072665,participant_0167,281
1604072668,participant_0168,260
1604072678,participant_0169,284
1604072679,participant_0170,238
1604072689,participant_0171,201
1604072693,participant_0172,241
1604072703,participant_0162,299
1604072726,participant_0173,252
1604072732,participant_0174,297
1604072757,participant_0175,305
1604072781,participant_0176,295
1604072802,participant_0177,309
1604072824,participant_0178,305
1604072827,participant_0179,302
1604072852,participant_0180,278
1604072866,participant_0181,316
1604072888,participant_0182,291
1604072893,participant_0162,311
1604072896,participant_0183,325
1604072918,participant_0172,313
1604072943,participant_0184,138
1604072956,participant_0185,288
1604072962,participant_0186,275
1604072967,participant_0187,318
1604072991,participant_0188,326
1604073023,participant_0189,282
1604073023,participant_0069,340
1604073025,participant_0132,295
1604073053,participant_0190,222
1604073082,participant_0191,286
1604073086,participant_0192,310
1604073102,participant_0193,328
1604073109,participant_0111,362
1604073111,participant_0194,317
1604073117,participant_0195,363
1604073108,participant_0196,343
1604073122,participant_0197,320
1604073140,participant_0198,334
1604073145,participant_0199,340
1604073145,participant_0200,352
1604073152,participant_0201,321
1604073152,participant_0202,344
1604073152,participant_0203,336
1604073156,participant_0204,344
1604073184,participant_0111,370
1604073228,participant_0116,360
1604073229,participant_0205,349
1604073243,participant_0206,342
1604073265,participant_0207,343
1604073275,participant_0208,369
1604073295,participant_0209,366
1604073322,participant_0210,348
1604073396,participant_0211,301
1604073349,participant_0212,278
1604073406,participant_0213,354
1604073417,participant_0162,377
1604073424,participant_0214,373
1604073443,participant_0215,384
1604073448,participant_0216,318
1604073474,participant_0217,385
1604073519,participant_0218,380
1604073521,participant_0219,376
1604073529,participant_0162,402
1604073548,participant_0220,377
1604073551,participant_0221,390
1604073556,participant_0222,364
1604073561,participant_0223,392
1604073562,participant_0224,388
1604073580,participant_0225,339
1604073612,participant_0226,410
1604073618,participant_0227,364
1604073621,participant_0228,367
1604073624,participant_0229,410
1604073627,participant_0230,406
1604073635,participant_0231,428
1604073643,participant_0232,398
1604073661,participant_0233,401
1604073668,participant_0200,430
1604073673,participant_0234,396
1604073734,participant_0235,427
1604073735,participant_0152,436
1604073758,participant_0236,419
1604073764,participant_0237,443
1604073774,participant_0238,425
1604073777,participant_0239,413
1604073809,participant_0240,448
1604073832,participant_0241,398
1604073841,participant_0231,437
1604073861,participant_0242,417
1604073868,participant_0243,406
1604073871,participant_0244,437
1604073874,participant_0245,440
1604073876,participant_0246,444
1604073888,participant_0054,450
1604073898,participant_0247,461
1604073898,participant_0248,418
1604073923,participant_0249,431
1604073946,participant_0250,418
1604073961,participant_0251,346
1604073979,participant_0252,441
1604073992,participant_0253,461
1604074000,participant_0054,472
1604074054,participant_0254,432
1604074060,participant_0255,460
1604074071,participant_0256,478
1604074100,participant_0257,459
1604074105,participant_0258,477
1604074125,participant_0259,451
1604074125,participant_0260,472
1604074127,participant_0261,494
1604074128,participant_0262,418
1604074130,participant_0210,405
1604074141,participant_0263,472
1604074171,participant_0264,463
1604074195,participant_0249,495
1604074197,participant_0265,454
1604074198,participant_0266,480
1604074203,participant_0267,493
1604074208,participant_0268,508
1604074250,participant_0269,491
1604074251,participant_0270,486
1604074262,participant_0271,488
1604074271,participant_0272,488
1604074276,participant_0231,499
1604074278,participant_0273,511
1604074287,participant_0274,504
1604074300,participant_0275,441
1604074323,participant_0276,497
1604074321,participant_0277,481
1604074326,participant_0210,517
1604074346,participant_0067,476
1604074350,participant_0278,481
1604074359,participant_0056,532
1604074363,participant_0279,447
1604074375,participant_0280,520
1604074383,participant_0281,512
1604074385,participant_0282,535
1604074388,participant_0283,527
1604074394,participant_0284,524
1604074398,participant_0285,507
1604074418,participant_0286,521
1604074427,participant_0287,445
1604074460,participant_0210,540
1604074474,participant_0288,466
1604074473,participant_0105,537
1604074486,participant_0289,521
1604074487,participant_0290,529
1604074488,participant_0291,508
1604074491,participant_0292,547
1604074491,participant_0293,504
1604074510,participant_0294,515
1604074512,participant_0295,544
1604074513,participant_0296,502
1604074513,participant_0297,530
1604074515,participant_0298,468
1604074536,participant_0231,553
1604074552,participant_0299,467
1604074558,participant_0300,483
1604074570,participant_0301,561
1604074573,participant_0302,458
1604074576,participant_0303,528
1604074585,participant_0304,579
1604074599,participant_0105,572
1604074607,participant_0305,510
1604074610,participant_0306,560
1604074618,participant_0307,513
1604074627,participant_0267,534
1604074629,participant_0280,570
1604074643,participant_0210,579
1604074657,participant_0308,565
1604074664,participant_0309,553
1604074671,participant_0310,566
1604074671,participant_0311,588
1604074689,participant_0312,576
1604074696,participant_0313,542
1604074700,participant_0314,596
1604074701,participant_0315,590
1604074711,participant_0265,530
1604074717,participant_0316,571
1604074720,participant_0317,598
1604074724,participant_0280,604
1604074723,participant_0318,599
1604074733,participant_0319,583
1604074734,participant_0320,538
1604074769,participant_0321,600
1604074776,participant_0322,591
1604074782,participant_0323,614
1604074786,participant_0324,616
1604074786,participant_0325,542
1604074797,participant_0326,563
1604074799,participant_0327,613
1604074810,participant_0328,574
1604074813,participant_0329,568
1604074816,participant_0210,608
1604074824,participant_0280,620
1604074836,participant_0330,553
1604074839,participant_0331,593
1604074849,participant_0265,628
1604074856,participant_0332,541
1604074864,participant_0333,607
1604074872,participant_0008,577
1604074875,participant_0162,616
1604074894,participant_0334,591
1604074904,participant_0335,469
1604074906,participant_0012,567
1604074921,participant_0336,628
1604074921,participant_0210,645
1604074928,participant_0325,555
1604074929,participant_0016,568
1604074939,participant_0337,639
1604074941,participant_0338,606
1604074949,participant_0339,624
1604074956,participant_0340,579
1604074960,participant_0231,630
1604074960,participant_0341,546
1604074962,participant_0342,616
1604074964,participant_0343,651
1604074972,participant_0344,564
1604074994,participant_0345,521
1604074998,participant_0346,536
1604075001,participant_0347,625
1604075012,participant_0348,631
1604075023,participant_0210,665
1604075029,participant_0039,657
1604075034,participant_0349,636
1604075041,participant_0350,659
1604075049,participant_0351,625
1604075057,participant_0231,676
1604075056,participant_0343,674
1604075059,participant_0270,648
1604075101,participant_0324,682
1604075109,participant_0352,645
1604075111,participant_0353,652
1604075129,participant_0354,600
1604075136,participant_0355,660
1604075158,participant_0356,451
1604075159,participant_0357,571
1604075166,participant_0358,662
1604075168,participant_0210,694
1604075170,participant_0325,696
1604075179,participant_0359,652
1604075189,participant_0343,693
1604075192,participant_0360,685
1604075193,participant_0361,650
1604075195,participant_0324,696
1604075199,participant_0362,678
1604075209,participant_0363,642
1604075219,participant_0364,691
1604075219,participant_0265,654
1604075220,participant_0365,690
1604075226,participant_0366,630
1604075250,participant_0205,690
1604075267,participant_0343,709
1604075293,participant_0367,706
1604075298,participant_0210,709
1604075298,participant_0368,533
1604075300,participant_0231,728
1604075323,participant_0369,703
1604075336,participant_0324,713
1604075343,participant_0370,688
1604075344,participant_0343,731
1604075348,participant_0371,689
1604075355,participant_0372,639
1604075367,participant_0231,739
1604075374,participant_0373,699
1604075390,participant_0374,600
1604075398,participant_0210,741
1604075413,participant_0375,721
1604075414,participant_0376,707
1604075429,participant_0343,755
1604075436,participant_0377,726
1604075446,participant_0378,719
1604075451,participant_0379,736
1604075453,participant_0380,668
1604075455,participant_0231,758
1604075455,participant_0381,685
1604075464,participant_0382,674
1604075469,participant_0383,721
1604075477,participant_0384,728
1604075489,participant_0325,712
1604075493,participant_0385,642
1604075495,participant_0265,717
1604075499,participant_0386,749
1604075505,participant_0387,663
1604075506,participant_0388,760
1604075507,participant_0389,752
1604075508,participant_0390,432
1604075558,participant_0391,707
1604075564,participant_0343,773
1604075569,participant_0392,762
1604075572,participant_0393,756
1604075579,participant_0394,761
1604075609,participant_0395,709
1604075609,participant_0265,779
1604075606,participant_0396,766
1604075644,participant_0397,772
1604075649,participant_0325,781
1604075658,participant_0398,763
1604075670,participant_0399,615
1604075682,participant_0400,723
1604075686,participant_0265,800
1604075689,participant_0392,791
1604075691,participant_0401,788
1604075713,participant_0402,764
1604075715,participant_0403,752
1604075729,participant_0404,790
1604075770,participant_0405,804
1604075771,participant_0406,785
1604075778,participant_0407,684
1604075778,participant_0408,739
1604075784,participant_0409,702
1604075792,participant_0410,777
1604075793,participant_0265,822
1604075803,participant_0411,793
1604075806,participant_0392,816
1604075818,participant_0412,748
1604075818,participant_0413,775
1604075819,participant_0414,792
1604075824,participant_0415,802
1604075833,participant_0416,768
1604075834,participant_0417,820
1604075836,participant_0418,818
1604075837,participant_0031,803
1604075848,participant_0325,827
1604075848,participant_0419,794
1604075870,participant_0420,830
1604075882,participant_0421,836
1604075885,participant_0422,808
1604075890,participant_0400,824
1604075899,participant_0409,835
1604075899,participant_0265,839
1604075906,participant_0423,748
1604075912,participant_0424,844
1604075919,participant_0425,831
1604075918,participant_0426,833
1604075924,participant_0427,783
1604075933,participant_0392,838
1604075970,participant_0265,853
1604075976,participant_0428,856
1604075978,participant_0070,757
1604075988,participant_0424,857
1604075994,participant_0429,847
1604075997,participant_0231,861
1604075999,participant_0430,841
1604076001,participant_0324,714
1604076029,participant_0431,833
1604076036,participant_0432,843
1604076042,participant_0433,862
1604076041,participant_0434,752
1604076046,participant_0435,846
1604076049,participant_0231,869
1604076056,participant_0436,853
1604076068,participant_0265,867
1604076070,participant_0424,871
1604076081,participant_0437,848
1604076092,participant_0392,860
1604076098,participant_0438,851
1604076100,participant_0324,757
1604076104,participant_0439,817
1604076108,participant_0440,865
1604076108,participant_0441,806
1604076145,participant_0442,841
1604076153,participant_0400,855
1604076193,participant_0265,885
1604076200,participant_0443,868
1604076204,participant_0324,887
1604076204,participant_0424,888
1604076205,participant_0432,881
1604076210,participant_0444,893
1604076217,participant_0445,814
1604076230,participant_0381,897
1604076243,participant_0392,892
1604076245,participant_0446,681
1604076251,participant_0447,808
1604076253,participant_0448,827
1604076261,participant_0449,794
1604076263,participant_0324,888
1604076266,participant_0450,811
1604076276,participant_0231,913
1604076279,participant_0265,914
1604076281,participant_0451,864
1604076283,participant_0452,824
1604076286,participant_0453,523
1604076305,participant_0454,884
1604076308,participant_0455,871
1604076309,participant_0456,896
1604076325,participant_0231,929
1604076328,participant_0381,920
1604076339,participant_0457,876
1604076351,participant_0265,935
1604076354,participant_0458,910
1604076354,participant_0459,897
1604076361,participant_0460,798
1604076366,participant_0461,920
1604076374,participant_0462,899
1604076376,participant_0392,935
1604076380,participant_0324,933
1604076382,participant_0463,886
1604076387,participant_0464,888
1604076396,participant_0465,916
1604076398,participant_0466,928
1604076402,participant_0467,949
1604076403,participant_0468,947
1604076403,participant_0231,960
1604076413,participant_0469,940
1604076418,participant_0400,908
1604076425,participant_0470,942
1604076427,participant_0471,899
1604076428,participant_0325,959
1604076431,participant_0424,966
1604076440,participant_0472,929
1604076441,participant_0473,953
1604076441,participant_0474,837
1604076444,participant_0265,964
1604076445,participant_0475,869
1604076449,participant_0476,929
1604076450,participant_0231,970
1604076451,participant_0477,698
1604076452,participant_0478,942
1604076472,participant_0479,949
1604076473,participant_0392,967
1604076480,participant_0480,909
1604076485,participant_0144,975
1604076488,participant_0481,969
1604076494,participant_0482,925
1604076498,participant_0017,949
1604076501,participant_0483,941
1604076506,participant_0231,983
1604076508,participant_0484,919
1604076509,participant_0485,942
1604076510,participant_0486,925
1604076527,participant_0325,978
1604076533,participant_0487,965
1604076549,participant_0488,977
1604076553,participant_0489,886
1604076554,participant_0490,976
1604076561,participant_0491,958
1604076563,participant_0492,938
1604076566,participant_0231,998
1604076570,participant_0493,902
1604076572,participant_0494,769
1604076584,participant_0462,987
1604076596,participant_0031,990
1604076603,participant_0495,942
1604076604,participant_0496,958
1604076612,participant_0392,993
1604076624,participant_0231,1027
1604076624,participant_0497,997
1604076631,participant_0498,973
1604076641,participant_0499,982
1604076644,participant_0500,1023
1604076645,participant_0501,962
1604076661,participant_0502,1000
1604076661,participant_0325,1027
1604076667,participant_0503,1011
1604076686,participant_0231,1038
1604076692,participant_0504,1026
1604076692,participant_0505,995
1604076699,participant_0506,925
1604076711,participant_0507,805
1604076718,participant_0508,997
1604076718,participant_0509,971
1604076740,participant_0510,1052
1604076746,participant_0367,1046
1604076758,participant_0511,1003
1604076760,participant_0512,1012
1604076764,participant_0452,1049
1604076772,participant_0513,1021
1604076775,participant_0514,1010
1604076776,participant_0515,1023
1604076782,participant_0516,1032
1604076789,participant_0231,1063
1604076796,participant_0517,1045
1604076799,participant_0518,977
1604076803,participant_0392,1037
1604076811,participant_0519,1059
1604076820,participant_0520,929
1604076822,participant_0521,1004
1604076823,participant_0522,1035
1604076825,participant_0523,1069
1604076843,participant_0524,1013
1604076846,participant_0231,1078
1604076853,participant_0525,1044
1604076854,participant_0526,1020
1604076863,participant_0210,1074
1604076881,participant_0527,1061
1604076887,participant_0528,1071
1604076889,participant_0481,1079
1604076893,participant_0452,1073
1604076909,participant_0231,1093
1604076922,participant_0467,1089
1604076949,participant_0529,1077
1604076969,participant_0530,1038
1604076973,participant_0424,1099
1604076984,participant_0531,1072
1604076993,participant_0231,1101
1604076994,participant_0532,1037
1604076997,participant_0533,1027
1604077001,participant_0534,999
1604077004,participant_0535,1091
1604077017,participant_0536,1063
1604077025,participant_0537,1096
1604077029,participant_0538,1054
1604077031,participant_0539,1091
1604077031,participant_0452,1101
1604077043,participant_0540,1060
1604077050,participant_0541,1014
1604077058,participant_0542,1090
1604077062,participant_0231,1121
1604077062,participant_0543,1086
1604077074,participant_0544,1068
1604077095,participant_0452,1131
1604077098,participant_0545,1117
1604077098,participant_0546,1119
1604077099,participant_0320,1113
1604077122,participant_0547,1104
1604077140,participant_0231,1140
1604077152,participant_0548,1138
1604077154,participant_0549,1057
1604077159,participant_0550,1000
1604077161,participant_0551,1053
1604077169,participant_0552,1120
1604077182,participant_0553,1093
1604077181,participant_0452,1152
1604077187,participant_0554,1128
1604077191,participant_0555,1082
1604077192,participant_0556,1147
1604077197,participant_0557,1020
1604077202,participant_0558,844
1604077205,participant_0559,882
1604077222,participant_0325,1151
1604077225,participant_0560,1150
1604077233,participant_0561,1155
1604077232,participant_0562,1121
1604077253,participant_0563,1166
1604077258,participant_0392,1134
1604077264,participant_0210,1162
1604077276,participant_0211,1163
1604077285,participant_0564,1146
1604077287,participant_0452,1164
1604077293,participant_0565,1128
1604077296,participant_0566,1079
1604077304,participant_0567,1100
1604077309,participant_0568,1179
1604077310,participant_0569,1168
1604077309,participant_0570,1133
1604077326,participant_0571,1175
1604077330,participant_0392,1191
1604077339,participant_0572,1167
1604077346,participant_0573,1149
1604077348,participant_0574,1173
1604077351,participant_0559,1173
1604077356,participant_0575,1157
1604077357,participant_0576,1176
1604077358,participant_0577,1138
1604077360,participant_0421,1196
1604077366,participant_0210,1193
1604077370,participant_0105,1014
1604077374,participant_0367,1134
1604077374,participant_0578,1165
1604077376,participant_0579,1167
1604077377,participant_0424,1199
1604077398,participant_0580,1189
1604077405,participant_0581,1112
1604077405,participant_0452,1197
1604077410,participant_0421,1207
1604077412,participant_0582,1107
1604077418,participant_0583,1160
1604077424,participant_0584,1186
1604077425,participant_0585,1148
1604077433,participant_0424,1214
1604077434,participant_0586,1111
1604077437,participant_0587,1172
1604077439,participant_0588,1074
1604077440,participant_0589,1189
1604077470,participant_0590,1204
1604077475,participant_0591,1046
1604077476,participant_0592,1212
1604077479,participant_0593,1158
1604077481,participant_0452,1222
1604077499,participant_0594,1182
1604077506,participant_0595,1208
1604077508,participant_0421,1237
1604077509,participant_0596,1184
1604077511,participant_0597,1209
1604077514,participant_0598,1211
1604077517,participant_0599,1194
1604077517,participant_0600,1208
1604077519,participant_0601,1217
1604077521,participant_0602,1206
1604077526,participant_0603,1171
1604077526,participant_0424,1228
1604077531,participant_0604,1126
1604077535,participant_0605,1198
1604077547,participant_0421,1242
1604077554,participant_0606,1202
1604077577,participant_0452,1243
1604077582,participant_0424,1253
1604077583,participant_0607,1202
1604077614,participant_0608,1241
1604077617,participant_0609,1141
1604077619,participant_0452,1250
1604077622,participant_0421,1261
1604077622,participant_0158,1255
1604077623,participant_0610,1225
1604077627,participant_0611,1231
1604077628,participant_0612,1226
1604077640,participant_0424,1274
1604077641,participant_0613,1245
1604077643,participant_0325,1200
1604077645,participant_0392,1223
1604077655,participant_0559,1238
1604077677,participant_0614,1178
1604077681,participant_0615,1248
1604077682,participant_0616,1272
1604077685,participant_0452,1283
1604077688,participant_0617,1230
1604077690,participant_0608,1283
1604077691,participant_0618,1249
1604077705,participant_0619,1236
1604077714,participant_0620,1260
1604077715,participant_0621,1254
1604077717,participant_0421,1291
1604077716,participant_0622,1255
1604077721,participant_0623,1263
1604077723,participant_0424,1296
1604077740,participant_0624,1227
1604077747,participant_0625,1257
1604077749,participant_0452,1306
1604077753,participant_0626,1263
1604077756,participant_0627,1232
1604077755,participant_0628,1000
1604077758,participant_0629,1263
1604077761,participant_0604,1296
1604077761,participant_0630,1219
1604077769,participant_0631,1277
1604077769,participant_0608,1310
1604077777,participant_0632,1290
1604077778,participant_0633,1200
1604077782,participant_0634,1298
1604077790,participant_0635,1267
1604077799,participant_0636,1270
1604077799,participant_0637,1277
1604077804,participant_0421,1317
1604077814,participant_0638,1318
1604077814,participant_0639,1286
1604077819,participant_0640,1272
1604077794,participant_0300,1294
1604077837,participant_0175,1292
1604077860,participant_0641,1302
1604077866,participant_0642,1288
1604077870,participant_0421,1336
1604077875,participant_0643,1311
1604077876,participant_0644,1279
1604077882,participant_0645,1331
1604077891,participant_0361,1321
1604077911,participant_0646,1285
1604077914,participant_0647,1321
1604077931,participant_0604,1348
1604077933,participant_0424,1343
1604077933,participant_0421,1357
1604077938,participant_0648,1093
1604077941,participant_0649,1254
1604077942,participant_0650,1343
1604077944,participant_0651,1326
1604077947,participant_0652,1325
1604077948,participant_0653,1176
1604077948,participant_0654,1050
1604077958,participant_0655,1309
1604077972,participant_0656,1365
1604077974,participant_0657,1214
1604077974,participant_0658,1353
1604077983,participant_0659,1339
1604077991,participant_0421,1375
1604077992,participant_0660,1332
1604077999,participant_0661,1348
1604078001,participant_0662,1336
1604078008,participant_0663,1361
1604078027,participant_0664,1182
1604078027,participant_0604,1382
1604078034,participant_0665,1375
1604078035,participant_0646,1373
1604078037,participant_0666,1346
1604078038,participant_0667,1371
1604078037,participant_0633,1347
1604078040,participant_0668,1361
1604078041,participant_0669,1363
1604078041,participant_0670,1319
1604078041,participant_0671,1333
1604078049,participant_0421,1388
1604078055,participant_0672,1313
1604078058,participant_0673,1386
1604078068,participant_0452,1392
1604078077,participant_0674,1310
1604078084,participant_0675,1285
1604078084,participant_0676,1232
1604078093,participant_0677,1370
1604078100,participant_0654,1380
1604078101,participant_0678,1385
1604078110,participant_0608,1398
1604078112,participant_0421,1399
1604078113,participant_0679,1348
1604078114,participant_0680,1340
1604078116,participant_0670,1400
1604078129,participant_0681,1360
1604078142,participant_0682,1374
1604078150,participant_0683,1396
1604078151,participant_0684,1335
1604078160,participant_0685,1356
1604078170,participant_0686,1397
1604078174,participant_0687,1395
1604078182,participant_0688,1404
1604078187,participant_0689,1389
1604078192,participant_0690,1064
1604078192,participant_0452,1415
1604078203,participant_0691,1088
1604078209,participant_0692,1381
1604078212,participant_0231,1418
1604078232,participant_0608,1425
1604078211,participant_0693,1365
1604078249,participant_0229,1428
1604078257,participant_0694,1421
1604078267,participant_0695,1383
1604078271,participant_0324,1430
1604078273,participant_0696,1402
1604078275,participant_0697,1179
1604078288,participant_0591,1420
1604078289,participant_0698,1418
1604078307,participant_0699,1343
1604078323,participant_0144,1437
1604078323,participant_0231,1453
1604078325,participant_0700,1433
1604078329,participant_0608,1456
1604078330,participant_0654,1446
1604078332,participant_0701,1434
1604078347,participant_0702,1432
1604078348,participant_0497,1437
1604078355,participant_0703,1426
1604078365,participant_0704,1408
1604078372,participant_0705,1459
1604078381,participant_0706,1431
1604078386,participant_0707,1326
1604078389,participant_0708,1439
1604078390,participant_0709,1426
1604078391,participant_0710,1407
1604078393,participant_0686,1443
1604078398,participant_0231,1480
1604078410,participant_0604,1436
1604078410,participant_0711,1405
1604078411,participant_0712,1447
1604078415,participant_0713,1440
1604078427,participant_0714,1467
1604078427,participant_0608,1483
1604078432,participant_0715,1442
1604078432,participant_0716,1330
1604078442,participant_0717,1440
1604078461,participant_0718,1462
1604078467,participant_0231,1494
1604078468,participant_0719,1461
1604078471,participant_0720,1378
1604078480,participant_0721,1462
1604078481,participant_0722,1307
1604078489,participant_0723,1487
1604078489,participant_0265,1491
1604078490,participant_0604,1501
1604078496,participant_0497,1481
1604078531,participant_0724,1464
1604078543,participant_0725,1468
1604078550,participant_0726,1496
1604078557,participant_0646,1493
1604078560,participant_0231,1515
1604078560,participant_0727,1494
1604078568,participant_0728,1460
1604078569,participant_0392,1479
1604078572,participant_0729,1466
1604078576,participant_0324,1458
1604078585,participant_0730,1471
1604078588,participant_0731,1114
1604078591,participant_0591,1500
1604078596,participant_0604,1513
1604078599,participant_0732,1489
1604078599,participant_0733,1414
1604078617,participant_0734,1504
1604078620,participant_0735,1505
1604078621,participant_0736,1507
1604078626,participant_0737,1451
1604078631,participant_0738,1487
1604078633,participant_0231,1535
1604078634,participant_0452,1453
1604078635,participant_0739,1316
1604078652,participant_0608,1540
1604078660,participant_0740,1508
1604078661,participant_0741,1503
1604078669,participant_0654,1525
1604078673,participant_0742,1506
1604078678,participant_0725,1526
1604078691,participant_0743,1472
1604078696,participant_0744,1534
1604078708,participant_0392,1548
1604078718,participant_0452,1556
1604078720,participant_0745,1549
1604078734,participant_0746,1535
1604078735,participant_0747,1539
1604078736,participant_0231,1572
1604078740,participant_0748,1540
1604078745,participant_0749,1546
1604078762,participant_0750,1520
1604078763,participant_0751,1550
1604078776,participant_0752,1510
1604078776,participant_0753,1532
1604078784,participant_0754,1558
1604078799,participant_0755,1510
1604078802,participant_0756,1423
1604078805,participant_0452,1583
1604078828,participant_0757,1553
1604078836,participant_0758,1564
1604078842,participant_0392,1583
1604078844,participant_0759,1583
1604078846,participant_0760,1429
1604078847,participant_0604,1576
1604078855,participant_0761,1541
1604078874,participant_0762,1581
1604078875,participant_0763,1528
1604078880,participant_0764,1594
1604078881,participant_0765,1568
1604078884,participant_0766,1522
1604078897,participant_0767,1554
1604078902,participant_0654,1599
1604078904,participant_0768,1591
1604078904,participant_0452,1605
1604078914,participant_0769,1571
1604078925,participant_0770,1475
1604078925,participant_0771,1580
1604078927,participant_0772,1558
1604078928,participant_0773,1526
1604078934,participant_0646,1602
1604078935,participant_0774,1596
1604078938,participant_0775,1521
1604078939,participant_0392,1607
1604078954,participant_0776,1596
1604078959,participant_0777,1601
1604078972,participant_0778,1584
1604078980,participant_0779,1603
1604078981,participant_0452,1623
1604079023,participant_0780,1606
1604079033,participant_0486,1532
1604079051,participant_0781,1620
1604079056,participant_0782,1578
1604079058,participant_0604,1646
1604079058,participant_0783,1621
1604079059,participant_0784,1586
1604079073,participant_0785,1628
1604079099,participant_0160,1638
1604079104,participant_0786,1644
1604079111,participant_0210,1530
1604079119,participant_0787,1636
1604079126,participant_0788,1651
1604079142,participant_0604,1663
1604079144,participant_0265,1643
1604079146,participant_0789,1614
1604079149,participant_0608,1666
1604079155,participant_0790,1629
1604079156,participant_0392,1667
1604079156,participant_0452,1676
1604079161,participant_0791,1648
1604079162,participant_0325,1650
1604079163,participant_0792,1641
1604079170,participant_0793,1662
1604079171,participant_0733,1630
1604079192,participant_0599,1653
1604079190,participant_0794,1543
1604079197,participant_0795,1650
1604079201,participant_0796,1661
1604079210,participant_0797,1607
1604079217,participant_0798,1658
1604079218,participant_0799,1568
1604079235,participant_0800,1656
1604079241,participant_0801,1670
1604079244,participant_0802,1677
1604079244,participant_0452,1685
1604079246,participant_0803,1634
1604079250,participant_0804,1674
1604079251,participant_0805,1678
1604079254,participant_0806,1683
1604079256,participant_0604,1686
1604079260,participant_0807,1592
1604079284,participant_0808,1665
1604079287,participant_0144,1682
1604079294,participant_0809,1600
1604079300,participant_0810,1667
1604079301,participant_0811,1672
1604079310,participant_0812,1574
1604079310,participant_0813,1636
1604079315,participant_0814,1691
1604079319,participant_0815,1590
1604079325,participant_0816,1673
1604079337,participant_0817,1641
1604079338,participant_0452,1707
1604079344,participant_0818,1638
1604079363,participant_0819,1675
1604079370,participant_0324,1700
1604079370,participant_0608,1708
1604079398,participant_0820,1705
1604079426,participant_0604,1715
1604079427,participant_0452,1720
1604079431,participant_0821,1656
1604079444,participant_0822,1725
1604079445,participant_0392,1712
1604079447,participant_0608,1725
1604079458,participant_0343,1729
1604079465,participant_0823,1695
1604079471,participant_0824,1666
1604079487,participant_0803,1702
1604079493,participant_0825,1688
1604079497,participant_0826,1698
1604079510,participant_0604,1737
1604079524,participant_0827,1695
1604079524,participant_0210,1737
1604079525,participant_0108,1708
1604079529,participant_0828,1717
1604079541,participant_0027,1732
1604079553,participant_0829,1729
1604079555,participant_0392,1743
1604079562,participant_0830,1714
1604079570,participant_0765,1718
1604079570,participant_0325,1741
1604079574,participant_0421,1751
1604079582,participant_0604,1759
1604079591,participant_0831,1626
1604079604,participant_0832,1753
1604079605,participant_0210,1769
1604079614,participant_0803,1703
1604079615,participant_0833,1712
1604079615,participant_0343,1744
1604079624,participant_0834,1750
1604079633,participant_0835,1735
1604079651,participant_0421,1775
1604079655,participant_0836,1748
1604079661,participant_0343,1792
1604079666,participant_0837,1756
1604079669,participant_0838,1757
1604079670,participant_0392,1771
1604079683,participant_0325,1777
1604079687,participant_0497,1773
1604079702,participant_0839,1731
1604079708,participant_0343,1804
1604079709,participant_0324,1720
1604079710,participant_0452,1798
1604079714,participant_0840,1776
1604079717,participant_0841,1759
1604079730,participant_0824,1753
1604079736,participant_0608,1809
1604079738,participant_0842,1749
1604079739,participant_0843,1719
1604079752,participant_0844,1794
1604079760,participant_0845,1765
1604079761,participant_0343,1814
1604079769,participant_0452,1817
1604079769,participant_0846,1695
1604079771,participant_0325,1811
1604079771,participant_0847,1781
1604079787,participant_0848,1787
1604079793,participant_0849,1806
1604079793,participant_0850,1681
1604079799,participant_0851,1782
1604079803,participant_0108,1790
1604079802,participant_0852,1658
1604079812,participant_0144,1825
1604079817,participant_0821,1797
1604079824,participant_0853,1784
1604079824,participant_0854,1822
1604079833,participant_0452,1830
1604079849,participant_0608,1833
1604079865,participant_0855,1768
1604079874,participant_0265,1833
1604079886,participant_0856,1831
1604079890,participant_0604,1814
1604079908,participant_0857,1819
1604079910,participant_0858,1773
1604079911,participant_0452,1844
1604079916,participant_0859,1796
1604079917,participant_0860,1784
1604079919,participant_0861,1784
1604079932,participant_0862,1820
1604079933,participant_0863,1790
1604079937,participant_0864,1840
1604079939,participant_0210,1851
1604079941,participant_0805,1854
1604079947,participant_0265,1858
1604079953,participant_0325,1856
1604079959,participant_0608,1861
1604079979,participant_0452,1864
1604079983,participant_0283,1808
1604079985,participant_0265,1867
1604079993,participant_0343,1827
1604079995,participant_0865,1817
1604079999,participant_0866,1832
1604080001,participant_0867,1815
1604080008,participant_0868,1841
1604080015,participant_0869,1847
1604080015,participant_0421,1866
1604080018,participant_0870,1835
1604080017,participant_0821,1855
1604080028,participant_0325,1870
1604080034,participant_0608,1874
1604080034,participant_0108,1839
1604080046,participant_0871,1848
1604080058,participant_0872,1780
1604080061,participant_0873,1617
1604080077,participant_0874,1848
1604080078,participant_0421,1883
1604080079,participant_0343,1886
1604080085,participant_0610,1868
1604080092,participant_0875,1859
1604080093,participant_0876,1803
1604080094,participant_0877,1879
1604080098,participant_0860,1865
1604080099,participant_0878,1876
1604080104,participant_0879,1821
1604080113,participant_0880,1844
1604080116,participant_0881,1872
1604080133,participant_0452,1895
1604080133,participant_0833,1874
1604080135,participant_0882,1872
1604080139,participant_0608,1901
1604080141,participant_0883,1850
1604080141,participant_0377,1883
1604080144,participant_0421,1894
1604080146,participant_0884,1878
1604080148,participant_0885,1703
1604080149,participant_0791,1888
1604080160,participant_0886,1885
1604080162,participant_0325,1892
1604080167,participant_0887,1792
1604080172,participant_0821,1890
1604080174,participant_0817,1746
1604080181,participant_0888,1862
1604080187,participant_0424,1907
1604080188,participant_0889,1856
1604080194,participant_0890,1898
1604080206,participant_0608,1913
1604080223,participant_0421,1909
1604080234,participant_0883,1920
1604080235,participant_0891,1906
1604080237,participant_0892,1890
1604080247,participant_0424,1923
1604080251,participant_0893,1902
1604080251,participant_0833,1907
1604080262,participant_0377,1908
1604080263,participant_0894,1904
1604080272,participant_0895,1903
1604080289,participant_0629,1842
1604080325,participant_0896,1925
1604080327,participant_0897,1899
1604080328,participant_0883,1937
1604080336,participant_0898,1916
1604080349,participant_0325,1924
1604080351,participant_0377,1935
1604080356,participant_0899,1899
1604080365,participant_0900,1823
1604080370,participant_0144,1950
1604080376,participant_0901,1919
1604080382,participant_0821,1942
1604080388,participant_0902,1829
1604080393,participant_0324,1945
1604080403,participant_0903,1870
1604080416,participant_0904,1958
1604080416,participant_0325,1960
1604080425,participant_0905,1929
1604080427,participant_0906,1947
1604080431,participant_0907,1654
1604080441,participant_0908,1938
1604080443,participant_0909,1919
1604080445,participant_0883,1970
1604080482,participant_0325,1978
1604080486,participant_0910,1929
1604080486,participant_0911,1936
1604080492,participant_0343,1980
1604080493,participant_0421,1926
1604080500,participant_0912,1925
1604080505,participant_0324,1975
1604080505,participant_0883,1984
1604080511,participant_0913,1947
1604080522,participant_0914,1956
1604080525,participant_0915,1954
1604080527,participant_0916,1960
1604080533,participant_0917,1931
1604080535,participant_0918,1969
1604080538,participant_0919,1955
1604080540,participant_0559,1955
1604080540,participant_0325,1989
1604080546,participant_0920,1964
1604080554,participant_0921,1944
1604080556,participant_0922,1992
1604080563,participant_0923,1942
1604080577,participant_0076,1903
1604080590,participant_0924,1981
1604080596,participant_0325,1999
1604080610,participant_0925,1963
1604080614,participant_0926,1979
1604080615,participant_0927,1967
1604080616,participant_0916,1997
1604080620,participant_0928,1940
1604080621,participant_0929,2003
1604080623,participant_0377,1987
1604080625,participant_0930,1985
1604080629,participant_0931,1940
1604080631,participant_0932,2009
1604080644,participant_0933,1937
1604080653,participant_0325,2014
1604080656,participant_0920,2004
1604080671,participant_0883,2027
1604080674,participant_0934,1973
1604080681,participant_0935,1781
1604080688,participant_0654,1997
1604080691,participant_0280,2021
1604080699,participant_0936,2027
1604080710,participant_0377,2022
1604080711,participant_0937,2024
1604080721,participant_0938,1975
1604080728,participant_0883,2041
1604080739,participant_0559,2009
1604080758,participant_0654,2042
1604080760,participant_0939,1867
1604080766,participant_0940,1887
1604080770,participant_0280,2048
1604080770,participant_0011,2034
1604080769,participant_0916,2024
1604080772,participant_0941,1993
1604080782,participant_0942,1986
1604080785,participant_0711,2020
1604080786,participant_0943,2013
1604080786,participant_0944,1972
1604080790,participant_0686,2035
1604080794,participant_0377,2047
1604080802,participant_0945,2046
1604080820,participant_0946,1999
1604080822,participant_0947,2029
1604080829,participant_0948,2040
1604080843,participant_0654,2060
1604080847,participant_0949,2069
1604080857,participant_0950,2043
1604080874,participant_0377,2062
1604080878,participant_0951,2049
1604080892,participant_0952,2055
1604080895,participant_0953,2009
1604080898,participant_0954,2070
1604080923,participant_0955,2031
1604080925,participant_0956,2014
1604080931,participant_0957,2083
1604080951,participant_0958,2050
1604080964,participant_0959,2068
1604080968,participant_0960,2038
1604080975,participant_0961,2022
1604080978,participant_0654,2085
1604080987,participant_0962,2066
1604081005,participant_0963,2072
1604081012,participant_0964,2095
1604081016,participant_0965,2044
1604081032,participant_0144,2096
1604081038,participant_0966,2087
1604081041,participant_0967,2075
1604081048,participant_0968,2073
1604081050,participant_0969,2076
1604081042,participant_0970,2065
1604081119,participant_0971,2105
1604081161,participant_0654,2108
1604081172,participant_0972,2089
1604081185,participant_0973,2100
1604081195,participant_0974,2100
1604081204,participant_0684,2057
1604081204,participant_0200,2111
1604081209,participant_0975,2100
1604081215,participant_0108,2106
1604081230,participant_0976,2106
1604081251,participant_0977,2120
1604081252,participant_0978,2112
1604081280,participant_0979,2081
1604081288,participant_0200,2122
1604081298,participant_0280,2117
1604081300,participant_0980,2078
1604081302,participant_0981,2118
1604081302,participant_0559,2057
1604081314,participant_0982,2123
1604081319,participant_0983,2112
1604081359,participant_0984,2125
1604081372,participant_0985,2137
1604081418,participant_0654,2127
1604081429,participant_0986,2129
1604081465,participant_0987,2138
1604081481,participant_0988,2133
1604081490,participant_0989,2146
1604081528,participant_0990,2110
1604081538,participant_0654,2157
1604081543,participant_0280,2140
1604081558,participant_0991,2125
1604081572,participant_0992,2149
1604081582,participant_0993,2067
1604081586,participant_0994,2152
1604081594,participant_0995,2153
1604081600,participant_0996,2139
1604081602,participant_0324,2090
1604081610,participant_0997,2144
1604081615,participant_0998,2143
1604081619,participant_0999,2142
1604081629,participant_1000,2158
1604081633,participant_1001,2141
1604081636,participant_0915,2162
1604081648,participant_0172,2164
1604081673,participant_0654,2167
1604081686,participant_1002,2146
1604081710,participant_1003,2156
1604081711,participant_1004,2146
1604081724,participant_1005,2160
1604081739,participant_0280,2169
1604081754,participant_1006,2151
1604081794,participant_0604,2171
1604081807,participant_1007,2173
1604081807,participant_0402,2145
1604081822,participant_1008,2165
1604081822,participant_1009,2172
1604081824,participant_1010,2175
1604081836,participant_0654,2179
1604081938,participant_0654,2181
1604081956,participant_1011,2174
1604081960,participant_1012,2177
1604081974,participant_0280,2183
1604082017,participant_1013,2113
1604082033,participant_1014,2180
1604082089,participant_0280,2189
1604082090,participant_0989,2159
1604082097,participant_0324,2195
1604082114,participant_1015,2187
1604082117,participant_1016,2098
1604082143,participant_1017,2185
1604082162,participant_1018,2187
1604082164,participant_0559,2160
1604082184,participant_0325,2201
1604082188,participant_0986,2194
1604082191,participant_0989,2205
1604082242,participant_1019,2200
1604082253,participant_1020,2206
1604082259,participant_0604,2182
1604082271,participant_1021,2202
1604082287,participant_0654,2203
1604082297,participant_1022,2217
1604082329,participant_0325,2214
1604082357,participant_0915,2216
1604082401,participant_1023,2223
1604082401,participant_1024,2191
1604082412,participant_1025,2167
1604082419,participant_1026,2206
1604082431,participant_1027,2230
1604082451,participant_1028,2176
1604082457,participant_1029,2219
1604082487,participant_1030,2228
1604082490,participant_1031,2224
1604082493,participant_1032,2221
1604082501,participant_1033,2231
1604082515,participant_1034,2190
1604082525,participant_0343,2238
1604082539,participant_1035,2239
1604082554,participant_1036,2225
1604082556,participant_1037,2227
1604082562,participant_0915,2234
1604082570,participant_0343,2241
1604082587,participant_1038,2220
1604082628,participant_1039,2235
1604082687,participant_1040,2232
1604082690,participant_0559,2242
1604082711,participant_1035,2256
1604082719,participant_0343,2247
1604082747,participant_0402,2248
1604082771,participant_1041,2261
1604082785,participant_1042,2248
1604082808,participant_1043,2251
1604082815,participant_1044,2253
1604082845,participant_1045,2077
1604082853,participant_1046,2254
1604082862,participant_1047,2233
1604082911,participant_1041,2270
1604082912,participant_1048,2250
1604082931,participant_0559,2262
1604082950,participant_1049,2267
1604082992,participant_1050,2278
1604083003,participant_1051,2272
1604083045,participant_1052,2281
1604083060,participant_0377,2280
1604083074,participant_0402,2274
1604083083,participant_0686,2277
1604083120,participant_1053,2271
1604083137,participant_1054,2290
1604083140,participant_1055,2166
1604083161,participant_0559,2279
1604083166,participant_0915,2288
1604083167,participant_0377,2285
1604083175,participant_1056,2207
1604083226,participant_1057,2291
1604083229,participant_0377,2295
1604083252,participant_1058,2298
1604083302,participant_1059,2303
1604083311,participant_1060,2109
1604083321,participant_1061,2294
1604083322,participant_0792,2300
1604083342,participant_0325,2292
1604083362,participant_0604,2299
1604083378,participant_1062,2309
1604083390,participant_0315,2304
1604083401,participant_0324,2307
1604083402,participant_1063,2269
1604083426,participant_0559,2300
1604083490,participant_1064,2305
1604083493,participant_1065,2301
1604083497,participant_1066,2312
1604083530,participant_0604,2313
1604083549,participant_1067,2323
1604083586,participant_1068,2306
1604083635,participant_1069,2310
1604083654,participant_1070,2313
1604083655,participant_0559,2317
1604083682,participant_0654,2332
1604083703,participant_1071,2322
1604083725,participant_0604,2339
1604083738,participant_0915,2328
1604083736,participant_0158,2327
1604083760,participant_1072,2331
1604083760,participant_1073,2334
1604083810,participant_0559,2340
1604083812,participant_1074,2336
1604083853,participant_1075,2329
1604083904,participant_1076,2340
1604083940,participant_0559,2352
1604083962,participant_1077,2346
1604083965,participant_0421,2356
1604084008,participant_1078,2350
1604084046,participant_1079,2348
1604084046,participant_1080,2354
1604084050,participant_0559,2358
1604084082,participant_1081,2347
1604084105,participant_0421,2360
1604084146,participant_1082,2351
1604084195,participant_1083,2355
1604084234,participant_1084,2357
1604084250,participant_1085,2207
1604084376,participant_0175,2366
1604084421,participant_1086,2343
1604084439,participant_1087,2361
1604084475,participant_1088,2367
1604084497,participant_0686,2368
1604084593,participant_1089,2369
1604084628,participant_0175,2375
1604084647,participant_0604,2377
1604084655,participant_1090,2371
1604084745,participant_0532,2378
1604084815,participant_1091,2379
1604084830,participant_0080,2373
1604084868,participant_0175,2383
1604084941,participant_1092,2381
1604085022,participant_1093,2370
1604085030,participant_0324,2387
1604085118,participant_1094,2385
1604085150,participant_1095,2382
1604085267,participant_1096,2386
1604085272,participant_0108,2390
1604085282,participant_0604,2392
1604085330,participant_1097,2394
1604085445,participant_1098,2395
1604085493,participant_1099,2397
1604085499,participant_1100,2396
1604085572,participant_0559,2399
1604085644,participant_1101,2397
1604085764,participant_0324,2387
1604085799,participant_0559,2402
1604085802,participant_1102,2401
1604085888,participant_1103,2403
1604085913,participant_1104,2404
1604085948,participant_0324,2406
1604085981,participant_0158,2405
1604085993,participant_0324,2407
1604086043,participant_0324,2408
1604086170,participant_1105,2409
1604086477,participant_1106,2418
1604086477,participant_0158,2410
1604086507,participant_1090,2417
1604086515,participant_1107,2415
1604086573,participant_1108,2420
1604086574,participant_1109,2423
1604086593,participant_0686,2424
1604086597,participant_0953,2416
1604086632,participant_1110,2413
1604086652,participant_1111,2425
1604086671,participant_0994,2428
1604086700,participant_1112,2418
1604086699,participant_0158,2435
1604086701,participant_0686,2451
1604086706,participant_1113,2437
1604086715,participant_1114,2432
1604086717,participant_1115,2446
1604086718,participant_1116,2429
1604086721,participant_0559,2449
1604086759,participant_1117,2434
1604086760,participant_1118,2430
1604086786,participant_1119,2455
1604086796,participant_1120,2433
1604086814,participant_1121,2457
1604086820,participant_1122,2430
1604086830,participant_1123,2447
1604086832,participant_0819,2438
1604086860,participant_1124,2455
1604086861,participant_1125,2442
1604086862,participant_0559,2464
1604086867,participant_1126,2462
1604086885,participant_1127,2452
1604086886,participant_1128,2460
1604086910,participant_1129,2473
1604086917,participant_1130,2467
1604086922,participant_1118,2467
1604086934,participant_1131,2485
1604086953,participant_1132,2465
1604086981,participant_0249,2479
1604086996,participant_0559,2479
1604087018,participant_1133,2475
1604087033,participant_1134,2461
1604087034,participant_1135,2478
1604087049,participant_1136,2496
1604087060,participant_1137,2476
1604087089,participant_0915,2500
1604087094,participant_1138,2482
1604087096,participant_1139,2487
1604087106,participant_0559,2505
1604087118,participant_1140,2493
1604087124,participant_1141,2452
1604087146,participant_1142,2512
1604087147,participant_0909,2501
1604087147,participant_1143,2499
1604087155,participant_1144,2485
1604087185,participant_1145,2494
1604087197,participant_1146,2518
1604087215,participant_1147,2454
1604087232,participant_1148,2525
1604087235,participant_1149,2509
1604087235,participant_1118,2510
1604087239,participant_0654,2533
1604087240,participant_1150,2507
1604087297,participant_1151,2535
1604087329,participant_1152,2535
1604087330,participant_1153,2531
1604087346,participant_1154,2474
1604087352,participant_1155,2568
1604087370,participant_1156,2531
1604087370,participant_1157,2555
1604087386,participant_1158,2521
1604087395,participant_1034,2547
1604087404,participant_1159,2551
1604087418,participant_1160,2548
1604087419,participant_1150,2552
1604087427,participant_1118,2568
1604087445,participant_1161,2566
1604087448,participant_1162,2540
1604087471,participant_1163,2566
1604087486,participant_1164,2579
1604087487,participant_1165,2555
1604087487,participant_1166,2527
1604087489,participant_1167,2549
1604087492,participant_1168,2526
1604087495,participant_0324,2591
1604087503,participant_0021,2574
1604087504,participant_0949,2602
1604087504,participant_1169,2586
1604087508,participant_1143,2596
1604087510,participant_1170,2563
1604087515,participant_1171,2582
1604087516,participant_1147,2583
1604087517,participant_0654,2601
1604087517,participant_1172,2576
1604087519,participant_1173,2562
1604087545,participant_1174,2587
1604087562,participant_1175,2599
1604087574,participant_1176,2497
1604087576,participant_1177,2578
1604087583,participant_1178,2555
1604087594,participant_1179,2592
1604087596,participant_1180,2590
1604087610,participant_1181,2575
1604087616,participant_1182,2545
1604087616,participant_1183,2597
1604087659,participant_1184,2607
1604087659,participant_1185,2541
1604087672,participant_0733,2603
1604087673,participant_1186,2620
1604087677,participant_1187,2599
1604087678,participant_1188,2627
1604087681,participant_1189,2615
1604087683,participant_1190,2610
1604087686,participant_1191,2616
1604087688,participant_1192,2604
1604087709,participant_1175,2628
1604087728,participant_1193,2619
1604087733,participant_1194,2553
1604087738,participant_1195,2613
1604087745,participant_1147,2618
1604087747,participant_1196,2628
1604087749,participant_1197,2634
1604087759,participant_0654,2643
1604087762,participant_1198,2637
1604087778,participant_1199,2580
1604087801,participant_1200,2623
1604087804,participant_1201,2628
1604087804,participant_1202,2604
1604087818,participant_0733,2642
1604087819,participant_1048,2623
1604087840,participant_1147,2653
1604087841,participant_1203,2646
1604087850,participant_0815,2645
1604087853,participant_1204,2560
1604087889,participant_1205,2626
1604087902,participant_1206,2656
1604087903,participant_1207,2649
1604087914,participant_1208,2665
1604087918,participant_1209,2647
1604087919,participant_1210,2654
1604087951,participant_1211,2640
1604087951,participant_1212,2660
1604087962,participant_1213,2669
1604087973,participant_0733,2666
1604087976,participant_1147,2671
1604087987,participant_1214,2697
1604087992,participant_1215,2641
1604088036,participant_1216,2674
1604088037,participant_1206,2681
1604088046,participant_1217,2677
1604088048,participant_1218,2680
1604088055,participant_0815,2673
1604088057,participant_1219,2693
1604088058,participant_1220,2682
1604088059,participant_1221,2677
1604088078,participant_1222,2699
1604088080,participant_1223,2674
1604088084,participant_1224,2664
1604088091,participant_1225,2670
1604088095,participant_1226,2692
1604088102,participant_0654,2714
1604088110,participant_1227,2695
1604088114,participant_1206,2716
1604088118,participant_1228,2686
1604088119,participant_1229,2659
1604088119,participant_1230,2651
1604088129,participant_1231,2708
1604088132,participant_1232,2702
1604088175,participant_0283,2711
1604088176,participant_1233,2704
1604088177,participant_1234,2712
1604088178,participant_1235,2679
1604088188,participant_1222,2733
1604088189,participant_1236,2700
1604088191,participant_1237,2725
1604088210,participant_0654,2738
1604088212,participant_1214,2742
1604088213,participant_1238,2710
1604088217,participant_1239,2713
1604088229,participant_1240,2707
1604088237,participant_1241,2709
1604088249,participant_1242,2688
1604088252,participant_1243,2737
1604088256,participant_1182,2725
1604088264,participant_0336,2573
1604088280,participant_1244,2683
1604088282,participant_1245,2722
1604088301,participant_0815,2728
1604088301,participant_1246,2763
1604088311,participant_1228,2733
1604088313,participant_1247,2723
1604088328,participant_0654,2769
1604088333,participant_1206,2751
1604088342,participant_1150,2727
1604088345,participant_1248,2736
1604088347,participant_1249,2680
1604088348,participant_1250,2745
1604088349,participant_1246,2780
1604088353,participant_1251,2742
1604088354,participant_1252,2748
1604088361,participant_1253,2704
1604088369,participant_1245,2776
1604088370,participant_1254,2730
1604088401,participant_1255,2735
1604088404,participant_1256,2757
1604088406,participant_1257,2754
1604088416,participant_1258,2777
1604088416,participant_1259,2782
1604088428,participant_1260,2666
1604088430,participant_1261,2774
1604088436,participant_1222,2757
1604088437,participant_1262,2752
1604088438,participant_1263,2766
1604088438,participant_1264,2764
1604088446,participant_0815,2783
1604088449,participant_1206,2785
1604088463,participant_1265,2800
1604088481,participant_1228,2791
1604088501,participant_1266,2792
1604088522,participant_1267,2783
1604088541,participant_0604,2811
1604088551,participant_1268,2780
1604088555,participant_1269,2795
1604088559,participant_0815,2811
1604088561,participant_0429,2798
1604088562,participant_1222,2804
1604088567,participant_1270,2807
1604088571,participant_1265,2820
1604088571,participant_1271,2730
1604088571,participant_1170,2790
1604088577,participant_0108,2802
1604088586,participant_1272,2794
1604088589,participant_0189,2711
1604088599,participant_1273,2788
1604088604,participant_1274,2803
1604088625,participant_1275,2809
1604088643,participant_1276,2817
1604088655,participant_0324,2613
1604088656,participant_1277,2796
1604088656,participant_0815,2829
1604088668,participant_1278,2723
1604088694,participant_1279,2828
1604088695,participant_1280,2744
1604088711,participant_1281,2801
1604088713,participant_0406,2799
1604088732,participant_1222,2836
1604088735,participant_1282,2837
1604088735,participant_1283,2826
1604088745,participant_1284,2768
1604088751,participant_1285,2843
1604088752,participant_0654,2847
1604088834,participant_0108,2835
1604088847,participant_1286,2830
1604088887,participant_1287,2839
1604088893,participant_1288,2824
1604088901,participant_1289,2852
1604088902,participant_1290,2805
1604088903,participant_1291,2854
1604088930,participant_1292,2848
1604088931,participant_1293,2820
1604088944,participant_1294,2856
1604088981,participant_0733,2775
1604088987,participant_1295,2850
1604088987,participant_1222,2868
1604088994,participant_1296,2855
1604088994,participant_1297,2848
1604089014,participant_1251,2880
1604089016,participant_1298,2874
1604089022,participant_1228,2883
1604089023,participant_1299,2877
1604089025,participant_0108,2868
1604089048,participant_1300,2866
1604089073,participant_1301,2892
1604089104,participant_1222,2870
1604089110,participant_1302,2888
1604089123,participant_1303,2889
1604089130,participant_1304,2867
1604089138,participant_1305,2885
1604089142,participant_1306,2816
1604089144,participant_0108,2896
1604089169,participant_1307,2865
1604089182,participant_1308,2879
1604089184,participant_1309,2892
1604089191,participant_1222,2871
1604089192,participant_1310,2904
1604089199,participant_1228,2895
1604089204,participant_1311,2909
1604089215,participant_1312,2838
1604089226,participant_1313,2902
1604089226,participant_1314,2912
1604089252,participant_0108,2914
1604089261,participant_1315,2897
1604089274,participant_1316,2884
1604089277,participant_1317,2899
1604089285,participant_1318,2913
1604089296,participant_1222,2919
1604089305,participant_0654,2919
1604089312,participant_0733,2916
1604089312,participant_1319,2932
1604089327,participant_1320,2925
1604089330,participant_1321,2927
1604089350,participant_1322,2926
1604089351,participant_1323,2922
1604089372,participant_1324,2931
1604089401,participant_1325,2910
1604089408,participant_1326,2915
1604089411,participant_1327,2921
1604089416,participant_0108,2933
1604089439,participant_0604,2947
1604089439,participant_1222,2938
1604089455,participant_1328,2899
1604089480,participant_1329,2934
1604089483,participant_1185,2935
1604089522,participant_0733,2937
1604089573,participant_1330,2954
1604089585,participant_0108,2961
1604089591,participant_1331,2936
1604089595,participant_1222,2963
1604089615,participant_0604,2966
1604089627,participant_1332,2905
1604089628,participant_1333,2949
1604089652,participant_1334,2968
1604089662,participant_1335,2973
1604089678,participant_1336,2963
1604089685,participant_0915,2983
1604089698,participant_0654,2986
1604089704,participant_1337,2972
1604089723,participant_1338,2969
1604089724,participant_0324,2860
1604089730,participant_0108,2977
1604089731,participant_1339,2990
1604089762,participant_1340,2955
1604089765,participant_0604,2985
1604089767,participant_1341,2696
1604089770,participant_0654,2997
1604089787,participant_1222,2991
1604089790,participant_1342,2989
1604089802,participant_1343,2953
1604089804,participant_1344,2990
1604089813,participant_1328,2982
1604089821,participant_1345,2961
1604089827,participant_1183,2998
1604089843,participant_1346,2970
1604089846,participant_0654,3003
1604089849,participant_1347,2941
1604089857,participant_1348,2951
1604089866,participant_1349,2975
1604089876,participant_1287,2994
1604089876,participant_1350,2976
1604089886,participant_1351,3001
1604089886,participant_0108,2999
1604089928,participant_1352,2986
1604089938,participant_1353,2979
1604089945,participant_1354,3000
1604089957,participant_1355,2928
1604089981,participant_1356,3013
1604089992,participant_1347,3008
1604089999,participant_1357,2996
1604090005,participant_1358,3019
1604090029,participant_1359,3009
1604090057,participant_0733,2974
1604090076,participant_1360,3011
1604090080,participant_0108,3028
1604090082,participant_0915,3030
1604090087,participant_1358,3034
1604090093,participant_1361,3011
1604090124,participant_1362,3004
1604090131,participant_1363,3024
1604090136,participant_1364,3025
1604090144,participant_1365,3025
1604090148,participant_1347,3034
1604090149,participant_1366,3017
1604090185,participant_0108,3042
1604090185,participant_0733,3039
1604090194,participant_1367,3016
1604090195,participant_1368,3031
1604090195,participant_1369,3029
1604090201,participant_1370,3037
1604090202,participant_0915,3046
1604090213,participant_1371,3041
1604090226,participant_1372,3031
1604090236,participant_1373,3017
1604090257,participant_1374,3039
1604090257,participant_1287,3038
1604090271,participant_1356,3055
1604090281,participant_1375,3049
1604090287,participant_1376,3043
1604090289,participant_0654,3059
1604090305,participant_0733,3052
1604090316,participant_1377,3023
1604090319,participant_1347,3050
1604090320,participant_1358,3061
1604090323,participant_0686,3054
1604090333,participant_0604,3061
1604090340,participant_1378,3060
1604090347,participant_1311,3055
1604090355,participant_1379,3052
1604090358,participant_1380,2981
1604090366,participant_0654,3070
1604090372,participant_0108,3064
1604090380,participant_1381,3057
1604090391,participant_1328,3048
1604090421,participant_1347,3071
1604090426,participant_0733,3069
1604090429,participant_0993,3067
1604090435,participant_0604,3073
1604090448,participant_1287,3063
1604090460,participant_0654,3084
1604090466,participant_1382,3075
1604090470,participant_1383,3058
1604090500,participant_1384,3087
1604090522,participant_0604,3101
1604090526,participant_1385,3068
1604090527,participant_0915,3094
1604090528,participant_1386,3090
1604090541,participant_0108,3082
1604090543,participant_0539,3106
1604090546,participant_1387,3065
1604090551,participant_0686,3107
1604090554,participant_1388,3087
1604090586,participant_1389,3097
1604090596,participant_1390,3101
1604090604,participant_1347,3093
1604090608,participant_1391,3086
1604090618,participant_1392,3092
1604090618,participant_1393,3095
1604090621,participant_1394,3111
1604090631,participant_1395,3081
1604090635,participant_1176,2845
1604090638,participant_1287,3119
1604090639,participant_1396,3085
1604090639,participant_1397,3116
1604090645,participant_1398,3089
1604090652,participant_0604,3135
1604090653,participant_1399,3110
1604090654,participant_1231,3125
1604090665,participant_1400,3091
1604090669,participant_1401,3031
1604090686,participant_0539,3130
1604090690,participant_1402,3097
1604090694,participant_1403,3121
1604090711,participant_0108,3124
1604090711,participant_1404,3112
1604090713,participant_1405,3139
1604090715,participant_1314,3130
1604090727,participant_1406,3118
1604090727,participant_1407,3142
1604090731,participant_0899,3126
1604090736,participant_0973,3099
1604090740,participant_1397,3153
1604090746,participant_1373,3137
1604090747,participant_0604,3151
1604090748,participant_1408,3147
1604090752,participant_1409,3136
1604090754,participant_1410,3132
1604090755,participant_1411,3117
1604090783,participant_1287,3147
1604090792,participant_0686,3152
1604090793,participant_1412,3115
1604090796,participant_1413,3072
1604090801,participant_1414,3143
1604090840,participant_0108,3163
1604090851,participant_1415,3148
1604090861,participant_1347,3137
1604090875,participant_1416,3168
1604090876,participant_0915,3167
1604090878,participant_1417,3150
1604090886,participant_1418,3144
1604090890,participant_1419,3158
1604090904,participant_1328,3119
1604090923,participant_1420,3165
1604090924,participant_1287,3180
1604090925,participant_0973,3172
1604090930,participant_1421,3139
1604090931,participant_1422,3161
1604090949,participant_1347,3189
1604090954,participant_1423,3175
1604090977,participant_1424,3161
1604090980,participant_1425,3179
1604090988,participant_1426,3176
1604090993,participant_1427,3183
1604091000,participant_0909,3182
1604091000,participant_1428,3128
1604091001,participant_0108,3185
1604091003,participant_1287,3209
1604091023,participant_1347,3216
1604091029,participant_0604,3200
1604091039,participant_1429,3174
1604091041,participant_0401,3206
1604091051,participant_1430,3200
1604091052,participant_0324,3002
1604091063,participant_1431,3199
1604091066,participant_1287,3221
1604091093,participant_1432,3202
1604091114,participant_1433,3192
1604091121,participant_0108,3222
1604091136,participant_1434,3203
1604091143,participant_1182,3206
1604091145,participant_0973,3210
1604091151,participant_1435,3225
1604091153,participant_1436,3225
1604091155,participant_1437,3157
1604091171,participant_1422,3213
1604091175,participant_0915,3233
1604091220,participant_1287,3231
1604091220,participant_1347,3227
1604091225,participant_1438,3239
1604091249,participant_0108,3243
1604091252,participant_1439,3234
1604091261,participant_1440,3230
1604091265,participant_1441,3244
1604091274,participant_1442,3229
1604091283,participant_1130,3248
1604091284,participant_1443,3235
1604091302,participant_1287,3251
1604091327,participant_0324,3255
1604091332,participant_1444,3246
1604091337,participant_1445,3240
1604091356,participant_1347,3254
1604091369,participant_0108,3256
1604091371,participant_1446,3223
1604091376,participant_1447,3195
1604091378,participant_1448,3076
1604091392,participant_1441,3262
1604091396,participant_0324,3268
1604091397,participant_1449,3220
1604091411,participant_1130,3260
1604091411,participant_0909,3253
1604091451,participant_1347,3275
1604091472,participant_1130,3282
1604091472,participant_0108,3278
1604091491,participant_0604,3281
1604091497,participant_1450,3265
1604091515,participant_1287,3276
1604091541,participant_1090,3285
1604091544,participant_1347,3288
1604091549,participant_1451,3270
1604091560,participant_1422,3283
1604091570,participant_1452,3266
1604091582,participant_1453,3275
1604091588,participant_0108,3292
1604091589,participant_1454,3284
1604091589,participant_1455,3285
1604091588,participant_1456,3269
1604091606,participant_1130,3291
1604091609,participant_1287,3302
1604091627,participant_1457,3288
1604091633,participant_1328,3219
1604091637,participant_1347,3308
1604091655,participant_0978,3299
1604091668,participant_1458,3298
1604091668,participant_1459,3302
1604091672,participant_1460,3301
1604091678,participant_1130,3317
1604091690,participant_0915,3306
1604091698,participant_1461,3261
1604091718,participant_1462,3252
1604091720,participant_1463,3295
1604091730,participant_1464,3312
1604091739,participant_1422,3309
1604091744,participant_1465,3311
1604091758,participant_1287,3318
1604091760,participant_0604,3320
1604091766,participant_1130,3325
1604091775,participant_0915,3329
1604091775,participant_1466,3316
1604091786,participant_1467,3258
1604091787,participant_1347,3321
1604091789,participant_1468,3293
1604091823,participant_1469,3319
1604091824,participant_1470,3336
1604091828,participant_1471,3330
1604091832,participant_0108,3312
1604091842,participant_1472,3290
1604091896,participant_1473,3323
1604091900,participant_1287,3338
1604091903,participant_0604,3347
1604091919,participant_1347,3344
1604091926,participant_1474,3350
1604091936,participant_1475,3346
1604091962,participant_1476,3341
1604091988,participant_1477,3344
1604091989,participant_1478,3353
1604091992,participant_0108,3358
1604091992,participant_1347,3381
1604091993,participant_1287,3378
1604091994,participant_1328,3349
1604091995,participant_1130,3368
1604092007,participant_1470,3373
1604092017,participant_1479,3383
1604092019,participant_1480,3350
1604092021,participant_0915,3387
1604092023,participant_1481,3367
1604092030,participant_0604,3379
1604092050,participant_1482,3238
1604092057,participant_1483,3363
1604092057,participant_1484,3376
1604092061,participant_1485,3382
1604092067,participant_1130,3397
1604092072,participant_1486,3352
1604092074,participant_1487,3364
1604092080,participant_1287,3398
1604092088,participant_1488,3373
1604092097,participant_1489,3370
1604092100,participant_1490,3365
1604092110,participant_1491,3340
1604092113,participant_1492,3359
1604092115,participant_1493,3370
1604092120,participant_1494,3334
1604092121,participant_1347,3409
1604092122,participant_1495,3390
1604092125,participant_1470,3407
1604092132,participant_1130,3417
1604092151,participant_1496,3388
1604092153,participant_1497,3396
1604092170,participant_1498,3423
1604092171,participant_0769,3408
1604092172,participant_1489,3429
1604092181,participant_1347,3433
1604092188,participant_0604,3431
1604092189,participant_0108,3402
1604092193,participant_1499,3361
1604092204,participant_1500,3314
1604092205,participant_1287,3430
1604092217,participant_1130,3434
1604092220,participant_1501,3417
1604092221,participant_1502,3403
1604092221,participant_1456,3401
1604092235,participant_1503,3412
1604092251,participant_1504,3422
1604092253,participant_1287,3442
1604092262,participant_1347,3438
1604092283,participant_1130,3445
1604092305,participant_0604,3445
1604092317,participant_1505,3424
1604092319,participant_1287,3450
1604092320,participant_1347,3452
1604092337,participant_1506,3435
1604092342,participant_1507,3399
1604092351,participant_1508,3449
1604092353,participant_1509,3421
1604092366,participant_1510,3394
1604092376,participant_1287,3466
1604092377,participant_1511,3223
1604092387,participant_1512,3365
1604092401,participant_1182,3408
1604092403,participant_1130,3470
1604092419,participant_1347,3466
1604092429,participant_1513,3472
1604092433,participant_0108,3457
1604092433,participant_1287,3476
1604092436,participant_1514,3455
1604092453,participant_1515,3439
1604092461,participant_1516,3456
1604092467,participant_1517,3447
1604092470,participant_1518,3474
1604092483,participant_1519,3428
1604092487,participant_1520,3439
1604092488,participant_1521,3462
1604092503,participant_1422,3484
1604092513,participant_1287,3490
1604092520,participant_1130,3484
1604092530,participant_1347,3488
1604092547,participant_1522,3469
1604092568,participant_1523,3487
1604092576,participant_1456,3497
1604092593,participant_1347,3505
1604092599,participant_1524,3479
1604092604,participant_1525,3477
1604092620,participant_0108,3490
1604092626,participant_1287,3497
1604092643,participant_1526,3465
1604092654,participant_1470,3509
1604092662,participant_1527,3490
1604092666,participant_1347,3512
1604092727,participant_1456,3511
1604092734,participant_0108,3517
1604092779,participant_1287,3518
1604092785,participant_1347,3521
1604092812,participant_1528,3507
1604092819,participant_1470,3522
1604092823,participant_1529,3444
1604092841,participant_1511,3497
1604092854,participant_1287,3524
1604092857,participant_1347,3524
1604092900,participant_1130,3500
1604092915,participant_1456,3527
1604092935,participant_1347,3532
1604092979,participant_1130,3535
1604092982,participant_1287,3537
1604092985,participant_1530,3527
1604092991,participant_1531,3530
1604093007,participant_1470,3540
1604093019,participant_1532,3529
1604093061,participant_1287,3546
1604093075,participant_1345,3545
1604093096,participant_1311,3549
1604093108,participant_1347,3542
1604093120,participant_0686,3548
1604093127,participant_1130,3550
1604093141,participant_1533,3543
1604093153,participant_1287,3552
1604093164,participant_1345,3552
1604093189,participant_1511,3533
1604093197,participant_1347,3557
1604093206,participant_1534,3531
1604093245,participant_1278,3560
1604093253,participant_0108,3554
1604093258,participant_1130,3561
1604093272,participant_1347,3572
1604093289,participant_0915,3571
1604093302,participant_1345,3567
1604093303,participant_0686,3567
1604093311,participant_1159,3575
1604093313,participant_1535,3562
1604093326,participant_1536,3572
1604093338,participant_1347,3583
1604093339,participant_0882,3577
1604093345,participant_0733,3569
1604093349,participant_1071,3564
1604093361,participant_0915,3588
1604093367,participant_1537,3555
1604093378,participant_1130,3590
1604093401,participant_1538,3574
1604093415,participant_1251,3592
1604093422,participant_1539,3584
1604093429,participant_1347,3598
1604093438,participant_0915,3598
1604093439,participant_1287,3564
1604093442,participant_0108,3578
1604093443,participant_1540,3595
1604093443,participant_1470,3601
1604093450,participant_1541,3563
1604093470,participant_1542,3581
1604093478,participant_1543,3579
1604093497,participant_1347,3615
1604093499,participant_1251,3610
1604093509,participant_1544,3585
1604093518,participant_1545,3589
1604093518,participant_1345,3596
1604093531,participant_1546,3587
1604093543,participant_1470,3619
1604093552,participant_1547,3616
1604093560,participant_1311,3619
1604093581,participant_1548,3623
1604093584,participant_0733,3604
1604093588,participant_1287,3627
1604093590,participant_1345,3629
1604093609,participant_1549,3613
1604093619,participant_1550,3624
1604093683,participant_1347,3625
1604093687,participant_1551,3610
1604093689,participant_0733,3633
1604093716,participant_1552,3628
1604093729,participant_1553,3622
1604093732,participant_1345,3648
1604093740,participant_1554,3617
1604093750,participant_1456,3650
1604093756,participant_1555,3626
1604093761,participant_1287,3634
1604093762,participant_1556,3621
1604093784,participant_1557,3646
1604093785,participant_1347,3652
1604093788,participant_1558,3639
1604093799,participant_1559,3644
1604093802,participant_1560,3602
1604093837,participant_0915,3658
1604093843,participant_0733,3652
1604093854,participant_1561,3638
1604093854,participant_1562,3647
1604093888,participant_1563,3662
1604093890,participant_1564,3663
1604093893,participant_1347,3668
1604093895,participant_1565,3665
1604093902,participant_1287,3676
1604093920,participant_1345,3660
1604093951,participant_1566,3639
1604093947,participant_1567,3650
1604093960,participant_1568,3657
1604093963,participant_0108,3667
1604093966,participant_1569,3661
1604093975,participant_1570,3637
1604093976,participant_1347,3689
1604093986,participant_0733,3678
1604093991,participant_0915,3679
1604094017,participant_1287,3692
1604094049,participant_1571,3686
1604094051,participant_1572,3683
1604094058,participant_1559,3700
1604094058,participant_1456,3707
1604094061,participant_1573,3700
1604094069,participant_0056,3691
1604094072,participant_1574,3696
1604094072,participant_1575,3687
1604094074,participant_1347,3703
1604094075,participant_0371,3696
1604094075,participant_1576,3681
1604094077,participant_1577,3631
1604094101,participant_0235,3694
1604094111,participant_0733,3708
1604094119,participant_1456,3736
1604094123,participant_1563,3731
1604094127,participant_1287,3725
1604094142,participant_1578,3694
1604094163,participant_1456,3749
1604094192,participant_1347,3739
1604094194,participant_1345,3748
1604094199,participant_1579,3713
1604094214,participant_0019,3713
1604094218,participant_0194,3729
1604094220,participant_0179,3738
1604094222,participant_1580,3735
1604094228,participant_1456,3757
1604094233,participant_1420,3741
1604094236,participant_1581,3685
1604094239,participant_1582,3736
1604094243,participant_1583,3741
1604094246,participant_0036,3719
1604094247,participant_1584,3758
1604094254,participant_1287,3751
1604094260,participant_1347,3761
1604094269,participant_1585,3751
1604094275,participant_1586,3724
1604094278,participant_0733,3746
1604094286,participant_1587,3727
1604094292,participant_1588,3712
1604094307,participant_1589,3766
1604094313,participant_1590,3744
1604094317,participant_1591,3747
1604094327,participant_0179,3771
1604094332,participant_0034,3770
1604094339,participant_1347,3771
1604094346,participant_0711,3764
1604094348,participant_1287,3775
1604094359,participant_1592,3294
1604094367,participant_1456,3779
1604094380,participant_1593,3753
1604094394,participant_1594,3754
1604094400,participant_0179,3786
1604094404,participant_1595,3768
1604094404,participant_1596,3778
1604094402,participant_1597,3733
1604094411,participant_1598,3759
1604094418,participant_1599,3766
1604094418,participant_0733,3776
1604094432,participant_0893,3781
1604094434,participant_1600,3777
1604094440,participant_0034,3785
1604094444,participant_1601,3737
1604094445,participant_1602,3782
1604094454,participant_1347,3789
1604094463,participant_0711,3795
1604094480,participant_1603,3779
1604094487,participant_1604,3783
1604094495,participant_1605,3744
1604094496,participant_1606,3756
1604094502,participant_1607,3790
1604094507,participant_1287,3793
1604094507,participant_0915,3800
1604094520,participant_0179,3806
1604094527,participant_1608,3750
1604094550,participant_1609,3799
1604094554,participant_1610,3805
1604094556,participant_1347,3812
1604094576,participant_1611,3798
1604094582,participant_1612,3794
1604094590,participant_1287,3821
1604094590,participant_1613,3797
1604094593,participant_0733,3801
1604094610,participant_0711,3817
1604094629,participant_0179,3833
1604094634,participant_1614,3808
1604094636,participant_1615,3792
1604094636,participant_1616,3795
1604094647,participant_1347,3832
1604094649,participant_0915,3823
1604094661,participant_1617,3829
1604094676,participant_1618,3830
1604094693,participant_1619,3817
1604094706,participant_1620,3822
1604094727,participant_1621,3801
1604094736,participant_0179,3858
1604094737,participant_1622,3825
1604094739,participant_1456,3861
1604094742,participant_1617,3854
1604094757,participant_1623,3828
1604094761,participant_1624,3826
1604094766,participant_1625,3814
1604094773,participant_0711,3841
1604094775,participant_1626,3835
1604094782,participant_1456,3870
1604094791,participant_0179,3870
1604094810,participant_1627,3857
1604094811,participant_1628,3850
1604094813,participant_1617,3870
1604094828,participant_1629,3856
1604094830,participant_1630,3807
1604094838,participant_1631,3840
1604094849,participant_0103,3859
1604094850,participant_1456,3881
1604094860,participant_1287,3846
1604094862,participant_1632,3834
1604094862,participant_1347,3870
1604094885,participant_0223,3865
1604094889,participant_1633,3817
1604094895,participant_1634,3884
1604094896,participant_1635,3866
1604094908,participant_0179,3890
1604094916,participant_1636,3847
1604094920,participant_1456,3894
1604094927,participant_1347,3892
1604094931,participant_1637,3869
1604094962,participant_1115,3614
1604094964,participant_1287,3895
1604094990,participant_1347,3902
1604094998,participant_1638,3888
1604094999,participant_0711,3886
1604095002,participant_0179,3906
1604095004,participant_1639,3858
1604095018,participant_1640,3795
1604095035,participant_1641,3875
1604095048,participant_1642,3905
1604095074,participant_1643,3885
1604095082,participant_0733,3912
1604095092,participant_1347,3915
1604095101,participant_1644,3887
1604095124,participant_0589,3909
1604095124,participant_1645,3901
1604095125,participant_1646,3917
1604095157,participant_1647,3913
1604095178,participant_1287,3913
1604095179,participant_0915,3926
1604095179,participant_1648,3862
1604095180,participant_0094,3923
1604095194,participant_1649,3927
1604095195,participant_1347,3931
1604095196,participant_0733,3928
1604095207,participant_0592,3676
1604095230,participant_1650,3929
1604095240,participant_1651,3892
1604095261,participant_1652,3920
1604095263,participant_1653,3915
1604095266,participant_1287,3942
1604095273,participant_1654,3935
1604095280,participant_1655,3943
1604095280,participant_1656,3934
1604095284,participant_0323,3940
1604095284,participant_1347,3945
1604095289,participant_1657,3898
1604095291,participant_1658,3919
1604095292,participant_1659,3922
1604095316,participant_1660,3929
1604095335,participant_1661,3936
1604095335,participant_1662,3933
1604095336,participant_1347,3952
1604095356,participant_1230,3911
1604095378,participant_1663,3932
1604095398,participant_1664,3920
1604095414,participant_1665,3953
1604095416,participant_1287,3951
1604095437,participant_1347,3954
1604095473,participant_1287,3962
1604095493,participant_1666,3925
1604095547,participant_1287,3973
1604095555,participant_1667,3968
1604095580,participant_1668,3959
1604095594,participant_1669,3955
1604095599,participant_1345,3970
1604095614,participant_1670,3809
1604095617,participant_1068,3960
1604095623,participant_1347,3966
1604095625,participant_1671,3964
1604095647,participant_1672,3979
1604095669,participant_0711,3972
1604095672,participant_1287,3976
1604095704,participant_1673,3977
1604095708,participant_1674,3982
1604095714,participant_1675,3975
1604095721,participant_1676,3981
1604095732,participant_1347,3993
1604095737,participant_1677,3974
1604095743,participant_1287,3992
1604095775,participant_1678,3958
1604095794,participant_1679,3982
1604095801,participant_1680,3985
1604095807,participant_1681,3998
1604095823,participant_1287,4005
1604095845,participant_0599,3990
1604095848,participant_1682,4002
1604095849,participant_1347,4001
1604095849,participant_1683,4001
1604095852,participant_1684,3939
1604095856,participant_1685,3936
1604095860,participant_0711,3995
1604095873,participant_1686,3990
1604095877,participant_1687,3999
1604095891,participant_1688,3984
1604095891,participant_1689,3969
1604095943,participant_1690,4000
1604095952,participant_1287,4019
1604095959,participant_1691,4013
1604095960,participant_1692,3996
1604095980,participant_1693,3977
1604095986,participant_1694,4021
1604095993,participant_1695,4014
1604096000,participant_1347,4023
1604096000,participant_1696,3966
1604096013,participant_1287,4033
1604096066,participant_1697,4020
1604096066,participant_1126,4034
1604096066,participant_1347,4038
1604096093,participant_1698,4027
1604096094,participant_1699,4008
1604096115,participant_1700,4030
1604096120,participant_0678,4042
1604096125,participant_1701,4035
1604096129,participant_1702,4011
1604096131,participant_1347,4045
1604096151,participant_1703,4016
1604096152,participant_1704,4039
1604096152,participant_1287,4040
1604096162,participant_1705,4022
1604096183,participant_0711,4031
1604096186,participant_1347,4050
1604096190,participant_1071,4041
1604096230,participant_1706,4029
1604096239,participant_0798,4051
1604096241,participant_1707,4026
1604096263,participant_1287,4051
1604096269,participant_1708,4049
1604096275,participant_1709,4047
1604096281,participant_1710,4048
1604096324,participant_1373,4053
1604096338,participant_1347,4054
1604096340,participant_1287,4062
1604096356,participant_0711,4061
1604096382,participant_1711,4059
1604096398,participant_0798,4060
1604096417,participant_1712,4072
1604096421,participant_1557,4066
1604096428,participant_1713,4064
1604096441,participant_1373,4074
1604096444,participant_0711,4079
1604096456,participant_1287,4076
1604096463,participant_1714,4078
1604096489,participant_1071,4071
1604096500,participant_1715,4073
1604096501,participant_1696,4065
1604096502,participant_0798,4081
1604096518,participant_1182,4055
1604096545,participant_1716,4088
1604096545,participant_1373,4085
1604096551,participant_1717,4083
1604096555,participant_1701,4086
1604096555,participant_0711,4085
1604096567,participant_1347,4092
1604096570,participant_1287,4090
1604096579,participant_1718,4093
1604096579,participant_1719,4068
1604096599,participant_1720,4077
1604096605,participant_1721,4090
1604096634,participant_1722,4067
1604096637,participant_0798,4096
1604096640,participant_1287,4100
1604096669,participant_1373,4101
1604096674,participant_1347,4099
1604096696,participant_1723,4106
1604096729,participant_1724,4082
1604096730,participant_0392,4110
1604096741,participant_1287,4113
1604096759,participant_1725,4095
1604096771,participant_1726,4094
1604096776,participant_1727,4097
1604096783,participant_1728,4109
1604096800,participant_1347,4114
1604096813,participant_0392,4118
1604096831,participant_1182,4108
1604096843,participant_1287,4122
1604096853,participant_0239,4111
1604096856,participant_1729,4117
1604096858,participant_1347,4126
1604096875,participant_1730,4103
1604096898,participant_1731,4120
1604096909,participant_1732,4107
1604096928,participant_1733,4123
1604096932,participant_1734,4124
1604096943,participant_1347,4131
1604096946,participant_1735,4127
1604096969,participant_1287,4129
1604097011,participant_1347,4137
1604097045,participant_1736,4135
1604097085,participant_1737,4128
1604097095,participant_1347,4142
1604097103,participant_1182,4138
1604097106,participant_1738,4138
1604097107,participant_1531,4142
1604097119,participant_1545,4141
1604097170,participant_1739,4063
1604097257,participant_1347,4150
1604097297,participant_1287,4152
1604097365,participant_1347,4154
1604097421,participant_1347,4164
1604097424,participant_1287,4156
1604097427,participant_0604,4163
1604097462,participant_1740,4161
1604097473,participant_1741,4158
1604097484,participant_1347,4170
1604097487,participant_1742,4165
1604097499,participant_1287,4172
1604097507,participant_0894,4169
1604097535,participant_1531,4167
1604097542,participant_1347,4176
1604097569,participant_1743,4165
1604097588,participant_1287,4178
1604097593,participant_0604,4175
1604097595,participant_1347,4182
1604097635,participant_1744,4173
1604097646,participant_0235,4181
1604097648,participant_1347,4188
1604097659,participant_0604,4186
1604097663,participant_1627,4180
1604097689,participant_1745,4183
1604097706,participant_1287,4192
1604097731,participant_1347,4195
1604097757,participant_0604,4196
1604097763,participant_1746,4185
1604097769,participant_1345,4202
1604097792,participant_1747,4162
1604097796,participant_1748,4200
1604097807,participant_1749,4197
1604097822,participant_1469,4191
1604097834,participant_1345,4208
1604097839,participant_1750,4198
1604097842,participant_1751,4204
1604097853,participant_0604,4207
1604097896,participant_1345,4211
1604097922,participant_0604,4212
1604097925,participant_0893,4210
1604097979,participant_1287,4206
1604097994,participant_1347,4215
1604098008,participant_1714,4216
1604098027,participant_1638,4214
1604098072,participant_1603,4217
1604098104,participant_1347,4225
1604098132,participant_1287,4229
1604098172,participant_0604,4223
1604098177,participant_0894,4230
1604098203,participant_1752,4218
1604098255,participant_1287,4231
1604098284,participant_0604,4233
1604098353,participant_1287,4236
1604098368,participant_0604,4238
1604098378,participant_1753,4234
1604098450,participant_1754,4232
1604098484,participant_0604,4240
1604098509,participant_1287,4241
1604098532,participant_0231,4245
1604098540,participant_1010,4243
1604098590,participant_1287,4250
1604098596,participant_1755,4208
1604098618,participant_0604,4251
1604098619,participant_1756,4246
1604098651,participant_1757,4253
1604098732,participant_1663,4252
1604098746,participant_1287,4254
1604098773,participant_1758,4258
1604098803,participant_1759,4256
1604098859,participant_1287,4262
1604098932,participant_1760,4263
1604098970,participant_1761,4265
1604098981,participant_1287,4267
1604098982,participant_1762,4264
1604099031,participant_1763,4261
1604099052,participant_1764,4266
1604099080,participant_1287,4275
1604099136,participant_1765,4274
1604099150,participant_1287,4278
1604099212,participant_1287,4280
1604099313,participant_1766,4271
1604099401,participant_1767,4282
1604099439,participant_1287,4284
1604099475,participant_1345,4288
1604099485,participant_1768,4283
1604099510,participant_1769,4286
1604099602,participant_1345,4291
1604099675,participant_1287,4297
1604099699,participant_1345,4299
1604099767,participant_1345,4302
1604099841,participant_0845,4299
1604099848,participant_1770,4301
1604099854,participant_1345,4303
1604099870,participant_1584,4304
1604099925,participant_1345,4309
1604100006,participant_1771,4306
1604100047,participant_1345,4312
1604100136,participant_1345,4316
1604100157,participant_1772,4311
1604100182,participant_1773,4315
1604100212,participant_1345,4317
1604100269,participant_1345,4320
1604100388,participant_1772,4319
1604100420,participant_1774,4314
1604100455,participant_1775,4322
1604100460,participant_1776,4321
1604100493,participant_1777,4285
1604100513,participant_0256,4323
1604100553,participant_1182,4325
1604100688,participant_1778,4329
1604100712,participant_1779,4331
1604100717,participant_1780,4327
1604100870,participant_1780,4337
1604100893,participant_1781,4340
1604100902,participant_0915,4342
1604100921,participant_1782,4341
1604101000,participant_1783,4343
1604101010,participant_1780,4344
1604101032,participant_1784,4346
1604101056,participant_1785,4348
1604101223,participant_1213,4352
1604101291,participant_1786,4351
1604101343,participant_1787,4354
1604101509,participant_1788,4359
1604101514,participant_0915,4360
1604101639,participant_1347,4363
1604101737,participant_1789,4362
1604101763,participant_1790,4364
1604101862,participant_1791,4367
1604101863,participant_1792,4371
1604101867,participant_1793,4368
1604101875,participant_1794,4370
1604101915,participant_1055,4371
1604102016,participant_1182,4374
1604102054,participant_1055,4376
1604102088,participant_1795,4373
1604102143,participant_0825,4365
1604102147,participant_1780,4380
1604102179,participant_1796,4381
1604102195,participant_1797,4376
1604102257,participant_1798,4382
1604102266,participant_0016,4379
1604102273,participant_1780,4388
1604102302,participant_1799,4385
1604102356,participant_1800,4389
1604102359,participant_1801,4384
1604102371,participant_1802,4383
1604102374,participant_0915,4392
1604102394,participant_0016,4393
1604102441,participant_1803,4390
1604102470,participant_1804,4391
1604102669,participant_1805,4386
1604102710,participant_1104,4398
1604102798,participant_1806,4397
1604102874,participant_1182,4399
1604102909,participant_1807,4401
1604102937,participant_1104,4402
1604103134,participant_1182,4405
1604103345,participant_1182,4410
1604103364,participant_1104,4414
1604103423,participant_1143,4415
1604103473,participant_1808,4416
1604103619,participant_0323,4424
1604103649,participant_0856,4426
1604103654,participant_0730,4421
1604103664,participant_1809,4422
1604103918,participant_1182,4435
1604104138,participant_1810,4428
1604104273,participant_1811,4439
1604104310,participant_1182,4435
1604104356,participant_0118,4438
1604104425,participant_1182,4447
1604104500,participant_1812,4445
1604104523,participant_1813,4446
1604104557,participant_1182,4448
1604104670,participant_1814,4449
1604104684,participant_1182,4451
1604104754,participant_1815,4452
1604104825,participant_1816,4454
1604104841,participant_1817,4455
1604105192,participant_1818,4457
1604105254,participant_1819,4456
1604105309,participant_0481,4460
1604105362,participant_1820,4458
1604105523,participant_1821,4465
1604105640,participant_1822,4461
1604105761,participant_1823,4469
1604105950,participant_1824,4471
1604106060,participant_1057,4474
1604106067,participant_1825,4476
1604106076,participant_1826,4473
1604106095,participant_1827,4472
1604106202,participant_1828,4475
1604106211,participant_1826,4477
1604106322,participant_1829,4479
1604106366,participant_1830,4481
1604106484,participant_1831,4482
1604106970,participant_1832,4486
1604107097,participant_1833,4487
1604107303,participant_1834,4495
1604107343,participant_1835,4496
1604107418,participant_1836,4499
1604107461,participant_1837,4501
1604107477,participant_1838,4502
1604107663,participant_1839,4507
1604107678,participant_1840,4504
1604107700,participant_1841,4510
1604107734,participant_1842,4504
1604107755,participant_1843,4511
1604107762,participant_1844,4508
1604107868,participant_0056,4515
1604107923,participant_1845,4519
1604107942,participant_1846,4516
1604107965,participant_1780,4518
1604108092,participant_1780,4525
1604108152,participant_1845,4529
1604108163,participant_1841,4520
1604108195,participant_1847,4521
1604108319,participant_1848,4532
1604108331,participant_1849,4526
1604108473,participant_1850,4531
1604108515,participant_1845,4544
1604108559,participant_1851,4533
1604108561,participant_1841,4537
1604108579,participant_1852,4547
1604108672,participant_1853,4541
1604108830,participant_1845,4550
1604108938,participant_1845,4556
1604108994,participant_1854,4552
1604109016,participant_1855,4553
1604109055,participant_1732,4523
1604109076,participant_1856,4537
1604109113,participant_1857,4565
1604109352,participant_1841,4557
1604109460,participant_1858,4571
1604109648,participant_1859,4573
1604109660,participant_1860,4566
1604109705,participant_1861,4574
1604109816,participant_1845,4578
1604109877,participant_1841,4579
1604109975,participant_1862,4577
1604110072,participant_1863,4576
1604110123,participant_1466,4583
1604110187,participant_1864,4584
1604110296,participant_1841,4586
1604110348,participant_1865,4588
1604110353,participant_1866,4585
1604110384,participant_1867,4589
1604110488,participant_1057,4570
1604110596,participant_1868,4582
1604110613,participant_1869,4590
1604110891,participant_1870,4593
1604110958,participant_1871,4598
1604111058,participant_1872,4596
1604111083,participant_1873,4600
1604111103,participant_1874,4599
1604111388,participant_1875,4604
1604111438,participant_0755,4608
1604111509,participant_1876,4609
1604111640,participant_1841,4596
1604111711,participant_1877,4611
1604111793,participant_0125,4606
1604112401,participant_1878,4625
1604112417,participant_1879,4622
1604112576,participant_1880,4630
1604112638,participant_1881,4622
1604112762,participant_1882,4615
1604112958,participant_1197,4635
1604113023,participant_1841,4616
1604113129,participant_1883,4639
1604113214,participant_1884,4638
1604113371,participant_1841,4644
1604113421,participant_1885,4612
1604113694,participant_0125,4648
1604113775,participant_1886,4646
1604113820,participant_1887,4651
1604113848,participant_1841,4653
1604113904,participant_1888,4655
1604113946,participant_1889,4654
1604113975,participant_1890,4652
1604114040,participant_1891,4656
1604114199,participant_1858,4660
1604114226,participant_1892,4661
1604114577,participant_1893,4662
1604114785,participant_1894,4663
1604114952,participant_1895,4665
1604115084,participant_1896,4672
1604115128,participant_1897,4675
1604115212,participant_1898,4671
1604115382,participant_1899,4681
1604115384,participant_1900,4678
1604115430,participant_1901,4679
1604115455,participant_1902,4682
1604115743,participant_1903,4685
1604115754,participant_1904,4683
1604116007,participant_1905,4684
1604116258,participant_1906,4690
1604116267,participant_1907,4689
1604116642,participant_1908,4692
1604116777,participant_1909,4694
1604116807,participant_1910,4696
1604117016,participant_1911,4700
1604117374,participant_1912,4705
1604117423,participant_1913,4704
1604117450,participant_1914,4706
1604117573,participant_1915,4709
1604117856,participant_1916,4713
1604117931,participant_1917,4712
1604118011,participant_1918,4716
1604118228,participant_1919,4719
1604118437,participant_1920,4718
1604118512,participant_1921,4721
1604118756,participant_1922,4723
1604118895,participant_1923,4727
1604118952,participant_1924,4726
1604119093,participant_1925,4729
1604119122,participant_1926,4730
1604119553,participant_1927,4731
1604119786,participant_1928,4733
1604120111,participant_1929,4732
1604120495,participant_1930,4738
1604120638,participant_1931,4740
1604120986,participant_1932,4744
1604121277,participant_1933,4749
1604121588,participant_1934,4735
1604121674,participant_1935,4751
1604122022,participant_1936,4753
1604122347,participant_1937,4760
1604122536,participant_1938,4758
1604122673,participant_1939,4761
1604123304,participant_0550,4764
1604123317,participant_1940,4767
1604123426,participant_1941,4766
1604123646,participant_0550,4769
1604123801,participant_1942,4771
1604123950,participant_0550,4774
1604123956,participant_1942,4777
1604124082,participant_1942,4778
1604124155,participant_1584,4783
1604124211,participant_1942,4780
1604124234,participant_0018,4775
1604124307,participant_1942,4784
1604124409,participant_1942,4786
1604124552,participant_1942,4790
1604124554,participant_0550,4787
1604124649,participant_1942,4792
1604124730,participant_1942,4793
1604124832,participant_1942,4794
1604124914,participant_1942,4796
1604125003,participant_1942,4798
1604125109,participant_1942,4801
1604125142,participant_1943,4799
1604125229,participant_1942,4803
1604125274,participant_1944,4800
1604125306,participant_1945,4802
1604125348,participant_1942,4805
1604125417,participant_1942,4806
1604125500,participant_1942,4807
1604125577,participant_1946,4808
1604125588,participant_1942,4809
1604125671,participant_1942,4810
1604125742,participant_1946,4811
1604125848,participant_1947,4813
1604125914,participant_1947,4814
1604126087,participant_1947,4815
1604126213,participant_1947,4816
1604126622,participant_1948,4818
1604126715,participant_1949,4820
1604126747,participant_1739,4819
1604127034,participant_1950,4822
1604127116,participant_1951,4823
1604127319,participant_1952,4824
1604127324,participant_1950,4826
1604127452,participant_1953,4828
1604127716,participant_1954,4834
1604127892,participant_1955,4835
1604128414,participant_1956,4837
1604128442,participant_1957,4842
1604128448,participant_1958,4843
1604129892,participant_1959,4846
1604129973,participant_1960,4848
1604130402,participant_1961,4847
1604130578,participant_1962,4850
1604131054,participant_1963,4854
1604131216,participant_1964,4853
1604132390,participant_1965,4859
1604132423,participant_1966,4857
1604132608,participant_1967,4861
1604132695,participant_1584,4862
1604133040,participant_1968,4863
1604133509,participant_1969,4865
1604133598,participant_1970,4867
1604133811,participant_1971,4866
1604133944,participant_1972,4869
1604133988,participant_1973,4868
1604134161,participant_1974,4870
1604137004,participant_1975,4872
1604143565,participant_1976,4874
1604146526,participant_1977,4877
1604146887,participant_1978,4878
1604150569,participant_1979,4880
1604150833,participant_1980,4881
1604151261,participant_1981,4883
1604151344,participant_1982,4885
1604151619,participant_1983,4886
1604152058,participant_1984,4889
1604152199,participant_1985,4890
1604152209,participant_1986,4890
1604152495,participant_1987,4892
1604153052,participant_1603,4894
1604153300,participant_1988,4895
1604153430,participant_1989,4896
1604153547,participant_1990,4897
1604154007,participant_0475,4899
1604154598,participant_1991,4901
1604154779,participant_1992,4902
1604155120,participant_1993,4904
1604155170,participant_1994,4903
1604156199,participant_1994,4905
1604156315,participant_1994,4908
1604156336,participant_1995,4907
1604156345,participant_1996,4906
1604156474,participant_1994,4909
1604156499,participant_1786,4910
1604156811,participant_1997,4911
1604156944,participant_1998,4912
1604157074,participant_1146,4915
1604157091,participant_1994,4916
1604157211,participant_1994,4917
1604157289,participant_1999,4918
1604157314,participant_1994,4919
1604157657,participant_2000,4924
1604157746,participant_2001,4926
1604157851,participant_2002,4923
1604159875,participant_2003,4928
1604160639,participant_2004,4929
1604164185,participant_2005,4932
1604164605,participant_2006,4934
1604165133,participant_2007,4935
1604165220,participant_2008,4933
1604165920,participant_2009,4936
1604166293,participant_2010,4937
1604169591,participant_2011,4939
1604173324,participant_2012,4940
1604173521,participant_2013,4941
1604173716,participant_0915,4946
1604174374,participant_2014,4948
1604174676,participant_0915,4949
1604174770,participant_0915,4950
1604174864,participant_0915,4951
1604175259,participant_2015,4952
1604175281,participant_0915,4953
1604175415,participant_0915,4954
1604176363,participant_2016,4956
1604178025,participant_1991,4961
1604178419,participant_2017,4962
1604178559,participant_0915,4966
1604178746,participant_0915,4969
1604178749,participant_2018,4967
1604178876,participant_0915,4971
1604179508,participant_2019,4975
1604180231,participant_0915,4978
1604180319,participant_0915,4979
1604180380,participant_2020,4980
1604180435,participant_0915,4981
1604180562,participant_0915,4982
1604181584,participant_0915,4984
1604181731,participant_2021,4985
1604181819,participant_0915,4987
1604181919,participant_0915,4988
1604182616,participant_2022,4989
1604183456,participant_2023,4990
1604184107,participant_2024,4986
1604184270,participant_2025,4991
1604187633,participant_2026,4994
1604187795,participant_0915,4997
1604188577,participant_2027,5000
1604188669,participant_0915,5002
1604188761,participant_0915,5004
1604188794,participant_2028,5001
1604188993,participant_0915,5005
1604189563,participant_2029,5006
1604189720,participant_0915,5007
1604189802,participant_0915,5008
1604190141,participant_0915,5010
1604190970,participant_2030,5012
1604191805,participant_2031,5014
1604192109,participant_0894,5015
1604192340,participant_2032,5017
1604192345,participant_2033,5016
1604192402,participant_0894,5018
1604192556,participant_2034,5020
1604192839,participant_0915,5022
1604194547,participant_2035,5025
1604195625,participant_2036,5028
1604195742,participant_0915,5029
1604195853,participant_0915,5030
1604195975,participant_0915,5031
1604198264,participant_2037,5036
1604198441,participant_2038,5037
1604198533,participant_2039,5039
1604198678,participant_2039,5040
1604198691,participant_2040,5038
1604198781,participant_2039,5041
1604198932,participant_2039,5042
1604200037,participant_0894,5043
1604200584,participant_2039,5044
1604201641,participant_2041,5045
1604202763,participant_2042,5046
1604203254,participant_2043,5047
1604204509,participant_2044,5048
1604205184,participant_1729,5049
1604205605,participant_2039,5050
1604205821,participant_2039,5051
1604205934,participant_2039,5052
1604206073,participant_2039,5053
1604207455,participant_2045,5057
1604208910,participant_2046,5060
1604209674,participant_2047,5062
1604209772,participant_2047,5063
1604209872,participant_2047,5064
1604209955,participant_2047,5065
1604212065,participant_2048,5069
1604212413,participant_2049,5070
1604212674,participant_2050,5071
1604215609,participant_1676,5073
1604216794,participant_2051,5074
1604217113,participant_2052,5076
1604217341,participant_2053,5077
1604222648,participant_2054,5084
1604223143,participant_2055,5085
1604223508,participant_2056,5088
1604227061,participant_2057,5094
1604227532,participant_2058,5096
1604228064,participant_2059,5099
1604228171,participant_2060,5100
1604228358,participant_2061,5101
1604228655,participant_2039,5103
1604231899,participant_2062,5105
1604231980,participant_2063,5108
1604232197,participant_2064,5109
1604232783,participant_2065,5110
1604234653,participant_2066,5112
1604237183,participant_2067,5116
1604237301,participant_2068,5118
1604237759,participant_2069,5119
1604237920,participant_2070,5120
1604238064,participant_2071,5121
1604239053,participant_2072,5125
1604239633,participant_2073,5126
1604240147,participant_2074,5131
1604240169,participant_2075,5130
1604240179,participant_2076,5129
1604242017,participant_2077,5139
1604242045,participant_2078,5141
1604242065,participant_1105,5143
1604242083,participant_2079,5144
1604242258,participant_0246,5149
1604242288,participant_2080,5147
1604242311,participant_2081,5153
1604242431,participant_2082,5156
1604242767,participant_0181,5162
1604242809,participant_2083,5163
1604242811,participant_0009,5158
1604242916,participant_2084,5157
1604242935,participant_2085,5181
1604242946,participant_2086,5171
1604242999,participant_2087,5176
1604243003,participant_2088,5186
1604243004,participant_2089,5190
1604243018,participant_2090,5188
1604243096,participant_2091,5189
1604243100,participant_0480,5178
1604243132,participant_2092,5191
1604243172,participant_2093,5169
1604243215,participant_0179,5167
1604243303,participant_2094,5193
1604243309,participant_2095,5183
1604243315,participant_2096,5192
1604243337,participant_2097,5200
1604243348,participant_0179,5201
1604243372,participant_2098,5198
1604243445,participant_0179,5205
1604243479,participant_2099,5203
1604243556,participant_1540,5211
1604243576,participant_2100,5213
1604243577,participant_2101,5207
1604243597,participant_2102,5216
1604243600,participant_2103,5199
1604243604,participant_0179,5214
1604243699,participant_0157,5210
1604243707,participant_2104,5217
1604243742,participant_0894,5220
1604243807,participant_2105,5212
1604243917,participant_2106,5223
1604243933,participant_2107,5222
1604243939,participant_2108,5196
1604243950,participant_2109,5230
1604243962,participant_2110,5224
1604244122,participant_2111,5233
1604244125,participant_1678,5209
1604244126,participant_0080,5231
1604244144,participant_0711,5238
1604244277,participant_0711,5243
1604244282,participant_1788,5241
1604244309,participant_2112,5242
1604244322,participant_2113,5239
1604244360,participant_0557,5234
1604244392,participant_0452,5249
1604244407,participant_2114,5244
1604244470,participant_2115,5248
1604244510,participant_2116,5253
1604244569,participant_2117,5252
1604244627,participant_2115,5267
1604244635,participant_2118,5250
1604244658,participant_2119,5256
1604244669,participant_2120,5258
1604244694,participant_2121,5269
1604244716,participant_2122,5268
1604244727,participant_1929,5237
1604244755,participant_0681,5271
1604244766,participant_1672,5274
1604244766,participant_0452,5263
1604244802,participant_0785,5270
1604244803,participant_1588,5225
1604244831,participant_2123,5280
1604244848,participant_1878,5278
1604244857,participant_2124,5282
1604244870,participant_2125,5279
1604244894,participant_2126,5277
1604244927,participant_1709,5291
1604244936,participant_2127,5298
1604244936,participant_2128,5284
1604244937,participant_2129,5266
1604244942,participant_2130,5294
1604244954,participant_2131,5275
1604244958,participant_2132,5288
1604244964,participant_0452,5306
1604244987,participant_2133,5286
1604245009,participant_2134,5293
1604245019,participant_2135,5292
1604245025,participant_2136,5301
1604245031,participant_2137,5289
1604245048,participant_0798,5311
1604245053,participant_2138,5296
1604245059,participant_2139,5308
1604245068,participant_2140,5305
1604245069,participant_2141,5303
1604245071,participant_2142,5310
1604245127,participant_2143,5316
1604245139,participant_1474,5313
1604245160,participant_0798,5324
1604245198,participant_2144,5323
1604245213,participant_1629,5317
1604245239,participant_2145,5328
1604245239,participant_2146,5319
1604245242,participant_2147,5325
1604245266,participant_1373,5341
1604245268,participant_2148,5318
1604245268,participant_2149,5326
1604245275,participant_2150,5327
1604245278,participant_0798,5339
1604245279,participant_2151,5330
1604245281,participant_2152,5322
1604245294,participant_2153,5307
1604245299,participant_2154,5334
1604245304,participant_2155,5333
1604245345,participant_1373,5351
1604245349,participant_0049,5335
1604245354,participant_0452,5350
1604245366,participant_2156,5344
1604245369,participant_2157,5314
1604245382,participant_0798,5353
1604245387,participant_2158,5342
1604245392,participant_2159,5336
1604245409,participant_2160,5349
1604245418,participant_2161,5343
1604245428,participant_2162,5347
1604245441,participant_2163,5356
1604245463,participant_1373,5359
1604245489,participant_0798,5364
1604245494,participant_2164,5276
1604245520,participant_2165,5353
1604245537,participant_2166,5366
1604245544,participant_0452,5368
1604245579,participant_2167,5357
1604245589,participant_0798,5371
1604245610,participant_2168,5369
1604245618,participant_0711,5372
1604245618,participant_2169,5367
1604245622,participant_0460,5353
1604245645,participant_2170,5365
1604245672,participant_2171,5362
1604245697,participant_2172,5374
1604245710,participant_1373,5383
1604245711,participant_2173,5321
1604245717,participant_0711,5381
1604245725,participant_0798,5384
1604245748,participant_2174,5380
1604245754,participant_1910,5379
1604245773,participant_0210,5386
1604245783,participant_1473,5385
1604245806,participant_2175,5377
1604245819,participant_1934,5359
1604245824,participant_2176,5358
1604245837,participant_0711,5389
1604245851,participant_1373,5390
1604245864,participant_0798,5388
1604245920,participant_0210,5396
1604245948,participant_1373,5397
1604245963,participant_2177,5393
1604245982,participant_0798,5398
1604245986,participant_2178,5392
1604245995,participant_2179,5395
1604246010,participant_0452,5380
1604246024,participant_2180,5372
1604246039,participant_1829,5394
1604246061,participant_2181,5387
1604246087,participant_0798,5403
1604246097,participant_0231,5404
1604246100,participant_0210,5406
1604246113,participant_1373,5405
1604246169,participant_0798,5408
1604246172,participant_0711,5399
1604246177,participant_0210,5410
1604246208,participant_1373,5411
1604246218,participant_0515,5402
1604246225,participant_0231,5413
1604246240,participant_0210,5415
1604246270,participant_0798,5415
1604246297,participant_1373,5417
1604246318,participant_0210,5419
1604246332,participant_2182,5400
1604246357,participant_0755,5417
1604246370,participant_0798,5421
1604246377,participant_0210,5424
1604246378,participant_0711,5420
1604246397,participant_2183,5421
1604246404,participant_0406,5408
1604246419,participant_0210,5430
1604246435,participant_1373,5426
1604246467,participant_0798,5431
1604246473,participant_2184,5428
1604246481,participant_0231,5433
1604246488,participant_0452,5407
1604246514,participant_0210,5438
1604246516,participant_0205,5432
1604246532,participant_2185,5370
1604246543,participant_1373,5440
1604246559,participant_0798,5439
1604246573,participant_0210,5446
1604246578,participant_0452,5441
1604246571,participant_0401,5411
1604246590,participant_0711,5433
1604246620,participant_1373,5448
1604246633,participant_0210,5451
1604246650,participant_0798,5449
1604246653,participant_0452,5452
1604246693,participant_0210,5455
1604246696,participant_1373,5454
1604246697,participant_0503,5449
1604246710,participant_2176,5447
1604246739,participant_0711,5453
1604246739,participant_0210,5459
1604246745,participant_0798,5456
1604246749,participant_0452,5460
1604246761,participant_1373,5461
1604246771,participant_0231,5441
1604246838,participant_1373,5470
1604246844,participant_0711,5466
1604246848,participant_0798,5468
1604246849,participant_0210,5471
1604246863,participant_0231,5472
1604246877,participant_0452,5464
1604246896,participant_1786,5463
1604246907,participant_1373,5474
1604246934,participant_0231,5478
1604246937,participant_0467,5475
1604246962,participant_2186,5479
1604246963,participant_0452,5480
1604246972,participant_1373,5484
1604246973,participant_0210,5486
1604246998,participant_0798,5483
1604247004,participant_0231,5487
1604247030,participant_0210,5489
1604247052,participant_0231,5492
1604247092,participant_1653,5477
1604247112,participant_0231,5499
1604247114,participant_0711,5486
1604247116,participant_0452,5494
1604247126,participant_0798,5497
1604247128,participant_1373,5501
1604247132,participant_0210,5502
1604247138,participant_1057,5494
1604247179,participant_2187,5491
1604247190,participant_0452,5503
1604247197,participant_1373,5505
1604247203,participant_0210,5511
1604247224,participant_0711,5509
1604247229,participant_2188,5490
1604247241,participant_0798,5509
1604247250,participant_0231,5503
1604247253,participant_0210,5513
1604247260,participant_0452,5512
1604247268,participant_1373,5513
1604247306,participant_0210,5519
1604247313,participant_0711,5516
1604247334,participant_0798,5519
1604247335,participant_2189,5515
1604247344,participant_1373,5521
1604247355,participant_0231,5523
1604247363,participant_0452,5521
1604247417,participant_0210,5530
1604247420,participant_2190,5529
1604247426,participant_0798,5528
1604247432,participant_0711,5527
1604247449,participant_1373,5533
1604247468,participant_0060,5526
1604247480,participant_0231,5530
1604247493,participant_0210,5536
1604247521,participant_2191,5507
1604247529,participant_1373,5540
1604247554,participant_0452,5541
1604247562,participant_2192,5534
1604247564,participant_0210,5544
1604247613,participant_2193,5539
1604247627,participant_0210,5550
1604247629,participant_1922,5523
1604247630,participant_2194,5547
1604247675,participant_2195,5546
1604247676,participant_0210,5551
1604247727,participant_0210,5556
1604247761,participant_1475,5553
1604247762,participant_0711,5557
1604247765,participant_0798,5536
1604247774,participant_0210,5560
1604247791,participant_1373,5559
1604247828,participant_0452,5560
1604247832,participant_0231,5544
1604247840,participant_1613,5558
1604247843,participant_2194,5562
1604247866,participant_0798,5565
1604247875,participant_1373,5568
1604247886,participant_0231,5573
1604247886,participant_0210,5571
1604247896,participant_0452,5572
1604247921,participant_0711,5574
1604247942,participant_0231,5578
1604247952,participant_0798,5577
1604247955,participant_2194,5575
1604247958,participant_1373,5579
1604247959,participant_0210,5581
1604247977,participant_0452,5580
1604247995,participant_0711,5582
1604248024,participant_2196,5576
1604248026,participant_0452,5588
1604248032,participant_0210,5588
1604248046,participant_0798,5586
1604248053,participant_2194,5586
1604248054,participant_1373,5590
1604248059,participant_0231,5583
1604248088,participant_0210,5592
1604248090,participant_0711,5591
1604248148,participant_1373,5595
1604248150,participant_0798,5595
1604248173,participant_0210,5603
1604248183,participant_0452,5600
1604248198,participant_0711,5599
1604248212,participant_2194,5602
1604248216,participant_0210,5608
1604248217,participant_0231,5604
1604248236,participant_1373,5605
1604248250,participant_0452,5609
1604248266,participant_0210,5611
1604248267,participant_0798,5607
1604248276,participant_0231,5612
1604248328,participant_2194,5612
1604248328,participant_1373,5614
1604248339,participant_0231,5618
1604248342,participant_0210,5619
1604248367,participant_0798,5619
1604248384,participant_0231,5623
1604248390,participant_0452,5616
1604248410,participant_0488,5601
1604248416,participant_1373,5621
1604248444,participant_0231,5626
1604248472,participant_2197,5621
1604248474,participant_0798,5626
1604248492,participant_0452,5629
1604248502,participant_0711,5630
1604248502,participant_0210,5632
1604248516,participant_0231,5632
1604248539,participant_1373,5630
1604248554,participant_0798,5635
1604248570,participant_0210,5640
1604248570,participant_2194,5632
1604248570,participant_0231,5639
1604248575,participant_0711,5637
1604248594,participant_1373,5641
1604248627,participant_0231,5643
1604248643,participant_0798,5642
1604248660,participant_0711,5645
1604248665,participant_0452,5646
1604248664,participant_0210,5650
1604248671,participant_1373,5648
1604248680,participant_2194,5649
1604248692,participant_2198,5628
1604248712,participant_0798,5651
1604248713,participant_0231,5652
1604248729,participant_0210,5652
1604248735,participant_0452,5656
1604248744,participant_1373,5655
1604248748,participant_0711,5653
1604248763,participant_0231,5658
1604248778,participant_2194,5657
1604248793,participant_0210,5660
1604248809,participant_0798,5659
1604248811,participant_0452,5661
1604248825,participant_0711,5663
1604248850,participant_0210,5665
1604248858,participant_0231,5669
1604248872,participant_1373,5665
1604248881,participant_2194,5667
1604248905,participant_0798,5671
1604248905,participant_0452,5669
1604248913,participant_0210,5674
1604248930,participant_0231,5675
1604248932,participant_0711,5673
1604248942,participant_1373,5675
1604248965,participant_0210,5678
1604248983,participant_2194,5677
1604248984,participant_1592,5594
1604248990,participant_0231,5680
1604249014,participant_1373,5681
1604249017,participant_0210,5685
1604249019,participant_0798,5679
1604249024,participant_0711,5683
1604249028,participant_2199,5668
1604249067,participant_0231,5687
1604249068,participant_0210,5689
1604249073,participant_2194,5688
1604249099,participant_0452,5686
1604249100,participant_1373,5689
1604249103,participant_0798,5692
1604249108,participant_0711,5692
1604249126,participant_0231,5695
1604249130,participant_0210,5695
1604249168,participant_2194,5697
1604249179,participant_0798,5698
1604249182,participant_0231,5702
1604249186,participant_0711,5700
1604249186,participant_0452,5698
1604249190,participant_0210,5703
1604249227,participant_0210,5706
1604249236,participant_1373,5700
1604249251,participant_0231,5707
1604249268,participant_2194,5707
1604249270,participant_0798,5711
1604249277,participant_0711,5712
1604249280,participant_0210,5713
1604249306,participant_1373,5714
1604249326,participant_0210,5717
1604249326,participant_0452,5707
1604249342,participant_2200,5708
1604249347,participant_0231,5716
1604249351,participant_0798,5717
1604249364,participant_1373,5720
1604249371,participant_0711,5721
1604249373,participant_0210,5722
1604249405,participant_0231,5725
1604249410,participant_2194,5723
1604249410,participant_0018,5704
1604249419,participant_0452,5724
1604249424,participant_0210,5728
1604249426,participant_1373,5727
1604249429,participant_0798,5726
1604249447,participant_0711,5729
1604249458,participant_0231,5732
1604249492,participant_1373,5735
1604249514,participant_0231,5740
1604249521,participant_0798,5738
1604249528,participant_0711,5741
1604249536,participant_2194,5733
1604249555,participant_0231,5747
1604249556,participant_1373,5745
1604249564,participant_0210,5748
1604249583,participant_1584,5749
1604249599,participant_0711,5750
1604249600,participant_0798,5750
1604249602,participant_2201,5730
1604249619,participant_2194,5752
1604249632,participant_1373,5753
1604249634,participant_0210,5756
1604249660,participant_0231,5753
1604249669,participant_0210,5761
1604249677,participant_0711,5758
1604249694,participant_1373,5762
1604249694,participant_0798,5759
1604249700,participant_2194,5762
1604249720,participant_0210,5765
1604249740,participant_0231,5765
1604249752,participant_0711,5768
1604249752,participant_0452,5769
1604249757,participant_1373,5770
1604249774,participant_0559,5715
1604249783,participant_2194,5772
1604249791,participant_0798,5771
1604249792,participant_0210,5775
1604249811,participant_0452,5778
1604249818,participant_0231,5776
1604249831,participant_0711,5779
1604249844,participant_1373,5776
1604249868,participant_0231,5784
1604249880,participant_0798,5781
1604249895,participant_2194,5782
1604249904,participant_0210,5787
1604249905,participant_0711,5785
1604249911,participant_1373,5786
1604249946,participant_0231,5790
1604249955,participant_0452,5789
1604249959,participant_0210,5792
1604249969,participant_2202,5767
1604249969,participant_0798,5790
1604249985,participant_2194,5793
1604249995,participant_1373,5794
1604250005,participant_0711,5797
1604249996,participant_0210,5799
1604250042,participant_2203,5795
1604250074,participant_0798,5801
1604250074,participant_1373,5802
1604250076,participant_0231,5806
1604250078,participant_2194,5802
1604250080,participant_0711,5805
1604250085,participant_0210,5807
1604250117,participant_0210,5808
1604250129,participant_0559,5796
1604250162,participant_1373,5811
1604250177,participant_2194,5812
1604250180,participant_0210,5816
1604250183,participant_0798,5809
1604250198,participant_0452,5809
1604250200,participant_0711,5814
1604250225,participant_0210,5820
1604250229,participant_1373,5819
1604250268,participant_2194,5821
1604250280,participant_0798,5822
1604250284,participant_0210,5823
1604250286,participant_0452,5824
1604250295,participant_1373,5825
1604250301,participant_0711,5826
1604250302,participant_0559,5818
1604250357,participant_0210,5834
1604250357,participant_0452,5829
1604250363,participant_0798,5828
1604250369,participant_2194,5829
1604250372,participant_0711,5832
1604250372,participant_1373,5831
1604250381,participant_0231,5827
1604250421,participant_0210,5838
1604250429,participant_0452,5837
1604250449,participant_2194,5841
1604250451,participant_1373,5839
1604250456,participant_0711,5840
1604250460,participant_0210,5845
1604250476,participant_0798,5843
1604250495,participant_0210,5847
1604250503,participant_0452,5846
1604250526,participant_1373,5850
1604250540,participant_0210,5852
1604250545,participant_2194,5847
1604250545,participant_0711,5851
1604250572,participant_0231,5843
1604250591,participant_0210,5856
1604250594,participant_1373,5855
1604250597,participant_0798,5854
1604250599,participant_0452,5853
1604250619,participant_0711,5857
1604250631,participant_2194,5857
1604250679,participant_1373,5861
1604250689,participant_0798,5862
1604250688,participant_0452,5863
1604250705,participant_0711,5864
1604250714,participant_2194,5865
1604250750,participant_1373,5867
1604250786,participant_0798,5868
1604250794,participant_0711,5870
1604250832,participant_2194,5869
1604250835,participant_0231,5859
1604250849,participant_2204,5871
1604250856,participant_1373,5872
1604250863,participant_0210,5875
1604250867,participant_0798,5873
1604250869,participant_0711,5876
1604250869,participant_0452,5873
1604250884,participant_0882,5874
1604250904,participant_0231,5878
1604250913,participant_0210,5881
1604250946,participant_1373,5880
1604250947,participant_2194,5879
1604250955,participant_0711,5882
1604250958,participant_0231,5884
1604250960,participant_0210,5885
1604250965,participant_0452,5882
1604251020,participant_0210,5889
1604251038,participant_0452,5889
1604251046,participant_0798,5886
1604251046,participant_2194,5888
1604251048,participant_0711,5890
1604251076,participant_0231,5892
1604251136,participant_0711,5894
1604251138,participant_0452,5893
1604251145,participant_0798,5894
1604251152,participant_2194,5896
1604251158,participant_0231,5897
1604251205,participant_0711,5898
1604251210,participant_0452,5899
1604251230,participant_0798,5900
1604251233,participant_2194,5902
1604251237,participant_0231,5901
1604251298,participant_2194,5905
1604251332,participant_0798,5905
1604251358,participant_0231,5904
1604251370,participant_0452,5903
1604251412,participant_2194,5907
1604251425,participant_0231,5908
1604251455,participant_0798,5908
1604251470,participant_1373,5911
1604251487,participant_0452,5910
1604251519,participant_2194,5912
1604251554,participant_0798,5913
1604251618,participant_2194,5914
1604251643,participant_0452,5915
1604251723,participant_0452,5917
1604251751,participant_2194,5918
1604251812,participant_0452,5920
1604251835,participant_2194,5921
1604251889,participant_0452,5922
1604251967,participant_0452,5924
1604251970,participant_2205,5916
1604252117,participant_0878,5926
1604252201,participant_2206,5923
1604252259,participant_0452,5927
1604252506,participant_2207,5928
1604252629,participant_0210,5931
1604252969,participant_0210,5932
1604254316,participant_0231,5936
1604254856,participant_2208,5937
1604255869,participant_2209,5938
1604257552,participant_2019,5941
1604257831,participant_2210,5942
1604261853,participant_2211,5945
1604262721,participant_2212,5949
1604270046,participant_0418,5958
1604270088,participant_2213,5960
1604270147,participant_2214,5959
1604270163,participant_2215,5961
1604270203,participant_0608,5968
1604270213,participant_2216,5963
1604270252,participant_2217,5964
1604270276,participant_2218,5964
1604270277,participant_2219,5964
1604270286,participant_2220,5971
1604270288,participant_0608,5978
1604270294,participant_0231,5962
1604270299,participant_2221,5970
1604270324,participant_2222,5979
1604270327,participant_2223,5964
1604270361,participant_0608,5987
1604270381,participant_0231,5990
1604270410,participant_2224,5988
1604270433,participant_0210,5994
1604270441,participant_2225,5980
1604270468,participant_0608,5998
1604270468,participant_0231,5997
1604270489,participant_0210,6000
1604270491,participant_1078,5984
1604270520,participant_2226,5982
1604270530,participant_0608,6001
1604270545,participant_2227,6010
1604270584,participant_0231,6011
1604270585,participant_2228,6001
1604270589,participant_1317,6007
1604270584,participant_2229,5996
1604270590,participant_0608,6015
1604270599,participant_2230,5999
1604270618,participant_2231,6019
1604270639,participant_0608,6022
1604270651,participant_2232,6004
1604270659,participant_0231,6024
1604270673,participant_1595,6005
1604270703,participant_0608,6027
1604270711,participant_2233,6029
1604270728,participant_0231,6029
1604270757,participant_0608,6034
1604270758,participant_0452,6031
1604270762,participant_0210,6033
1604270790,participant_2234,6014
1604270801,participant_0231,6035
1604270815,participant_0452,6041
1604270817,participant_0608,6039
1604270823,participant_2235,6023
1604270835,participant_2236,6008
1604270864,participant_0452,6050
1604270863,participant_2237,6049
1604270874,participant_0231,6048
1604270879,participant_0608,6052
1604270889,participant_2238,6045
1604270898,participant_0210,6054
1604270922,participant_0608,6057
1604270940,participant_0231,6057
1604270942,participant_2239,6040
1604270961,participant_2237,6062
1604270979,participant_2240,6056
1604270991,participant_2241,6053
1604271001,participant_0608,6066
1604271002,participant_2242,6059
1604271005,participant_0231,6065
1604271008,participant_2243,6038
1604271014,participant_2244,6036
1604271015,participant_0210,6067
1604271029,participant_0452,6067
1604271042,participant_2245,6042
1604271068,participant_1799,6063
1604271075,participant_1394,6037
1604271079,participant_0608,6076
1604271092,participant_0231,6081
1604271094,participant_2246,6055
1604271098,participant_2247,6084
1604271098,participant_0452,6083
1604271114,participant_2248,6069
1604271124,participant_2249,6073
1604271132,participant_2250,6074
1604271140,participant_2251,6072
1604271141,participant_0608,6091
1604271143,participant_2252,6064
1604271162,participant_2242,6077
1604271162,participant_0452,6092
1604271164,participant_0231,6092
1604271166,participant_1801,6088
1604271185,participant_2253,6078
1604271187,participant_2254,6046
1604271200,participant_0210,6103
1604271226,participant_0452,6107
1604271227,participant_0608,6101
1604271236,participant_0231,6108
1604271244,participant_0210,6111
1604271255,participant_2242,6105
1604271263,participant_2255,6090
1604271270,participant_2256,6089
1604271282,participant_2257,6028
1604271285,participant_1900,6069
1604271290,participant_0210,6117
1604271291,participant_0608,6116
1604271300,participant_1875,6060
1604271321,participant_0452,6120
1604271335,participant_2258,6095
1604271336,participant_2242,6119
1604271347,participant_2259,6122
1604271360,participant_0231,6126
1604271363,participant_2260,6100
1604271368,participant_0608,6130
1604271393,participant_0452,6132
1604271400,participant_2261,6103
1604271410,participant_2262,6086
1604271414,participant_2242,6133
1604271421,participant_2263,6110
1604271421,participant_0608,6138
1604271431,participant_0231,6138
1604271463,participant_0452,6141
1604271470,participant_2264,6137
1604271474,participant_2265,6134
1604271479,participant_0210,6147
1604271480,participant_0608,6145
1604271483,participant_2266,6117
1604271491,participant_2242,6143
1604271527,participant_0210,6153
1604271534,participant_0608,6152
1604271542,participant_0452,6151
1604271551,participant_0723,5969
1604271577,participant_2267,6113
1604271583,participant_0210,6158
1604271593,participant_2268,6131
1604271602,participant_0608,6159
1604271608,participant_2269,6143
1604271621,participant_0210,6161
1604271629,participant_0452,6161
1604271638,participant_0231,6163
1604271658,participant_0608,6164
1604271669,participant_1129,6050
1604271677,participant_0210,6166
1604271686,participant_2270,6155
1604271695,participant_0452,6168
1604271710,participant_0231,6172
1604271714,participant_0239,6101
1604271719,participant_1779,6157
1604271723,participant_0210,6178
1604271724,participant_0608,6175
1604271759,participant_0452,6182
1604271760,participant_1322,6142
1604271761,participant_2271,6174
1604271766,participant_0210,6187
1604271770,participant_2239,6166
1604271773,participant_2272,6160
1604271775,participant_2273,6150
1604271777,participant_1888,6177
1604271793,participant_0608,6188
1604271809,participant_2274,6171
1604271812,participant_1455,6183
1604271812,participant_0210,6190
1604271829,participant_1715,6172
1604271863,participant_0231,6196
1604271865,participant_0452,6198
1604271872,participant_2275,6180
1604271875,participant_0210,6201
1604271895,participant_2276,6181
1604271899,participant_0608,6202
1604271908,participant_2277,6192
1604271911,participant_2278,6197
1604271915,participant_2279,6185
1604271939,participant_0231,6206
1604271938,participant_0452,6208
1604271946,participant_0210,6211
1604271956,participant_2280,6194
1604271959,participant_1105,6191
1604271962,participant_0608,6213
1604271967,participant_2281,6199
1604271984,participant_0452,6218
1604271989,participant_0210,6218
1604271995,participant_0231,6220
1604272033,participant_2282,6184
1604272034,participant_0608,6223
1604272035,participant_0210,6224
1604272053,participant_2283,6175
1604272062,participant_2284,6210
1604272074,participant_2285,6215
1604272076,participant_2286,6216
1604272079,participant_0210,6228
1604272101,participant_0608,6232
1604272104,participant_2280,6222
1604272110,participant_2287,6226
1604272116,participant_0231,6233
1604272117,participant_0452,6227
1604272138,participant_1739,6221
1604272145,participant_0210,6236
1604272165,participant_0608,6240
1604272169,participant_0452,6242
1604272197,participant_0210,6248
1604272200,participant_0231,6243
1604272216,participant_1701,6237
1604272222,participant_2288,6238
1604272223,participant_2289,6212
1604272231,participant_0452,6250
1604272233,participant_0210,6252
1604272236,participant_2290,6235
1604272236,participant_0608,6254
1604272238,participant_0723,6237
1604272261,participant_0909,6245
1604272265,participant_2225,6217
1604272272,participant_0210,6256
1604272282,participant_0231,6255
1604272283,participant_1617,6252
1604272301,participant_0608,6257
1604272304,participant_0452,6257
1604272319,participant_0210,6261
1604272332,participant_2291,6231
1604272333,participant_2292,6247
1604272353,participant_0231,6262
1604272357,participant_0452,6265
1604272358,participant_0210,6271
1604272360,participant_0608,6268
1604272364,participant_1617,6265
1604272369,participant_1843,6250
1604272372,participant_2293,6208
1604272381,participant_1194,6258
1604272385,participant_2257,6185
1604272396,participant_0210,6274
1604272400,participant_1886,6243
1604272420,participant_0231,6275
1604272436,participant_0452,6281
1604272441,participant_0608,6276
1604272444,participant_0210,6283
1604272476,participant_0231,6286
1604272487,participant_0210,6288
1604272489,participant_2294,6279
1604272495,participant_2295,6263
1604272509,participant_2296,6249
1604272512,participant_0608,6289
1604272517,participant_2239,6279
1604272519,participant_0452,6290
1604272522,participant_0210,6295
1604272525,participant_2297,6278
1604272543,participant_0231,6294
1604272550,participant_2242,6293
1604272559,participant_1238,6286
1604272563,participant_0210,6298
1604272565,participant_0608,6297
1604272586,participant_1739,6273
1604272600,participant_0210,6305
1604272606,participant_0231,6303
1604272606,participant_0452,6302
1604272613,participant_0608,6306
1604272629,participant_2298,6284
1604272632,participant_2299,6285
1604272636,participant_2300,6292
1604272644,participant_0210,6310
1604272672,participant_2301,6272
1604272674,participant_0452,6314
1604272675,participant_0608,6315
1604272686,participant_2302,6260
1604272689,participant_2303,6277
1604272702,participant_2304,6266
1604272722,participant_0210,6319
1604272732,participant_1502,6303
1604272734,participant_0452,6319
1604272736,participant_0231,6318
1604272749,participant_0608,6321
1604272754,participant_2305,6307
1604272765,participant_0210,6323
1604272768,participant_2306,6299
1604272768,participant_2307,6299
1604272771,participant_2225,6291
1604272789,participant_0452,6326
1604272803,participant_0608,6329
1604272806,participant_0210,6331
1604272816,participant_1714,6327
1604272836,participant_2308,6309
1604272840,participant_0210,6341
1604272844,participant_0231,6339
1604272857,participant_0608,6343
1604272863,participant_2239,6317
1604272886,participant_0210,6347
1604272896,participant_0452,6347
1604272910,participant_2309,6322
1604272914,participant_2310,6335
1604272915,participant_0608,6353
1604272917,participant_2311,6330
1604272930,participant_0210,6356
1604272933,participant_0231,6352
1604272941,participant_2312,6296
1604272945,participant_0802,6338
1604272948,participant_2313,6339
1604272965,participant_1094,6323
1604272976,participant_0452,6358
1604272977,participant_2314,6346
1604272978,participant_0210,6363
1604272978,participant_0608,6362
1604272980,participant_2315,6334
1604272981,participant_2239,6352
1604272990,participant_2316,6333
1604272993,participant_2225,6336
1604273006,participant_0231,6367
1604273018,participant_2317,6342
1604273025,participant_0210,6369
1604273026,participant_0608,6372
1604273059,participant_2318,6360
1604273064,participant_2319,6311
1604273069,participant_0231,6378
1604273079,participant_2320,6332
1604273099,participant_0608,6380
1604273100,participant_2321,6316
1604273100,participant_0788,6365
1604273108,participant_2322,6364
1604273111,participant_0723,6361
1604273113,participant_0210,6383
1604273121,participant_2225,6313
1604273122,participant_0231,6383
1604273127,participant_2323,6370
1604273142,participant_2239,6375
1604273143,participant_0869,6372
1604273161,participant_0210,6391
1604273173,participant_0452,6371
1604273184,participant_0608,6392
1604273194,participant_0210,6396
1604273207,participant_2324,6342
1604273214,participant_0231,6398
1604273232,participant_0210,6401
1604273233,participant_2087,6386
1604273240,participant_0452,6403
1604273243,participant_1243,6389
1604273248,participant_0608,6404
1604273249,participant_0239,6355
1604273251,participant_1739,6359
1604273259,participant_2325,6379
1604273271,participant_0231,6406
1604273274,participant_2326,6370
1604273276,participant_0210,6408
1604273279,participant_2225,6385
1604273284,participant_0788,6400
1604273291,participant_2327,6390
1604273293,participant_0452,6410
1604273293,participant_2328,6377
1604273304,participant_0608,6413
1604273311,participant_0210,6415
1604273338,participant_0452,6417
1604273340,participant_2329,6388
1604273343,participant_0231,6415
1604273346,participant_0210,6420
1604273354,participant_0608,6419
1604273361,participant_2330,6399
1604273377,participant_2323,6407
1604273387,participant_2331,6394
1604273393,participant_1663,6402
1604273398,participant_0210,6422
1604273417,participant_2225,6393
1604273418,participant_0608,6424
1604273431,participant_0452,6422
1604273434,participant_1886,6418
1604273439,participant_0231,6426
1604273445,participant_2332,6410
1604273471,participant_2333,6409
1604273490,participant_0608,6432
1604273492,participant_0231,6435
1604273542,participant_0452,6436
1604273556,participant_2225,6421
1604273559,participant_0231,6437
1604273560,participant_0608,6437
1604273562,participant_2323,6430
1604273569,participant_2239,6428
1604273594,participant_0452,6444
1604273628,participant_0608,6445
1604273670,participant_2334,6442
1604273679,participant_0452,6458
1604273683,participant_2335,6429
1604273685,participant_2323,6447
1604273691,participant_2336,6441
1604273692,participant_0608,6459
1604273715,participant_2239,6445
1604273727,participant_0231,6461
1604273729,participant_2225,6433
1604273739,participant_0452,6462
1604273750,participant_0608,6465
1604273768,participant_2337,6452
1604273779,participant_2204,6462
1604273807,participant_0452,6476
1604273807,participant_2338,6457
1604273817,participant_0608,6477
1604273818,participant_2339,6434
1604273820,participant_2340,6447
1604273823,participant_2323,6475
1604273823,participant_0231,6478
1604273840,participant_2239,6468
1604273853,participant_0452,6481
1604273855,participant_2225,6473
1604273868,participant_1739,6464
1604273874,participant_2341,6474
1604273876,participant_1241,6470
1604273879,participant_1890,6460
1604273888,participant_0608,6482
1604273905,participant_0452,6486
1604273908,participant_0231,6486
1604273917,participant_0210,6490
1604273948,participant_2239,6483
1604273952,participant_2342,6480
1604273960,participant_0608,6491
1604273964,participant_0452,6493
1604273974,participant_2343,6479
1604274005,participant_0210,6498
1604274034,participant_0608,6498
1604274040,participant_0210,6502
1604274053,participant_2225,6471
1604274062,participant_2344,6486
1604274067,participant_2345,6466
1604274070,participant_2239,6496
1604274081,participant_0210,6512
1604274087,participant_2323,6502
1604274089,participant_0452,6504
1604274093,participant_0231,6502
1604274099,participant_0608,6514
1604274118,participant_2346,6485
1604274121,participant_0210,6521
1604274137,participant_0452,6522
1604274149,participant_0231,6524
1604274153,participant_1720,6511
1604274155,participant_0608,6526
1604274209,participant_0608,6534
1604274210,participant_1617,6507
1604274216,participant_2347,6517
1604274217,participant_0231,6537
1604274224,participant_0210,6536
1604274225,participant_2225,6516
1604274252,participant_2348,6501
1604274253,participant_2349,6509
1604274255,participant_1613,6529
1604274272,participant_0608,6543
1604274274,participant_0210,6543
1604274298,participant_2350,6515
1604274300,participant_0231,6542
1604274315,participant_2351,6506
1604274317,participant_2352,6524
1604274318,participant_2353,6538
1604274331,participant_0608,6548
1604274331,participant_2354,6507
1604274340,participant_1617,6547
1604274346,participant_2225,6489
1604274347,participant_2355,6533
1604274365,participant_2239,6541
1604274367,participant_2356,6467
1604274380,participant_2357,6532
1604274384,participant_0608,6553
1604274392,participant_0686,6550
1604274415,participant_0508,6540
1604274475,participant_0210,6548
1604274480,participant_2356,6560
1604274485,participant_2239,6556
1604274491,participant_0608,6565
1604274499,participant_2358,6546
1604274523,participant_0210,6569
1604274529,participant_2359,6564
1604274541,participant_1641,6553
1604274570,participant_2360,6551
1604274570,participant_2356,6572
1604274588,participant_0231,6571
1604274590,participant_2225,6558
1604274592,participant_2239,6569
1604274602,participant_2323,6562
1604274608,participant_2361,6568
1604274675,participant_0231,6578
1604274680,participant_2356,6577
1604274682,participant_2362,6520
1604274688,participant_2363,6567
1604274704,participant_2364,6555
1604274707,participant_2225,6559
1604274725,participant_2323,6582
1604274727,participant_0569,6578
1604274795,participant_2356,6584
1604274806,participant_2365,6583
1604274811,participant_2366,6581
1604274833,participant_2367,6573
1604274850,participant_0231,6587
1604274894,participant_2368,6574
1604274896,participant_2225,6578
1604274910,participant_0231,6590
1604274916,participant_2356,6587
1604274986,participant_2356,6593
1604274988,participant_0231,6593
1604274998,participant_2369,6566
1604275011,participant_0452,6596
1604275026,participant_1739,6592
1604275056,participant_0231,6599
1604275139,participant_0231,6603
1604275157,participant_2356,6601
1604275184,participant_1972,6602
1604275188,participant_0231,6606
1604275281,participant_2356,6612
1604275296,participant_2239,6604
1604275303,participant_2370,6607
1604275303,participant_1712,6614
1604275344,participant_2371,6605
1604275359,participant_2372,6610
1604275362,participant_0608,6616
1604275425,participant_2356,6617
1604275450,participant_2323,6611
1604275483,participant_2373,6609
1604275503,participant_2356,6621
1604275512,participant_0083,6617
1604275523,participant_2374,6615
1604275552,participant_2375,6623
1604275615,participant_2356,6625
1604275639,participant_2376,6621
1604275666,participant_2377,6591
1604275734,participant_2356,6626
1604275780,participant_2378,6627
1604275804,participant_1010,6629
1604275831,participant_2356,6630
1604275884,participant_1566,6620
1604275927,participant_2356,6631
1604276007,participant_2356,6632
1604276105,participant_2356,6633
1604276183,participant_2356,6634
1604276289,participant_2356,6635
1604276371,participant_2356,6639
1604276434,participant_2379,6636
1604276465,participant_2356,6644
1604276539,participant_2356,6646
1604276608,participant_2380,6648
1604276619,participant_2356,6651
1604276631,participant_1603,6649
1604276657,participant_2381,6641
1604276704,participant_2239,6654
1604276724,participant_2356,6655
1604276739,participant_2382,6645
1604276760,participant_2383,6652
1604276775,participant_2384,6653
1604276781,participant_2385,6656
1604276788,participant_2386,6657
1604276813,participant_2356,6659
1604276827,participant_2239,6660
1604276865,participant_2387,6658
1604276876,participant_2101,6662
1604276893,participant_2356,6663
1604276974,participant_2239,6666
1604276986,participant_2388,6667
1604277009,participant_2356,6669
1604277054,participant_2198,6663
1604277074,participant_2356,6671
1604277101,participant_2239,6670
1604277105,participant_2389,6668
1604277257,participant_2356,6674
1604277278,participant_2198,6673
1604277290,participant_2239,6676
1604277340,participant_2356,6678
1604277358,participant_2390,6675
1604277422,participant_2239,6681
1604277423,participant_2356,6682
1604277498,participant_2391,6677
1604277500,participant_2198,6680
1604277523,participant_2392,6678
1604277554,participant_2239,6683
1604277683,participant_2239,6684
1604277786,participant_2239,6686
1604277953,participant_2239,6691
1604277959,participant_2393,6688
1604277992,participant_2394,6692
1604278092,participant_2394,6693
1604278176,participant_2394,6694
1604278272,participant_2394,6695
1604278286,participant_2395,6689
1604278324,participant_2394,6697
1604278355,participant_2239,6696
1604278388,participant_2394,6698
1604278480,participant_2394,6701
1604278575,participant_2394,6705
1604278666,participant_2394,6706
1604278739,participant_2394,6707
1604278904,participant_2394,6708
1604279529,participant_2239,6711
1604279562,participant_1769,6710
1604279629,participant_2239,6712
1604280211,participant_1796,6715
1604280276,participant_2396,6716
1604281162,participant_0028,6718
1604281365,participant_2397,6719
1604281513,participant_2398,6720
1604281613,participant_1213,6721
1604281981,participant_0755,6722
1604282487,participant_2399,6724
1604282560,participant_2400,6725
1604282887,participant_0894,6726
1604283074,participant_1531,6727
1604284307,participant_1769,6728
1604285573,participant_1769,6730
1604286696,participant_2401,6731
1604287164,participant_1769,6732
1604287476,participant_2402,6735
1604287627,participant_2403,6733
1604288412,participant_0894,6738
1604288637,participant_1820,6739
1604288967,participant_0894,6740
1604290237,participant_0894,6743
1604290991,participant_1714,6746
1604291872,participant_1769,6747
1604293905,participant_0915,6754
1604293908,participant_0894,6753
1604294420,participant_1714,6756
1604294714,participant_0894,6758
1604294941,participant_0915,6760
1604295054,participant_0915,6761
1604295789,participant_1769,6764
1604296091,participant_2404,6765
1604296668,participant_2405,6766
1604296853,participant_0915,6767
1604296928,participant_0915,6768
1604297189,participant_0894,6770
1604297242,participant_2406,6771
1604297605,participant_2407,6772
1604297870,participant_0894,6773
1604298361,participant_2408,6774
1604302071,participant_2409,6776
1604302374,participant_2410,6777
1604310416,participant_2411,6781
1604315706,participant_2412,6787
1604318324,participant_2413,6789
1604318841,participant_2414,6791
1604319226,participant_2415,6793
1604319850,participant_2416,6794
1604320889,participant_2417,6797
1604320902,participant_2418,6796
1604320943,participant_2419,6795
1604321421,participant_2065,6799
1604321426,participant_2420,6800
1604321974,participant_2421,6802
1604323097,participant_2422,6804
1604323563,participant_1603,6806
1604324048,participant_2423,6807
1604324183,participant_2424,6808
1604324958,participant_2425,6811
1604325123,participant_2426,6813
1604325560,participant_2427,6817
1604325855,participant_2428,6819
1604326024,participant_2429,6820
1604326492,participant_2430,6822
1604326686,participant_2431,6823
1604326690,participant_2432,6823
1604326908,participant_2433,6825
1604327013,participant_2434,6827
1604327189,participant_2435,6828
1604327384,participant_2436,6830
1604327387,participant_2437,6829
1604328143,participant_2438,6833
1604328567,participant_2439,6834
1604328882,participant_2436,6836
1604329774,participant_2440,6839
1604329896,participant_2441,6840
1604330158,participant_0996,6841
1604330229,participant_2442,6842
1604330623,participant_2443,6844
1604331038,participant_2444,6846
1604331103,participant_2445,6845
1604331528,participant_2446,6847
1604331938,participant_2447,6848
1604332311,participant_2448,6850
1604333184,participant_2449,6852
1604333258,participant_2450,6851
1604333301,participant_2451,6853
1604333815,participant_2452,6855
1604334100,participant_2453,6856
1604334259,participant_2454,6857
1604335001,participant_1018,6860
1604335101,participant_2455,6861
1604336098,participant_2456,6863
1604336640,participant_2457,6864
1604338862,participant_1740,6868
1604338933,participant_2458,6869
1604339219,participant_2459,6870
1604339737,participant_2460,6871
1604340358,participant_2461,6872
1604340402,participant_2462,6873
1604340510,participant_2462,6875
1604340596,participant_2462,6876
1604340602,participant_2461,6874
1604340754,participant_2461,6877
1604340917,participant_2463,6879
1604340927,participant_2461,6878
1604341060,participant_2461,6881
1604341231,participant_2464,6883
1604341235,participant_2461,6884
1604341427,participant_2461,6885
1604341578,participant_2461,6887
1604341937,participant_2461,6888
1604342033,participant_1786,6889
1604342149,participant_2461,6890
1604342285,participant_2461,6892
1604342298,participant_2465,6891
1604342388,participant_2466,6886
1604343415,participant_2461,6895
1604343509,participant_2461,6897
1604343523,participant_1219,6896
1604343630,participant_2461,6898
1604343725,participant_2461,6900
1604343808,participant_2467,6899
1604343875,participant_0894,6901
1604344061,participant_0894,6902
1604344429,participant_2436,6905
1604344452,participant_2468,6904
1604344889,participant_2469,6906
1604345410,participant_2470,6908
1604346027,participant_2471,6910
1604346404,participant_1227,6912
1604346829,participant_2461,6914
1604348012,participant_2472,6916
1604348757,participant_2017,6917
1604349439,participant_2473,6919
1604349725,participant_2473,6921
1604349987,participant_2473,6922
1604350303,participant_2473,6923
1604350630,participant_2461,6926
1604350636,participant_2473,6927
1604350798,participant_2461,6928
1604350924,participant_2461,6929
1604351026,participant_2461,6931
1604351198,participant_2461,6933
1604351621,participant_0894,6935
1604351671,participant_2473,6936
1604351718,participant_2474,6934
1604352133,participant_0894,6937
1604352408,participant_2475,6938
1604353483,participant_2461,6940
1604353597,participant_2461,6941
1604353701,participant_2461,6942
1604353913,participant_2473,6944
1604354030,participant_2473,6945
1604354184,participant_2473,6946
1604354241,participant_0894,6947
1604354556,participant_2473,6948
1604355021,participant_0894,6949
1604355125,participant_0894,6950
1604355257,participant_0894,6952
1604355397,participant_0894,6953
1604357281,participant_1769,6954
1604358123,participant_2473,6956
1604359679,participant_2473,6960
1604361010,participant_0894,6962
1604361272,participant_2476,6963
1604363856,participant_2477,6964
1604364344,participant_1799,6965
1604364645,participant_0894,6966
1604364905,participant_0894,6967
1604366765,participant_2478,6968
1604366793,participant_2479,6969
1604367268,participant_2473,6970
1604370289,participant_2480,6974
1604372061,participant_0894,6979
1604376897,participant_2481,6990
1604376993,participant_0894,6992
1604377101,participant_0894,6993
1604377232,participant_0894,6994
1604377309,participant_0894,6995
1604377873,participant_0894,6997
1604377960,participant_0894,6998
1604381770,participant_0894,7003
1604382642,participant_0894,7004
1604382768,participant_0894,7005
1604385025,participant_0894,7006
1604385129,participant_0894,7007
1604385482,participant_0894,7008
1604386129,participant_0894,7009
1604387301,participant_0894,7010
1604387706,participant_0894,7011
1604389820,participant_0894,7012
1604389906,participant_0894,7013
1604405756,participant_2482,7017
1604411104,participant_2483,7018
1604424198,participant_0894,7022
1604426072,participant_0894,7023
1604426178,participant_0894,7024
1604427023,participant_0894,7025
1604428564,participant_0894,7027
1604430000,participant_0894,7028
1604430314,participant_0894,7029
1604430637,participant_0894,7030
1604431464,participant_0894,7031
1604431558,participant_0894,7032
1604432152,participant_0894,7033
1604432206,participant_0894,7034
1604432277,participant_0894,7035
1604432337,participant_0894,7036
1604432414,participant_0894,7037
1604432492,participant_0894,7038
1604432585,participant_0894,7039
1604432655,participant_0894,7040
1604432786,participant_0894,7041
1604432906,participant_0894,7042
1604432997,participant_0894,7043
1604433093,participant_0894,7044
1604433194,participant_0894,7045
1604433321,participant_0894,7046
1604433389,participant_0894,7047
1604433464,participant_0894,7048
1604433543,participant_0894,7049
1604434386,participant_0894,7050
1604434468,participant_0894,7051
1604434597,participant_0894,7052
1604434686,participant_0894,7053
1604434761,participant_0894,7054
1604434846,participant_0894,7055
1604434919,participant_0894,7056
1604435141,participant_0894,7057
1604435216,participant_0894,7058
1604435284,participant_0894,7059
1604435359,participant_0894,7060
1604435483,participant_0894,7061
1604435555,participant_0894,7062
1604435680,participant_0894,7063
1604435752,participant_0894,7064
1604435884,participant_0894,7065
1604435971,participant_0894,7066
1604436163,participant_0894,7067
1604436266,participant_0894,7068
1604436337,participant_0894,7069
1604436385,participant_0894,7070
1604436480,participant_0894,7071
1604437110,participant_0894,7072
1604437219,participant_0894,7073
1604437284,participant_0894,7074
1604437377,participant_0894,7075
1604437434,participant_0894,7076
1604437520,participant_0894,7077
1604437610,participant_0894,7078
1604437678,participant_0894,7079
1604437777,participant_0894,7080
1604437924,participant_2461,7081
1604438111,participant_2461,7082
1604438245,participant_2461,7083
1604438589,participant_2484,7085
1604438886,participant_2461,7086
1604438985,participant_2461,7087
1604439072,participant_2461,7088
1604439191,participant_2461,7089
1604439360,participant_2461,7091
1604439502,participant_2461,7092
1604439616,participant_2461,7093
1604439752,participant_2461,7094
1604439917,participant_2461,7095
1604440031,participant_2461,7096
1604440113,participant_2461,7097
1604440252,participant_2461,7098
1604440415,participant_2461,7099
1604440526,participant_2461,7100
1604440649,participant_2461,7101
